participant_id,timestamp,task,trail,label
0,16836,BA_LEFT_CLICK,0,
0,16870,BA_LEFT_CLICK,0,
0,16904,BA_LEFT_CLICK,0,
0,16937,BA_LEFT_CLICK,0,
0,16969,BA_LEFT_CLICK,0,NONE
0,17003,BA_LEFT_CLICK,0,NONE
0,17037,BA_LEFT_CLICK,0,NONE
0,17067,BA_LEFT_CLICK,0,NONE
0,17100,BA_LEFT_CLICK,0,NONE
0,17137,BA_LEFT_CLICK,0,NONE
0,17170,BA_LEFT_CLICK,0,NONE
0,17205,BA_LEFT_CLICK,0,NONE
0,17237,BA_LEFT_CLICK,0,NONE
0,17271,BA_LEFT_CLICK,0,NONE
0,17303,BA_LEFT_CLICK,0,NONE
0,17337,BA_LEFT_CLICK,0,NONE
0,17370,BA_LEFT_CLICK,0,NONE
0,17404,BA_LEFT_CLICK,0,NONE
0,17437,BA_LEFT_CLICK,0,NONE
0,17470,BA_LEFT_CLICK,0,NONE
0,17503,BA_LEFT_CLICK,0,NONE
0,17536,BA_LEFT_CLICK,0,NONE
0,17570,BA_LEFT_CLICK,0,NONE
0,17604,BA_LEFT_CLICK,0,NONE
0,17637,BA_LEFT_CLICK,0,NONE
0,17671,BA_LEFT_CLICK,0,NONE
0,17705,BA_LEFT_CLICK,0,NONE
0,17739,BA_LEFT_CLICK,0,NONE
0,17770,BA_LEFT_CLICK,0,NONE
0,17805,BA_LEFT_CLICK,0,NONE
0,17838,BA_LEFT_CLICK,0,NONE
0,17870,BA_LEFT_CLICK,0,NONE
0,17903,BA_LEFT_CLICK,0,NONE
0,17936,BA_LEFT_CLICK,0,NONE
0,17970,BA_LEFT_CLICK,0,NONE
0,18004,BA_LEFT_CLICK,0,NONE
0,18038,BA_LEFT_CLICK,0,NONE
0,18072,BA_LEFT_CLICK,0,LEFT_PRESS
0,18105,BA_LEFT_CLICK,0,LEFT_PRESS
0,18138,BA_LEFT_CLICK,0,LEFT_PRESS
0,18171,BA_LEFT_CLICK,0,LEFT_PRESS
0,18203,BA_LEFT_CLICK,0,LEFT_PRESS
0,18236,BA_LEFT_CLICK,0,LEFT_PRESS
0,18270,BA_LEFT_CLICK,0,LEFT_PRESS
0,18303,BA_LEFT_CLICK,0,LEFT_PRESS
0,18337,BA_LEFT_CLICK,0,LEFT_PRESS
0,18370,BA_LEFT_CLICK,0,LEFT_PRESS
0,18404,BA_LEFT_CLICK,0,LEFT_PRESS
0,18438,BA_LEFT_CLICK,0,LEFT_PRESS
0,18470,BA_LEFT_CLICK,0,LEFT_PRESS
0,18503,BA_LEFT_CLICK,0,LEFT_RELEASE
0,18537,BA_LEFT_CLICK,0,LEFT_RELEASE
0,18570,BA_LEFT_CLICK,0,LEFT_RELEASE
0,18604,BA_LEFT_CLICK,0,LEFT_RELEASE
0,18637,BA_LEFT_CLICK,0,LEFT_RELEASE
0,18672,BA_LEFT_CLICK,0,LEFT_RELEASE
0,18700,BA_LEFT_CLICK,0,LEFT_RELEASE
0,18738,BA_LEFT_CLICK,0,LEFT_RELEASE
0,18769,BA_LEFT_CLICK,0,LEFT_RELEASE
0,18803,BA_LEFT_CLICK,0,LEFT_RELEASE
0,18837,BA_LEFT_CLICK,0,LEFT_RELEASE
0,18871,BA_LEFT_CLICK,0,NONE
0,18904,BA_LEFT_CLICK,0,NONE
0,18938,BA_LEFT_CLICK,0,NONE
0,18972,BA_LEFT_CLICK,0,NONE
0,19004,BA_LEFT_CLICK,0,NONE
0,19037,BA_LEFT_CLICK,0,NONE
0,19070,BA_LEFT_CLICK,0,NONE
0,19103,BA_LEFT_CLICK,0,NONE
0,19138,BA_LEFT_CLICK,0,NONE
0,19171,BA_LEFT_CLICK,0,NONE
0,19205,BA_LEFT_CLICK,0,NONE
0,19239,BA_LEFT_CLICK,0,NONE
0,19271,BA_LEFT_CLICK,0,NONE
0,19303,BA_LEFT_CLICK,0,NONE
0,19337,BA_LEFT_CLICK,0,NONE
0,19370,BA_LEFT_CLICK,0,NONE
0,19404,BA_LEFT_CLICK,0,NONE
0,19438,BA_LEFT_CLICK,0,NONE
0,19472,BA_LEFT_CLICK,0,NONE
0,19503,BA_LEFT_CLICK,0,NONE
0,19538,BA_LEFT_CLICK,0,NONE
0,19570,BA_LEFT_CLICK,0,NONE
0,19603,BA_LEFT_CLICK,0,NONE
0,19637,BA_LEFT_CLICK,0,NONE
0,19670,BA_LEFT_CLICK,0,NONE
0,19704,BA_LEFT_CLICK,0,NONE
0,19737,BA_LEFT_CLICK,0,NONE
0,19771,BA_LEFT_CLICK,0,NONE
0,19804,BA_LEFT_CLICK,0,NONE
0,19836,BA_LEFT_CLICK,0,NONE
0,21435,BA_LEFT_CLICK,1,
0,21470,BA_LEFT_CLICK,1,
0,21503,BA_LEFT_CLICK,1,
0,21537,BA_LEFT_CLICK,1,
0,21570,BA_LEFT_CLICK,1,LEFT_PRESS
0,21605,BA_LEFT_CLICK,1,LEFT_PRESS
0,21637,BA_LEFT_CLICK,1,LEFT_PRESS
0,21670,BA_LEFT_CLICK,1,LEFT_PRESS
0,21703,BA_LEFT_CLICK,1,LEFT_PRESS
0,21737,BA_LEFT_CLICK,1,LEFT_PRESS
0,21770,BA_LEFT_CLICK,1,LEFT_PRESS
0,21804,BA_LEFT_CLICK,1,LEFT_PRESS
0,21837,BA_LEFT_CLICK,1,LEFT_PRESS
0,21872,BA_LEFT_CLICK,1,LEFT_PRESS
0,21903,BA_LEFT_CLICK,1,LEFT_PRESS
0,21938,BA_LEFT_CLICK,1,LEFT_PRESS
0,21970,BA_LEFT_CLICK,1,LEFT_PRESS
0,22003,BA_LEFT_CLICK,1,LEFT_PRESS
0,22037,BA_LEFT_CLICK,1,LEFT_PRESS
0,22070,BA_LEFT_CLICK,1,LEFT_PRESS
0,22104,BA_LEFT_CLICK,1,LEFT_PRESS
0,22137,BA_LEFT_CLICK,1,LEFT_PRESS
0,22171,BA_LEFT_CLICK,1,LEFT_PRESS
0,22205,BA_LEFT_CLICK,1,LEFT_PRESS
0,22236,BA_LEFT_CLICK,1,LEFT_PRESS
0,22270,BA_LEFT_CLICK,1,LEFT_PRESS
0,22303,BA_LEFT_CLICK,1,LEFT_PRESS
0,22337,BA_LEFT_CLICK,1,LEFT_PRESS
0,22371,BA_LEFT_CLICK,1,LEFT_PRESS
0,22404,BA_LEFT_CLICK,1,LEFT_PRESS
0,22439,BA_LEFT_CLICK,1,LEFT_PRESS
0,22471,BA_LEFT_CLICK,1,LEFT_PRESS
0,22504,BA_LEFT_CLICK,1,LEFT_PRESS
0,22537,BA_LEFT_CLICK,1,LEFT_PRESS
0,22570,BA_LEFT_CLICK,1,LEFT_PRESS
0,22603,BA_LEFT_CLICK,1,LEFT_PRESS
0,22638,BA_LEFT_CLICK,1,LEFT_PRESS
0,22672,BA_LEFT_CLICK,1,LEFT_PRESS
0,22704,BA_LEFT_CLICK,1,LEFT_PRESS
0,22738,BA_LEFT_CLICK,1,LEFT_PRESS
0,22770,BA_LEFT_CLICK,1,LEFT_PRESS
0,22803,BA_LEFT_CLICK,1,LEFT_PRESS
0,22837,BA_LEFT_CLICK,1,LEFT_PRESS
0,22870,BA_LEFT_CLICK,1,LEFT_PRESS
0,22905,BA_LEFT_CLICK,1,LEFT_PRESS
0,22937,BA_LEFT_CLICK,1,LEFT_PRESS
0,22971,BA_LEFT_CLICK,1,LEFT_PRESS
0,23004,BA_LEFT_CLICK,1,LEFT_PRESS
0,23037,BA_LEFT_CLICK,1,LEFT_RELEASE
0,23070,BA_LEFT_CLICK,1,LEFT_RELEASE
0,23104,BA_LEFT_CLICK,1,LEFT_RELEASE
0,23137,BA_LEFT_CLICK,1,LEFT_RELEASE
0,23171,BA_LEFT_CLICK,1,LEFT_RELEASE
0,23205,BA_LEFT_CLICK,1,LEFT_RELEASE
0,23239,BA_LEFT_CLICK,1,LEFT_RELEASE
0,23271,BA_LEFT_CLICK,1,LEFT_RELEASE
0,23303,BA_LEFT_CLICK,1,NONE
0,23337,BA_LEFT_CLICK,1,NONE
0,23369,BA_LEFT_CLICK,1,NONE
0,23404,BA_LEFT_CLICK,1,NONE
0,23437,BA_LEFT_CLICK,1,NONE
0,23470,BA_LEFT_CLICK,1,NONE
0,23504,BA_LEFT_CLICK,1,NONE
0,23539,BA_LEFT_CLICK,1,NONE
0,23571,BA_LEFT_CLICK,1,NONE
0,23603,BA_LEFT_CLICK,1,NONE
0,23637,BA_LEFT_CLICK,1,NONE
0,23670,BA_LEFT_CLICK,1,NONE
0,23699,BA_LEFT_CLICK,1,NONE
0,25370,BA_LEFT_CLICK,2,
0,25405,BA_LEFT_CLICK,2,
0,25438,BA_LEFT_CLICK,2,
0,25471,BA_LEFT_CLICK,2,
0,25504,BA_LEFT_CLICK,2,NONE
0,25538,BA_LEFT_CLICK,2,NONE
0,25570,BA_LEFT_CLICK,2,NONE
0,25605,BA_LEFT_CLICK,2,NONE
0,25639,BA_LEFT_CLICK,2,NONE
0,25672,BA_LEFT_CLICK,2,NONE
0,25705,BA_LEFT_CLICK,2,NONE
0,25738,BA_LEFT_CLICK,2,NONE
0,25770,BA_LEFT_CLICK,2,NONE
0,25803,BA_LEFT_CLICK,2,NONE
0,25837,BA_LEFT_CLICK,2,NONE
0,25871,BA_LEFT_CLICK,2,NONE
0,25904,BA_LEFT_CLICK,2,NONE
0,25939,BA_LEFT_CLICK,2,NONE
0,25972,BA_LEFT_CLICK,2,NONE
0,26004,BA_LEFT_CLICK,2,NONE
0,26037,BA_LEFT_CLICK,2,NONE
0,26070,BA_LEFT_CLICK,2,NONE
0,26104,BA_LEFT_CLICK,2,NONE
0,26137,BA_LEFT_CLICK,2,NONE
0,26172,BA_LEFT_CLICK,2,NONE
0,26204,BA_LEFT_CLICK,2,NONE
0,26239,BA_LEFT_CLICK,2,NONE
0,26272,BA_LEFT_CLICK,2,NONE
0,26304,BA_LEFT_CLICK,2,NONE
0,26337,BA_LEFT_CLICK,2,NONE
0,26371,BA_LEFT_CLICK,2,NONE
0,26404,BA_LEFT_CLICK,2,NONE
0,26438,BA_LEFT_CLICK,2,NONE
0,26472,BA_LEFT_CLICK,2,NONE
0,26504,BA_LEFT_CLICK,2,NONE
0,26539,BA_LEFT_CLICK,2,NONE
0,26573,BA_LEFT_CLICK,2,NONE
0,26603,BA_LEFT_CLICK,2,NONE
0,26637,BA_LEFT_CLICK,2,NONE
0,26670,BA_LEFT_CLICK,2,NONE
0,26705,BA_LEFT_CLICK,2,NONE
0,26737,BA_LEFT_CLICK,2,NONE
0,26772,BA_LEFT_CLICK,2,NONE
0,26804,BA_LEFT_CLICK,2,NONE
0,26839,BA_LEFT_CLICK,2,NONE
0,26871,BA_LEFT_CLICK,2,NONE
0,26904,BA_LEFT_CLICK,2,NONE
0,26934,BA_LEFT_CLICK,2,NONE
0,26968,BA_LEFT_CLICK,2,NONE
0,27006,BA_LEFT_CLICK,2,NONE
0,27038,BA_LEFT_CLICK,2,LEFT_PRESS
0,27072,BA_LEFT_CLICK,2,LEFT_PRESS
0,27104,BA_LEFT_CLICK,2,LEFT_PRESS
0,27137,BA_LEFT_CLICK,2,LEFT_PRESS
0,27170,BA_LEFT_CLICK,2,LEFT_PRESS
0,27204,BA_LEFT_CLICK,2,LEFT_PRESS
0,27237,BA_LEFT_CLICK,2,LEFT_PRESS
0,27271,BA_LEFT_CLICK,2,LEFT_PRESS
0,27305,BA_LEFT_CLICK,2,LEFT_PRESS
0,27337,BA_LEFT_CLICK,2,LEFT_PRESS
0,27372,BA_LEFT_CLICK,2,LEFT_PRESS
0,27406,BA_LEFT_CLICK,2,LEFT_PRESS
0,27438,BA_LEFT_CLICK,2,LEFT_PRESS
0,27470,BA_LEFT_CLICK,2,LEFT_PRESS
0,27503,BA_LEFT_CLICK,2,LEFT_PRESS
0,27539,BA_LEFT_CLICK,2,LEFT_PRESS
0,27570,BA_LEFT_CLICK,2,LEFT_PRESS
0,27604,BA_LEFT_CLICK,2,LEFT_RELEASE
0,27638,BA_LEFT_CLICK,2,LEFT_RELEASE
0,27671,BA_LEFT_CLICK,2,LEFT_RELEASE
0,27704,BA_LEFT_CLICK,2,LEFT_RELEASE
0,27737,BA_LEFT_CLICK,2,LEFT_RELEASE
0,27771,BA_LEFT_CLICK,2,LEFT_RELEASE
0,27805,BA_LEFT_CLICK,2,LEFT_RELEASE
0,27837,BA_LEFT_CLICK,2,LEFT_RELEASE
0,27872,BA_LEFT_CLICK,2,NONE
0,27905,BA_LEFT_CLICK,2,NONE
0,27939,BA_LEFT_CLICK,2,NONE
0,27971,BA_LEFT_CLICK,2,NONE
0,28004,BA_LEFT_CLICK,2,NONE
0,28038,BA_LEFT_CLICK,2,NONE
0,28071,BA_LEFT_CLICK,2,NONE
0,28104,BA_LEFT_CLICK,2,NONE
0,28138,BA_LEFT_CLICK,2,NONE
0,28172,BA_LEFT_CLICK,2,NONE
0,28204,BA_LEFT_CLICK,2,NONE
0,28239,BA_LEFT_CLICK,2,NONE
0,28271,BA_LEFT_CLICK,2,NONE
0,28305,BA_LEFT_CLICK,2,NONE
0,28338,BA_LEFT_CLICK,2,NONE
0,28371,BA_LEFT_CLICK,2,NONE
0,28404,BA_LEFT_CLICK,2,NONE
0,29905,BA_LEFT_CLICK,3,
0,29937,BA_LEFT_CLICK,3,
0,29971,BA_LEFT_CLICK,3,
0,30004,BA_LEFT_CLICK,3,
0,30039,BA_LEFT_CLICK,3,NONE
0,30072,BA_LEFT_CLICK,3,NONE
0,30105,BA_LEFT_CLICK,3,NONE
0,30138,BA_LEFT_CLICK,3,NONE
0,30171,BA_LEFT_CLICK,3,NONE
0,30204,BA_LEFT_CLICK,3,NONE
0,30238,BA_LEFT_CLICK,3,NONE
0,30272,BA_LEFT_CLICK,3,NONE
0,30304,BA_LEFT_CLICK,3,NONE
0,30339,BA_LEFT_CLICK,3,NONE
0,30373,BA_LEFT_CLICK,3,NONE
0,30404,BA_LEFT_CLICK,3,NONE
0,30436,BA_LEFT_CLICK,3,NONE
0,30472,BA_LEFT_CLICK,3,NONE
0,30504,BA_LEFT_CLICK,3,NONE
0,30539,BA_LEFT_CLICK,3,NONE
0,30572,BA_LEFT_CLICK,3,NONE
0,30606,BA_LEFT_CLICK,3,NONE
0,30639,BA_LEFT_CLICK,3,NONE
0,30673,BA_LEFT_CLICK,3,NONE
0,30704,BA_LEFT_CLICK,3,NONE
0,30739,BA_LEFT_CLICK,3,NONE
0,30771,BA_LEFT_CLICK,3,NONE
0,30805,BA_LEFT_CLICK,3,NONE
0,30839,BA_LEFT_CLICK,3,NONE
0,30872,BA_LEFT_CLICK,3,NONE
0,30906,BA_LEFT_CLICK,3,NONE
0,30939,BA_LEFT_CLICK,3,NONE
0,30973,BA_LEFT_CLICK,3,NONE
0,31005,BA_LEFT_CLICK,3,NONE
0,31037,BA_LEFT_CLICK,3,NONE
0,31072,BA_LEFT_CLICK,3,NONE
0,31105,BA_LEFT_CLICK,3,NONE
0,31137,BA_LEFT_CLICK,3,NONE
0,31173,BA_LEFT_CLICK,3,NONE
0,31206,BA_LEFT_CLICK,3,NONE
0,31238,BA_LEFT_CLICK,3,NONE
0,31273,BA_LEFT_CLICK,3,NONE
0,31305,BA_LEFT_CLICK,3,LEFT_PRESS
0,31337,BA_LEFT_CLICK,3,LEFT_PRESS
0,31372,BA_LEFT_CLICK,3,LEFT_PRESS
0,31405,BA_LEFT_CLICK,3,LEFT_PRESS
0,31438,BA_LEFT_CLICK,3,LEFT_PRESS
0,31472,BA_LEFT_CLICK,3,LEFT_PRESS
0,31506,BA_LEFT_CLICK,3,LEFT_PRESS
0,31539,BA_LEFT_CLICK,3,LEFT_PRESS
0,31572,BA_LEFT_CLICK,3,LEFT_PRESS
0,31607,BA_LEFT_CLICK,3,LEFT_PRESS
0,31637,BA_LEFT_CLICK,3,LEFT_PRESS
0,31672,BA_LEFT_CLICK,3,LEFT_PRESS
0,31705,BA_LEFT_CLICK,3,LEFT_PRESS
0,31738,BA_LEFT_CLICK,3,LEFT_PRESS
0,31771,BA_LEFT_CLICK,3,LEFT_RELEASE
0,31805,BA_LEFT_CLICK,3,LEFT_RELEASE
0,31839,BA_LEFT_CLICK,3,LEFT_RELEASE
0,31872,BA_LEFT_CLICK,3,LEFT_RELEASE
0,31908,BA_LEFT_CLICK,3,LEFT_RELEASE
0,31938,BA_LEFT_CLICK,3,LEFT_RELEASE
0,31970,BA_LEFT_CLICK,3,LEFT_RELEASE
0,32005,BA_LEFT_CLICK,3,LEFT_RELEASE
0,32039,BA_LEFT_CLICK,3,LEFT_RELEASE
0,32071,BA_LEFT_CLICK,3,LEFT_RELEASE
0,32105,BA_LEFT_CLICK,3,NONE
0,32139,BA_LEFT_CLICK,3,NONE
0,32172,BA_LEFT_CLICK,3,NONE
0,32207,BA_LEFT_CLICK,3,NONE
0,32238,BA_LEFT_CLICK,3,NONE
0,32271,BA_LEFT_CLICK,3,NONE
0,32305,BA_LEFT_CLICK,3,NONE
0,32338,BA_LEFT_CLICK,3,NONE
0,32372,BA_LEFT_CLICK,3,NONE
0,32406,BA_LEFT_CLICK,3,NONE
0,32439,BA_LEFT_CLICK,3,NONE
0,32472,BA_LEFT_CLICK,3,NONE
0,32506,BA_LEFT_CLICK,3,NONE
0,32540,BA_LEFT_CLICK,3,NONE
0,32573,BA_LEFT_CLICK,3,NONE
0,32604,BA_LEFT_CLICK,3,NONE
0,32638,BA_LEFT_CLICK,3,NONE
0,32671,BA_LEFT_CLICK,3,NONE
0,32705,BA_LEFT_CLICK,3,NONE
0,35805,BA_LEFT_CLICK,4,
0,35837,BA_LEFT_CLICK,4,
0,35872,BA_LEFT_CLICK,4,
0,35905,BA_LEFT_CLICK,4,
0,35939,BA_LEFT_CLICK,4,NONE
0,35972,BA_LEFT_CLICK,4,NONE
0,36006,BA_LEFT_CLICK,4,NONE
0,36039,BA_LEFT_CLICK,4,NONE
0,36073,BA_LEFT_CLICK,4,NONE
0,36106,BA_LEFT_CLICK,4,NONE
0,36139,BA_LEFT_CLICK,4,NONE
0,36173,BA_LEFT_CLICK,4,NONE
0,36206,BA_LEFT_CLICK,4,NONE
0,36239,BA_LEFT_CLICK,4,NONE
0,36273,BA_LEFT_CLICK,4,NONE
0,36307,BA_LEFT_CLICK,4,NONE
0,36340,BA_LEFT_CLICK,4,NONE
0,36374,BA_LEFT_CLICK,4,NONE
0,36406,BA_LEFT_CLICK,4,NONE
0,36439,BA_LEFT_CLICK,4,NONE
0,36470,BA_LEFT_CLICK,4,NONE
0,36504,BA_LEFT_CLICK,4,NONE
0,36539,BA_LEFT_CLICK,4,NONE
0,36572,BA_LEFT_CLICK,4,NONE
0,36605,BA_LEFT_CLICK,4,NONE
0,36639,BA_LEFT_CLICK,4,NONE
0,36672,BA_LEFT_CLICK,4,NONE
0,36706,BA_LEFT_CLICK,4,NONE
0,36739,BA_LEFT_CLICK,4,NONE
0,36772,BA_LEFT_CLICK,4,NONE
0,36806,BA_LEFT_CLICK,4,NONE
0,36839,BA_LEFT_CLICK,4,NONE
0,36872,BA_LEFT_CLICK,4,NONE
0,36906,BA_LEFT_CLICK,4,NONE
0,36939,BA_LEFT_CLICK,4,NONE
0,36973,BA_LEFT_CLICK,4,NONE
0,37006,BA_LEFT_CLICK,4,NONE
0,37038,BA_LEFT_CLICK,4,NONE
0,37072,BA_LEFT_CLICK,4,NONE
0,37105,BA_LEFT_CLICK,4,NONE
0,37138,BA_LEFT_CLICK,4,NONE
0,37172,BA_LEFT_CLICK,4,NONE
0,37205,BA_LEFT_CLICK,4,NONE
0,37239,BA_LEFT_CLICK,4,NONE
0,37272,BA_LEFT_CLICK,4,LEFT_PRESS
0,37305,BA_LEFT_CLICK,4,LEFT_PRESS
0,37338,BA_LEFT_CLICK,4,LEFT_PRESS
0,37372,BA_LEFT_CLICK,4,LEFT_PRESS
0,37405,BA_LEFT_CLICK,4,LEFT_PRESS
0,37439,BA_LEFT_CLICK,4,LEFT_PRESS
0,37472,BA_LEFT_CLICK,4,LEFT_PRESS
0,37506,BA_LEFT_CLICK,4,LEFT_PRESS
0,37539,BA_LEFT_CLICK,4,LEFT_PRESS
0,37573,BA_LEFT_CLICK,4,LEFT_PRESS
0,37606,BA_LEFT_CLICK,4,LEFT_PRESS
0,37640,BA_LEFT_CLICK,4,LEFT_RELEASE
0,37673,BA_LEFT_CLICK,4,LEFT_RELEASE
0,37706,BA_LEFT_CLICK,4,LEFT_RELEASE
0,37740,BA_LEFT_CLICK,4,LEFT_RELEASE
0,37773,BA_LEFT_CLICK,4,LEFT_RELEASE
0,37808,BA_LEFT_CLICK,4,LEFT_RELEASE
0,37841,BA_LEFT_CLICK,4,LEFT_RELEASE
0,37871,BA_LEFT_CLICK,4,LEFT_RELEASE
0,37905,BA_LEFT_CLICK,4,LEFT_RELEASE
0,37939,BA_LEFT_CLICK,4,LEFT_RELEASE
0,37972,BA_LEFT_CLICK,4,LEFT_RELEASE
0,38005,BA_LEFT_CLICK,4,NONE
0,38039,BA_LEFT_CLICK,4,NONE
0,38072,BA_LEFT_CLICK,4,NONE
0,38105,BA_LEFT_CLICK,4,NONE
0,38139,BA_LEFT_CLICK,4,NONE
0,38172,BA_LEFT_CLICK,4,NONE
0,38205,BA_LEFT_CLICK,4,NONE
0,38239,BA_LEFT_CLICK,4,NONE
0,38273,BA_LEFT_CLICK,4,NONE
0,38306,BA_LEFT_CLICK,4,NONE
0,39938,BA_LEFT_CLICK,5,
0,39973,BA_LEFT_CLICK,5,
0,40007,BA_LEFT_CLICK,5,
0,40040,BA_LEFT_CLICK,5,
0,40073,BA_LEFT_CLICK,5,NONE
0,40107,BA_LEFT_CLICK,5,NONE
0,40140,BA_LEFT_CLICK,5,NONE
0,40174,BA_LEFT_CLICK,5,NONE
0,40207,BA_LEFT_CLICK,5,NONE
0,40241,BA_LEFT_CLICK,5,NONE
0,40273,BA_LEFT_CLICK,5,NONE
0,40309,BA_LEFT_CLICK,5,NONE
0,40343,BA_LEFT_CLICK,5,NONE
0,40376,BA_LEFT_CLICK,5,NONE
0,40406,BA_LEFT_CLICK,5,NONE
0,40442,BA_LEFT_CLICK,5,NONE
0,40473,BA_LEFT_CLICK,5,NONE
0,40506,BA_LEFT_CLICK,5,NONE
0,40540,BA_LEFT_CLICK,5,NONE
0,40574,BA_LEFT_CLICK,5,NONE
0,40606,BA_LEFT_CLICK,5,NONE
0,40640,BA_LEFT_CLICK,5,NONE
0,40674,BA_LEFT_CLICK,5,NONE
0,40707,BA_LEFT_CLICK,5,NONE
0,40743,BA_LEFT_CLICK,5,NONE
0,40773,BA_LEFT_CLICK,5,NONE
0,40808,BA_LEFT_CLICK,5,NONE
0,40840,BA_LEFT_CLICK,5,NONE
0,40876,BA_LEFT_CLICK,5,NONE
0,40906,BA_LEFT_CLICK,5,NONE
0,40940,BA_LEFT_CLICK,5,LEFT_PRESS
0,40974,BA_LEFT_CLICK,5,LEFT_PRESS
0,41007,BA_LEFT_CLICK,5,LEFT_PRESS
0,41041,BA_LEFT_CLICK,5,LEFT_PRESS
0,41073,BA_LEFT_CLICK,5,LEFT_PRESS
0,41107,BA_LEFT_CLICK,5,LEFT_PRESS
0,41142,BA_LEFT_CLICK,5,LEFT_PRESS
0,41173,BA_LEFT_CLICK,5,LEFT_PRESS
0,41207,BA_LEFT_CLICK,5,LEFT_PRESS
0,41241,BA_LEFT_CLICK,5,LEFT_PRESS
0,41274,BA_LEFT_CLICK,5,LEFT_PRESS
0,41309,BA_LEFT_CLICK,5,LEFT_PRESS
0,41340,BA_LEFT_CLICK,5,LEFT_PRESS
0,41374,BA_LEFT_CLICK,5,LEFT_PRESS
0,41407,BA_LEFT_CLICK,5,LEFT_PRESS
0,41441,BA_LEFT_CLICK,5,LEFT_PRESS
0,41474,BA_LEFT_CLICK,5,LEFT_PRESS
0,41506,BA_LEFT_CLICK,5,LEFT_PRESS
0,41541,BA_LEFT_CLICK,5,LEFT_PRESS
0,41574,BA_LEFT_CLICK,5,LEFT_PRESS
0,41607,BA_LEFT_CLICK,5,LEFT_PRESS
0,41640,BA_LEFT_CLICK,5,LEFT_PRESS
0,41674,BA_LEFT_CLICK,5,LEFT_PRESS
0,41707,BA_LEFT_CLICK,5,LEFT_PRESS
0,41741,BA_LEFT_CLICK,5,LEFT_PRESS
0,41774,BA_LEFT_CLICK,5,LEFT_PRESS
0,41807,BA_LEFT_CLICK,5,LEFT_PRESS
0,41841,BA_LEFT_CLICK,5,LEFT_PRESS
0,41873,BA_LEFT_CLICK,5,LEFT_PRESS
0,41909,BA_LEFT_CLICK,5,LEFT_PRESS
0,41940,BA_LEFT_CLICK,5,LEFT_PRESS
0,41974,BA_LEFT_CLICK,5,LEFT_PRESS
0,42009,BA_LEFT_CLICK,5,LEFT_PRESS
0,42039,BA_LEFT_CLICK,5,LEFT_PRESS
0,42076,BA_LEFT_CLICK,5,LEFT_PRESS
0,42106,BA_LEFT_CLICK,5,LEFT_PRESS
0,42141,BA_LEFT_CLICK,5,LEFT_RELEASE
0,42176,BA_LEFT_CLICK,5,LEFT_RELEASE
0,42206,BA_LEFT_CLICK,5,LEFT_RELEASE
0,42240,BA_LEFT_CLICK,5,LEFT_RELEASE
0,42274,BA_LEFT_CLICK,5,LEFT_RELEASE
0,42309,BA_LEFT_CLICK,5,LEFT_RELEASE
0,42339,BA_LEFT_CLICK,5,LEFT_RELEASE
0,42377,BA_LEFT_CLICK,5,LEFT_RELEASE
0,42406,BA_LEFT_CLICK,5,LEFT_RELEASE
0,42441,BA_LEFT_CLICK,5,LEFT_RELEASE
0,42474,BA_LEFT_CLICK,5,LEFT_RELEASE
0,42506,BA_LEFT_CLICK,5,NONE
0,42540,BA_LEFT_CLICK,5,NONE
0,42574,BA_LEFT_CLICK,5,NONE
0,42608,BA_LEFT_CLICK,5,NONE
0,42643,BA_LEFT_CLICK,5,NONE
0,42673,BA_LEFT_CLICK,5,NONE
0,42708,BA_LEFT_CLICK,5,NONE
0,42739,BA_LEFT_CLICK,5,NONE
0,44741,BA_LEFT_CLICK,6,
0,44773,BA_LEFT_CLICK,6,
0,44808,BA_LEFT_CLICK,6,
0,44843,BA_LEFT_CLICK,6,
0,44873,BA_LEFT_CLICK,6,NONE
0,44910,BA_LEFT_CLICK,6,NONE
0,44939,BA_LEFT_CLICK,6,NONE
0,44977,BA_LEFT_CLICK,6,NONE
0,45007,BA_LEFT_CLICK,6,NONE
0,45043,BA_LEFT_CLICK,6,NONE
0,45073,BA_LEFT_CLICK,6,NONE
0,45108,BA_LEFT_CLICK,6,NONE
0,45142,BA_LEFT_CLICK,6,NONE
0,45173,BA_LEFT_CLICK,6,NONE
0,45210,BA_LEFT_CLICK,6,NONE
0,45239,BA_LEFT_CLICK,6,NONE
0,45275,BA_LEFT_CLICK,6,NONE
0,45307,BA_LEFT_CLICK,6,NONE
0,45343,BA_LEFT_CLICK,6,NONE
0,45373,BA_LEFT_CLICK,6,NONE
0,45410,BA_LEFT_CLICK,6,NONE
0,45439,BA_LEFT_CLICK,6,NONE
0,45477,BA_LEFT_CLICK,6,NONE
0,45506,BA_LEFT_CLICK,6,NONE
0,45544,BA_LEFT_CLICK,6,NONE
0,45574,BA_LEFT_CLICK,6,NONE
0,45607,BA_LEFT_CLICK,6,NONE
0,45641,BA_LEFT_CLICK,6,NONE
0,45674,BA_LEFT_CLICK,6,NONE
0,45709,BA_LEFT_CLICK,6,NONE
0,45740,BA_LEFT_CLICK,6,LEFT_PRESS
0,45770,BA_LEFT_CLICK,6,LEFT_PRESS
0,45810,BA_LEFT_CLICK,6,LEFT_PRESS
0,45840,BA_LEFT_CLICK,6,LEFT_PRESS
0,45876,BA_LEFT_CLICK,6,LEFT_PRESS
0,45906,BA_LEFT_CLICK,6,LEFT_PRESS
0,45943,BA_LEFT_CLICK,6,LEFT_PRESS
0,45973,BA_LEFT_CLICK,6,LEFT_PRESS
0,46010,BA_LEFT_CLICK,6,LEFT_PRESS
0,46040,BA_LEFT_CLICK,6,LEFT_PRESS
0,46077,BA_LEFT_CLICK,6,LEFT_PRESS
0,46109,BA_LEFT_CLICK,6,LEFT_PRESS
0,46140,BA_LEFT_CLICK,6,LEFT_RELEASE
0,46177,BA_LEFT_CLICK,6,LEFT_RELEASE
0,46206,BA_LEFT_CLICK,6,LEFT_RELEASE
0,46243,BA_LEFT_CLICK,6,LEFT_RELEASE
0,46273,BA_LEFT_CLICK,6,LEFT_RELEASE
0,46309,BA_LEFT_CLICK,6,LEFT_RELEASE
0,46340,BA_LEFT_CLICK,6,LEFT_RELEASE
0,46376,BA_LEFT_CLICK,6,LEFT_RELEASE
0,46406,BA_LEFT_CLICK,6,LEFT_RELEASE
0,46443,BA_LEFT_CLICK,6,LEFT_RELEASE
0,46473,BA_LEFT_CLICK,6,LEFT_RELEASE
0,46509,BA_LEFT_CLICK,6,LEFT_RELEASE
0,46540,BA_LEFT_CLICK,6,NONE
0,46577,BA_LEFT_CLICK,6,NONE
0,46607,BA_LEFT_CLICK,6,NONE
0,46643,BA_LEFT_CLICK,6,NONE
0,46673,BA_LEFT_CLICK,6,NONE
0,46710,BA_LEFT_CLICK,6,NONE
0,46743,BA_LEFT_CLICK,6,NONE
0,46777,BA_LEFT_CLICK,6,NONE
0,46809,BA_LEFT_CLICK,6,NONE
0,46843,BA_LEFT_CLICK,6,NONE
0,46876,BA_LEFT_CLICK,6,NONE
0,46909,BA_LEFT_CLICK,6,NONE
0,46943,BA_LEFT_CLICK,6,NONE
0,46977,BA_LEFT_CLICK,6,NONE
0,47010,BA_LEFT_CLICK,6,NONE
0,47043,BA_LEFT_CLICK,6,NONE
0,47077,BA_LEFT_CLICK,6,NONE
0,47107,BA_LEFT_CLICK,6,NONE
0,47143,BA_LEFT_CLICK,6,NONE
0,47177,BA_LEFT_CLICK,6,NONE
0,47210,BA_LEFT_CLICK,6,NONE
0,48673,BA_LEFT_CLICK,7,
0,48703,BA_LEFT_CLICK,7,
0,48742,BA_LEFT_CLICK,7,
0,48776,BA_LEFT_CLICK,7,
0,48806,BA_LEFT_CLICK,7,NONE
0,48844,BA_LEFT_CLICK,7,NONE
0,48873,BA_LEFT_CLICK,7,NONE
0,48910,BA_LEFT_CLICK,7,NONE
0,48940,BA_LEFT_CLICK,7,NONE
0,48977,BA_LEFT_CLICK,7,NONE
0,49006,BA_LEFT_CLICK,7,NONE
0,49044,BA_LEFT_CLICK,7,NONE
0,49073,BA_LEFT_CLICK,7,NONE
0,49111,BA_LEFT_CLICK,7,NONE
0,49140,BA_LEFT_CLICK,7,NONE
0,49177,BA_LEFT_CLICK,7,NONE
0,49206,BA_LEFT_CLICK,7,NONE
0,49244,BA_LEFT_CLICK,7,NONE
0,49274,BA_LEFT_CLICK,7,NONE
0,49310,BA_LEFT_CLICK,7,NONE
0,49340,BA_LEFT_CLICK,7,NONE
0,49377,BA_LEFT_CLICK,7,NONE
0,49406,BA_LEFT_CLICK,7,NONE
0,49443,BA_LEFT_CLICK,7,NONE
0,49473,BA_LEFT_CLICK,7,NONE
0,49510,BA_LEFT_CLICK,7,NONE
0,49540,BA_LEFT_CLICK,7,NONE
0,49577,BA_LEFT_CLICK,7,NONE
0,49606,BA_LEFT_CLICK,7,NONE
0,49644,BA_LEFT_CLICK,7,NONE
0,49673,BA_LEFT_CLICK,7,NONE
0,49710,BA_LEFT_CLICK,7,LEFT_PRESS
0,49740,BA_LEFT_CLICK,7,LEFT_PRESS
0,49777,BA_LEFT_CLICK,7,LEFT_PRESS
0,49806,BA_LEFT_CLICK,7,LEFT_PRESS
0,49843,BA_LEFT_CLICK,7,LEFT_PRESS
0,49873,BA_LEFT_CLICK,7,LEFT_PRESS
0,49910,BA_LEFT_CLICK,7,LEFT_PRESS
0,49940,BA_LEFT_CLICK,7,LEFT_PRESS
0,49977,BA_LEFT_CLICK,7,LEFT_PRESS
0,50006,BA_LEFT_CLICK,7,LEFT_PRESS
0,50043,BA_LEFT_CLICK,7,LEFT_PRESS
0,50074,BA_LEFT_CLICK,7,LEFT_PRESS
0,50110,BA_LEFT_CLICK,7,LEFT_RELEASE
0,50139,BA_LEFT_CLICK,7,LEFT_RELEASE
0,50177,BA_LEFT_CLICK,7,LEFT_RELEASE
0,50207,BA_LEFT_CLICK,7,LEFT_RELEASE
0,50244,BA_LEFT_CLICK,7,LEFT_RELEASE
0,50274,BA_LEFT_CLICK,7,LEFT_RELEASE
0,50310,BA_LEFT_CLICK,7,LEFT_RELEASE
0,50340,BA_LEFT_CLICK,7,LEFT_RELEASE
0,50377,BA_LEFT_CLICK,7,LEFT_RELEASE
0,50408,BA_LEFT_CLICK,7,LEFT_RELEASE
0,50443,BA_LEFT_CLICK,7,LEFT_RELEASE
0,50474,BA_LEFT_CLICK,7,NONE
0,50506,BA_LEFT_CLICK,7,NONE
0,50541,BA_LEFT_CLICK,7,NONE
0,52309,BA_LEFT_CLICK,8,
0,52340,BA_LEFT_CLICK,8,
0,52376,BA_LEFT_CLICK,8,
0,52407,BA_LEFT_CLICK,8,
0,52443,BA_LEFT_CLICK,8,NONE
0,52473,BA_LEFT_CLICK,8,NONE
0,52510,BA_LEFT_CLICK,8,NONE
0,52541,BA_LEFT_CLICK,8,NONE
0,52577,BA_LEFT_CLICK,8,NONE
0,52606,BA_LEFT_CLICK,8,NONE
0,52644,BA_LEFT_CLICK,8,NONE
0,52674,BA_LEFT_CLICK,8,NONE
0,52710,BA_LEFT_CLICK,8,NONE
0,52740,BA_LEFT_CLICK,8,NONE
0,52777,BA_LEFT_CLICK,8,NONE
0,52807,BA_LEFT_CLICK,8,NONE
0,52843,BA_LEFT_CLICK,8,NONE
0,52874,BA_LEFT_CLICK,8,NONE
0,52910,BA_LEFT_CLICK,8,NONE
0,52940,BA_LEFT_CLICK,8,NONE
0,52977,BA_LEFT_CLICK,8,NONE
0,53007,BA_LEFT_CLICK,8,NONE
0,53043,BA_LEFT_CLICK,8,NONE
0,53073,BA_LEFT_CLICK,8,NONE
0,53105,BA_LEFT_CLICK,8,NONE
0,53140,BA_LEFT_CLICK,8,NONE
0,53172,BA_LEFT_CLICK,8,NONE
0,53206,BA_LEFT_CLICK,8,NONE
0,53239,BA_LEFT_CLICK,8,NONE
0,53273,BA_LEFT_CLICK,8,NONE
0,53306,BA_LEFT_CLICK,8,NONE
0,53339,BA_LEFT_CLICK,8,LEFT_PRESS
0,53374,BA_LEFT_CLICK,8,LEFT_PRESS
0,53407,BA_LEFT_CLICK,8,LEFT_PRESS
0,53440,BA_LEFT_CLICK,8,LEFT_PRESS
0,53474,BA_LEFT_CLICK,8,LEFT_PRESS
0,53507,BA_LEFT_CLICK,8,LEFT_PRESS
0,53541,BA_LEFT_CLICK,8,LEFT_PRESS
0,53574,BA_LEFT_CLICK,8,LEFT_PRESS
0,53605,BA_LEFT_CLICK,8,LEFT_PRESS
0,53643,BA_LEFT_CLICK,8,LEFT_PRESS
0,53673,BA_LEFT_CLICK,8,LEFT_PRESS
0,53706,BA_LEFT_CLICK,8,LEFT_PRESS
0,53744,BA_LEFT_CLICK,8,LEFT_PRESS
0,53773,BA_LEFT_CLICK,8,LEFT_RELEASE
0,53810,BA_LEFT_CLICK,8,LEFT_RELEASE
0,53840,BA_LEFT_CLICK,8,LEFT_RELEASE
0,53877,BA_LEFT_CLICK,8,LEFT_RELEASE
0,53907,BA_LEFT_CLICK,8,LEFT_RELEASE
0,53944,BA_LEFT_CLICK,8,LEFT_RELEASE
0,53973,BA_LEFT_CLICK,8,LEFT_RELEASE
0,54011,BA_LEFT_CLICK,8,LEFT_RELEASE
0,54041,BA_LEFT_CLICK,8,LEFT_RELEASE
0,54077,BA_LEFT_CLICK,8,LEFT_RELEASE
0,54107,BA_LEFT_CLICK,8,LEFT_RELEASE
0,54143,BA_LEFT_CLICK,8,LEFT_RELEASE
0,54173,BA_LEFT_CLICK,8,LEFT_RELEASE
0,54210,BA_LEFT_CLICK,8,LEFT_RELEASE
0,54240,BA_LEFT_CLICK,8,LEFT_RELEASE
0,54277,BA_LEFT_CLICK,8,LEFT_RELEASE
0,54306,BA_LEFT_CLICK,8,LEFT_RELEASE
0,54343,BA_LEFT_CLICK,8,LEFT_RELEASE
0,54373,BA_LEFT_CLICK,8,LEFT_RELEASE
0,54411,BA_LEFT_CLICK,8,LEFT_RELEASE
0,54441,BA_LEFT_CLICK,8,LEFT_RELEASE
0,54478,BA_LEFT_CLICK,8,NONE
0,54510,BA_LEFT_CLICK,8,NONE
0,54543,BA_LEFT_CLICK,8,NONE
0,56573,BA_LEFT_CLICK,9,
0,56608,BA_LEFT_CLICK,9,
0,56644,BA_LEFT_CLICK,9,
0,56678,BA_LEFT_CLICK,9,
0,56708,BA_LEFT_CLICK,9,NONE
0,56745,BA_LEFT_CLICK,9,NONE
0,56775,BA_LEFT_CLICK,9,NONE
0,56809,BA_LEFT_CLICK,9,NONE
0,56841,BA_LEFT_CLICK,9,NONE
0,56878,BA_LEFT_CLICK,9,NONE
0,56907,BA_LEFT_CLICK,9,NONE
0,56945,BA_LEFT_CLICK,9,NONE
0,56974,BA_LEFT_CLICK,9,NONE
0,57011,BA_LEFT_CLICK,9,NONE
0,57040,BA_LEFT_CLICK,9,NONE
0,57076,BA_LEFT_CLICK,9,NONE
0,57106,BA_LEFT_CLICK,9,NONE
0,57141,BA_LEFT_CLICK,9,NONE
0,57173,BA_LEFT_CLICK,9,NONE
0,57207,BA_LEFT_CLICK,9,NONE
0,57240,BA_LEFT_CLICK,9,NONE
0,57273,BA_LEFT_CLICK,9,NONE
0,57307,BA_LEFT_CLICK,9,NONE
0,57341,BA_LEFT_CLICK,9,NONE
0,57374,BA_LEFT_CLICK,9,NONE
0,57407,BA_LEFT_CLICK,9,NONE
0,57441,BA_LEFT_CLICK,9,NONE
0,57475,BA_LEFT_CLICK,9,NONE
0,57508,BA_LEFT_CLICK,9,NONE
0,57542,BA_LEFT_CLICK,9,NONE
0,57574,BA_LEFT_CLICK,9,LEFT_PRESS
0,57610,BA_LEFT_CLICK,9,LEFT_PRESS
0,57641,BA_LEFT_CLICK,9,LEFT_PRESS
0,57678,BA_LEFT_CLICK,9,LEFT_PRESS
0,57707,BA_LEFT_CLICK,9,LEFT_PRESS
0,57744,BA_LEFT_CLICK,9,LEFT_PRESS
0,57774,BA_LEFT_CLICK,9,LEFT_PRESS
0,57811,BA_LEFT_CLICK,9,LEFT_PRESS
0,57841,BA_LEFT_CLICK,9,LEFT_PRESS
0,57877,BA_LEFT_CLICK,9,LEFT_PRESS
0,57908,BA_LEFT_CLICK,9,LEFT_RELEASE
0,57944,BA_LEFT_CLICK,9,LEFT_RELEASE
0,57975,BA_LEFT_CLICK,9,LEFT_RELEASE
0,58010,BA_LEFT_CLICK,9,LEFT_RELEASE
0,58041,BA_LEFT_CLICK,9,LEFT_RELEASE
0,58078,BA_LEFT_CLICK,9,LEFT_RELEASE
0,58108,BA_LEFT_CLICK,9,LEFT_RELEASE
0,58144,BA_LEFT_CLICK,9,LEFT_RELEASE
0,58174,BA_LEFT_CLICK,9,LEFT_RELEASE
0,58212,BA_LEFT_CLICK,9,NONE
0,58241,BA_LEFT_CLICK,9,NONE
0,58277,BA_LEFT_CLICK,9,NONE
0,58308,BA_LEFT_CLICK,9,NONE
0,58343,BA_LEFT_CLICK,9,NONE
0,58374,BA_LEFT_CLICK,9,NONE
0,58411,BA_LEFT_CLICK,9,NONE
0,58441,BA_LEFT_CLICK,9,NONE
0,58478,BA_LEFT_CLICK,9,NONE
0,58508,BA_LEFT_CLICK,9,NONE
0,58544,BA_LEFT_CLICK,9,NONE
0,58577,BA_LEFT_CLICK,9,NONE
0,58610,BA_LEFT_CLICK,9,NONE
0,58644,BA_LEFT_CLICK,9,NONE
0,58677,BA_LEFT_CLICK,9,NONE
0,64372,BA_RIGHT_CLICK,0,
0,64408,BA_RIGHT_CLICK,0,
0,64441,BA_RIGHT_CLICK,0,
0,64475,BA_RIGHT_CLICK,0,
0,64508,BA_RIGHT_CLICK,0,NONE
0,64543,BA_RIGHT_CLICK,0,NONE
0,64575,BA_RIGHT_CLICK,0,NONE
0,64612,BA_RIGHT_CLICK,0,NONE
0,64642,BA_RIGHT_CLICK,0,NONE
0,64679,BA_RIGHT_CLICK,0,NONE
0,64709,BA_RIGHT_CLICK,0,NONE
0,64742,BA_RIGHT_CLICK,0,NONE
0,64775,BA_RIGHT_CLICK,0,NONE
0,64812,BA_RIGHT_CLICK,0,NONE
0,64841,BA_RIGHT_CLICK,0,NONE
0,64877,BA_RIGHT_CLICK,0,NONE
0,64908,BA_RIGHT_CLICK,0,NONE
0,64945,BA_RIGHT_CLICK,0,NONE
0,64974,BA_RIGHT_CLICK,0,NONE
0,65011,BA_RIGHT_CLICK,0,NONE
0,65041,BA_RIGHT_CLICK,0,NONE
0,65077,BA_RIGHT_CLICK,0,NONE
0,65108,BA_RIGHT_CLICK,0,NONE
0,65141,BA_RIGHT_CLICK,0,NONE
0,65174,BA_RIGHT_CLICK,0,NONE
0,65208,BA_RIGHT_CLICK,0,NONE
0,65241,BA_RIGHT_CLICK,0,NONE
0,65275,BA_RIGHT_CLICK,0,NONE
0,65308,BA_RIGHT_CLICK,0,NONE
0,65341,BA_RIGHT_CLICK,0,NONE
0,65374,BA_RIGHT_CLICK,0,NONE
0,65408,BA_RIGHT_CLICK,0,NONE
0,65441,BA_RIGHT_CLICK,0,NONE
0,65475,BA_RIGHT_CLICK,0,NONE
0,65508,BA_RIGHT_CLICK,0,NONE
0,65543,BA_RIGHT_CLICK,0,NONE
0,65575,BA_RIGHT_CLICK,0,NONE
0,65610,BA_RIGHT_CLICK,0,NONE
0,65641,BA_RIGHT_CLICK,0,NONE
0,65676,BA_RIGHT_CLICK,0,NONE
0,65708,BA_RIGHT_CLICK,0,NONE
0,65742,BA_RIGHT_CLICK,0,NONE
0,65776,BA_RIGHT_CLICK,0,NONE
0,65809,BA_RIGHT_CLICK,0,RIGHT_PRESS
0,65842,BA_RIGHT_CLICK,0,RIGHT_PRESS
0,65875,BA_RIGHT_CLICK,0,RIGHT_PRESS
0,65909,BA_RIGHT_CLICK,0,RIGHT_PRESS
0,65944,BA_RIGHT_CLICK,0,RIGHT_PRESS
0,65975,BA_RIGHT_CLICK,0,RIGHT_PRESS
0,66008,BA_RIGHT_CLICK,0,RIGHT_PRESS
0,66045,BA_RIGHT_CLICK,0,RIGHT_PRESS
0,66074,BA_RIGHT_CLICK,0,RIGHT_PRESS
0,66108,BA_RIGHT_CLICK,0,RIGHT_PRESS
0,66141,BA_RIGHT_CLICK,0,RIGHT_RELEASE
0,66174,BA_RIGHT_CLICK,0,RIGHT_RELEASE
0,66208,BA_RIGHT_CLICK,0,RIGHT_RELEASE
0,66241,BA_RIGHT_CLICK,0,RIGHT_RELEASE
0,66274,BA_RIGHT_CLICK,0,RIGHT_RELEASE
0,66308,BA_RIGHT_CLICK,0,RIGHT_RELEASE
0,66341,BA_RIGHT_CLICK,0,RIGHT_RELEASE
0,66375,BA_RIGHT_CLICK,0,RIGHT_RELEASE
0,66408,BA_RIGHT_CLICK,0,RIGHT_RELEASE
0,66441,BA_RIGHT_CLICK,0,RIGHT_RELEASE
0,66475,BA_RIGHT_CLICK,0,RIGHT_RELEASE
0,66509,BA_RIGHT_CLICK,0,RIGHT_RELEASE
0,66543,BA_RIGHT_CLICK,0,RIGHT_RELEASE
0,66575,BA_RIGHT_CLICK,0,RIGHT_RELEASE
0,66613,BA_RIGHT_CLICK,0,RIGHT_RELEASE
0,66643,BA_RIGHT_CLICK,0,NONE
0,66675,BA_RIGHT_CLICK,0,NONE
0,66711,BA_RIGHT_CLICK,0,NONE
0,66741,BA_RIGHT_CLICK,0,NONE
0,66778,BA_RIGHT_CLICK,0,NONE
0,66809,BA_RIGHT_CLICK,0,NONE
0,66842,BA_RIGHT_CLICK,0,NONE
0,66875,BA_RIGHT_CLICK,0,NONE
0,66909,BA_RIGHT_CLICK,0,NONE
0,66941,BA_RIGHT_CLICK,0,NONE
0,66977,BA_RIGHT_CLICK,0,NONE
0,67008,BA_RIGHT_CLICK,0,NONE
0,68642,BA_RIGHT_CLICK,1,
0,68676,BA_RIGHT_CLICK,1,
0,68706,BA_RIGHT_CLICK,1,
0,68742,BA_RIGHT_CLICK,1,
0,68778,BA_RIGHT_CLICK,1,NONE
0,68810,BA_RIGHT_CLICK,1,NONE
0,68844,BA_RIGHT_CLICK,1,NONE
0,68876,BA_RIGHT_CLICK,1,NONE
0,68910,BA_RIGHT_CLICK,1,NONE
0,68942,BA_RIGHT_CLICK,1,NONE
0,68978,BA_RIGHT_CLICK,1,NONE
0,69011,BA_RIGHT_CLICK,1,NONE
0,69044,BA_RIGHT_CLICK,1,NONE
0,69077,BA_RIGHT_CLICK,1,NONE
0,69111,BA_RIGHT_CLICK,1,NONE
0,69143,BA_RIGHT_CLICK,1,NONE
0,69175,BA_RIGHT_CLICK,1,NONE
0,69206,BA_RIGHT_CLICK,1,NONE
0,69246,BA_RIGHT_CLICK,1,NONE
0,69276,BA_RIGHT_CLICK,1,NONE
0,69309,BA_RIGHT_CLICK,1,NONE
0,69347,BA_RIGHT_CLICK,1,NONE
0,69377,BA_RIGHT_CLICK,1,NONE
0,69410,BA_RIGHT_CLICK,1,NONE
0,69446,BA_RIGHT_CLICK,1,NONE
0,69476,BA_RIGHT_CLICK,1,NONE
0,69510,BA_RIGHT_CLICK,1,NONE
0,69543,BA_RIGHT_CLICK,1,NONE
0,69577,BA_RIGHT_CLICK,1,NONE
0,69611,BA_RIGHT_CLICK,1,NONE
0,69644,BA_RIGHT_CLICK,1,NONE
0,69677,BA_RIGHT_CLICK,1,NONE
0,69712,BA_RIGHT_CLICK,1,NONE
0,69745,BA_RIGHT_CLICK,1,NONE
0,69778,BA_RIGHT_CLICK,1,NONE
0,69810,BA_RIGHT_CLICK,1,NONE
0,69844,BA_RIGHT_CLICK,1,RIGHT_PRESS
0,69877,BA_RIGHT_CLICK,1,RIGHT_PRESS
0,69911,BA_RIGHT_CLICK,1,RIGHT_PRESS
0,69944,BA_RIGHT_CLICK,1,RIGHT_PRESS
0,69978,BA_RIGHT_CLICK,1,RIGHT_PRESS
0,70011,BA_RIGHT_CLICK,1,RIGHT_PRESS
0,70043,BA_RIGHT_CLICK,1,RIGHT_PRESS
0,70080,BA_RIGHT_CLICK,1,RIGHT_PRESS
0,70110,BA_RIGHT_CLICK,1,RIGHT_PRESS
0,70143,BA_RIGHT_CLICK,1,RIGHT_PRESS
0,70178,BA_RIGHT_CLICK,1,RIGHT_RELEASE
0,70212,BA_RIGHT_CLICK,1,RIGHT_RELEASE
0,70243,BA_RIGHT_CLICK,1,RIGHT_RELEASE
0,70280,BA_RIGHT_CLICK,1,RIGHT_RELEASE
0,70309,BA_RIGHT_CLICK,1,RIGHT_RELEASE
0,70344,BA_RIGHT_CLICK,1,RIGHT_RELEASE
0,70376,BA_RIGHT_CLICK,1,RIGHT_RELEASE
0,70412,BA_RIGHT_CLICK,1,RIGHT_RELEASE
0,70442,BA_RIGHT_CLICK,1,RIGHT_RELEASE
0,70480,BA_RIGHT_CLICK,1,RIGHT_RELEASE
0,70510,BA_RIGHT_CLICK,1,RIGHT_RELEASE
0,70545,BA_RIGHT_CLICK,1,RIGHT_RELEASE
0,70578,BA_RIGHT_CLICK,1,RIGHT_RELEASE
0,70612,BA_RIGHT_CLICK,1,RIGHT_RELEASE
0,70644,BA_RIGHT_CLICK,1,RIGHT_RELEASE
0,72478,BA_RIGHT_CLICK,2,
0,72511,BA_RIGHT_CLICK,2,
0,72545,BA_RIGHT_CLICK,2,
0,72578,BA_RIGHT_CLICK,2,
0,72612,BA_RIGHT_CLICK,2,NONE
0,72645,BA_RIGHT_CLICK,2,NONE
0,72678,BA_RIGHT_CLICK,2,NONE
0,72712,BA_RIGHT_CLICK,2,NONE
0,72745,BA_RIGHT_CLICK,2,NONE
0,72779,BA_RIGHT_CLICK,2,NONE
0,72812,BA_RIGHT_CLICK,2,NONE
0,72845,BA_RIGHT_CLICK,2,NONE
0,72879,BA_RIGHT_CLICK,2,NONE
0,72912,BA_RIGHT_CLICK,2,NONE
0,72945,BA_RIGHT_CLICK,2,NONE
0,72978,BA_RIGHT_CLICK,2,NONE
0,73012,BA_RIGHT_CLICK,2,NONE
0,73044,BA_RIGHT_CLICK,2,NONE
0,73078,BA_RIGHT_CLICK,2,NONE
0,73112,BA_RIGHT_CLICK,2,NONE
0,73145,BA_RIGHT_CLICK,2,NONE
0,73178,BA_RIGHT_CLICK,2,NONE
0,73212,BA_RIGHT_CLICK,2,NONE
0,73245,BA_RIGHT_CLICK,2,NONE
0,73279,BA_RIGHT_CLICK,2,NONE
0,73312,BA_RIGHT_CLICK,2,NONE
0,73345,BA_RIGHT_CLICK,2,NONE
0,73379,BA_RIGHT_CLICK,2,NONE
0,73407,BA_RIGHT_CLICK,2,NONE
0,73440,BA_RIGHT_CLICK,2,NONE
0,73474,BA_RIGHT_CLICK,2,NONE
0,73513,BA_RIGHT_CLICK,2,NONE
0,73544,BA_RIGHT_CLICK,2,NONE
0,73578,BA_RIGHT_CLICK,2,NONE
0,73611,BA_RIGHT_CLICK,2,NONE
0,73645,BA_RIGHT_CLICK,2,NONE
0,73679,BA_RIGHT_CLICK,2,NONE
0,73706,BA_RIGHT_CLICK,2,NONE
0,73746,BA_RIGHT_CLICK,2,NONE
0,73778,BA_RIGHT_CLICK,2,NONE
0,73812,BA_RIGHT_CLICK,2,NONE
0,73845,BA_RIGHT_CLICK,2,NONE
0,73878,BA_RIGHT_CLICK,2,NONE
0,73912,BA_RIGHT_CLICK,2,NONE
0,73945,BA_RIGHT_CLICK,2,NONE
0,73979,BA_RIGHT_CLICK,2,NONE
0,74012,BA_RIGHT_CLICK,2,NONE
0,74045,BA_RIGHT_CLICK,2,NONE
0,74079,BA_RIGHT_CLICK,2,NONE
0,74112,BA_RIGHT_CLICK,2,NONE
0,74145,BA_RIGHT_CLICK,2,NONE
0,74179,BA_RIGHT_CLICK,2,NONE
0,74211,BA_RIGHT_CLICK,2,RIGHT_PRESS
0,74245,BA_RIGHT_CLICK,2,RIGHT_PRESS
0,74279,BA_RIGHT_CLICK,2,RIGHT_PRESS
0,74312,BA_RIGHT_CLICK,2,RIGHT_PRESS
0,74345,BA_RIGHT_CLICK,2,RIGHT_PRESS
0,74379,BA_RIGHT_CLICK,2,RIGHT_PRESS
0,74412,BA_RIGHT_CLICK,2,RIGHT_PRESS
0,74445,BA_RIGHT_CLICK,2,RIGHT_RELEASE
0,74479,BA_RIGHT_CLICK,2,RIGHT_RELEASE
0,74512,BA_RIGHT_CLICK,2,RIGHT_RELEASE
0,74546,BA_RIGHT_CLICK,2,RIGHT_RELEASE
0,74579,BA_RIGHT_CLICK,2,RIGHT_RELEASE
0,74612,BA_RIGHT_CLICK,2,RIGHT_RELEASE
0,74645,BA_RIGHT_CLICK,2,RIGHT_RELEASE
0,74679,BA_RIGHT_CLICK,2,RIGHT_RELEASE
0,74712,BA_RIGHT_CLICK,2,RIGHT_RELEASE
0,74745,BA_RIGHT_CLICK,2,RIGHT_RELEASE
0,74779,BA_RIGHT_CLICK,2,RIGHT_RELEASE
0,74812,BA_RIGHT_CLICK,2,RIGHT_RELEASE
0,74844,BA_RIGHT_CLICK,2,NONE
0,74879,BA_RIGHT_CLICK,2,NONE
0,74912,BA_RIGHT_CLICK,2,NONE
0,74945,BA_RIGHT_CLICK,2,NONE
0,74979,BA_RIGHT_CLICK,2,NONE
0,75012,BA_RIGHT_CLICK,2,NONE
0,75045,BA_RIGHT_CLICK,2,NONE
0,75079,BA_RIGHT_CLICK,2,NONE
0,75112,BA_RIGHT_CLICK,2,NONE
0,75146,BA_RIGHT_CLICK,2,NONE
0,75179,BA_RIGHT_CLICK,2,NONE
0,75212,BA_RIGHT_CLICK,2,NONE
0,75245,BA_RIGHT_CLICK,2,NONE
0,75279,BA_RIGHT_CLICK,2,NONE
0,75312,BA_RIGHT_CLICK,2,NONE
0,75345,BA_RIGHT_CLICK,2,NONE
0,75379,BA_RIGHT_CLICK,2,NONE
0,75412,BA_RIGHT_CLICK,2,NONE
0,75445,BA_RIGHT_CLICK,2,NONE
0,75479,BA_RIGHT_CLICK,2,NONE
0,75511,BA_RIGHT_CLICK,2,NONE
0,75546,BA_RIGHT_CLICK,2,NONE
0,75579,BA_RIGHT_CLICK,2,NONE
0,75612,BA_RIGHT_CLICK,2,NONE
0,75646,BA_RIGHT_CLICK,2,NONE
0,75679,BA_RIGHT_CLICK,2,NONE
0,75712,BA_RIGHT_CLICK,2,NONE
0,75746,BA_RIGHT_CLICK,2,NONE
0,75779,BA_RIGHT_CLICK,2,NONE
0,77210,BA_RIGHT_CLICK,3,
0,77244,BA_RIGHT_CLICK,3,
0,77278,BA_RIGHT_CLICK,3,
0,77312,BA_RIGHT_CLICK,3,
0,77346,BA_RIGHT_CLICK,3,NONE
0,77378,BA_RIGHT_CLICK,3,NONE
0,77412,BA_RIGHT_CLICK,3,NONE
0,77446,BA_RIGHT_CLICK,3,NONE
0,77478,BA_RIGHT_CLICK,3,NONE
0,77511,BA_RIGHT_CLICK,3,NONE
0,77545,BA_RIGHT_CLICK,3,NONE
0,77579,BA_RIGHT_CLICK,3,NONE
0,77612,BA_RIGHT_CLICK,3,NONE
0,77646,BA_RIGHT_CLICK,3,NONE
0,77679,BA_RIGHT_CLICK,3,NONE
0,77712,BA_RIGHT_CLICK,3,NONE
0,77746,BA_RIGHT_CLICK,3,NONE
0,77779,BA_RIGHT_CLICK,3,NONE
0,77812,BA_RIGHT_CLICK,3,NONE
0,77845,BA_RIGHT_CLICK,3,NONE
0,77879,BA_RIGHT_CLICK,3,NONE
0,77913,BA_RIGHT_CLICK,3,NONE
0,77946,BA_RIGHT_CLICK,3,NONE
0,77979,BA_RIGHT_CLICK,3,NONE
0,78012,BA_RIGHT_CLICK,3,NONE
0,78045,BA_RIGHT_CLICK,3,NONE
0,78079,BA_RIGHT_CLICK,3,NONE
0,78112,BA_RIGHT_CLICK,3,NONE
0,78145,BA_RIGHT_CLICK,3,NONE
0,78179,BA_RIGHT_CLICK,3,NONE
0,78212,BA_RIGHT_CLICK,3,NONE
0,78241,BA_RIGHT_CLICK,3,NONE
0,78275,BA_RIGHT_CLICK,3,NONE
0,78314,BA_RIGHT_CLICK,3,NONE
0,78345,BA_RIGHT_CLICK,3,NONE
0,78379,BA_RIGHT_CLICK,3,NONE
0,78412,BA_RIGHT_CLICK,3,NONE
0,78446,BA_RIGHT_CLICK,3,NONE
0,78479,BA_RIGHT_CLICK,3,NONE
0,78513,BA_RIGHT_CLICK,3,NONE
0,78545,BA_RIGHT_CLICK,3,NONE
0,78580,BA_RIGHT_CLICK,3,NONE
0,78613,BA_RIGHT_CLICK,3,NONE
0,78646,BA_RIGHT_CLICK,3,NONE
0,78679,BA_RIGHT_CLICK,3,RIGHT_PRESS
0,78707,BA_RIGHT_CLICK,3,RIGHT_PRESS
0,78747,BA_RIGHT_CLICK,3,RIGHT_PRESS
0,78778,BA_RIGHT_CLICK,3,RIGHT_PRESS
0,78812,BA_RIGHT_CLICK,3,RIGHT_PRESS
0,78846,BA_RIGHT_CLICK,3,RIGHT_PRESS
0,78879,BA_RIGHT_CLICK,3,NONE
0,78912,BA_RIGHT_CLICK,3,RIGHT_RELEASE
0,78946,BA_RIGHT_CLICK,3,RIGHT_RELEASE
0,78979,BA_RIGHT_CLICK,3,RIGHT_RELEASE
0,79012,BA_RIGHT_CLICK,3,RIGHT_RELEASE
0,79045,BA_RIGHT_CLICK,3,NONE
0,79079,BA_RIGHT_CLICK,3,NONE
0,79113,BA_RIGHT_CLICK,3,NONE
0,79146,BA_RIGHT_CLICK,3,NONE
0,79179,BA_RIGHT_CLICK,3,NONE
0,79213,BA_RIGHT_CLICK,3,NONE
0,79246,BA_RIGHT_CLICK,3,NONE
0,79279,BA_RIGHT_CLICK,3,NONE
0,79313,BA_RIGHT_CLICK,3,NONE
0,79346,BA_RIGHT_CLICK,3,NONE
0,79380,BA_RIGHT_CLICK,3,NONE
0,79413,BA_RIGHT_CLICK,3,NONE
0,79445,BA_RIGHT_CLICK,3,NONE
0,79480,BA_RIGHT_CLICK,3,NONE
0,79512,BA_RIGHT_CLICK,3,NONE
0,79546,BA_RIGHT_CLICK,3,NONE
0,79578,BA_RIGHT_CLICK,3,NONE
0,79613,BA_RIGHT_CLICK,3,NONE
0,79646,BA_RIGHT_CLICK,3,NONE
0,79680,BA_RIGHT_CLICK,3,NONE
0,79712,BA_RIGHT_CLICK,3,NONE
0,79746,BA_RIGHT_CLICK,3,NONE
0,79779,BA_RIGHT_CLICK,3,NONE
0,79813,BA_RIGHT_CLICK,3,NONE
0,79846,BA_RIGHT_CLICK,3,NONE
0,79880,BA_RIGHT_CLICK,3,NONE
0,79913,BA_RIGHT_CLICK,3,NONE
0,79946,BA_RIGHT_CLICK,3,NONE
0,79979,BA_RIGHT_CLICK,3,NONE
0,80012,BA_RIGHT_CLICK,3,RIGHT_PRESS
0,80046,BA_RIGHT_CLICK,3,RIGHT_PRESS
0,80079,BA_RIGHT_CLICK,3,RIGHT_PRESS
0,80113,BA_RIGHT_CLICK,3,RIGHT_PRESS
0,80145,BA_RIGHT_CLICK,3,RIGHT_PRESS
0,80179,BA_RIGHT_CLICK,3,RIGHT_PRESS
0,80213,BA_RIGHT_CLICK,3,RIGHT_PRESS
0,80246,BA_RIGHT_CLICK,3,RIGHT_PRESS
0,80280,BA_RIGHT_CLICK,3,RIGHT_PRESS
0,80313,BA_RIGHT_CLICK,3,RIGHT_PRESS
0,80346,BA_RIGHT_CLICK,3,RIGHT_RELEASE
0,80381,BA_RIGHT_CLICK,3,RIGHT_RELEASE
0,80412,BA_RIGHT_CLICK,3,RIGHT_RELEASE
0,80446,BA_RIGHT_CLICK,3,RIGHT_RELEASE
0,80480,BA_RIGHT_CLICK,3,RIGHT_RELEASE
0,80512,BA_RIGHT_CLICK,3,RIGHT_RELEASE
0,80547,BA_RIGHT_CLICK,3,RIGHT_RELEASE
0,80579,BA_RIGHT_CLICK,3,RIGHT_RELEASE
0,80611,BA_RIGHT_CLICK,3,RIGHT_RELEASE
0,80645,BA_RIGHT_CLICK,3,RIGHT_RELEASE
0,80680,BA_RIGHT_CLICK,3,RIGHT_RELEASE
0,80713,BA_RIGHT_CLICK,3,RIGHT_RELEASE
0,80746,BA_RIGHT_CLICK,3,RIGHT_RELEASE
0,80780,BA_RIGHT_CLICK,3,RIGHT_RELEASE
0,80813,BA_RIGHT_CLICK,3,RIGHT_RELEASE
0,80847,BA_RIGHT_CLICK,3,RIGHT_RELEASE
0,80880,BA_RIGHT_CLICK,3,NONE
0,80913,BA_RIGHT_CLICK,3,NONE
0,82145,BA_RIGHT_CLICK,4,
0,82179,BA_RIGHT_CLICK,4,
0,82213,BA_RIGHT_CLICK,4,
0,82246,BA_RIGHT_CLICK,4,
0,82279,BA_RIGHT_CLICK,4,NONE
0,82313,BA_RIGHT_CLICK,4,NONE
0,82347,BA_RIGHT_CLICK,4,NONE
0,82379,BA_RIGHT_CLICK,4,NONE
0,82413,BA_RIGHT_CLICK,4,NONE
0,82446,BA_RIGHT_CLICK,4,NONE
0,82480,BA_RIGHT_CLICK,4,NONE
0,82508,BA_RIGHT_CLICK,4,NONE
0,82546,BA_RIGHT_CLICK,4,NONE
0,82579,BA_RIGHT_CLICK,4,NONE
0,82613,BA_RIGHT_CLICK,4,NONE
0,82646,BA_RIGHT_CLICK,4,NONE
0,82678,BA_RIGHT_CLICK,4,NONE
0,82713,BA_RIGHT_CLICK,4,NONE
0,82745,BA_RIGHT_CLICK,4,NONE
0,82780,BA_RIGHT_CLICK,4,NONE
0,82812,BA_RIGHT_CLICK,4,NONE
0,82847,BA_RIGHT_CLICK,4,NONE
0,82879,BA_RIGHT_CLICK,4,NONE
0,82914,BA_RIGHT_CLICK,4,NONE
0,82947,BA_RIGHT_CLICK,4,NONE
0,82980,BA_RIGHT_CLICK,4,NONE
0,83013,BA_RIGHT_CLICK,4,NONE
0,83047,BA_RIGHT_CLICK,4,NONE
0,83080,BA_RIGHT_CLICK,4,NONE
0,83112,BA_RIGHT_CLICK,4,NONE
0,83146,BA_RIGHT_CLICK,4,NONE
0,83180,BA_RIGHT_CLICK,4,NONE
0,83213,BA_RIGHT_CLICK,4,NONE
0,83247,BA_RIGHT_CLICK,4,NONE
0,83279,BA_RIGHT_CLICK,4,NONE
0,83314,BA_RIGHT_CLICK,4,NONE
0,83347,BA_RIGHT_CLICK,4,NONE
0,83380,BA_RIGHT_CLICK,4,NONE
0,83413,BA_RIGHT_CLICK,4,NONE
0,83445,BA_RIGHT_CLICK,4,NONE
0,83480,BA_RIGHT_CLICK,4,NONE
0,83512,BA_RIGHT_CLICK,4,NONE
0,83545,BA_RIGHT_CLICK,4,NONE
0,83579,BA_RIGHT_CLICK,4,NONE
0,83613,BA_RIGHT_CLICK,4,NONE
0,83647,BA_RIGHT_CLICK,4,NONE
0,83679,BA_RIGHT_CLICK,4,NONE
0,83708,BA_RIGHT_CLICK,4,NONE
0,83746,BA_RIGHT_CLICK,4,NONE
0,83779,BA_RIGHT_CLICK,4,NONE
0,83814,BA_RIGHT_CLICK,4,NONE
0,83845,BA_RIGHT_CLICK,4,NONE
0,83880,BA_RIGHT_CLICK,4,NONE
0,83912,BA_RIGHT_CLICK,4,NONE
0,83947,BA_RIGHT_CLICK,4,RIGHT_PRESS
0,83979,BA_RIGHT_CLICK,4,RIGHT_PRESS
0,84014,BA_RIGHT_CLICK,4,RIGHT_PRESS
0,84047,BA_RIGHT_CLICK,4,RIGHT_PRESS
0,84080,BA_RIGHT_CLICK,4,RIGHT_PRESS
0,84114,BA_RIGHT_CLICK,4,RIGHT_PRESS
0,84147,BA_RIGHT_CLICK,4,RIGHT_PRESS
0,84180,BA_RIGHT_CLICK,4,RIGHT_PRESS
0,84214,BA_RIGHT_CLICK,4,RIGHT_PRESS
0,84245,BA_RIGHT_CLICK,4,RIGHT_PRESS
0,84280,BA_RIGHT_CLICK,4,RIGHT_RELEASE
0,84313,BA_RIGHT_CLICK,4,RIGHT_RELEASE
0,84346,BA_RIGHT_CLICK,4,RIGHT_RELEASE
0,84380,BA_RIGHT_CLICK,4,RIGHT_RELEASE
0,84413,BA_RIGHT_CLICK,4,RIGHT_RELEASE
0,84446,BA_RIGHT_CLICK,4,RIGHT_RELEASE
0,84480,BA_RIGHT_CLICK,4,RIGHT_RELEASE
0,84514,BA_RIGHT_CLICK,4,RIGHT_RELEASE
0,84547,BA_RIGHT_CLICK,4,RIGHT_RELEASE
0,84579,BA_RIGHT_CLICK,4,RIGHT_RELEASE
0,84614,BA_RIGHT_CLICK,4,RIGHT_RELEASE
0,84647,BA_RIGHT_CLICK,4,RIGHT_RELEASE
0,84680,BA_RIGHT_CLICK,4,RIGHT_RELEASE
0,84713,BA_RIGHT_CLICK,4,RIGHT_RELEASE
0,84746,BA_RIGHT_CLICK,4,RIGHT_RELEASE
0,84780,BA_RIGHT_CLICK,4,RIGHT_RELEASE
0,84812,BA_RIGHT_CLICK,4,NONE
0,84847,BA_RIGHT_CLICK,4,NONE
0,84879,BA_RIGHT_CLICK,4,NONE
0,84911,BA_RIGHT_CLICK,4,NONE
0,84945,BA_RIGHT_CLICK,4,NONE
0,86643,BA_RIGHT_CLICK,5,
0,86677,BA_RIGHT_CLICK,5,
0,86711,BA_RIGHT_CLICK,5,
0,86745,BA_RIGHT_CLICK,5,
0,86778,BA_RIGHT_CLICK,5,NONE
0,86812,BA_RIGHT_CLICK,5,NONE
0,86847,BA_RIGHT_CLICK,5,NONE
0,86880,BA_RIGHT_CLICK,5,NONE
0,86913,BA_RIGHT_CLICK,5,NONE
0,86947,BA_RIGHT_CLICK,5,NONE
0,86979,BA_RIGHT_CLICK,5,NONE
0,87012,BA_RIGHT_CLICK,5,NONE
0,87045,BA_RIGHT_CLICK,5,NONE
0,87078,BA_RIGHT_CLICK,5,NONE
0,87112,BA_RIGHT_CLICK,5,NONE
0,87145,BA_RIGHT_CLICK,5,NONE
0,87179,BA_RIGHT_CLICK,5,NONE
0,87213,BA_RIGHT_CLICK,5,NONE
0,87247,BA_RIGHT_CLICK,5,NONE
0,87279,BA_RIGHT_CLICK,5,NONE
0,87313,BA_RIGHT_CLICK,5,NONE
0,87347,BA_RIGHT_CLICK,5,NONE
0,87380,BA_RIGHT_CLICK,5,NONE
0,87410,BA_RIGHT_CLICK,5,NONE
0,87445,BA_RIGHT_CLICK,5,NONE
0,87477,BA_RIGHT_CLICK,5,NONE
0,87512,BA_RIGHT_CLICK,5,NONE
0,87546,BA_RIGHT_CLICK,5,NONE
0,87579,BA_RIGHT_CLICK,5,NONE
0,87613,BA_RIGHT_CLICK,5,NONE
0,87646,BA_RIGHT_CLICK,5,NONE
0,87678,BA_RIGHT_CLICK,5,NONE
0,87712,BA_RIGHT_CLICK,5,NONE
0,87745,BA_RIGHT_CLICK,5,NONE
0,87779,BA_RIGHT_CLICK,5,NONE
0,87812,BA_RIGHT_CLICK,5,NONE
0,87846,BA_RIGHT_CLICK,5,NONE
0,87880,BA_RIGHT_CLICK,5,NONE
0,87913,BA_RIGHT_CLICK,5,RIGHT_PRESS
0,87945,BA_RIGHT_CLICK,5,RIGHT_PRESS
0,87978,BA_RIGHT_CLICK,5,RIGHT_PRESS
0,88012,BA_RIGHT_CLICK,5,RIGHT_PRESS
0,88046,BA_RIGHT_CLICK,5,RIGHT_PRESS
0,88079,BA_RIGHT_CLICK,5,RIGHT_PRESS
0,88113,BA_RIGHT_CLICK,5,RIGHT_PRESS
0,88147,BA_RIGHT_CLICK,5,RIGHT_PRESS
0,88180,BA_RIGHT_CLICK,5,RIGHT_PRESS
0,88212,BA_RIGHT_CLICK,5,RIGHT_PRESS
0,88245,BA_RIGHT_CLICK,5,RIGHT_RELEASE
0,88279,BA_RIGHT_CLICK,5,RIGHT_RELEASE
0,88312,BA_RIGHT_CLICK,5,RIGHT_RELEASE
0,88346,BA_RIGHT_CLICK,5,RIGHT_RELEASE
0,88380,BA_RIGHT_CLICK,5,RIGHT_RELEASE
0,88414,BA_RIGHT_CLICK,5,RIGHT_RELEASE
0,88447,BA_RIGHT_CLICK,5,RIGHT_RELEASE
0,88480,BA_RIGHT_CLICK,5,RIGHT_RELEASE
0,88510,BA_RIGHT_CLICK,5,RIGHT_RELEASE
0,88545,BA_RIGHT_CLICK,5,RIGHT_RELEASE
0,88579,BA_RIGHT_CLICK,5,RIGHT_RELEASE
0,88612,BA_RIGHT_CLICK,5,RIGHT_RELEASE
0,88647,BA_RIGHT_CLICK,5,RIGHT_RELEASE
0,88680,BA_RIGHT_CLICK,5,RIGHT_RELEASE
0,88709,BA_RIGHT_CLICK,5,RIGHT_RELEASE
0,88746,BA_RIGHT_CLICK,5,RIGHT_RELEASE
0,88778,BA_RIGHT_CLICK,5,RIGHT_RELEASE
0,88812,BA_RIGHT_CLICK,5,RIGHT_RELEASE
0,88846,BA_RIGHT_CLICK,5,RIGHT_RELEASE
0,90479,BA_RIGHT_CLICK,6,
0,90513,BA_RIGHT_CLICK,6,
0,90545,BA_RIGHT_CLICK,6,
0,90578,BA_RIGHT_CLICK,6,
0,90612,BA_RIGHT_CLICK,6,RIGHT_RELEASE
0,90646,BA_RIGHT_CLICK,6,RIGHT_RELEASE
0,90680,BA_RIGHT_CLICK,6,RIGHT_RELEASE
0,90714,BA_RIGHT_CLICK,6,RIGHT_RELEASE
0,90747,BA_RIGHT_CLICK,6,RIGHT_RELEASE
0,90780,BA_RIGHT_CLICK,6,RIGHT_RELEASE
0,90812,BA_RIGHT_CLICK,6,RIGHT_RELEASE
0,90846,BA_RIGHT_CLICK,6,RIGHT_RELEASE
0,90879,BA_RIGHT_CLICK,6,RIGHT_RELEASE
0,90912,BA_RIGHT_CLICK,6,RIGHT_RELEASE
0,90946,BA_RIGHT_CLICK,6,RIGHT_RELEASE
0,90980,BA_RIGHT_CLICK,6,NONE
0,91014,BA_RIGHT_CLICK,6,NONE
0,91047,BA_RIGHT_CLICK,6,RIGHT_RELEASE
0,91079,BA_RIGHT_CLICK,6,RIGHT_RELEASE
0,91112,BA_RIGHT_CLICK,6,RIGHT_RELEASE
0,91145,BA_RIGHT_CLICK,6,RIGHT_RELEASE
0,91179,BA_RIGHT_CLICK,6,RIGHT_RELEASE
0,91213,BA_RIGHT_CLICK,6,RIGHT_RELEASE
0,91247,BA_RIGHT_CLICK,6,RIGHT_RELEASE
0,91279,BA_RIGHT_CLICK,6,RIGHT_RELEASE
0,91313,BA_RIGHT_CLICK,6,RIGHT_RELEASE
0,91345,BA_RIGHT_CLICK,6,RIGHT_RELEASE
0,91378,BA_RIGHT_CLICK,6,RIGHT_RELEASE
0,91412,BA_RIGHT_CLICK,6,RIGHT_RELEASE
0,91446,BA_RIGHT_CLICK,6,RIGHT_RELEASE
0,91480,BA_RIGHT_CLICK,6,RIGHT_RELEASE
0,91514,BA_RIGHT_CLICK,6,RIGHT_RELEASE
0,91547,BA_RIGHT_CLICK,6,RIGHT_RELEASE
0,91580,BA_RIGHT_CLICK,6,RIGHT_RELEASE
0,91612,BA_RIGHT_CLICK,6,RIGHT_RELEASE
0,91645,BA_RIGHT_CLICK,6,RIGHT_RELEASE
0,91679,BA_RIGHT_CLICK,6,RIGHT_RELEASE
0,91713,BA_RIGHT_CLICK,6,RIGHT_RELEASE
0,91747,BA_RIGHT_CLICK,6,RIGHT_RELEASE
0,91780,BA_RIGHT_CLICK,6,RIGHT_PRESS
0,91813,BA_RIGHT_CLICK,6,RIGHT_PRESS
0,91847,BA_RIGHT_CLICK,6,RIGHT_PRESS
0,91880,BA_RIGHT_CLICK,6,RIGHT_PRESS
0,91912,BA_RIGHT_CLICK,6,RIGHT_PRESS
0,91945,BA_RIGHT_CLICK,6,RIGHT_PRESS
0,91980,BA_RIGHT_CLICK,6,RIGHT_PRESS
0,92013,BA_RIGHT_CLICK,6,RIGHT_PRESS
0,92047,BA_RIGHT_CLICK,6,RIGHT_PRESS
0,92080,BA_RIGHT_CLICK,6,RIGHT_RELEASE
0,92113,BA_RIGHT_CLICK,6,RIGHT_RELEASE
0,92142,BA_RIGHT_CLICK,6,RIGHT_RELEASE
0,92175,BA_RIGHT_CLICK,6,RIGHT_RELEASE
0,92208,BA_RIGHT_CLICK,6,RIGHT_RELEASE
0,92242,BA_RIGHT_CLICK,6,RIGHT_RELEASE
0,92275,BA_RIGHT_CLICK,6,RIGHT_RELEASE
0,92309,BA_RIGHT_CLICK,6,RIGHT_RELEASE
0,92348,BA_RIGHT_CLICK,6,RIGHT_RELEASE
0,92379,BA_RIGHT_CLICK,6,RIGHT_RELEASE
0,92412,BA_RIGHT_CLICK,6,RIGHT_RELEASE
0,92445,BA_RIGHT_CLICK,6,RIGHT_RELEASE
0,92479,BA_RIGHT_CLICK,6,RIGHT_RELEASE
0,92512,BA_RIGHT_CLICK,6,RIGHT_RELEASE
0,92546,BA_RIGHT_CLICK,6,RIGHT_RELEASE
0,92578,BA_RIGHT_CLICK,6,RIGHT_RELEASE
0,92609,BA_RIGHT_CLICK,6,RIGHT_RELEASE
0,92643,BA_RIGHT_CLICK,6,RIGHT_RELEASE
0,92677,BA_RIGHT_CLICK,6,RIGHT_RELEASE
0,92708,BA_RIGHT_CLICK,6,RIGHT_RELEASE
0,92742,BA_RIGHT_CLICK,6,RIGHT_RELEASE
0,92775,BA_RIGHT_CLICK,6,RIGHT_RELEASE
0,92808,BA_RIGHT_CLICK,6,NONE
0,92842,BA_RIGHT_CLICK,6,NONE
0,92879,BA_RIGHT_CLICK,6,NONE
0,92909,BA_RIGHT_CLICK,6,NONE
0,92942,BA_RIGHT_CLICK,6,NONE
0,94512,BA_RIGHT_CLICK,7,
0,94547,BA_RIGHT_CLICK,7,
0,94579,BA_RIGHT_CLICK,7,
0,94612,BA_RIGHT_CLICK,7,
0,94646,BA_RIGHT_CLICK,7,NONE
0,94680,BA_RIGHT_CLICK,7,NONE
0,94713,BA_RIGHT_CLICK,7,NONE
0,94747,BA_RIGHT_CLICK,7,NONE
0,94779,BA_RIGHT_CLICK,7,NONE
0,94813,BA_RIGHT_CLICK,7,NONE
0,94845,BA_RIGHT_CLICK,7,NONE
0,94879,BA_RIGHT_CLICK,7,NONE
0,94912,BA_RIGHT_CLICK,7,NONE
0,94946,BA_RIGHT_CLICK,7,RIGHT_RELEASE
0,94979,BA_RIGHT_CLICK,7,RIGHT_RELEASE
0,95012,BA_RIGHT_CLICK,7,RIGHT_RELEASE
0,95046,BA_RIGHT_CLICK,7,RIGHT_RELEASE
0,95080,BA_RIGHT_CLICK,7,RIGHT_RELEASE
0,95112,BA_RIGHT_CLICK,7,RIGHT_RELEASE
0,95145,BA_RIGHT_CLICK,7,NONE
0,95179,BA_RIGHT_CLICK,7,NONE
0,95213,BA_RIGHT_CLICK,7,NONE
0,95246,BA_RIGHT_CLICK,7,NONE
0,95281,BA_RIGHT_CLICK,7,NONE
0,95312,BA_RIGHT_CLICK,7,NONE
0,95345,BA_RIGHT_CLICK,7,NONE
0,95379,BA_RIGHT_CLICK,7,NONE
0,95412,BA_RIGHT_CLICK,7,NONE
0,95446,BA_RIGHT_CLICK,7,NONE
0,95479,BA_RIGHT_CLICK,7,NONE
0,95511,BA_RIGHT_CLICK,7,NONE
0,95544,BA_RIGHT_CLICK,7,RIGHT_PRESS
0,95576,BA_RIGHT_CLICK,7,RIGHT_PRESS
0,95610,BA_RIGHT_CLICK,7,RIGHT_PRESS
0,95647,BA_RIGHT_CLICK,7,RIGHT_PRESS
0,95678,BA_RIGHT_CLICK,7,RIGHT_PRESS
0,95713,BA_RIGHT_CLICK,7,RIGHT_PRESS
0,95746,BA_RIGHT_CLICK,7,RIGHT_PRESS
0,95778,BA_RIGHT_CLICK,7,RIGHT_PRESS
0,95813,BA_RIGHT_CLICK,7,RIGHT_PRESS
0,95847,BA_RIGHT_CLICK,7,RIGHT_PRESS
0,95878,BA_RIGHT_CLICK,7,RIGHT_RELEASE
0,95915,BA_RIGHT_CLICK,7,RIGHT_RELEASE
0,95945,BA_RIGHT_CLICK,7,RIGHT_RELEASE
0,95979,BA_RIGHT_CLICK,7,RIGHT_RELEASE
0,96013,BA_RIGHT_CLICK,7,RIGHT_RELEASE
0,96046,BA_RIGHT_CLICK,7,RIGHT_RELEASE
0,96079,BA_RIGHT_CLICK,7,RIGHT_RELEASE
0,96113,BA_RIGHT_CLICK,7,RIGHT_RELEASE
0,96147,BA_RIGHT_CLICK,7,RIGHT_RELEASE
0,96180,BA_RIGHT_CLICK,7,RIGHT_RELEASE
0,96214,BA_RIGHT_CLICK,7,RIGHT_RELEASE
0,96245,BA_RIGHT_CLICK,7,RIGHT_RELEASE
0,96280,BA_RIGHT_CLICK,7,RIGHT_RELEASE
0,96312,BA_RIGHT_CLICK,7,NONE
0,96347,BA_RIGHT_CLICK,7,NONE
0,96380,BA_RIGHT_CLICK,7,NONE
0,96412,BA_RIGHT_CLICK,7,NONE
0,96445,BA_RIGHT_CLICK,7,NONE
0,96481,BA_RIGHT_CLICK,7,NONE
0,96512,BA_RIGHT_CLICK,7,NONE
0,96545,BA_RIGHT_CLICK,7,NONE
0,96579,BA_RIGHT_CLICK,7,NONE
0,96612,BA_RIGHT_CLICK,7,NONE
0,96647,BA_RIGHT_CLICK,7,NONE
0,98311,BA_RIGHT_CLICK,8,
0,98346,BA_RIGHT_CLICK,8,
0,98379,BA_RIGHT_CLICK,8,
0,98413,BA_RIGHT_CLICK,8,
0,98445,BA_RIGHT_CLICK,8,NONE
0,98482,BA_RIGHT_CLICK,8,NONE
0,98514,BA_RIGHT_CLICK,8,NONE
0,98545,BA_RIGHT_CLICK,8,NONE
0,98578,BA_RIGHT_CLICK,8,NONE
0,98612,BA_RIGHT_CLICK,8,NONE
0,98647,BA_RIGHT_CLICK,8,NONE
0,98680,BA_RIGHT_CLICK,8,NONE
0,98709,BA_RIGHT_CLICK,8,NONE
0,98747,BA_RIGHT_CLICK,8,NONE
0,98781,BA_RIGHT_CLICK,8,NONE
0,98813,BA_RIGHT_CLICK,8,NONE
0,98845,BA_RIGHT_CLICK,8,NONE
0,98878,BA_RIGHT_CLICK,8,NONE
0,98912,BA_RIGHT_CLICK,8,NONE
0,98947,BA_RIGHT_CLICK,8,NONE
0,98981,BA_RIGHT_CLICK,8,NONE
0,99014,BA_RIGHT_CLICK,8,NONE
0,99047,BA_RIGHT_CLICK,8,NONE
0,99080,BA_RIGHT_CLICK,8,NONE
0,99113,BA_RIGHT_CLICK,8,NONE
0,99145,BA_RIGHT_CLICK,8,NONE
0,99178,BA_RIGHT_CLICK,8,NONE
0,99212,BA_RIGHT_CLICK,8,NONE
0,99246,BA_RIGHT_CLICK,8,NONE
0,99281,BA_RIGHT_CLICK,8,NONE
0,99314,BA_RIGHT_CLICK,8,NONE
0,99347,BA_RIGHT_CLICK,8,NONE
0,99381,BA_RIGHT_CLICK,8,NONE
0,99414,BA_RIGHT_CLICK,8,NONE
0,99445,BA_RIGHT_CLICK,8,NONE
0,99480,BA_RIGHT_CLICK,8,NONE
0,99513,BA_RIGHT_CLICK,8,NONE
0,99546,BA_RIGHT_CLICK,8,NONE
0,99579,BA_RIGHT_CLICK,8,NONE
0,99614,BA_RIGHT_CLICK,8,NONE
0,99647,BA_RIGHT_CLICK,8,NONE
0,99681,BA_RIGHT_CLICK,8,RIGHT_PRESS
0,99714,BA_RIGHT_CLICK,8,RIGHT_PRESS
0,99745,BA_RIGHT_CLICK,8,RIGHT_PRESS
0,99780,BA_RIGHT_CLICK,8,RIGHT_PRESS
0,99813,BA_RIGHT_CLICK,8,RIGHT_PRESS
0,99846,BA_RIGHT_CLICK,8,RIGHT_PRESS
0,99880,BA_RIGHT_CLICK,8,RIGHT_PRESS
0,99914,BA_RIGHT_CLICK,8,RIGHT_PRESS
0,99947,BA_RIGHT_CLICK,8,RIGHT_PRESS
0,99981,BA_RIGHT_CLICK,8,RIGHT_RELEASE
0,100016,BA_RIGHT_CLICK,8,RIGHT_RELEASE
0,100047,BA_RIGHT_CLICK,8,RIGHT_RELEASE
0,100079,BA_RIGHT_CLICK,8,RIGHT_RELEASE
0,100114,BA_RIGHT_CLICK,8,RIGHT_RELEASE
0,100147,BA_RIGHT_CLICK,8,RIGHT_RELEASE
0,100180,BA_RIGHT_CLICK,8,RIGHT_RELEASE
0,100214,BA_RIGHT_CLICK,8,RIGHT_RELEASE
0,100248,BA_RIGHT_CLICK,8,RIGHT_RELEASE
0,100280,BA_RIGHT_CLICK,8,RIGHT_RELEASE
0,100316,BA_RIGHT_CLICK,8,RIGHT_RELEASE
0,100346,BA_RIGHT_CLICK,8,RIGHT_RELEASE
0,100379,BA_RIGHT_CLICK,8,RIGHT_RELEASE
0,100414,BA_RIGHT_CLICK,8,RIGHT_RELEASE
0,100447,BA_RIGHT_CLICK,8,RIGHT_RELEASE
0,100479,BA_RIGHT_CLICK,8,RIGHT_RELEASE
0,100514,BA_RIGHT_CLICK,8,RIGHT_RELEASE
0,100547,BA_RIGHT_CLICK,8,RIGHT_RELEASE
0,100581,BA_RIGHT_CLICK,8,RIGHT_RELEASE
0,100614,BA_RIGHT_CLICK,8,RIGHT_RELEASE
0,100648,BA_RIGHT_CLICK,8,RIGHT_RELEASE
0,100679,BA_RIGHT_CLICK,8,NONE
0,100714,BA_RIGHT_CLICK,8,NONE
0,100746,BA_RIGHT_CLICK,8,NONE
0,100779,BA_RIGHT_CLICK,8,NONE
0,100813,BA_RIGHT_CLICK,8,NONE
0,100847,BA_RIGHT_CLICK,8,NONE
0,100881,BA_RIGHT_CLICK,8,NONE
0,100914,BA_RIGHT_CLICK,8,NONE
0,100948,BA_RIGHT_CLICK,8,NONE
0,100981,BA_RIGHT_CLICK,8,NONE
0,101013,BA_RIGHT_CLICK,8,NONE
0,101049,BA_RIGHT_CLICK,8,NONE
0,102445,BA_RIGHT_CLICK,9,
0,102479,BA_RIGHT_CLICK,9,
0,102512,BA_RIGHT_CLICK,9,
0,102546,BA_RIGHT_CLICK,9,
0,102580,BA_RIGHT_CLICK,9,NONE
0,102614,BA_RIGHT_CLICK,9,NONE
0,102648,BA_RIGHT_CLICK,9,NONE
0,102681,BA_RIGHT_CLICK,9,NONE
0,102715,BA_RIGHT_CLICK,9,NONE
0,102745,BA_RIGHT_CLICK,9,NONE
0,102781,BA_RIGHT_CLICK,9,NONE
0,102813,BA_RIGHT_CLICK,9,RIGHT_RELEASE
0,102847,BA_RIGHT_CLICK,9,RIGHT_RELEASE
0,102880,BA_RIGHT_CLICK,9,RIGHT_RELEASE
0,102914,BA_RIGHT_CLICK,9,RIGHT_RELEASE
0,102947,BA_RIGHT_CLICK,9,RIGHT_RELEASE
0,102980,BA_RIGHT_CLICK,9,RIGHT_RELEASE
0,103015,BA_RIGHT_CLICK,9,RIGHT_RELEASE
0,103047,BA_RIGHT_CLICK,9,RIGHT_RELEASE
0,103081,BA_RIGHT_CLICK,9,RIGHT_RELEASE
0,103114,BA_RIGHT_CLICK,9,RIGHT_RELEASE
0,103147,BA_RIGHT_CLICK,9,NONE
0,103181,BA_RIGHT_CLICK,9,NONE
0,103213,BA_RIGHT_CLICK,9,NONE
0,103247,BA_RIGHT_CLICK,9,NONE
0,103281,BA_RIGHT_CLICK,9,NONE
0,103313,BA_RIGHT_CLICK,9,NONE
0,103347,BA_RIGHT_CLICK,9,NONE
0,103380,BA_RIGHT_CLICK,9,NONE
0,103413,BA_RIGHT_CLICK,9,NONE
0,103448,BA_RIGHT_CLICK,9,NONE
0,103481,BA_RIGHT_CLICK,9,NONE
0,103514,BA_RIGHT_CLICK,9,NONE
0,103547,BA_RIGHT_CLICK,9,NONE
0,103581,BA_RIGHT_CLICK,9,NONE
0,103614,BA_RIGHT_CLICK,9,NONE
0,103648,BA_RIGHT_CLICK,9,NONE
0,103680,BA_RIGHT_CLICK,9,NONE
0,103710,BA_RIGHT_CLICK,9,NONE
0,103747,BA_RIGHT_CLICK,9,NONE
0,103779,BA_RIGHT_CLICK,9,NONE
0,103814,BA_RIGHT_CLICK,9,NONE
0,103846,BA_RIGHT_CLICK,9,NONE
0,103881,BA_RIGHT_CLICK,9,NONE
0,103914,BA_RIGHT_CLICK,9,NONE
0,103947,BA_RIGHT_CLICK,9,NONE
0,103980,BA_RIGHT_CLICK,9,NONE
0,104014,BA_RIGHT_CLICK,9,NONE
0,104047,BA_RIGHT_CLICK,9,NONE
0,104081,BA_RIGHT_CLICK,9,NONE
0,104114,BA_RIGHT_CLICK,9,NONE
0,104148,BA_RIGHT_CLICK,9,NONE
0,104182,BA_RIGHT_CLICK,9,NONE
0,104213,BA_RIGHT_CLICK,9,NONE
0,104247,BA_RIGHT_CLICK,9,NONE
0,104281,BA_RIGHT_CLICK,9,NONE
0,104314,BA_RIGHT_CLICK,9,NONE
0,104346,BA_RIGHT_CLICK,9,NONE
0,104381,BA_RIGHT_CLICK,9,NONE
0,104414,BA_RIGHT_CLICK,9,NONE
0,104447,BA_RIGHT_CLICK,9,NONE
0,104480,BA_RIGHT_CLICK,9,NONE
0,104514,BA_RIGHT_CLICK,9,NONE
0,104547,BA_RIGHT_CLICK,9,NONE
0,104580,BA_RIGHT_CLICK,9,NONE
0,104614,BA_RIGHT_CLICK,9,NONE
0,104647,BA_RIGHT_CLICK,9,NONE
0,104681,BA_RIGHT_CLICK,9,NONE
0,104714,BA_RIGHT_CLICK,9,NONE
0,104748,BA_RIGHT_CLICK,9,NONE
0,104781,BA_RIGHT_CLICK,9,NONE
0,104814,BA_RIGHT_CLICK,9,NONE
0,104848,BA_RIGHT_CLICK,9,NONE
0,104881,BA_RIGHT_CLICK,9,NONE
0,104915,BA_RIGHT_CLICK,9,NONE
0,104949,BA_RIGHT_CLICK,9,NONE
0,104982,BA_RIGHT_CLICK,9,NONE
0,105014,BA_RIGHT_CLICK,9,NONE
0,105049,BA_RIGHT_CLICK,9,NONE
0,105083,BA_RIGHT_CLICK,9,NONE
0,105114,BA_RIGHT_CLICK,9,NONE
0,105148,BA_RIGHT_CLICK,9,NONE
0,105181,BA_RIGHT_CLICK,9,RIGHT_PRESS
0,105215,BA_RIGHT_CLICK,9,RIGHT_PRESS
0,105248,BA_RIGHT_CLICK,9,RIGHT_PRESS
0,105282,BA_RIGHT_CLICK,9,RIGHT_PRESS
0,105315,BA_RIGHT_CLICK,9,RIGHT_PRESS
0,105348,BA_RIGHT_CLICK,9,RIGHT_PRESS
0,105381,BA_RIGHT_CLICK,9,RIGHT_PRESS
0,105414,BA_RIGHT_CLICK,9,RIGHT_PRESS
0,105449,BA_RIGHT_CLICK,9,RIGHT_PRESS
0,105481,BA_RIGHT_CLICK,9,RIGHT_RELEASE
0,105514,BA_RIGHT_CLICK,9,RIGHT_RELEASE
0,105548,BA_RIGHT_CLICK,9,RIGHT_RELEASE
0,105581,BA_RIGHT_CLICK,9,RIGHT_RELEASE
0,105616,BA_RIGHT_CLICK,9,RIGHT_RELEASE
0,105647,BA_RIGHT_CLICK,9,RIGHT_RELEASE
0,105683,BA_RIGHT_CLICK,9,RIGHT_RELEASE
0,105714,BA_RIGHT_CLICK,9,RIGHT_RELEASE
0,105750,BA_RIGHT_CLICK,9,RIGHT_RELEASE
0,105782,BA_RIGHT_CLICK,9,RIGHT_RELEASE
0,105815,BA_RIGHT_CLICK,9,RIGHT_RELEASE
0,105847,BA_RIGHT_CLICK,9,RIGHT_RELEASE
0,105880,BA_RIGHT_CLICK,9,RIGHT_RELEASE
0,105913,BA_RIGHT_CLICK,9,RIGHT_RELEASE
0,105946,BA_RIGHT_CLICK,9,RIGHT_RELEASE
0,105980,BA_RIGHT_CLICK,9,RIGHT_RELEASE
0,106014,BA_RIGHT_CLICK,9,RIGHT_RELEASE
0,106047,BA_RIGHT_CLICK,9,RIGHT_RELEASE
0,109118,BA_SCROLL,0,
0,109149,BA_SCROLL,0,
0,109181,BA_SCROLL,0,
0,109215,BA_SCROLL,0,
0,109248,BA_SCROLL,0,NONE
0,109281,BA_SCROLL,0,NONE
0,109316,BA_SCROLL,0,NONE
0,109349,BA_SCROLL,0,NONE
0,109384,BA_SCROLL,0,NONE
0,109415,BA_SCROLL,0,NONE
0,109449,BA_SCROLL,0,NONE
0,109482,BA_SCROLL,0,NONE
0,109514,BA_SCROLL,0,NONE
0,109550,BA_SCROLL,0,NONE
0,109582,BA_SCROLL,0,SCROLL_DOWN
0,109616,BA_SCROLL,0,SCROLL_DOWN
0,109649,BA_SCROLL,0,SCROLL_DOWN
0,109682,BA_SCROLL,0,SCROLL_DOWN
0,109714,BA_SCROLL,0,SCROLL_DOWN
0,109750,BA_SCROLL,0,SCROLL_DOWN
0,109784,BA_SCROLL,0,SCROLL_DOWN
0,109815,BA_SCROLL,0,SCROLL_DOWN
0,109850,BA_SCROLL,0,SCROLL_DOWN
0,109882,BA_SCROLL,0,SCROLL_DOWN
0,109916,BA_SCROLL,0,SCROLL_DOWN
0,109949,BA_SCROLL,0,SCROLL_DOWN
0,109982,BA_SCROLL,0,NONE
0,110015,BA_SCROLL,0,NONE
0,110049,BA_SCROLL,0,SCROLL_UP
0,110082,BA_SCROLL,0,SCROLL_UP
0,110115,BA_SCROLL,0,SCROLL_UP
0,110151,BA_SCROLL,0,SCROLL_UP
0,110182,BA_SCROLL,0,SCROLL_UP
0,110215,BA_SCROLL,0,SCROLL_UP
0,110249,BA_SCROLL,0,SCROLL_UP
0,110282,BA_SCROLL,0,SCROLL_UP
0,110315,BA_SCROLL,0,SCROLL_UP
0,110350,BA_SCROLL,0,SCROLL_UP
0,110383,BA_SCROLL,0,SCROLL_UP
0,110416,BA_SCROLL,0,SCROLL_UP
0,110451,BA_SCROLL,0,NONE
0,110481,BA_SCROLL,0,SCROLL_DOWN
0,110515,BA_SCROLL,0,SCROLL_DOWN
0,110549,BA_SCROLL,0,SCROLL_DOWN
0,110584,BA_SCROLL,0,SCROLL_DOWN
0,110615,BA_SCROLL,0,SCROLL_DOWN
0,110649,BA_SCROLL,0,SCROLL_DOWN
0,110682,BA_SCROLL,0,SCROLL_DOWN
0,110718,BA_SCROLL,0,SCROLL_DOWN
0,110748,BA_SCROLL,0,SCROLL_DOWN
0,110783,BA_SCROLL,0,SCROLL_DOWN
0,110815,BA_SCROLL,0,SCROLL_DOWN
0,110849,BA_SCROLL,0,SCROLL_DOWN
0,110882,BA_SCROLL,0,NONE
0,110917,BA_SCROLL,0,SCROLL_UP
0,110949,BA_SCROLL,0,SCROLL_UP
0,110984,BA_SCROLL,0,SCROLL_UP
0,111014,BA_SCROLL,0,SCROLL_UP
0,111051,BA_SCROLL,0,SCROLL_UP
0,111081,BA_SCROLL,0,SCROLL_UP
0,111116,BA_SCROLL,0,SCROLL_UP
0,111149,BA_SCROLL,0,SCROLL_UP
0,111185,BA_SCROLL,0,SCROLL_UP
0,111215,BA_SCROLL,0,SCROLL_UP
0,111251,BA_SCROLL,0,SCROLL_UP
0,111281,BA_SCROLL,0,NONE
0,111316,BA_SCROLL,0,SCROLL_DOWN
0,111349,BA_SCROLL,0,SCROLL_DOWN
0,111383,BA_SCROLL,0,SCROLL_DOWN
0,111415,BA_SCROLL,0,SCROLL_DOWN
0,111450,BA_SCROLL,0,SCROLL_DOWN
0,111484,BA_SCROLL,0,SCROLL_DOWN
0,111514,BA_SCROLL,0,SCROLL_DOWN
0,111552,BA_SCROLL,0,SCROLL_DOWN
0,111581,BA_SCROLL,0,SCROLL_DOWN
0,111617,BA_SCROLL,0,SCROLL_DOWN
0,111651,BA_SCROLL,0,SCROLL_DOWN
0,111681,BA_SCROLL,0,SCROLL_DOWN
0,111715,BA_SCROLL,0,SCROLL_DOWN
0,111749,BA_SCROLL,0,SCROLL_DOWN
0,111782,BA_SCROLL,0,SCROLL_DOWN
0,111816,BA_SCROLL,0,SCROLL_DOWN
0,111849,BA_SCROLL,0,SCROLL_UP
0,111882,BA_SCROLL,0,SCROLL_UP
0,111916,BA_SCROLL,0,SCROLL_UP
0,111949,BA_SCROLL,0,SCROLL_UP
0,111983,BA_SCROLL,0,SCROLL_UP
0,112016,BA_SCROLL,0,SCROLL_UP
0,112049,BA_SCROLL,0,SCROLL_UP
0,112085,BA_SCROLL,0,SCROLL_UP
0,112115,BA_SCROLL,0,SCROLL_UP
0,112149,BA_SCROLL,0,SCROLL_UP
0,112183,BA_SCROLL,0,SCROLL_UP
0,112218,BA_SCROLL,0,NONE
0,112248,BA_SCROLL,0,SCROLL_DOWN
0,112283,BA_SCROLL,0,SCROLL_DOWN
0,112315,BA_SCROLL,0,SCROLL_DOWN
0,112348,BA_SCROLL,0,SCROLL_DOWN
0,112380,BA_SCROLL,0,SCROLL_DOWN
0,112413,BA_SCROLL,0,SCROLL_DOWN
0,112447,BA_SCROLL,0,SCROLL_DOWN
0,112480,BA_SCROLL,0,SCROLL_DOWN
0,112511,BA_SCROLL,0,SCROLL_DOWN
0,112547,BA_SCROLL,0,SCROLL_DOWN
0,112580,BA_SCROLL,0,SCROLL_DOWN
0,112614,BA_SCROLL,0,SCROLL_DOWN
0,112647,BA_SCROLL,0,SCROLL_DOWN
0,112682,BA_SCROLL,0,NONE
0,112714,BA_SCROLL,0,SCROLL_UP
0,112747,BA_SCROLL,0,SCROLL_UP
0,112781,BA_SCROLL,0,SCROLL_UP
0,112815,BA_SCROLL,0,SCROLL_UP
0,112849,BA_SCROLL,0,SCROLL_UP
0,112883,BA_SCROLL,0,SCROLL_UP
0,112915,BA_SCROLL,0,SCROLL_UP
0,112949,BA_SCROLL,0,SCROLL_UP
0,112983,BA_SCROLL,0,SCROLL_UP
0,113016,BA_SCROLL,0,SCROLL_UP
0,113049,BA_SCROLL,0,SCROLL_UP
0,113083,BA_SCROLL,0,NONE
0,113116,BA_SCROLL,0,SCROLL_DOWN
0,113150,BA_SCROLL,0,SCROLL_DOWN
0,113183,BA_SCROLL,0,SCROLL_DOWN
0,113216,BA_SCROLL,0,SCROLL_DOWN
0,113249,BA_SCROLL,0,SCROLL_DOWN
0,113283,BA_SCROLL,0,SCROLL_DOWN
0,113316,BA_SCROLL,0,SCROLL_DOWN
0,113349,BA_SCROLL,0,SCROLL_DOWN
0,113382,BA_SCROLL,0,SCROLL_DOWN
0,113416,BA_SCROLL,0,SCROLL_DOWN
0,113450,BA_SCROLL,0,SCROLL_DOWN
0,113483,BA_SCROLL,0,SCROLL_DOWN
0,113515,BA_SCROLL,0,SCROLL_DOWN
0,113549,BA_SCROLL,0,NONE
0,113583,BA_SCROLL,0,SCROLL_UP
0,113616,BA_SCROLL,0,SCROLL_UP
0,113649,BA_SCROLL,0,SCROLL_UP
0,113683,BA_SCROLL,0,SCROLL_UP
0,113711,BA_SCROLL,0,SCROLL_UP
0,113749,BA_SCROLL,0,SCROLL_UP
0,113783,BA_SCROLL,0,SCROLL_UP
0,113816,BA_SCROLL,0,SCROLL_UP
0,113850,BA_SCROLL,0,SCROLL_UP
0,113883,BA_SCROLL,0,SCROLL_UP
0,113917,BA_SCROLL,0,SCROLL_UP
0,113949,BA_SCROLL,0,SCROLL_UP
0,113983,BA_SCROLL,0,SCROLL_UP
0,114017,BA_SCROLL,0,SCROLL_UP
0,114049,BA_SCROLL,0,NONE
0,114083,BA_SCROLL,0,NONE
0,114116,BA_SCROLL,0,SCROLL_DOWN
0,114150,BA_SCROLL,0,SCROLL_DOWN
0,114183,BA_SCROLL,0,SCROLL_DOWN
0,114217,BA_SCROLL,0,SCROLL_DOWN
0,114249,BA_SCROLL,0,SCROLL_DOWN
0,114282,BA_SCROLL,0,SCROLL_DOWN
0,114317,BA_SCROLL,0,SCROLL_DOWN
0,114349,BA_SCROLL,0,SCROLL_DOWN
0,114383,BA_SCROLL,0,SCROLL_DOWN
0,114416,BA_SCROLL,0,SCROLL_DOWN
0,114450,BA_SCROLL,0,SCROLL_DOWN
0,114483,BA_SCROLL,0,SCROLL_DOWN
0,114515,BA_SCROLL,0,SCROLL_DOWN
0,114545,BA_SCROLL,0,SCROLL_DOWN
0,114584,BA_SCROLL,0,SCROLL_DOWN
0,114615,BA_SCROLL,0,SCROLL_DOWN
0,114649,BA_SCROLL,0,SCROLL_DOWN
0,114683,BA_SCROLL,0,SCROLL_DOWN
0,114716,BA_SCROLL,0,SCROLL_DOWN
0,114749,BA_SCROLL,0,SCROLL_DOWN
0,114784,BA_SCROLL,0,SCROLL_DOWN
0,114816,BA_SCROLL,0,NONE
0,114850,BA_SCROLL,0,NONE
0,114884,BA_SCROLL,0,NONE
0,114917,BA_SCROLL,0,NONE
0,114951,BA_SCROLL,0,NONE
0,114984,BA_SCROLL,0,NONE
0,115018,BA_SCROLL,0,NONE
0,115052,BA_SCROLL,0,NONE
0,115084,BA_SCROLL,0,NONE
0,116448,BA_SCROLL,1,
0,116482,BA_SCROLL,1,
0,116516,BA_SCROLL,1,
0,116549,BA_SCROLL,1,
0,116582,BA_SCROLL,1,SCROLL_DOWN
0,116617,BA_SCROLL,1,SCROLL_DOWN
0,116649,BA_SCROLL,1,SCROLL_DOWN
0,116683,BA_SCROLL,1,SCROLL_DOWN
0,116716,BA_SCROLL,1,SCROLL_DOWN
0,116751,BA_SCROLL,1,SCROLL_DOWN
0,116783,BA_SCROLL,1,SCROLL_DOWN
0,116819,BA_SCROLL,1,SCROLL_DOWN
0,116850,BA_SCROLL,1,SCROLL_DOWN
0,116885,BA_SCROLL,1,SCROLL_DOWN
0,116915,BA_SCROLL,1,SCROLL_DOWN
0,116952,BA_SCROLL,1,SCROLL_DOWN
0,116981,BA_SCROLL,1,SCROLL_DOWN
0,117018,BA_SCROLL,1,SCROLL_DOWN
0,117049,BA_SCROLL,1,SCROLL_DOWN
0,117085,BA_SCROLL,1,NONE
0,117115,BA_SCROLL,1,NONE
0,117152,BA_SCROLL,1,SCROLL_UP
0,117181,BA_SCROLL,1,SCROLL_UP
0,117219,BA_SCROLL,1,SCROLL_UP
0,117248,BA_SCROLL,1,SCROLL_UP
0,117285,BA_SCROLL,1,SCROLL_UP
0,117315,BA_SCROLL,1,SCROLL_UP
0,117351,BA_SCROLL,1,SCROLL_UP
0,117381,BA_SCROLL,1,SCROLL_UP
0,117414,BA_SCROLL,1,SCROLL_UP
0,117448,BA_SCROLL,1,SCROLL_UP
0,117480,BA_SCROLL,1,SCROLL_UP
0,117514,BA_SCROLL,1,NONE
0,117547,BA_SCROLL,1,SCROLL_DOWN
0,117582,BA_SCROLL,1,SCROLL_DOWN
0,117615,BA_SCROLL,1,SCROLL_DOWN
0,117648,BA_SCROLL,1,SCROLL_DOWN
0,117682,BA_SCROLL,1,SCROLL_DOWN
0,117715,BA_SCROLL,1,SCROLL_DOWN
0,117749,BA_SCROLL,1,SCROLL_DOWN
0,117783,BA_SCROLL,1,SCROLL_DOWN
0,117816,BA_SCROLL,1,SCROLL_DOWN
0,117849,BA_SCROLL,1,SCROLL_DOWN
0,117883,BA_SCROLL,1,SCROLL_DOWN
0,117916,BA_SCROLL,1,SCROLL_DOWN
0,117950,BA_SCROLL,1,NONE
0,117983,BA_SCROLL,1,SCROLL_UP
0,118017,BA_SCROLL,1,SCROLL_UP
0,118050,BA_SCROLL,1,SCROLL_UP
0,118083,BA_SCROLL,1,SCROLL_UP
0,118117,BA_SCROLL,1,SCROLL_UP
0,118149,BA_SCROLL,1,SCROLL_UP
0,118183,BA_SCROLL,1,SCROLL_UP
0,118217,BA_SCROLL,1,SCROLL_UP
0,118250,BA_SCROLL,1,SCROLL_UP
0,118283,BA_SCROLL,1,SCROLL_UP
0,118316,BA_SCROLL,1,SCROLL_UP
0,118350,BA_SCROLL,1,NONE
0,118383,BA_SCROLL,1,SCROLL_DOWN
0,118416,BA_SCROLL,1,SCROLL_DOWN
0,118450,BA_SCROLL,1,SCROLL_DOWN
0,118483,BA_SCROLL,1,SCROLL_DOWN
0,118516,BA_SCROLL,1,SCROLL_DOWN
0,118550,BA_SCROLL,1,SCROLL_DOWN
0,118583,BA_SCROLL,1,SCROLL_DOWN
0,118616,BA_SCROLL,1,SCROLL_DOWN
0,118649,BA_SCROLL,1,SCROLL_DOWN
0,118683,BA_SCROLL,1,SCROLL_DOWN
0,118712,BA_SCROLL,1,SCROLL_DOWN
0,118751,BA_SCROLL,1,SCROLL_DOWN
0,118782,BA_SCROLL,1,SCROLL_DOWN
0,118816,BA_SCROLL,1,SCROLL_UP
0,118850,BA_SCROLL,1,SCROLL_UP
0,118883,BA_SCROLL,1,SCROLL_UP
0,118916,BA_SCROLL,1,SCROLL_UP
0,118950,BA_SCROLL,1,SCROLL_UP
0,118983,BA_SCROLL,1,SCROLL_UP
0,119017,BA_SCROLL,1,SCROLL_UP
0,119051,BA_SCROLL,1,SCROLL_UP
0,119084,BA_SCROLL,1,SCROLL_UP
0,119116,BA_SCROLL,1,SCROLL_UP
0,119152,BA_SCROLL,1,SCROLL_DOWN
0,119183,BA_SCROLL,1,SCROLL_DOWN
0,119219,BA_SCROLL,1,SCROLL_DOWN
0,119249,BA_SCROLL,1,SCROLL_DOWN
0,119283,BA_SCROLL,1,SCROLL_DOWN
0,119317,BA_SCROLL,1,SCROLL_DOWN
0,119349,BA_SCROLL,1,SCROLL_DOWN
0,119385,BA_SCROLL,1,SCROLL_DOWN
0,119415,BA_SCROLL,1,SCROLL_DOWN
0,119452,BA_SCROLL,1,SCROLL_DOWN
0,119483,BA_SCROLL,1,SCROLL_DOWN
0,119519,BA_SCROLL,1,SCROLL_DOWN
0,119548,BA_SCROLL,1,SCROLL_DOWN
0,119585,BA_SCROLL,1,NONE
0,119615,BA_SCROLL,1,SCROLL_UP
0,119652,BA_SCROLL,1,SCROLL_UP
0,119683,BA_SCROLL,1,SCROLL_UP
0,119720,BA_SCROLL,1,SCROLL_UP
0,119749,BA_SCROLL,1,SCROLL_UP
0,119783,BA_SCROLL,1,SCROLL_UP
0,119817,BA_SCROLL,1,SCROLL_UP
0,119850,BA_SCROLL,1,SCROLL_UP
0,119884,BA_SCROLL,1,SCROLL_UP
0,119916,BA_SCROLL,1,SCROLL_UP
0,119950,BA_SCROLL,1,NONE
0,119983,BA_SCROLL,1,SCROLL_DOWN
0,120017,BA_SCROLL,1,SCROLL_DOWN
0,120050,BA_SCROLL,1,SCROLL_DOWN
0,120083,BA_SCROLL,1,SCROLL_DOWN
0,120117,BA_SCROLL,1,SCROLL_DOWN
0,120150,BA_SCROLL,1,SCROLL_DOWN
0,120183,BA_SCROLL,1,SCROLL_DOWN
0,120217,BA_SCROLL,1,SCROLL_DOWN
0,120249,BA_SCROLL,1,SCROLL_DOWN
0,120283,BA_SCROLL,1,SCROLL_DOWN
0,120317,BA_SCROLL,1,SCROLL_DOWN
0,120350,BA_SCROLL,1,SCROLL_DOWN
0,120383,BA_SCROLL,1,SCROLL_DOWN
0,120417,BA_SCROLL,1,SCROLL_DOWN
0,120452,BA_SCROLL,1,NONE
0,120482,BA_SCROLL,1,SCROLL_UP
0,120517,BA_SCROLL,1,SCROLL_UP
0,120550,BA_SCROLL,1,SCROLL_UP
0,120583,BA_SCROLL,1,SCROLL_UP
0,120617,BA_SCROLL,1,SCROLL_UP
0,120650,BA_SCROLL,1,SCROLL_UP
0,120683,BA_SCROLL,1,SCROLL_UP
0,120718,BA_SCROLL,1,SCROLL_UP
0,120749,BA_SCROLL,1,SCROLL_UP
0,120783,BA_SCROLL,1,SCROLL_UP
0,120817,BA_SCROLL,1,SCROLL_UP
0,120850,BA_SCROLL,1,SCROLL_UP
0,120883,BA_SCROLL,1,NONE
0,120918,BA_SCROLL,1,NONE
0,120949,BA_SCROLL,1,SCROLL_DOWN
0,120984,BA_SCROLL,1,SCROLL_DOWN
0,121016,BA_SCROLL,1,SCROLL_DOWN
0,121050,BA_SCROLL,1,SCROLL_DOWN
0,121084,BA_SCROLL,1,SCROLL_DOWN
0,121117,BA_SCROLL,1,SCROLL_DOWN
0,121151,BA_SCROLL,1,SCROLL_DOWN
0,121183,BA_SCROLL,1,SCROLL_DOWN
0,121217,BA_SCROLL,1,SCROLL_DOWN
0,121249,BA_SCROLL,1,SCROLL_DOWN
0,121283,BA_SCROLL,1,SCROLL_DOWN
0,121318,BA_SCROLL,1,SCROLL_DOWN
0,121350,BA_SCROLL,1,SCROLL_DOWN
0,121384,BA_SCROLL,1,SCROLL_DOWN
0,121418,BA_SCROLL,1,SCROLL_DOWN
0,121450,BA_SCROLL,1,SCROLL_DOWN
0,121484,BA_SCROLL,1,SCROLL_DOWN
0,121516,BA_SCROLL,1,SCROLL_DOWN
0,121550,BA_SCROLL,1,SCROLL_DOWN
0,121584,BA_SCROLL,1,SCROLL_DOWN
0,121617,BA_SCROLL,1,SCROLL_DOWN
0,121650,BA_SCROLL,1,SCROLL_DOWN
0,121683,BA_SCROLL,1,SCROLL_DOWN
0,121716,BA_SCROLL,1,SCROLL_DOWN
0,121750,BA_SCROLL,1,SCROLL_DOWN
0,121783,BA_SCROLL,1,NONE
0,121817,BA_SCROLL,1,NONE
0,121850,BA_SCROLL,1,NONE
0,121884,BA_SCROLL,1,NONE
0,121917,BA_SCROLL,1,NONE
0,121950,BA_SCROLL,1,NONE
0,124084,BA_SCROLL,2,
0,124116,BA_SCROLL,2,
0,124150,BA_SCROLL,2,
0,124183,BA_SCROLL,2,
0,124215,BA_SCROLL,2,NONE
0,124251,BA_SCROLL,2,NONE
0,124283,BA_SCROLL,2,NONE
0,124316,BA_SCROLL,2,NONE
0,124351,BA_SCROLL,2,NONE
0,124383,BA_SCROLL,2,NONE
0,124417,BA_SCROLL,2,NONE
0,124451,BA_SCROLL,2,NONE
0,124485,BA_SCROLL,2,NONE
0,124516,BA_SCROLL,2,NONE
0,124550,BA_SCROLL,2,NONE
0,124585,BA_SCROLL,2,NONE
0,124617,BA_SCROLL,2,SCROLL_UP
0,124649,BA_SCROLL,2,SCROLL_UP
0,124683,BA_SCROLL,2,SCROLL_UP
0,124717,BA_SCROLL,2,SCROLL_UP
0,124750,BA_SCROLL,2,SCROLL_UP
0,124785,BA_SCROLL,2,SCROLL_UP
0,124817,BA_SCROLL,2,SCROLL_UP
0,124850,BA_SCROLL,2,SCROLL_UP
0,124884,BA_SCROLL,2,SCROLL_UP
0,124917,BA_SCROLL,2,SCROLL_UP
0,124950,BA_SCROLL,2,NONE
0,124984,BA_SCROLL,2,SCROLL_DOWN
0,125016,BA_SCROLL,2,SCROLL_DOWN
0,125051,BA_SCROLL,2,SCROLL_DOWN
0,125085,BA_SCROLL,2,SCROLL_DOWN
0,125117,BA_SCROLL,2,SCROLL_DOWN
0,125150,BA_SCROLL,2,SCROLL_DOWN
0,125184,BA_SCROLL,2,SCROLL_DOWN
0,125218,BA_SCROLL,2,SCROLL_DOWN
0,125250,BA_SCROLL,2,SCROLL_DOWN
0,125283,BA_SCROLL,2,SCROLL_DOWN
0,125318,BA_SCROLL,2,SCROLL_DOWN
0,125352,BA_SCROLL,2,SCROLL_DOWN
0,125383,BA_SCROLL,2,SCROLL_DOWN
0,125418,BA_SCROLL,2,NONE
0,125450,BA_SCROLL,2,NONE
0,125485,BA_SCROLL,2,SCROLL_UP
0,125516,BA_SCROLL,2,SCROLL_UP
0,125552,BA_SCROLL,2,SCROLL_UP
0,125583,BA_SCROLL,2,SCROLL_UP
0,125618,BA_SCROLL,2,SCROLL_UP
0,125650,BA_SCROLL,2,SCROLL_UP
0,125683,BA_SCROLL,2,SCROLL_UP
0,125718,BA_SCROLL,2,SCROLL_UP
0,125752,BA_SCROLL,2,SCROLL_UP
0,125783,BA_SCROLL,2,NONE
0,125818,BA_SCROLL,2,SCROLL_DOWN
0,125850,BA_SCROLL,2,SCROLL_DOWN
0,125884,BA_SCROLL,2,SCROLL_DOWN
0,125918,BA_SCROLL,2,SCROLL_DOWN
0,125950,BA_SCROLL,2,SCROLL_DOWN
0,125985,BA_SCROLL,2,SCROLL_DOWN
0,126016,BA_SCROLL,2,SCROLL_DOWN
0,126050,BA_SCROLL,2,SCROLL_DOWN
0,126085,BA_SCROLL,2,SCROLL_DOWN
0,126117,BA_SCROLL,2,SCROLL_DOWN
0,126151,BA_SCROLL,2,SCROLL_DOWN
0,126187,BA_SCROLL,2,SCROLL_DOWN
0,126216,BA_SCROLL,2,SCROLL_DOWN
0,126251,BA_SCROLL,2,NONE
0,126283,BA_SCROLL,2,SCROLL_UP
0,126317,BA_SCROLL,2,SCROLL_UP
0,126351,BA_SCROLL,2,SCROLL_UP
0,126383,BA_SCROLL,2,SCROLL_UP
0,126418,BA_SCROLL,2,SCROLL_UP
0,126450,BA_SCROLL,2,SCROLL_UP
0,126483,BA_SCROLL,2,SCROLL_UP
0,126518,BA_SCROLL,2,SCROLL_UP
0,126550,BA_SCROLL,2,SCROLL_UP
0,126585,BA_SCROLL,2,NONE
0,126616,BA_SCROLL,2,SCROLL_DOWN
0,126652,BA_SCROLL,2,SCROLL_DOWN
0,126683,BA_SCROLL,2,SCROLL_DOWN
0,126717,BA_SCROLL,2,SCROLL_DOWN
0,126752,BA_SCROLL,2,SCROLL_DOWN
0,126783,BA_SCROLL,2,SCROLL_DOWN
0,126818,BA_SCROLL,2,SCROLL_DOWN
0,126850,BA_SCROLL,2,SCROLL_DOWN
0,126885,BA_SCROLL,2,SCROLL_DOWN
0,126917,BA_SCROLL,2,SCROLL_DOWN
0,126951,BA_SCROLL,2,SCROLL_DOWN
0,126985,BA_SCROLL,2,SCROLL_DOWN
0,127017,BA_SCROLL,2,NONE
0,127051,BA_SCROLL,2,SCROLL_UP
0,127083,BA_SCROLL,2,SCROLL_UP
0,127118,BA_SCROLL,2,SCROLL_UP
0,127150,BA_SCROLL,2,SCROLL_UP
0,127185,BA_SCROLL,2,SCROLL_UP
0,127217,BA_SCROLL,2,SCROLL_UP
0,127250,BA_SCROLL,2,SCROLL_UP
0,127285,BA_SCROLL,2,SCROLL_UP
0,127317,BA_SCROLL,2,SCROLL_UP
0,127351,BA_SCROLL,2,NONE
0,127383,BA_SCROLL,2,SCROLL_DOWN
0,127419,BA_SCROLL,2,SCROLL_DOWN
0,127450,BA_SCROLL,2,SCROLL_DOWN
0,127485,BA_SCROLL,2,SCROLL_DOWN
0,127516,BA_SCROLL,2,SCROLL_DOWN
0,127551,BA_SCROLL,2,SCROLL_DOWN
0,127583,BA_SCROLL,2,SCROLL_DOWN
0,127618,BA_SCROLL,2,SCROLL_DOWN
0,127650,BA_SCROLL,2,SCROLL_DOWN
0,127685,BA_SCROLL,2,SCROLL_DOWN
0,127716,BA_SCROLL,2,SCROLL_DOWN
0,127751,BA_SCROLL,2,SCROLL_DOWN
0,127783,BA_SCROLL,2,SCROLL_DOWN
0,127819,BA_SCROLL,2,NONE
0,127850,BA_SCROLL,2,SCROLL_UP
0,127884,BA_SCROLL,2,SCROLL_UP
0,127920,BA_SCROLL,2,SCROLL_UP
0,127950,BA_SCROLL,2,SCROLL_UP
0,127984,BA_SCROLL,2,SCROLL_UP
0,128017,BA_SCROLL,2,SCROLL_UP
0,128052,BA_SCROLL,2,SCROLL_UP
0,128083,BA_SCROLL,2,SCROLL_UP
0,128117,BA_SCROLL,2,SCROLL_UP
0,128150,BA_SCROLL,2,SCROLL_UP
0,128185,BA_SCROLL,2,SCROLL_UP
0,128216,BA_SCROLL,2,NONE
0,128251,BA_SCROLL,2,SCROLL_DOWN
0,128283,BA_SCROLL,2,SCROLL_DOWN
0,128318,BA_SCROLL,2,SCROLL_DOWN
0,128350,BA_SCROLL,2,SCROLL_DOWN
0,128385,BA_SCROLL,2,SCROLL_DOWN
0,128417,BA_SCROLL,2,SCROLL_DOWN
0,128451,BA_SCROLL,2,SCROLL_DOWN
0,128483,BA_SCROLL,2,SCROLL_DOWN
0,128518,BA_SCROLL,2,SCROLL_DOWN
0,128550,BA_SCROLL,2,SCROLL_DOWN
0,128585,BA_SCROLL,2,SCROLL_DOWN
0,128617,BA_SCROLL,2,SCROLL_DOWN
0,128652,BA_SCROLL,2,SCROLL_DOWN
0,128683,BA_SCROLL,2,SCROLL_DOWN
0,128715,BA_SCROLL,2,SCROLL_DOWN
0,128752,BA_SCROLL,2,SCROLL_DOWN
0,128783,BA_SCROLL,2,SCROLL_DOWN
0,128817,BA_SCROLL,2,SCROLL_DOWN
0,128852,BA_SCROLL,2,SCROLL_DOWN
0,128883,BA_SCROLL,2,SCROLL_DOWN
0,128918,BA_SCROLL,2,SCROLL_DOWN
0,128950,BA_SCROLL,2,SCROLL_DOWN
0,128985,BA_SCROLL,2,SCROLL_DOWN
0,129016,BA_SCROLL,2,SCROLL_DOWN
0,129051,BA_SCROLL,2,SCROLL_DOWN
0,130816,BA_SCROLL,3,
0,130851,BA_SCROLL,3,
0,130883,BA_SCROLL,3,
0,130916,BA_SCROLL,3,
0,130949,BA_SCROLL,3,NONE
0,130984,BA_SCROLL,3,NONE
0,131019,BA_SCROLL,3,NONE
0,131050,BA_SCROLL,3,NONE
0,131083,BA_SCROLL,3,NONE
0,131119,BA_SCROLL,3,NONE
0,131150,BA_SCROLL,3,NONE
0,131185,BA_SCROLL,3,NONE
0,131216,BA_SCROLL,3,NONE
0,131253,BA_SCROLL,3,NONE
0,131283,BA_SCROLL,3,NONE
0,131321,BA_SCROLL,3,NONE
0,131351,BA_SCROLL,3,NONE
0,131383,BA_SCROLL,3,NONE
0,131419,BA_SCROLL,3,SCROLL_UP
0,131449,BA_SCROLL,3,SCROLL_UP
0,131486,BA_SCROLL,3,SCROLL_UP
0,131516,BA_SCROLL,3,SCROLL_UP
0,131552,BA_SCROLL,3,SCROLL_UP
0,131584,BA_SCROLL,3,SCROLL_UP
0,131619,BA_SCROLL,3,SCROLL_UP
0,131649,BA_SCROLL,3,SCROLL_UP
0,131685,BA_SCROLL,3,SCROLL_UP
0,131717,BA_SCROLL,3,SCROLL_UP
0,131750,BA_SCROLL,3,SCROLL_UP
0,131786,BA_SCROLL,3,SCROLL_UP
0,131816,BA_SCROLL,3,NONE
0,131852,BA_SCROLL,3,SCROLL_DOWN
0,131884,BA_SCROLL,3,SCROLL_DOWN
0,131920,BA_SCROLL,3,SCROLL_DOWN
0,131949,BA_SCROLL,3,SCROLL_DOWN
0,131986,BA_SCROLL,3,SCROLL_DOWN
0,132016,BA_SCROLL,3,SCROLL_DOWN
0,132052,BA_SCROLL,3,SCROLL_DOWN
0,132084,BA_SCROLL,3,SCROLL_DOWN
0,132116,BA_SCROLL,3,SCROLL_DOWN
0,132153,BA_SCROLL,3,SCROLL_DOWN
0,132183,BA_SCROLL,3,SCROLL_DOWN
0,132219,BA_SCROLL,3,NONE
0,132249,BA_SCROLL,3,NONE
0,132286,BA_SCROLL,3,SCROLL_UP
0,132317,BA_SCROLL,3,SCROLL_UP
0,132352,BA_SCROLL,3,SCROLL_UP
0,132383,BA_SCROLL,3,SCROLL_UP
0,132416,BA_SCROLL,3,SCROLL_UP
0,132450,BA_SCROLL,3,SCROLL_UP
0,132483,BA_SCROLL,3,SCROLL_UP
0,132516,BA_SCROLL,3,SCROLL_UP
0,132550,BA_SCROLL,3,SCROLL_UP
0,132583,BA_SCROLL,3,SCROLL_UP
0,132616,BA_SCROLL,3,NONE
0,132649,BA_SCROLL,3,SCROLL_DOWN
0,132683,BA_SCROLL,3,SCROLL_DOWN
0,132716,BA_SCROLL,3,SCROLL_DOWN
0,132750,BA_SCROLL,3,SCROLL_DOWN
0,132784,BA_SCROLL,3,SCROLL_DOWN
0,132817,BA_SCROLL,3,SCROLL_DOWN
0,132851,BA_SCROLL,3,SCROLL_DOWN
0,132884,BA_SCROLL,3,SCROLL_DOWN
0,132919,BA_SCROLL,3,SCROLL_DOWN
0,132950,BA_SCROLL,3,SCROLL_DOWN
0,132985,BA_SCROLL,3,SCROLL_DOWN
0,133018,BA_SCROLL,3,SCROLL_DOWN
0,133050,BA_SCROLL,3,SCROLL_DOWN
0,133087,BA_SCROLL,3,NONE
0,133117,BA_SCROLL,3,SCROLL_UP
0,133154,BA_SCROLL,3,SCROLL_UP
0,133183,BA_SCROLL,3,SCROLL_UP
0,133221,BA_SCROLL,3,SCROLL_UP
0,133250,BA_SCROLL,3,SCROLL_UP
0,133285,BA_SCROLL,3,SCROLL_UP
0,133317,BA_SCROLL,3,SCROLL_UP
0,133352,BA_SCROLL,3,SCROLL_UP
0,133384,BA_SCROLL,3,SCROLL_UP
0,133416,BA_SCROLL,3,SCROLL_UP
0,133450,BA_SCROLL,3,NONE
0,133483,BA_SCROLL,3,SCROLL_DOWN
0,133516,BA_SCROLL,3,SCROLL_DOWN
0,133549,BA_SCROLL,3,SCROLL_DOWN
0,133583,BA_SCROLL,3,SCROLL_DOWN
0,133616,BA_SCROLL,3,SCROLL_DOWN
0,133650,BA_SCROLL,3,SCROLL_DOWN
0,133683,BA_SCROLL,3,SCROLL_DOWN
0,133713,BA_SCROLL,3,SCROLL_DOWN
0,133751,BA_SCROLL,3,SCROLL_DOWN
0,133784,BA_SCROLL,3,SCROLL_DOWN
0,133817,BA_SCROLL,3,SCROLL_DOWN
0,133851,BA_SCROLL,3,SCROLL_DOWN
0,133885,BA_SCROLL,3,NONE
0,133918,BA_SCROLL,3,NONE
0,133950,BA_SCROLL,3,SCROLL_UP
0,133986,BA_SCROLL,3,SCROLL_UP
0,134016,BA_SCROLL,3,SCROLL_UP
0,134053,BA_SCROLL,3,SCROLL_UP
0,134083,BA_SCROLL,3,SCROLL_UP
0,134119,BA_SCROLL,3,SCROLL_UP
0,134150,BA_SCROLL,3,SCROLL_UP
0,134186,BA_SCROLL,3,SCROLL_UP
0,134216,BA_SCROLL,3,SCROLL_UP
0,134254,BA_SCROLL,3,NONE
0,134283,BA_SCROLL,3,SCROLL_DOWN
0,134319,BA_SCROLL,3,SCROLL_DOWN
0,134350,BA_SCROLL,3,SCROLL_DOWN
0,134385,BA_SCROLL,3,SCROLL_DOWN
0,134416,BA_SCROLL,3,SCROLL_DOWN
0,134449,BA_SCROLL,3,SCROLL_DOWN
0,134483,BA_SCROLL,3,SCROLL_DOWN
0,134516,BA_SCROLL,3,SCROLL_DOWN
0,134550,BA_SCROLL,3,SCROLL_DOWN
0,134583,BA_SCROLL,3,SCROLL_DOWN
0,134616,BA_SCROLL,3,SCROLL_DOWN
0,134650,BA_SCROLL,3,SCROLL_DOWN
0,134683,BA_SCROLL,3,SCROLL_DOWN
0,134716,BA_SCROLL,3,NONE
0,134750,BA_SCROLL,3,NONE
0,134784,BA_SCROLL,3,SCROLL_UP
0,134814,BA_SCROLL,3,SCROLL_UP
0,134850,BA_SCROLL,3,SCROLL_UP
0,134887,BA_SCROLL,3,SCROLL_UP
0,134918,BA_SCROLL,3,SCROLL_UP
0,134951,BA_SCROLL,3,SCROLL_UP
0,134984,BA_SCROLL,3,SCROLL_UP
0,135019,BA_SCROLL,3,SCROLL_UP
0,135050,BA_SCROLL,3,SCROLL_UP
0,135086,BA_SCROLL,3,SCROLL_UP
0,135117,BA_SCROLL,3,SCROLL_UP
0,135155,BA_SCROLL,3,SCROLL_UP
0,135184,BA_SCROLL,3,NONE
0,135217,BA_SCROLL,3,NONE
0,135254,BA_SCROLL,3,SCROLL_DOWN
0,135284,BA_SCROLL,3,SCROLL_DOWN
0,135318,BA_SCROLL,3,SCROLL_DOWN
0,135351,BA_SCROLL,3,SCROLL_DOWN
0,135384,BA_SCROLL,3,SCROLL_DOWN
0,135417,BA_SCROLL,3,SCROLL_DOWN
0,135451,BA_SCROLL,3,SCROLL_DOWN
0,135484,BA_SCROLL,3,SCROLL_DOWN
0,135517,BA_SCROLL,3,SCROLL_DOWN
0,135551,BA_SCROLL,3,SCROLL_DOWN
0,135584,BA_SCROLL,3,SCROLL_DOWN
0,135617,BA_SCROLL,3,SCROLL_DOWN
0,135653,BA_SCROLL,3,SCROLL_DOWN
0,135683,BA_SCROLL,3,SCROLL_DOWN
0,135720,BA_SCROLL,3,SCROLL_DOWN
0,135750,BA_SCROLL,3,SCROLL_DOWN
0,135786,BA_SCROLL,3,NONE
0,135817,BA_SCROLL,3,NONE
0,135851,BA_SCROLL,3,NONE
0,135884,BA_SCROLL,3,NONE
0,135917,BA_SCROLL,3,NONE
0,135953,BA_SCROLL,3,NONE
0,135983,BA_SCROLL,3,NONE
0,136017,BA_SCROLL,3,NONE
0,136051,BA_SCROLL,3,NONE
0,136085,BA_SCROLL,3,NONE
0,136117,BA_SCROLL,3,NONE
0,136152,BA_SCROLL,3,NONE
0,136186,BA_SCROLL,3,NONE
0,136219,BA_SCROLL,3,NONE
0,136253,BA_SCROLL,3,NONE
0,136285,BA_SCROLL,3,NONE
0,136319,BA_SCROLL,3,NONE
0,136352,BA_SCROLL,3,NONE
0,138484,BA_SCROLL,4,
0,138519,BA_SCROLL,4,
0,138552,BA_SCROLL,4,
0,138585,BA_SCROLL,4,
0,138618,BA_SCROLL,4,NONE
0,138651,BA_SCROLL,4,SCROLL_UP
0,138685,BA_SCROLL,4,SCROLL_UP
0,138715,BA_SCROLL,4,SCROLL_UP
0,138753,BA_SCROLL,4,SCROLL_UP
0,138784,BA_SCROLL,4,SCROLL_UP
0,138819,BA_SCROLL,4,SCROLL_UP
0,138851,BA_SCROLL,4,SCROLL_UP
0,138885,BA_SCROLL,4,SCROLL_UP
0,138917,BA_SCROLL,4,NONE
0,138951,BA_SCROLL,4,NONE
0,138984,BA_SCROLL,4,SCROLL_DOWN
0,139019,BA_SCROLL,4,SCROLL_DOWN
0,139050,BA_SCROLL,4,SCROLL_DOWN
0,139084,BA_SCROLL,4,SCROLL_DOWN
0,139119,BA_SCROLL,4,SCROLL_DOWN
0,139151,BA_SCROLL,4,SCROLL_DOWN
0,139185,BA_SCROLL,4,NONE
0,139218,BA_SCROLL,4,SCROLL_UP
0,139253,BA_SCROLL,4,SCROLL_UP
0,139284,BA_SCROLL,4,SCROLL_UP
0,139319,BA_SCROLL,4,SCROLL_UP
0,139351,BA_SCROLL,4,SCROLL_UP
0,139384,BA_SCROLL,4,SCROLL_UP
0,139418,BA_SCROLL,4,SCROLL_UP
0,139450,BA_SCROLL,4,SCROLL_UP
0,139485,BA_SCROLL,4,SCROLL_UP
0,139517,BA_SCROLL,4,SCROLL_UP
0,139552,BA_SCROLL,4,SCROLL_UP
0,139585,BA_SCROLL,4,SCROLL_UP
0,139617,BA_SCROLL,4,NONE
0,139652,BA_SCROLL,4,SCROLL_DOWN
0,139685,BA_SCROLL,4,SCROLL_DOWN
0,139718,BA_SCROLL,4,SCROLL_DOWN
0,139752,BA_SCROLL,4,SCROLL_DOWN
0,139784,BA_SCROLL,4,SCROLL_DOWN
0,139819,BA_SCROLL,4,SCROLL_DOWN
0,139851,BA_SCROLL,4,SCROLL_DOWN
0,139886,BA_SCROLL,4,SCROLL_DOWN
0,139918,BA_SCROLL,4,SCROLL_DOWN
0,139952,BA_SCROLL,4,SCROLL_DOWN
0,139985,BA_SCROLL,4,SCROLL_DOWN
0,140018,BA_SCROLL,4,SCROLL_DOWN
0,140051,BA_SCROLL,4,SCROLL_DOWN
0,140085,BA_SCROLL,4,NONE
0,140119,BA_SCROLL,4,NONE
0,140152,BA_SCROLL,4,SCROLL_UP
0,140185,BA_SCROLL,4,SCROLL_UP
0,140218,BA_SCROLL,4,SCROLL_UP
0,140251,BA_SCROLL,4,SCROLL_UP
0,140285,BA_SCROLL,4,SCROLL_UP
0,140317,BA_SCROLL,4,SCROLL_UP
0,140352,BA_SCROLL,4,SCROLL_UP
0,140385,BA_SCROLL,4,SCROLL_UP
0,140418,BA_SCROLL,4,SCROLL_UP
0,140452,BA_SCROLL,4,SCROLL_UP
0,140485,BA_SCROLL,4,SCROLL_UP
0,140518,BA_SCROLL,4,NONE
0,140553,BA_SCROLL,4,SCROLL_DOWN
0,140585,BA_SCROLL,4,SCROLL_DOWN
0,140617,BA_SCROLL,4,SCROLL_DOWN
0,140652,BA_SCROLL,4,SCROLL_DOWN
0,140684,BA_SCROLL,4,SCROLL_DOWN
0,140719,BA_SCROLL,4,SCROLL_DOWN
0,140751,BA_SCROLL,4,SCROLL_DOWN
0,140783,BA_SCROLL,4,SCROLL_DOWN
0,140820,BA_SCROLL,4,SCROLL_DOWN
0,140851,BA_SCROLL,4,SCROLL_DOWN
0,140885,BA_SCROLL,4,SCROLL_DOWN
0,140918,BA_SCROLL,4,SCROLL_DOWN
0,140951,BA_SCROLL,4,SCROLL_DOWN
0,140986,BA_SCROLL,4,SCROLL_DOWN
0,141018,BA_SCROLL,4,NONE
0,141052,BA_SCROLL,4,NONE
0,141084,BA_SCROLL,4,SCROLL_UP
0,141119,BA_SCROLL,4,SCROLL_UP
0,141151,BA_SCROLL,4,SCROLL_UP
0,141185,BA_SCROLL,4,SCROLL_UP
0,141219,BA_SCROLL,4,SCROLL_UP
0,141251,BA_SCROLL,4,SCROLL_UP
0,141285,BA_SCROLL,4,SCROLL_UP
0,141318,BA_SCROLL,4,SCROLL_UP
0,141352,BA_SCROLL,4,SCROLL_UP
0,141384,BA_SCROLL,4,SCROLL_UP
0,141419,BA_SCROLL,4,NONE
0,141451,BA_SCROLL,4,NONE
0,141485,BA_SCROLL,4,SCROLL_DOWN
0,141520,BA_SCROLL,4,SCROLL_DOWN
0,141551,BA_SCROLL,4,SCROLL_DOWN
0,141585,BA_SCROLL,4,SCROLL_DOWN
0,141620,BA_SCROLL,4,SCROLL_DOWN
0,141651,BA_SCROLL,4,SCROLL_DOWN
0,141685,BA_SCROLL,4,SCROLL_DOWN
0,141718,BA_SCROLL,4,SCROLL_DOWN
0,141752,BA_SCROLL,4,SCROLL_DOWN
0,141784,BA_SCROLL,4,SCROLL_DOWN
0,141818,BA_SCROLL,4,SCROLL_DOWN
0,141851,BA_SCROLL,4,SCROLL_DOWN
0,141885,BA_SCROLL,4,SCROLL_DOWN
0,141919,BA_SCROLL,4,NONE
0,141951,BA_SCROLL,4,SCROLL_UP
0,141985,BA_SCROLL,4,SCROLL_UP
0,142018,BA_SCROLL,4,SCROLL_UP
0,142052,BA_SCROLL,4,SCROLL_UP
0,142085,BA_SCROLL,4,SCROLL_UP
0,142118,BA_SCROLL,4,SCROLL_UP
0,142152,BA_SCROLL,4,SCROLL_UP
0,142185,BA_SCROLL,4,SCROLL_UP
0,142218,BA_SCROLL,4,SCROLL_UP
0,142252,BA_SCROLL,4,SCROLL_UP
0,142284,BA_SCROLL,4,SCROLL_UP
0,142319,BA_SCROLL,4,SCROLL_UP
0,142352,BA_SCROLL,4,NONE
0,142384,BA_SCROLL,4,SCROLL_DOWN
0,142419,BA_SCROLL,4,SCROLL_DOWN
0,142451,BA_SCROLL,4,SCROLL_DOWN
0,142485,BA_SCROLL,4,SCROLL_DOWN
0,142518,BA_SCROLL,4,SCROLL_DOWN
0,142552,BA_SCROLL,4,SCROLL_DOWN
0,142586,BA_SCROLL,4,SCROLL_DOWN
0,142618,BA_SCROLL,4,SCROLL_DOWN
0,142651,BA_SCROLL,4,SCROLL_DOWN
0,142685,BA_SCROLL,4,SCROLL_DOWN
0,142718,BA_SCROLL,4,SCROLL_DOWN
0,142752,BA_SCROLL,4,SCROLL_DOWN
0,142785,BA_SCROLL,4,SCROLL_DOWN
0,142819,BA_SCROLL,4,SCROLL_DOWN
0,142852,BA_SCROLL,4,SCROLL_DOWN
0,142885,BA_SCROLL,4,SCROLL_DOWN
0,142918,BA_SCROLL,4,NONE
0,142952,BA_SCROLL,4,NONE
0,142984,BA_SCROLL,4,SCROLL_UP
0,143019,BA_SCROLL,4,SCROLL_UP
0,143051,BA_SCROLL,4,SCROLL_UP
0,143086,BA_SCROLL,4,SCROLL_UP
0,143119,BA_SCROLL,4,SCROLL_UP
0,143151,BA_SCROLL,4,SCROLL_UP
0,143186,BA_SCROLL,4,SCROLL_UP
0,143219,BA_SCROLL,4,SCROLL_UP
0,143251,BA_SCROLL,4,SCROLL_UP
0,143286,BA_SCROLL,4,SCROLL_UP
0,143318,BA_SCROLL,4,SCROLL_UP
0,143352,BA_SCROLL,4,SCROLL_UP
0,143385,BA_SCROLL,4,NONE
0,143419,BA_SCROLL,4,NONE
0,143452,BA_SCROLL,4,NONE
0,143484,BA_SCROLL,4,SCROLL_DOWN
0,143519,BA_SCROLL,4,SCROLL_DOWN
0,143551,BA_SCROLL,4,SCROLL_DOWN
0,143585,BA_SCROLL,4,SCROLL_DOWN
0,143620,BA_SCROLL,4,SCROLL_DOWN
0,143652,BA_SCROLL,4,SCROLL_DOWN
0,143685,BA_SCROLL,4,SCROLL_DOWN
0,143715,BA_SCROLL,4,SCROLL_DOWN
0,143754,BA_SCROLL,4,SCROLL_DOWN
0,143785,BA_SCROLL,4,SCROLL_DOWN
0,143819,BA_SCROLL,4,SCROLL_DOWN
0,143851,BA_SCROLL,4,SCROLL_DOWN
0,143886,BA_SCROLL,4,SCROLL_DOWN
0,143918,BA_SCROLL,4,SCROLL_DOWN
0,143952,BA_SCROLL,4,SCROLL_DOWN
0,143986,BA_SCROLL,4,SCROLL_DOWN
0,144018,BA_SCROLL,4,SCROLL_DOWN
0,144052,BA_SCROLL,4,NONE
0,144085,BA_SCROLL,4,NONE
0,144118,BA_SCROLL,4,NONE
0,144153,BA_SCROLL,4,NONE
0,144186,BA_SCROLL,4,NONE
0,144219,BA_SCROLL,4,NONE
0,144251,BA_SCROLL,4,NONE
0,144287,BA_SCROLL,4,NONE
0,144319,BA_SCROLL,4,NONE
0,144353,BA_SCROLL,4,NONE
0,151985,MENU_NAVIGATION,0,
0,152020,MENU_NAVIGATION,0,
0,152053,MENU_NAVIGATION,0,
0,152086,MENU_NAVIGATION,0,
0,152120,MENU_NAVIGATION,0,
0,152153,MENU_NAVIGATION,0,
0,152187,MENU_NAVIGATION,0,
0,152222,MENU_NAVIGATION,0,
0,152253,MENU_NAVIGATION,0,
0,152287,MENU_NAVIGATION,0,
0,152320,MENU_NAVIGATION,0,
0,152354,MENU_NAVIGATION,0,
0,152388,MENU_NAVIGATION,0,
0,152420,MENU_NAVIGATION,0,
0,152454,MENU_NAVIGATION,0,
0,152488,MENU_NAVIGATION,0,
0,152520,MENU_NAVIGATION,0,
0,152554,MENU_NAVIGATION,0,
0,152587,MENU_NAVIGATION,0,
0,152621,MENU_NAVIGATION,0,
0,152654,MENU_NAVIGATION,0,
0,152686,MENU_NAVIGATION,0,
0,152722,MENU_NAVIGATION,0,
0,152754,MENU_NAVIGATION,0,
0,152788,MENU_NAVIGATION,0,
0,152821,MENU_NAVIGATION,0,
0,152855,MENU_NAVIGATION,0,
0,152887,MENU_NAVIGATION,0,
0,152920,MENU_NAVIGATION,0,
0,152952,MENU_NAVIGATION,0,
0,152985,MENU_NAVIGATION,0,
0,153020,MENU_NAVIGATION,0,
0,153053,MENU_NAVIGATION,0,
0,153087,MENU_NAVIGATION,0,
0,153121,MENU_NAVIGATION,0,
0,153154,MENU_NAVIGATION,0,
0,153189,MENU_NAVIGATION,0,
0,153220,MENU_NAVIGATION,0,
0,153254,MENU_NAVIGATION,0,
0,153288,MENU_NAVIGATION,0,
0,153321,MENU_NAVIGATION,0,
0,153355,MENU_NAVIGATION,0,
0,153389,MENU_NAVIGATION,0,
0,153420,MENU_NAVIGATION,0,
0,153455,MENU_NAVIGATION,0,
0,153487,MENU_NAVIGATION,0,
0,153521,MENU_NAVIGATION,0,
0,153554,MENU_NAVIGATION,0,
0,153586,MENU_NAVIGATION,0,
0,153620,MENU_NAVIGATION,0,
0,153654,MENU_NAVIGATION,0,
0,153687,MENU_NAVIGATION,0,
0,153716,MENU_NAVIGATION,0,
0,153752,MENU_NAVIGATION,0,
0,153787,MENU_NAVIGATION,0,
0,153822,MENU_NAVIGATION,0,
0,153856,MENU_NAVIGATION,0,
0,153889,MENU_NAVIGATION,0,
0,153921,MENU_NAVIGATION,0,
0,153955,MENU_NAVIGATION,0,
0,153987,MENU_NAVIGATION,0,
0,154021,MENU_NAVIGATION,0,
0,154055,MENU_NAVIGATION,0,
0,154084,MENU_NAVIGATION,0,
0,154118,MENU_NAVIGATION,0,
0,154153,MENU_NAVIGATION,0,
0,154187,MENU_NAVIGATION,0,
0,154221,MENU_NAVIGATION,0,
0,154255,MENU_NAVIGATION,0,
0,154287,MENU_NAVIGATION,0,
0,154321,MENU_NAVIGATION,0,
0,154355,MENU_NAVIGATION,0,
0,154389,MENU_NAVIGATION,0,
0,154422,MENU_NAVIGATION,0,
0,154455,MENU_NAVIGATION,0,
0,154488,MENU_NAVIGATION,0,
0,154521,MENU_NAVIGATION,0,
0,154556,MENU_NAVIGATION,0,
0,154588,MENU_NAVIGATION,0,
0,154622,MENU_NAVIGATION,0,
0,154654,MENU_NAVIGATION,0,
0,154688,MENU_NAVIGATION,0,
0,154723,MENU_NAVIGATION,0,
0,154755,MENU_NAVIGATION,0,
0,154788,MENU_NAVIGATION,0,
0,154822,MENU_NAVIGATION,0,
0,154852,MENU_NAVIGATION,0,
0,154887,MENU_NAVIGATION,0,
0,154921,MENU_NAVIGATION,0,
0,154955,MENU_NAVIGATION,0,
0,154989,MENU_NAVIGATION,0,
0,155021,MENU_NAVIGATION,0,
0,155054,MENU_NAVIGATION,0,
0,155086,MENU_NAVIGATION,0,
0,155119,MENU_NAVIGATION,0,
0,155153,MENU_NAVIGATION,0,
0,155186,MENU_NAVIGATION,0,
0,155220,MENU_NAVIGATION,0,
0,155254,MENU_NAVIGATION,0,
0,155288,MENU_NAVIGATION,0,
0,155322,MENU_NAVIGATION,0,
0,155351,MENU_NAVIGATION,0,
0,155386,MENU_NAVIGATION,0,
0,155420,MENU_NAVIGATION,0,
0,155452,MENU_NAVIGATION,0,
0,155487,MENU_NAVIGATION,0,
0,155520,MENU_NAVIGATION,0,
0,155554,MENU_NAVIGATION,0,
0,155589,MENU_NAVIGATION,0,
0,155621,MENU_NAVIGATION,0,
0,155655,MENU_NAVIGATION,0,
0,155687,MENU_NAVIGATION,0,
0,155721,MENU_NAVIGATION,0,
0,155756,MENU_NAVIGATION,0,
0,155788,MENU_NAVIGATION,0,
0,155822,MENU_NAVIGATION,0,
0,155855,MENU_NAVIGATION,0,
0,155888,MENU_NAVIGATION,0,
0,155920,MENU_NAVIGATION,0,
0,155952,MENU_NAVIGATION,0,
0,155987,MENU_NAVIGATION,0,
0,156020,MENU_NAVIGATION,0,
0,156054,MENU_NAVIGATION,0,
0,156087,MENU_NAVIGATION,0,
0,156121,MENU_NAVIGATION,0,
0,156155,MENU_NAVIGATION,0,
0,156187,MENU_NAVIGATION,0,
0,156220,MENU_NAVIGATION,0,
0,156254,MENU_NAVIGATION,0,
0,156289,MENU_NAVIGATION,0,
0,156322,MENU_NAVIGATION,0,
0,156355,MENU_NAVIGATION,0,
0,156389,MENU_NAVIGATION,0,
0,156421,MENU_NAVIGATION,0,
0,156455,MENU_NAVIGATION,0,
0,156489,MENU_NAVIGATION,0,
0,156522,MENU_NAVIGATION,0,
0,156554,MENU_NAVIGATION,0,
0,156585,MENU_NAVIGATION,0,
0,156620,MENU_NAVIGATION,0,
0,156652,MENU_NAVIGATION,0,
0,156687,MENU_NAVIGATION,0,
0,156720,MENU_NAVIGATION,0,
0,156754,MENU_NAVIGATION,0,
0,156788,MENU_NAVIGATION,0,
0,156822,MENU_NAVIGATION,0,
0,156851,MENU_NAVIGATION,0,
0,156887,MENU_NAVIGATION,0,
0,156920,MENU_NAVIGATION,0,
0,156954,MENU_NAVIGATION,0,
0,156987,MENU_NAVIGATION,0,
0,157020,MENU_NAVIGATION,0,
0,157054,MENU_NAVIGATION,0,
0,157088,MENU_NAVIGATION,0,
0,157121,MENU_NAVIGATION,0,
0,157154,MENU_NAVIGATION,0,
0,157187,MENU_NAVIGATION,0,
0,157220,MENU_NAVIGATION,0,
0,157254,MENU_NAVIGATION,0,
0,157287,MENU_NAVIGATION,0,
0,157319,MENU_NAVIGATION,0,
0,157354,MENU_NAVIGATION,0,
0,157389,MENU_NAVIGATION,0,
0,157420,MENU_NAVIGATION,0,
0,157453,MENU_NAVIGATION,0,
0,157486,MENU_NAVIGATION,0,
0,157520,MENU_NAVIGATION,0,
0,157553,MENU_NAVIGATION,0,
0,159087,MENU_NAVIGATION,1,
0,159120,MENU_NAVIGATION,1,
0,159153,MENU_NAVIGATION,1,
0,159186,MENU_NAVIGATION,1,
0,159220,MENU_NAVIGATION,1,
0,159253,MENU_NAVIGATION,1,
0,159287,MENU_NAVIGATION,1,
0,159320,MENU_NAVIGATION,1,
0,159354,MENU_NAVIGATION,1,
0,159388,MENU_NAVIGATION,1,
0,159420,MENU_NAVIGATION,1,
0,159452,MENU_NAVIGATION,1,
0,159487,MENU_NAVIGATION,1,
0,159520,MENU_NAVIGATION,1,
0,159555,MENU_NAVIGATION,1,
0,159588,MENU_NAVIGATION,1,
0,159621,MENU_NAVIGATION,1,
0,159654,MENU_NAVIGATION,1,
0,159688,MENU_NAVIGATION,1,
0,159721,MENU_NAVIGATION,1,
0,159753,MENU_NAVIGATION,1,
0,159787,MENU_NAVIGATION,1,
0,159818,MENU_NAVIGATION,1,
0,159854,MENU_NAVIGATION,1,
0,159887,MENU_NAVIGATION,1,
0,159921,MENU_NAVIGATION,1,
0,159954,MENU_NAVIGATION,1,
0,159988,MENU_NAVIGATION,1,
0,160022,MENU_NAVIGATION,1,
0,160053,MENU_NAVIGATION,1,
0,160086,MENU_NAVIGATION,1,
0,160120,MENU_NAVIGATION,1,
0,160154,MENU_NAVIGATION,1,
0,160187,MENU_NAVIGATION,1,
0,160220,MENU_NAVIGATION,1,
0,160254,MENU_NAVIGATION,1,
0,160288,MENU_NAVIGATION,1,
0,160322,MENU_NAVIGATION,1,
0,160355,MENU_NAVIGATION,1,
0,160387,MENU_NAVIGATION,1,
0,160420,MENU_NAVIGATION,1,
0,160453,MENU_NAVIGATION,1,
0,160487,MENU_NAVIGATION,1,
0,160521,MENU_NAVIGATION,1,
0,160554,MENU_NAVIGATION,1,
0,160587,MENU_NAVIGATION,1,
0,160621,MENU_NAVIGATION,1,
0,160655,MENU_NAVIGATION,1,
0,160688,MENU_NAVIGATION,1,
0,160720,MENU_NAVIGATION,1,
0,160752,MENU_NAVIGATION,1,
0,160787,MENU_NAVIGATION,1,
0,160821,MENU_NAVIGATION,1,
0,160854,MENU_NAVIGATION,1,
0,160888,MENU_NAVIGATION,1,
0,160921,MENU_NAVIGATION,1,
0,160954,MENU_NAVIGATION,1,
0,160987,MENU_NAVIGATION,1,
0,161021,MENU_NAVIGATION,1,
0,161054,MENU_NAVIGATION,1,
0,161088,MENU_NAVIGATION,1,
0,161122,MENU_NAVIGATION,1,
0,161155,MENU_NAVIGATION,1,
0,161189,MENU_NAVIGATION,1,
0,161221,MENU_NAVIGATION,1,
0,161255,MENU_NAVIGATION,1,
0,161288,MENU_NAVIGATION,1,
0,161321,MENU_NAVIGATION,1,
0,161355,MENU_NAVIGATION,1,
0,161389,MENU_NAVIGATION,1,
0,161421,MENU_NAVIGATION,1,
0,161453,MENU_NAVIGATION,1,
0,161486,MENU_NAVIGATION,1,
0,161521,MENU_NAVIGATION,1,
0,161554,MENU_NAVIGATION,1,
0,161588,MENU_NAVIGATION,1,
0,161621,MENU_NAVIGATION,1,
0,161654,MENU_NAVIGATION,1,
0,161688,MENU_NAVIGATION,1,
0,161721,MENU_NAVIGATION,1,
0,161754,MENU_NAVIGATION,1,
0,161788,MENU_NAVIGATION,1,
0,161820,MENU_NAVIGATION,1,
0,161855,MENU_NAVIGATION,1,
0,161887,MENU_NAVIGATION,1,
0,161922,MENU_NAVIGATION,1,
0,161954,MENU_NAVIGATION,1,
0,161987,MENU_NAVIGATION,1,
0,162020,MENU_NAVIGATION,1,
0,162054,MENU_NAVIGATION,1,
0,162089,MENU_NAVIGATION,1,
0,162121,MENU_NAVIGATION,1,
0,162154,MENU_NAVIGATION,1,
0,162189,MENU_NAVIGATION,1,
0,162221,MENU_NAVIGATION,1,
0,162254,MENU_NAVIGATION,1,
0,162288,MENU_NAVIGATION,1,
0,162320,MENU_NAVIGATION,1,
0,162354,MENU_NAVIGATION,1,
0,162387,MENU_NAVIGATION,1,
0,162422,MENU_NAVIGATION,1,
0,162456,MENU_NAVIGATION,1,
0,162487,MENU_NAVIGATION,1,
0,162581,MENU_NAVIGATION,1,
0,162618,MENU_NAVIGATION,1,
0,162650,MENU_NAVIGATION,1,
0,162684,MENU_NAVIGATION,1,
0,162721,MENU_NAVIGATION,1,
0,162752,MENU_NAVIGATION,1,
0,162787,MENU_NAVIGATION,1,
0,162819,MENU_NAVIGATION,1,
0,162854,MENU_NAVIGATION,1,
0,162888,MENU_NAVIGATION,1,
0,162921,MENU_NAVIGATION,1,
0,162955,MENU_NAVIGATION,1,
0,162987,MENU_NAVIGATION,1,
0,163021,MENU_NAVIGATION,1,
0,163054,MENU_NAVIGATION,1,
0,163086,MENU_NAVIGATION,1,
0,163121,MENU_NAVIGATION,1,
0,163154,MENU_NAVIGATION,1,
0,163189,MENU_NAVIGATION,1,
0,163221,MENU_NAVIGATION,1,
0,163255,MENU_NAVIGATION,1,
0,163289,MENU_NAVIGATION,1,
0,163321,MENU_NAVIGATION,1,
0,163354,MENU_NAVIGATION,1,
0,163388,MENU_NAVIGATION,1,
0,163421,MENU_NAVIGATION,1,
0,163454,MENU_NAVIGATION,1,
0,163487,MENU_NAVIGATION,1,
0,163522,MENU_NAVIGATION,1,
0,163554,MENU_NAVIGATION,1,
0,163589,MENU_NAVIGATION,1,
0,163620,MENU_NAVIGATION,1,
0,163655,MENU_NAVIGATION,1,
0,163689,MENU_NAVIGATION,1,
0,163718,MENU_NAVIGATION,1,
0,163754,MENU_NAVIGATION,1,
0,163787,MENU_NAVIGATION,1,
0,163821,MENU_NAVIGATION,1,
0,163854,MENU_NAVIGATION,1,
0,163887,MENU_NAVIGATION,1,
0,163922,MENU_NAVIGATION,1,
0,163954,MENU_NAVIGATION,1,
0,163987,MENU_NAVIGATION,1,
0,165722,MENU_NAVIGATION,2,
0,165755,MENU_NAVIGATION,2,
0,165787,MENU_NAVIGATION,2,
0,165821,MENU_NAVIGATION,2,
0,165854,MENU_NAVIGATION,2,
0,165887,MENU_NAVIGATION,2,
0,165921,MENU_NAVIGATION,2,
0,165954,MENU_NAVIGATION,2,
0,165987,MENU_NAVIGATION,2,
0,166023,MENU_NAVIGATION,2,
0,166054,MENU_NAVIGATION,2,
0,166088,MENU_NAVIGATION,2,
0,166121,MENU_NAVIGATION,2,
0,166155,MENU_NAVIGATION,2,
0,166187,MENU_NAVIGATION,2,
0,166222,MENU_NAVIGATION,2,
0,166256,MENU_NAVIGATION,2,
0,166288,MENU_NAVIGATION,2,
0,166323,MENU_NAVIGATION,2,
0,166354,MENU_NAVIGATION,2,
0,166387,MENU_NAVIGATION,2,
0,166422,MENU_NAVIGATION,2,
0,166455,MENU_NAVIGATION,2,
0,166488,MENU_NAVIGATION,2,
0,166522,MENU_NAVIGATION,2,
0,166555,MENU_NAVIGATION,2,
0,166589,MENU_NAVIGATION,2,
0,166621,MENU_NAVIGATION,2,
0,166655,MENU_NAVIGATION,2,
0,166687,MENU_NAVIGATION,2,
0,166721,MENU_NAVIGATION,2,
0,166754,MENU_NAVIGATION,2,
0,166787,MENU_NAVIGATION,2,
0,166821,MENU_NAVIGATION,2,
0,166855,MENU_NAVIGATION,2,
0,166889,MENU_NAVIGATION,2,
0,166922,MENU_NAVIGATION,2,
0,166954,MENU_NAVIGATION,2,
0,166987,MENU_NAVIGATION,2,
0,167021,MENU_NAVIGATION,2,
0,167054,MENU_NAVIGATION,2,
0,167088,MENU_NAVIGATION,2,
0,167122,MENU_NAVIGATION,2,
0,167156,MENU_NAVIGATION,2,
0,167188,MENU_NAVIGATION,2,
0,167221,MENU_NAVIGATION,2,
0,167254,MENU_NAVIGATION,2,
0,167289,MENU_NAVIGATION,2,
0,167321,MENU_NAVIGATION,2,
0,167354,MENU_NAVIGATION,2,
0,167388,MENU_NAVIGATION,2,
0,167423,MENU_NAVIGATION,2,
0,167455,MENU_NAVIGATION,2,
0,167489,MENU_NAVIGATION,2,
0,167522,MENU_NAVIGATION,2,
0,167554,MENU_NAVIGATION,2,
0,167589,MENU_NAVIGATION,2,
0,167622,MENU_NAVIGATION,2,
0,167655,MENU_NAVIGATION,2,
0,167689,MENU_NAVIGATION,2,
0,167722,MENU_NAVIGATION,2,
0,167755,MENU_NAVIGATION,2,
0,167789,MENU_NAVIGATION,2,
0,167823,MENU_NAVIGATION,2,
0,167853,MENU_NAVIGATION,2,
0,167888,MENU_NAVIGATION,2,
0,167921,MENU_NAVIGATION,2,
0,167951,MENU_NAVIGATION,2,
0,167985,MENU_NAVIGATION,2,
0,168019,MENU_NAVIGATION,2,
0,168053,MENU_NAVIGATION,2,
0,168086,MENU_NAVIGATION,2,
0,168122,MENU_NAVIGATION,2,
0,168152,MENU_NAVIGATION,2,
0,168187,MENU_NAVIGATION,2,
0,168217,MENU_NAVIGATION,2,
0,168256,MENU_NAVIGATION,2,
0,168287,MENU_NAVIGATION,2,
0,168322,MENU_NAVIGATION,2,
0,168356,MENU_NAVIGATION,2,
0,168387,MENU_NAVIGATION,2,
0,168422,MENU_NAVIGATION,2,
0,168454,MENU_NAVIGATION,2,
0,168487,MENU_NAVIGATION,2,
0,168521,MENU_NAVIGATION,2,
0,168556,MENU_NAVIGATION,2,
0,168589,MENU_NAVIGATION,2,
0,168623,MENU_NAVIGATION,2,
0,168657,MENU_NAVIGATION,2,
0,168687,MENU_NAVIGATION,2,
0,168717,MENU_NAVIGATION,2,
0,168755,MENU_NAVIGATION,2,
0,168789,MENU_NAVIGATION,2,
0,168821,MENU_NAVIGATION,2,
0,168855,MENU_NAVIGATION,2,
0,168890,MENU_NAVIGATION,2,
0,168922,MENU_NAVIGATION,2,
0,168954,MENU_NAVIGATION,2,
0,168989,MENU_NAVIGATION,2,
0,169021,MENU_NAVIGATION,2,
0,169056,MENU_NAVIGATION,2,
0,169089,MENU_NAVIGATION,2,
0,169122,MENU_NAVIGATION,2,
0,169156,MENU_NAVIGATION,2,
0,169190,MENU_NAVIGATION,2,
0,169223,MENU_NAVIGATION,2,
0,169254,MENU_NAVIGATION,2,
0,169289,MENU_NAVIGATION,2,
0,169321,MENU_NAVIGATION,2,
0,169356,MENU_NAVIGATION,2,
0,169387,MENU_NAVIGATION,2,
0,169422,MENU_NAVIGATION,2,
0,169456,MENU_NAVIGATION,2,
0,169490,MENU_NAVIGATION,2,
0,169523,MENU_NAVIGATION,2,
0,169553,MENU_NAVIGATION,2,
0,169589,MENU_NAVIGATION,2,
0,169622,MENU_NAVIGATION,2,
0,169654,MENU_NAVIGATION,2,
0,169689,MENU_NAVIGATION,2,
0,169721,MENU_NAVIGATION,2,
0,169755,MENU_NAVIGATION,2,
0,169790,MENU_NAVIGATION,2,
0,169824,MENU_NAVIGATION,2,
0,170954,MENU_NAVIGATION,3,
0,170988,MENU_NAVIGATION,3,
0,171021,MENU_NAVIGATION,3,
0,171056,MENU_NAVIGATION,3,
0,171090,MENU_NAVIGATION,3,
0,171123,MENU_NAVIGATION,3,
0,171159,MENU_NAVIGATION,3,
0,171193,MENU_NAVIGATION,3,
0,171226,MENU_NAVIGATION,3,
0,171256,MENU_NAVIGATION,3,
0,171287,MENU_NAVIGATION,3,
0,171321,MENU_NAVIGATION,3,
0,171356,MENU_NAVIGATION,3,
0,171389,MENU_NAVIGATION,3,
0,171422,MENU_NAVIGATION,3,
0,171456,MENU_NAVIGATION,3,
0,171488,MENU_NAVIGATION,3,
0,171523,MENU_NAVIGATION,3,
0,171556,MENU_NAVIGATION,3,
0,171587,MENU_NAVIGATION,3,
0,171622,MENU_NAVIGATION,3,
0,171655,MENU_NAVIGATION,3,
0,171688,MENU_NAVIGATION,3,
0,171721,MENU_NAVIGATION,3,
0,171755,MENU_NAVIGATION,3,
0,171789,MENU_NAVIGATION,3,
0,171823,MENU_NAVIGATION,3,
0,171856,MENU_NAVIGATION,3,
0,171890,MENU_NAVIGATION,3,
0,171922,MENU_NAVIGATION,3,
0,171954,MENU_NAVIGATION,3,
0,171989,MENU_NAVIGATION,3,
0,172022,MENU_NAVIGATION,3,
0,172055,MENU_NAVIGATION,3,
0,172090,MENU_NAVIGATION,3,
0,172122,MENU_NAVIGATION,3,
0,172156,MENU_NAVIGATION,3,
0,172189,MENU_NAVIGATION,3,
0,172223,MENU_NAVIGATION,3,
0,172256,MENU_NAVIGATION,3,
0,172290,MENU_NAVIGATION,3,
0,172321,MENU_NAVIGATION,3,
0,172355,MENU_NAVIGATION,3,
0,172388,MENU_NAVIGATION,3,
0,172422,MENU_NAVIGATION,3,
0,172456,MENU_NAVIGATION,3,
0,172489,MENU_NAVIGATION,3,
0,172523,MENU_NAVIGATION,3,
0,172556,MENU_NAVIGATION,3,
0,172589,MENU_NAVIGATION,3,
0,172618,MENU_NAVIGATION,3,
0,172653,MENU_NAVIGATION,3,
0,172688,MENU_NAVIGATION,3,
0,172722,MENU_NAVIGATION,3,
0,172754,MENU_NAVIGATION,3,
0,172789,MENU_NAVIGATION,3,
0,172823,MENU_NAVIGATION,3,
0,172856,MENU_NAVIGATION,3,
0,172889,MENU_NAVIGATION,3,
0,172922,MENU_NAVIGATION,3,
0,172956,MENU_NAVIGATION,3,
0,172990,MENU_NAVIGATION,3,
0,173024,MENU_NAVIGATION,3,
0,173055,MENU_NAVIGATION,3,
0,173089,MENU_NAVIGATION,3,
0,173121,MENU_NAVIGATION,3,
0,173156,MENU_NAVIGATION,3,
0,173189,MENU_NAVIGATION,3,
0,173222,MENU_NAVIGATION,3,
0,173256,MENU_NAVIGATION,3,
0,173290,MENU_NAVIGATION,3,
0,173322,MENU_NAVIGATION,3,
0,173357,MENU_NAVIGATION,3,
0,173390,MENU_NAVIGATION,3,
0,173423,MENU_NAVIGATION,3,
0,173456,MENU_NAVIGATION,3,
0,173490,MENU_NAVIGATION,3,
0,173521,MENU_NAVIGATION,3,
0,173556,MENU_NAVIGATION,3,
0,173589,MENU_NAVIGATION,3,
0,173622,MENU_NAVIGATION,3,
0,173654,MENU_NAVIGATION,3,
0,173689,MENU_NAVIGATION,3,
0,173718,MENU_NAVIGATION,3,
0,173756,MENU_NAVIGATION,3,
0,173789,MENU_NAVIGATION,3,
0,173823,MENU_NAVIGATION,3,
0,173855,MENU_NAVIGATION,3,
0,173889,MENU_NAVIGATION,3,
0,173923,MENU_NAVIGATION,3,
0,173956,MENU_NAVIGATION,3,
0,173990,MENU_NAVIGATION,3,
0,174022,MENU_NAVIGATION,3,
0,174055,MENU_NAVIGATION,3,
0,174089,MENU_NAVIGATION,3,
0,174122,MENU_NAVIGATION,3,
0,174155,MENU_NAVIGATION,3,
0,174190,MENU_NAVIGATION,3,
0,174222,MENU_NAVIGATION,3,
0,174256,MENU_NAVIGATION,3,
0,174289,MENU_NAVIGATION,3,
0,174323,MENU_NAVIGATION,3,
0,174356,MENU_NAVIGATION,3,
0,174389,MENU_NAVIGATION,3,
0,174423,MENU_NAVIGATION,3,
0,174456,MENU_NAVIGATION,3,
0,174490,MENU_NAVIGATION,3,
0,174523,MENU_NAVIGATION,3,
0,174558,MENU_NAVIGATION,3,
0,174588,MENU_NAVIGATION,3,
0,174622,MENU_NAVIGATION,3,
0,174654,MENU_NAVIGATION,3,
0,174689,MENU_NAVIGATION,3,
0,174722,MENU_NAVIGATION,3,
0,176656,MENU_NAVIGATION,4,
0,176690,MENU_NAVIGATION,4,
0,176725,MENU_NAVIGATION,4,
0,176758,MENU_NAVIGATION,4,
0,176791,MENU_NAVIGATION,4,
0,176825,MENU_NAVIGATION,4,
0,176858,MENU_NAVIGATION,4,
0,176891,MENU_NAVIGATION,4,
0,176925,MENU_NAVIGATION,4,
0,176958,MENU_NAVIGATION,4,
0,176991,MENU_NAVIGATION,4,
0,177025,MENU_NAVIGATION,4,
0,177058,MENU_NAVIGATION,4,
0,177091,MENU_NAVIGATION,4,
0,177125,MENU_NAVIGATION,4,
0,177158,MENU_NAVIGATION,4,
0,177190,MENU_NAVIGATION,4,
0,177225,MENU_NAVIGATION,4,
0,177258,MENU_NAVIGATION,4,
0,177291,MENU_NAVIGATION,4,
0,177324,MENU_NAVIGATION,4,
0,177358,MENU_NAVIGATION,4,
0,177390,MENU_NAVIGATION,4,
0,177425,MENU_NAVIGATION,4,
0,177458,MENU_NAVIGATION,4,
0,177488,MENU_NAVIGATION,4,
0,177522,MENU_NAVIGATION,4,
0,177556,MENU_NAVIGATION,4,
0,177589,MENU_NAVIGATION,4,
0,177622,MENU_NAVIGATION,4,
0,177656,MENU_NAVIGATION,4,
0,177689,MENU_NAVIGATION,4,
0,177722,MENU_NAVIGATION,4,
0,177755,MENU_NAVIGATION,4,
0,177789,MENU_NAVIGATION,4,
0,177822,MENU_NAVIGATION,4,
0,177857,MENU_NAVIGATION,4,
0,177890,MENU_NAVIGATION,4,
0,177922,MENU_NAVIGATION,4,
0,177956,MENU_NAVIGATION,4,
0,177989,MENU_NAVIGATION,4,
0,178023,MENU_NAVIGATION,4,
0,178057,MENU_NAVIGATION,4,
0,178090,MENU_NAVIGATION,4,
0,178124,MENU_NAVIGATION,4,
0,178158,MENU_NAVIGATION,4,
0,178191,MENU_NAVIGATION,4,
0,178224,MENU_NAVIGATION,4,
0,178258,MENU_NAVIGATION,4,
0,178292,MENU_NAVIGATION,4,
0,178325,MENU_NAVIGATION,4,
0,178358,MENU_NAVIGATION,4,
0,178392,MENU_NAVIGATION,4,
0,178424,MENU_NAVIGATION,4,
0,178458,MENU_NAVIGATION,4,
0,178492,MENU_NAVIGATION,4,
0,178524,MENU_NAVIGATION,4,
0,178552,MENU_NAVIGATION,4,
0,178588,MENU_NAVIGATION,4,
0,178623,MENU_NAVIGATION,4,
0,178657,MENU_NAVIGATION,4,
0,178691,MENU_NAVIGATION,4,
0,178720,MENU_NAVIGATION,4,
0,178758,MENU_NAVIGATION,4,
0,178791,MENU_NAVIGATION,4,
0,178825,MENU_NAVIGATION,4,
0,178857,MENU_NAVIGATION,4,
0,178892,MENU_NAVIGATION,4,
0,178924,MENU_NAVIGATION,4,
0,178958,MENU_NAVIGATION,4,
0,178991,MENU_NAVIGATION,4,
0,179024,MENU_NAVIGATION,4,
0,179058,MENU_NAVIGATION,4,
0,179091,MENU_NAVIGATION,4,
0,179124,MENU_NAVIGATION,4,
0,179157,MENU_NAVIGATION,4,
0,179191,MENU_NAVIGATION,4,
0,179224,MENU_NAVIGATION,4,
0,179258,MENU_NAVIGATION,4,
0,179290,MENU_NAVIGATION,4,
0,179324,MENU_NAVIGATION,4,
0,179357,MENU_NAVIGATION,4,
0,179391,MENU_NAVIGATION,4,
0,179420,MENU_NAVIGATION,4,
0,179452,MENU_NAVIGATION,4,
0,179486,MENU_NAVIGATION,4,
0,179523,MENU_NAVIGATION,4,
0,179556,MENU_NAVIGATION,4,
0,179589,MENU_NAVIGATION,4,
0,179622,MENU_NAVIGATION,4,
0,179656,MENU_NAVIGATION,4,
0,179689,MENU_NAVIGATION,4,
0,179722,MENU_NAVIGATION,4,
0,179756,MENU_NAVIGATION,4,
0,179789,MENU_NAVIGATION,4,
0,179823,MENU_NAVIGATION,4,
0,179856,MENU_NAVIGATION,4,
0,179890,MENU_NAVIGATION,4,
0,179923,MENU_NAVIGATION,4,
0,179959,MENU_NAVIGATION,4,
0,179990,MENU_NAVIGATION,4,
0,180026,MENU_NAVIGATION,4,
0,180056,MENU_NAVIGATION,4,
0,180093,MENU_NAVIGATION,4,
0,180123,MENU_NAVIGATION,4,
0,180160,MENU_NAVIGATION,4,
0,180190,MENU_NAVIGATION,4,
0,180224,MENU_NAVIGATION,4,
0,180259,MENU_NAVIGATION,4,
0,180290,MENU_NAVIGATION,4,
0,180326,MENU_NAVIGATION,4,
0,180356,MENU_NAVIGATION,4,
0,180394,MENU_NAVIGATION,4,
0,180423,MENU_NAVIGATION,4,
0,180458,MENU_NAVIGATION,4,
0,180492,MENU_NAVIGATION,4,
0,180522,MENU_NAVIGATION,4,
0,180555,MENU_NAVIGATION,4,
0,180589,MENU_NAVIGATION,4,
0,180624,MENU_NAVIGATION,4,
0,180656,MENU_NAVIGATION,4,
0,180689,MENU_NAVIGATION,4,
0,184658,DRAGGING,0,
0,184691,DRAGGING,0,
0,184725,DRAGGING,0,
0,184759,DRAGGING,0,
0,184793,DRAGGING,0,
0,184823,DRAGGING,0,
0,184861,DRAGGING,0,
0,184890,DRAGGING,0,
0,184927,DRAGGING,0,
0,184957,DRAGGING,0,
0,184994,DRAGGING,0,
0,185023,DRAGGING,0,
0,185060,DRAGGING,0,
0,185090,DRAGGING,0,
0,185127,DRAGGING,0,
0,185157,DRAGGING,0,
0,185193,DRAGGING,0,
0,185223,DRAGGING,0,
0,185258,DRAGGING,0,
0,185293,DRAGGING,0,
0,185324,DRAGGING,0,
0,185360,DRAGGING,0,
0,185390,DRAGGING,0,
0,185427,DRAGGING,0,
0,185457,DRAGGING,0,
0,185494,DRAGGING,0,
0,185523,DRAGGING,0,
0,185560,DRAGGING,0,
0,185590,DRAGGING,0,
0,185627,DRAGGING,0,
0,185656,DRAGGING,0,
0,185694,DRAGGING,0,
0,185723,DRAGGING,0,
0,185760,DRAGGING,0,
0,185790,DRAGGING,0,
0,185827,DRAGGING,0,
0,185857,DRAGGING,0,
0,185894,DRAGGING,0,
0,185923,DRAGGING,0,
0,185960,DRAGGING,0,
0,185990,DRAGGING,0,
0,186027,DRAGGING,0,
0,186057,DRAGGING,0,
0,186094,DRAGGING,0,
0,186123,DRAGGING,0,
0,186161,DRAGGING,0,
0,186190,DRAGGING,0,
0,186227,DRAGGING,0,
0,186257,DRAGGING,0,
0,186294,DRAGGING,0,
0,186323,DRAGGING,0,
0,186360,DRAGGING,0,
0,186390,DRAGGING,0,
0,186427,DRAGGING,0,
0,186457,DRAGGING,0,
0,186493,DRAGGING,0,
0,186523,DRAGGING,0,
0,186561,DRAGGING,0,
0,186590,DRAGGING,0,
0,186627,DRAGGING,0,
0,186657,DRAGGING,0,
0,186694,DRAGGING,0,
0,186724,DRAGGING,0,
0,186760,DRAGGING,0,
0,186790,DRAGGING,0,
0,186827,DRAGGING,0,
0,186857,DRAGGING,0,
0,186893,DRAGGING,0,
0,186923,DRAGGING,0,
0,186961,DRAGGING,0,
0,186990,DRAGGING,0,
0,187027,DRAGGING,0,
0,187057,DRAGGING,0,
0,187094,DRAGGING,0,
0,187124,DRAGGING,0,
0,187161,DRAGGING,0,
0,187191,DRAGGING,0,
0,187227,DRAGGING,0,
0,187256,DRAGGING,0,
0,187294,DRAGGING,0,
0,187324,DRAGGING,0,
0,187360,DRAGGING,0,
0,187390,DRAGGING,0,
0,187427,DRAGGING,0,
0,187457,DRAGGING,0,
0,187492,DRAGGING,0,
0,187524,DRAGGING,0,
0,187561,DRAGGING,0,
0,187591,DRAGGING,0,
0,187627,DRAGGING,0,
0,187656,DRAGGING,0,
0,187694,DRAGGING,0,
0,187723,DRAGGING,0,
0,187761,DRAGGING,0,
0,187790,DRAGGING,0,
0,187827,DRAGGING,0,
0,187857,DRAGGING,0,
0,187894,DRAGGING,0,
0,187924,DRAGGING,0,
0,187960,DRAGGING,0,
0,187990,DRAGGING,0,
0,188027,DRAGGING,0,
0,188057,DRAGGING,0,
0,188094,DRAGGING,0,
0,188123,DRAGGING,0,
0,188160,DRAGGING,0,
0,188190,DRAGGING,0,
0,188228,DRAGGING,0,
0,188257,DRAGGING,0,
0,188293,DRAGGING,0,
0,188323,DRAGGING,0,
0,188361,DRAGGING,0,
0,188390,DRAGGING,0,
0,188427,DRAGGING,0,
0,188457,DRAGGING,0,
0,188494,DRAGGING,0,
0,188524,DRAGGING,0,
0,188561,DRAGGING,0,
0,188591,DRAGGING,0,
0,188627,DRAGGING,0,
0,188661,DRAGGING,0,
0,188690,DRAGGING,0,
0,188723,DRAGGING,0,
0,188761,DRAGGING,0,
0,188794,DRAGGING,0,
0,188824,DRAGGING,0,
0,188860,DRAGGING,0,
0,188890,DRAGGING,0,
0,188928,DRAGGING,0,
0,188960,DRAGGING,0,
0,188994,DRAGGING,0,
0,189027,DRAGGING,0,
0,189060,DRAGGING,0,
0,189094,DRAGGING,0,
0,189127,DRAGGING,0,
0,189161,DRAGGING,0,
0,189194,DRAGGING,0,
0,189224,DRAGGING,0,
0,189261,DRAGGING,0,
0,189292,DRAGGING,0,
0,189327,DRAGGING,0,
0,189358,DRAGGING,0,
0,189393,DRAGGING,0,
0,189427,DRAGGING,0,
0,189457,DRAGGING,0,
0,189494,DRAGGING,0,
0,189524,DRAGGING,0,
0,189561,DRAGGING,0,
0,189594,DRAGGING,0,
0,189627,DRAGGING,0,
0,189657,DRAGGING,0,
0,189694,DRAGGING,0,
0,189727,DRAGGING,0,
0,189760,DRAGGING,0,
0,189794,DRAGGING,0,
0,189828,DRAGGING,0,
0,189858,DRAGGING,0,
0,189894,DRAGGING,0,
0,189923,DRAGGING,0,
0,189960,DRAGGING,0,
0,189990,DRAGGING,0,
0,190027,DRAGGING,0,
0,190057,DRAGGING,0,
0,190094,DRAGGING,0,
0,190123,DRAGGING,0,
0,190161,DRAGGING,0,
0,190190,DRAGGING,0,
0,190227,DRAGGING,0,
0,190257,DRAGGING,0,
0,190294,DRAGGING,0,
0,190324,DRAGGING,0,
0,190361,DRAGGING,0,
0,190390,DRAGGING,0,
0,190428,DRAGGING,0,
0,190457,DRAGGING,0,
0,190494,DRAGGING,0,
0,190523,DRAGGING,0,
0,190561,DRAGGING,0,
0,190594,DRAGGING,0,
0,190624,DRAGGING,0,
0,190660,DRAGGING,0,
0,190690,DRAGGING,0,
0,190727,DRAGGING,0,
0,190758,DRAGGING,0,
0,190794,DRAGGING,0,
0,190823,DRAGGING,0,
0,190861,DRAGGING,0,
0,190890,DRAGGING,0,
0,190927,DRAGGING,0,
0,190957,DRAGGING,0,
0,192527,DRAGGING,1,
0,192558,DRAGGING,1,
0,192591,DRAGGING,1,
0,192625,DRAGGING,1,
0,192660,DRAGGING,1,
0,192690,DRAGGING,1,
0,192728,DRAGGING,1,
0,192758,DRAGGING,1,
0,192793,DRAGGING,1,
0,192824,DRAGGING,1,
0,192861,DRAGGING,1,
0,192890,DRAGGING,1,
0,192925,DRAGGING,1,
0,192961,DRAGGING,1,
0,192991,DRAGGING,1,
0,193027,DRAGGING,1,
0,193057,DRAGGING,1,
0,193095,DRAGGING,1,
0,193124,DRAGGING,1,
0,193161,DRAGGING,1,
0,193190,DRAGGING,1,
0,193227,DRAGGING,1,
0,193257,DRAGGING,1,
0,193294,DRAGGING,1,
0,193323,DRAGGING,1,
0,193361,DRAGGING,1,
0,193391,DRAGGING,1,
0,193426,DRAGGING,1,
0,193457,DRAGGING,1,
0,193494,DRAGGING,1,
0,193523,DRAGGING,1,
0,193561,DRAGGING,1,
0,193590,DRAGGING,1,
0,193627,DRAGGING,1,
0,193656,DRAGGING,1,
0,193694,DRAGGING,1,
0,193722,DRAGGING,1,
0,193761,DRAGGING,1,
0,193790,DRAGGING,1,
0,193827,DRAGGING,1,
0,193857,DRAGGING,1,
0,193894,DRAGGING,1,
0,193925,DRAGGING,1,
0,193961,DRAGGING,1,
0,193992,DRAGGING,1,
0,194024,DRAGGING,1,
0,194060,DRAGGING,1,
0,194090,DRAGGING,1,
0,194127,DRAGGING,1,
0,194157,DRAGGING,1,
0,194194,DRAGGING,1,
0,194223,DRAGGING,1,
0,194261,DRAGGING,1,
0,194291,DRAGGING,1,
0,194327,DRAGGING,1,
0,194357,DRAGGING,1,
0,194395,DRAGGING,1,
0,194424,DRAGGING,1,
0,194461,DRAGGING,1,
0,194491,DRAGGING,1,
0,194528,DRAGGING,1,
0,194557,DRAGGING,1,
0,194592,DRAGGING,1,
0,194627,DRAGGING,1,
0,194659,DRAGGING,1,
0,194694,DRAGGING,1,
0,194725,DRAGGING,1,
0,194761,DRAGGING,1,
0,194792,DRAGGING,1,
0,194827,DRAGGING,1,
0,194857,DRAGGING,1,
0,194895,DRAGGING,1,
0,194924,DRAGGING,1,
0,194961,DRAGGING,1,
0,194991,DRAGGING,1,
0,195028,DRAGGING,1,
0,195058,DRAGGING,1,
0,195092,DRAGGING,1,
0,195126,DRAGGING,1,
0,195159,DRAGGING,1,
0,195192,DRAGGING,1,
0,195227,DRAGGING,1,
0,195258,DRAGGING,1,
0,195294,DRAGGING,1,
0,195324,DRAGGING,1,
0,195361,DRAGGING,1,
0,195391,DRAGGING,1,
0,195429,DRAGGING,1,
0,195458,DRAGGING,1,
0,195492,DRAGGING,1,
0,195525,DRAGGING,1,
0,195561,DRAGGING,1,
0,195591,DRAGGING,1,
0,195628,DRAGGING,1,
0,195658,DRAGGING,1,
0,195694,DRAGGING,1,
0,195723,DRAGGING,1,
0,195761,DRAGGING,1,
0,195791,DRAGGING,1,
0,195828,DRAGGING,1,
0,195858,DRAGGING,1,
0,195894,DRAGGING,1,
0,195924,DRAGGING,1,
0,195961,DRAGGING,1,
0,195992,DRAGGING,1,
0,196028,DRAGGING,1,
0,196058,DRAGGING,1,
0,196093,DRAGGING,1,
0,196125,DRAGGING,1,
0,196160,DRAGGING,1,
0,196191,DRAGGING,1,
0,196227,DRAGGING,1,
0,196257,DRAGGING,1,
0,196294,DRAGGING,1,
0,196325,DRAGGING,1,
0,196361,DRAGGING,1,
0,196391,DRAGGING,1,
0,196427,DRAGGING,1,
0,196458,DRAGGING,1,
0,196494,DRAGGING,1,
0,197825,DRAGGING,2,
0,197859,DRAGGING,2,
0,197891,DRAGGING,2,
0,197924,DRAGGING,2,
0,197957,DRAGGING,2,
0,197990,DRAGGING,2,
0,198023,DRAGGING,2,
0,198057,DRAGGING,2,
0,198091,DRAGGING,2,
0,198124,DRAGGING,2,
0,198157,DRAGGING,2,
0,198190,DRAGGING,2,
0,198224,DRAGGING,2,
0,198257,DRAGGING,2,
0,198291,DRAGGING,2,
0,198325,DRAGGING,2,
0,198358,DRAGGING,2,
0,198391,DRAGGING,2,
0,198426,DRAGGING,2,
0,198460,DRAGGING,2,
0,198492,DRAGGING,2,
0,198527,DRAGGING,2,
0,198558,DRAGGING,2,
0,198593,DRAGGING,2,
0,198625,DRAGGING,2,
0,198660,DRAGGING,2,
0,198692,DRAGGING,2,
0,198722,DRAGGING,2,
0,198758,DRAGGING,2,
0,198794,DRAGGING,2,
0,198825,DRAGGING,2,
0,198860,DRAGGING,2,
0,198891,DRAGGING,2,
0,198929,DRAGGING,2,
0,198958,DRAGGING,2,
0,198991,DRAGGING,2,
0,199028,DRAGGING,2,
0,199058,DRAGGING,2,
0,199095,DRAGGING,2,
0,199125,DRAGGING,2,
0,199160,DRAGGING,2,
0,199192,DRAGGING,2,
0,199225,DRAGGING,2,
0,199261,DRAGGING,2,
0,199291,DRAGGING,2,
0,199328,DRAGGING,2,
0,199359,DRAGGING,2,
0,199395,DRAGGING,2,
0,199426,DRAGGING,2,
0,199458,DRAGGING,2,
0,199494,DRAGGING,2,
0,199524,DRAGGING,2,
0,199561,DRAGGING,2,
0,199592,DRAGGING,2,
0,199627,DRAGGING,2,
0,199658,DRAGGING,2,
0,199695,DRAGGING,2,
0,199725,DRAGGING,2,
0,199762,DRAGGING,2,
0,199791,DRAGGING,2,
0,199827,DRAGGING,2,
0,199858,DRAGGING,2,
0,199893,DRAGGING,2,
0,199925,DRAGGING,2,
0,199961,DRAGGING,2,
0,199991,DRAGGING,2,
0,200028,DRAGGING,2,
0,200057,DRAGGING,2,
0,200095,DRAGGING,2,
0,200125,DRAGGING,2,
0,200161,DRAGGING,2,
0,200191,DRAGGING,2,
0,200229,DRAGGING,2,
0,200259,DRAGGING,2,
0,200292,DRAGGING,2,
0,200325,DRAGGING,2,
0,200362,DRAGGING,2,
0,200392,DRAGGING,2,
0,200427,DRAGGING,2,
0,200458,DRAGGING,2,
0,200494,DRAGGING,2,
0,200525,DRAGGING,2,
0,200562,DRAGGING,2,
0,200592,DRAGGING,2,
0,200628,DRAGGING,2,
0,200659,DRAGGING,2,
0,200695,DRAGGING,2,
0,200725,DRAGGING,2,
0,200762,DRAGGING,2,
0,200791,DRAGGING,2,
0,200829,DRAGGING,2,
0,200859,DRAGGING,2,
0,200895,DRAGGING,2,
0,200924,DRAGGING,2,
0,200961,DRAGGING,2,
0,200991,DRAGGING,2,
0,201028,DRAGGING,2,
0,201058,DRAGGING,2,
0,201095,DRAGGING,2,
0,201124,DRAGGING,2,
0,201162,DRAGGING,2,
0,201192,DRAGGING,2,
0,201227,DRAGGING,2,
0,201258,DRAGGING,2,
0,201295,DRAGGING,2,
0,201325,DRAGGING,2,
0,201360,DRAGGING,2,
0,201392,DRAGGING,2,
0,201429,DRAGGING,2,
0,201460,DRAGGING,2,
0,201491,DRAGGING,2,
0,201528,DRAGGING,2,
0,201558,DRAGGING,2,
0,201595,DRAGGING,2,
0,201625,DRAGGING,2,
0,201662,DRAGGING,2,
0,201691,DRAGGING,2,
0,201729,DRAGGING,2,
0,201759,DRAGGING,2,
0,201794,DRAGGING,2,
0,201825,DRAGGING,2,
0,201858,DRAGGING,2,
0,201894,DRAGGING,2,
0,201924,DRAGGING,2,
0,201962,DRAGGING,2,
0,201993,DRAGGING,2,
0,202025,DRAGGING,2,
0,202061,DRAGGING,2,
0,202092,DRAGGING,2,
0,202128,DRAGGING,2,
0,202158,DRAGGING,2,
0,202195,DRAGGING,2,
0,202225,DRAGGING,2,
0,202261,DRAGGING,2,
0,202291,DRAGGING,2,
0,202328,DRAGGING,2,
0,202358,DRAGGING,2,
0,202395,DRAGGING,2,
0,202425,DRAGGING,2,
0,202461,DRAGGING,2,
0,202491,DRAGGING,2,
0,202527,DRAGGING,2,
0,202558,DRAGGING,2,
0,202591,DRAGGING,2,
0,202624,DRAGGING,2,
0,202658,DRAGGING,2,
0,202691,DRAGGING,2,
0,202724,DRAGGING,2,
0,202758,DRAGGING,2,
0,202792,DRAGGING,2,
0,202825,DRAGGING,2,
0,202859,DRAGGING,2,
0,202892,DRAGGING,2,
0,202925,DRAGGING,2,
0,202958,DRAGGING,2,
0,202993,DRAGGING,2,
0,204026,DRAGGING,3,
0,204059,DRAGGING,3,
0,204093,DRAGGING,3,
0,204126,DRAGGING,3,
0,204159,DRAGGING,3,
0,204192,DRAGGING,3,
0,204229,DRAGGING,3,
0,204259,DRAGGING,3,
0,204295,DRAGGING,3,
0,204325,DRAGGING,3,
0,204362,DRAGGING,3,
0,204392,DRAGGING,3,
0,204428,DRAGGING,3,
0,204458,DRAGGING,3,
0,204495,DRAGGING,3,
0,204525,DRAGGING,3,
0,204562,DRAGGING,3,
0,204591,DRAGGING,3,
0,204628,DRAGGING,3,
0,204657,DRAGGING,3,
0,204695,DRAGGING,3,
0,204725,DRAGGING,3,
0,204762,DRAGGING,3,
0,204791,DRAGGING,3,
0,204828,DRAGGING,3,
0,204858,DRAGGING,3,
0,204892,DRAGGING,3,
0,204923,DRAGGING,3,
0,204960,DRAGGING,3,
0,204993,DRAGGING,3,
0,205026,DRAGGING,3,
0,205059,DRAGGING,3,
0,205092,DRAGGING,3,
0,205126,DRAGGING,3,
0,205159,DRAGGING,3,
0,205192,DRAGGING,3,
0,205226,DRAGGING,3,
0,205261,DRAGGING,3,
0,205292,DRAGGING,3,
0,205329,DRAGGING,3,
0,205358,DRAGGING,3,
0,205395,DRAGGING,3,
0,205425,DRAGGING,3,
0,205459,DRAGGING,3,
0,205495,DRAGGING,3,
0,205525,DRAGGING,3,
0,205562,DRAGGING,3,
0,205592,DRAGGING,3,
0,205629,DRAGGING,3,
0,205659,DRAGGING,3,
0,205693,DRAGGING,3,
0,205726,DRAGGING,3,
0,205759,DRAGGING,3,
0,205794,DRAGGING,3,
0,205825,DRAGGING,3,
0,205861,DRAGGING,3,
0,205892,DRAGGING,3,
0,205928,DRAGGING,3,
0,205958,DRAGGING,3,
0,205995,DRAGGING,3,
0,206025,DRAGGING,3,
0,206062,DRAGGING,3,
0,206091,DRAGGING,3,
0,206129,DRAGGING,3,
0,206159,DRAGGING,3,
0,206193,DRAGGING,3,
0,206226,DRAGGING,3,
0,206261,DRAGGING,3,
0,206292,DRAGGING,3,
0,206326,DRAGGING,3,
0,206359,DRAGGING,3,
0,206392,DRAGGING,3,
0,206426,DRAGGING,3,
0,206459,DRAGGING,3,
0,206494,DRAGGING,3,
0,206526,DRAGGING,3,
0,206559,DRAGGING,3,
0,206593,DRAGGING,3,
0,206626,DRAGGING,3,
0,206659,DRAGGING,3,
0,206693,DRAGGING,3,
0,206726,DRAGGING,3,
0,206759,DRAGGING,3,
0,206793,DRAGGING,3,
0,206826,DRAGGING,3,
0,206859,DRAGGING,3,
0,206892,DRAGGING,3,
0,206927,DRAGGING,3,
0,206958,DRAGGING,3,
0,206994,DRAGGING,3,
0,207026,DRAGGING,3,
0,207059,DRAGGING,3,
0,207093,DRAGGING,3,
0,207126,DRAGGING,3,
0,207159,DRAGGING,3,
0,207193,DRAGGING,3,
0,207227,DRAGGING,3,
0,207259,DRAGGING,3,
0,207294,DRAGGING,3,
0,207325,DRAGGING,3,
0,207361,DRAGGING,3,
0,207392,DRAGGING,3,
0,207426,DRAGGING,3,
0,207459,DRAGGING,3,
0,207493,DRAGGING,3,
0,207526,DRAGGING,3,
0,207559,DRAGGING,3,
0,207593,DRAGGING,3,
0,207626,DRAGGING,3,
0,207659,DRAGGING,3,
0,207693,DRAGGING,3,
0,207726,DRAGGING,3,
0,207759,DRAGGING,3,
0,207793,DRAGGING,3,
0,207824,DRAGGING,3,
0,207862,DRAGGING,3,
0,207892,DRAGGING,3,
0,207929,DRAGGING,3,
0,207958,DRAGGING,3,
0,207996,DRAGGING,3,
0,208025,DRAGGING,3,
0,208061,DRAGGING,3,
0,208093,DRAGGING,3,
0,208127,DRAGGING,3,
0,208159,DRAGGING,3,
0,208193,DRAGGING,3,
0,208226,DRAGGING,3,
0,208260,DRAGGING,3,
0,208292,DRAGGING,3,
0,208326,DRAGGING,3,
0,208359,DRAGGING,3,
0,208393,DRAGGING,3,
0,208428,DRAGGING,3,
0,208459,DRAGGING,3,
0,208493,DRAGGING,3,
0,208527,DRAGGING,3,
0,208560,DRAGGING,3,
0,208594,DRAGGING,3,
0,208625,DRAGGING,3,
0,208661,DRAGGING,3,
0,208692,DRAGGING,3,
0,208724,DRAGGING,3,
0,208762,DRAGGING,3,
0,208792,DRAGGING,3,
0,208826,DRAGGING,3,
0,208859,DRAGGING,3,
0,208893,DRAGGING,3,
0,208926,DRAGGING,3,
0,208960,DRAGGING,3,
0,208993,DRAGGING,3,
0,209027,DRAGGING,3,
0,209059,DRAGGING,3,
0,209095,DRAGGING,3,
0,209126,DRAGGING,3,
0,209160,DRAGGING,3,
0,209195,DRAGGING,3,
0,209228,DRAGGING,3,
0,209259,DRAGGING,3,
0,209295,DRAGGING,3,
0,209325,DRAGGING,3,
0,209361,DRAGGING,3,
0,209392,DRAGGING,3,
0,209427,DRAGGING,3,
0,209459,DRAGGING,3,
0,209495,DRAGGING,3,
0,209525,DRAGGING,3,
0,209559,DRAGGING,3,
0,209593,DRAGGING,3,
0,209626,DRAGGING,3,
0,209659,DRAGGING,3,
0,209693,DRAGGING,3,
0,209727,DRAGGING,3,
0,209760,DRAGGING,3,
0,209792,DRAGGING,3,
0,209827,DRAGGING,3,
0,211260,DRAGGING,4,
0,211292,DRAGGING,4,
0,211329,DRAGGING,4,
0,211361,DRAGGING,4,
0,211393,DRAGGING,4,
0,211426,DRAGGING,4,
0,211461,DRAGGING,4,
0,211493,DRAGGING,4,
0,211526,DRAGGING,4,
0,211561,DRAGGING,4,
0,211593,DRAGGING,4,
0,211627,DRAGGING,4,
0,211660,DRAGGING,4,
0,211693,DRAGGING,4,
0,211727,DRAGGING,4,
0,211760,DRAGGING,4,
0,211793,DRAGGING,4,
0,211827,DRAGGING,4,
0,211860,DRAGGING,4,
0,211894,DRAGGING,4,
0,211927,DRAGGING,4,
0,211960,DRAGGING,4,
0,211994,DRAGGING,4,
0,212026,DRAGGING,4,
0,212061,DRAGGING,4,
0,212093,DRAGGING,4,
0,212127,DRAGGING,4,
0,212159,DRAGGING,4,
0,212194,DRAGGING,4,
0,212227,DRAGGING,4,
0,212260,DRAGGING,4,
0,212293,DRAGGING,4,
0,212327,DRAGGING,4,
0,212360,DRAGGING,4,
0,212394,DRAGGING,4,
0,212426,DRAGGING,4,
0,212461,DRAGGING,4,
0,212493,DRAGGING,4,
0,212526,DRAGGING,4,
0,212560,DRAGGING,4,
0,212593,DRAGGING,4,
0,212627,DRAGGING,4,
0,212659,DRAGGING,4,
0,212694,DRAGGING,4,
0,212727,DRAGGING,4,
0,212759,DRAGGING,4,
0,212794,DRAGGING,4,
0,212826,DRAGGING,4,
0,212860,DRAGGING,4,
0,212894,DRAGGING,4,
0,212926,DRAGGING,4,
0,212960,DRAGGING,4,
0,212993,DRAGGING,4,
0,213028,DRAGGING,4,
0,213060,DRAGGING,4,
0,213094,DRAGGING,4,
0,213127,DRAGGING,4,
0,213160,DRAGGING,4,
0,213194,DRAGGING,4,
0,213226,DRAGGING,4,
0,213261,DRAGGING,4,
0,213293,DRAGGING,4,
0,213326,DRAGGING,4,
0,213361,DRAGGING,4,
0,213393,DRAGGING,4,
0,213428,DRAGGING,4,
0,213459,DRAGGING,4,
0,213494,DRAGGING,4,
0,213527,DRAGGING,4,
0,213561,DRAGGING,4,
0,213593,DRAGGING,4,
0,213627,DRAGGING,4,
0,213661,DRAGGING,4,
0,213694,DRAGGING,4,
0,213724,DRAGGING,4,
0,213762,DRAGGING,4,
0,213793,DRAGGING,4,
0,213826,DRAGGING,4,
0,213861,DRAGGING,4,
0,213894,DRAGGING,4,
0,213926,DRAGGING,4,
0,213961,DRAGGING,4,
0,213994,DRAGGING,4,
0,214026,DRAGGING,4,
0,214061,DRAGGING,4,
0,214094,DRAGGING,4,
0,214127,DRAGGING,4,
0,214160,DRAGGING,4,
0,214193,DRAGGING,4,
0,214228,DRAGGING,4,
0,214261,DRAGGING,4,
0,214293,DRAGGING,4,
0,214327,DRAGGING,4,
0,214360,DRAGGING,4,
0,214394,DRAGGING,4,
0,214427,DRAGGING,4,
0,214460,DRAGGING,4,
0,214494,DRAGGING,4,
0,214527,DRAGGING,4,
0,214560,DRAGGING,4,
0,214594,DRAGGING,4,
0,214627,DRAGGING,4,
0,214661,DRAGGING,4,
0,214694,DRAGGING,4,
0,214727,DRAGGING,4,
0,214761,DRAGGING,4,
0,214794,DRAGGING,4,
0,214827,DRAGGING,4,
0,214861,DRAGGING,4,
0,214893,DRAGGING,4,
0,214928,DRAGGING,4,
0,214962,DRAGGING,4,
0,214994,DRAGGING,4,
0,215026,DRAGGING,4,
0,215062,DRAGGING,4,
0,215094,DRAGGING,4,
0,215126,DRAGGING,4,
0,215163,DRAGGING,4,
0,215194,DRAGGING,4,
0,215227,DRAGGING,4,
0,215262,DRAGGING,4,
0,215294,DRAGGING,4,
0,215327,DRAGGING,4,
0,215360,DRAGGING,4,
0,215394,DRAGGING,4,
0,215427,DRAGGING,4,
0,215461,DRAGGING,4,
0,215494,DRAGGING,4,
0,215528,DRAGGING,4,
0,215560,DRAGGING,4,
0,215594,DRAGGING,4,
0,215627,DRAGGING,4,
0,215661,DRAGGING,4,
0,215694,DRAGGING,4,
0,215727,DRAGGING,4,
0,215760,DRAGGING,4,
0,215793,DRAGGING,4,
0,215828,DRAGGING,4,
0,215860,DRAGGING,4,
0,215895,DRAGGING,4,
0,218295,POINT_N_CLICK,0,
0,218328,POINT_N_CLICK,0,
0,218361,POINT_N_CLICK,0,
0,218394,POINT_N_CLICK,0,
0,218428,POINT_N_CLICK,0,
0,218462,POINT_N_CLICK,0,
0,218494,POINT_N_CLICK,0,
0,218528,POINT_N_CLICK,0,
0,218562,POINT_N_CLICK,0,
0,218594,POINT_N_CLICK,0,
0,218629,POINT_N_CLICK,0,
0,218661,POINT_N_CLICK,0,
0,218695,POINT_N_CLICK,0,
0,218724,POINT_N_CLICK,0,
0,218762,POINT_N_CLICK,0,
0,218795,POINT_N_CLICK,0,
0,218828,POINT_N_CLICK,0,
0,218862,POINT_N_CLICK,0,
0,218894,POINT_N_CLICK,0,
0,218928,POINT_N_CLICK,0,
0,218961,POINT_N_CLICK,0,
0,218995,POINT_N_CLICK,0,
0,219028,POINT_N_CLICK,0,
0,219062,POINT_N_CLICK,0,
0,219094,POINT_N_CLICK,0,
0,219127,POINT_N_CLICK,0,
0,219163,POINT_N_CLICK,0,
0,219195,POINT_N_CLICK,0,
0,219228,POINT_N_CLICK,0,
0,219261,POINT_N_CLICK,0,
0,219295,POINT_N_CLICK,0,
0,219329,POINT_N_CLICK,0,
0,219362,POINT_N_CLICK,0,
0,219394,POINT_N_CLICK,0,
0,219429,POINT_N_CLICK,0,
0,219462,POINT_N_CLICK,0,
0,219494,POINT_N_CLICK,0,
0,219529,POINT_N_CLICK,0,
0,219561,POINT_N_CLICK,0,
0,219595,POINT_N_CLICK,0,
0,219628,POINT_N_CLICK,0,
0,219661,POINT_N_CLICK,0,
0,219695,POINT_N_CLICK,0,
0,219728,POINT_N_CLICK,0,
0,219762,POINT_N_CLICK,0,
0,219795,POINT_N_CLICK,0,
0,219828,POINT_N_CLICK,0,
0,219863,POINT_N_CLICK,0,
0,219894,POINT_N_CLICK,0,
0,219928,POINT_N_CLICK,0,
0,219961,POINT_N_CLICK,0,
0,219996,POINT_N_CLICK,0,
0,220028,POINT_N_CLICK,0,
0,220061,POINT_N_CLICK,0,
0,220094,POINT_N_CLICK,0,
0,220129,POINT_N_CLICK,0,
0,220161,POINT_N_CLICK,0,
0,220195,POINT_N_CLICK,0,
0,220229,POINT_N_CLICK,0,
0,220262,POINT_N_CLICK,0,
0,220296,POINT_N_CLICK,0,
0,220329,POINT_N_CLICK,0,
0,220362,POINT_N_CLICK,0,
0,220396,POINT_N_CLICK,0,
0,220429,POINT_N_CLICK,0,
0,220462,POINT_N_CLICK,0,
0,220495,POINT_N_CLICK,0,
0,220528,POINT_N_CLICK,0,
0,220563,POINT_N_CLICK,0,
0,220594,POINT_N_CLICK,0,
0,220628,POINT_N_CLICK,0,
0,220662,POINT_N_CLICK,0,
0,220695,POINT_N_CLICK,0,
0,220729,POINT_N_CLICK,0,
0,220762,POINT_N_CLICK,0,
0,220795,POINT_N_CLICK,0,
0,220829,POINT_N_CLICK,0,
0,220862,POINT_N_CLICK,0,
0,220895,POINT_N_CLICK,0,
0,220928,POINT_N_CLICK,0,
0,220962,POINT_N_CLICK,0,
0,220996,POINT_N_CLICK,0,
0,221028,POINT_N_CLICK,0,
0,221062,POINT_N_CLICK,0,
0,221094,POINT_N_CLICK,0,
0,221128,POINT_N_CLICK,0,
0,221163,POINT_N_CLICK,0,
0,221195,POINT_N_CLICK,0,
0,221228,POINT_N_CLICK,0,
0,221261,POINT_N_CLICK,0,
0,221295,POINT_N_CLICK,0,
0,221330,POINT_N_CLICK,0,
0,221361,POINT_N_CLICK,0,
0,221395,POINT_N_CLICK,0,
0,221428,POINT_N_CLICK,0,
0,221462,POINT_N_CLICK,0,
0,221497,POINT_N_CLICK,0,
0,221528,POINT_N_CLICK,0,
0,221562,POINT_N_CLICK,0,
0,221594,POINT_N_CLICK,0,
0,221629,POINT_N_CLICK,0,
0,221662,POINT_N_CLICK,0,
0,221695,POINT_N_CLICK,0,
0,221729,POINT_N_CLICK,0,
0,221763,POINT_N_CLICK,0,
0,221796,POINT_N_CLICK,0,
0,221829,POINT_N_CLICK,0,
0,221862,POINT_N_CLICK,0,
0,221895,POINT_N_CLICK,0,
0,221929,POINT_N_CLICK,0,
0,221962,POINT_N_CLICK,0,
0,221995,POINT_N_CLICK,0,
0,222029,POINT_N_CLICK,0,
0,222062,POINT_N_CLICK,0,
0,222095,POINT_N_CLICK,0,
0,222128,POINT_N_CLICK,0,
0,222162,POINT_N_CLICK,0,
0,222195,POINT_N_CLICK,0,
0,222229,POINT_N_CLICK,0,
0,222262,POINT_N_CLICK,0,
0,222295,POINT_N_CLICK,0,
0,222329,POINT_N_CLICK,0,
0,222361,POINT_N_CLICK,0,
0,222396,POINT_N_CLICK,0,
0,222428,POINT_N_CLICK,0,
0,222462,POINT_N_CLICK,0,
0,222496,POINT_N_CLICK,0,
0,222529,POINT_N_CLICK,0,
0,222561,POINT_N_CLICK,0,
0,222595,POINT_N_CLICK,0,
0,222629,POINT_N_CLICK,0,
0,222662,POINT_N_CLICK,0,
0,222695,POINT_N_CLICK,0,
0,222728,POINT_N_CLICK,0,
0,222761,POINT_N_CLICK,0,
0,222793,POINT_N_CLICK,0,
0,222828,POINT_N_CLICK,0,
0,222860,POINT_N_CLICK,0,
0,222896,POINT_N_CLICK,0,
0,222929,POINT_N_CLICK,0,
0,222961,POINT_N_CLICK,0,
0,222995,POINT_N_CLICK,0,
0,223029,POINT_N_CLICK,0,
0,223062,POINT_N_CLICK,0,
0,223095,POINT_N_CLICK,0,
0,223128,POINT_N_CLICK,0,
0,223161,POINT_N_CLICK,0,
0,223195,POINT_N_CLICK,0,
0,223230,POINT_N_CLICK,0,
0,223262,POINT_N_CLICK,0,
0,223295,POINT_N_CLICK,0,
0,223329,POINT_N_CLICK,0,
0,223361,POINT_N_CLICK,0,
0,223395,POINT_N_CLICK,0,
0,223428,POINT_N_CLICK,0,
0,223463,POINT_N_CLICK,0,
0,223495,POINT_N_CLICK,0,
0,223528,POINT_N_CLICK,0,
0,223560,POINT_N_CLICK,0,
0,223593,POINT_N_CLICK,0,
0,223624,POINT_N_CLICK,0,
0,223657,POINT_N_CLICK,0,
0,223696,POINT_N_CLICK,0,
0,223724,POINT_N_CLICK,0,
0,223762,POINT_N_CLICK,0,
0,223796,POINT_N_CLICK,0,
0,223828,POINT_N_CLICK,0,
0,223861,POINT_N_CLICK,0,
0,223895,POINT_N_CLICK,0,
0,223929,POINT_N_CLICK,0,
0,223961,POINT_N_CLICK,0,
0,223996,POINT_N_CLICK,0,
0,224028,POINT_N_CLICK,0,
0,225161,POINT_N_CLICK,1,
0,225195,POINT_N_CLICK,1,
0,225228,POINT_N_CLICK,1,
0,225263,POINT_N_CLICK,1,
0,225295,POINT_N_CLICK,1,
0,225329,POINT_N_CLICK,1,
0,225362,POINT_N_CLICK,1,
0,225395,POINT_N_CLICK,1,
0,225428,POINT_N_CLICK,1,
0,225462,POINT_N_CLICK,1,
0,225494,POINT_N_CLICK,1,
0,225528,POINT_N_CLICK,1,
0,225561,POINT_N_CLICK,1,
0,225595,POINT_N_CLICK,1,
0,225627,POINT_N_CLICK,1,
0,225663,POINT_N_CLICK,1,
0,225695,POINT_N_CLICK,1,
0,225728,POINT_N_CLICK,1,
0,225760,POINT_N_CLICK,1,
0,225792,POINT_N_CLICK,1,
0,225828,POINT_N_CLICK,1,
0,225861,POINT_N_CLICK,1,
0,225896,POINT_N_CLICK,1,
0,225928,POINT_N_CLICK,1,
0,225962,POINT_N_CLICK,1,
0,225996,POINT_N_CLICK,1,
0,226029,POINT_N_CLICK,1,
0,226063,POINT_N_CLICK,1,
0,226095,POINT_N_CLICK,1,
0,226127,POINT_N_CLICK,1,
0,226160,POINT_N_CLICK,1,
0,226195,POINT_N_CLICK,1,
0,226229,POINT_N_CLICK,1,
0,226262,POINT_N_CLICK,1,
0,226294,POINT_N_CLICK,1,
0,226328,POINT_N_CLICK,1,
0,226361,POINT_N_CLICK,1,
0,226397,POINT_N_CLICK,1,
0,226428,POINT_N_CLICK,1,
0,226462,POINT_N_CLICK,1,
0,226493,POINT_N_CLICK,1,
0,226529,POINT_N_CLICK,1,
0,226561,POINT_N_CLICK,1,
0,226595,POINT_N_CLICK,1,
0,226629,POINT_N_CLICK,1,
0,226662,POINT_N_CLICK,1,
0,226696,POINT_N_CLICK,1,
0,226731,POINT_N_CLICK,1,
0,226762,POINT_N_CLICK,1,
0,226795,POINT_N_CLICK,1,
0,226829,POINT_N_CLICK,1,
0,226860,POINT_N_CLICK,1,
0,226894,POINT_N_CLICK,1,
0,226928,POINT_N_CLICK,1,
0,226961,POINT_N_CLICK,1,
0,226995,POINT_N_CLICK,1,
0,227029,POINT_N_CLICK,1,
0,227063,POINT_N_CLICK,1,
0,227097,POINT_N_CLICK,1,
0,227129,POINT_N_CLICK,1,
0,227160,POINT_N_CLICK,1,
0,227195,POINT_N_CLICK,1,
0,227227,POINT_N_CLICK,1,
0,227262,POINT_N_CLICK,1,
0,227295,POINT_N_CLICK,1,
0,227329,POINT_N_CLICK,1,
0,227359,POINT_N_CLICK,1,
0,227393,POINT_N_CLICK,1,
0,227429,POINT_N_CLICK,1,
0,227460,POINT_N_CLICK,1,
0,227496,POINT_N_CLICK,1,
0,227526,POINT_N_CLICK,1,
0,227562,POINT_N_CLICK,1,
0,227595,POINT_N_CLICK,1,
0,227629,POINT_N_CLICK,1,
0,227662,POINT_N_CLICK,1,
0,227696,POINT_N_CLICK,1,
0,227728,POINT_N_CLICK,1,
0,227761,POINT_N_CLICK,1,
0,227795,POINT_N_CLICK,1,
0,227828,POINT_N_CLICK,1,
0,227862,POINT_N_CLICK,1,
0,227894,POINT_N_CLICK,1,
0,227929,POINT_N_CLICK,1,
0,227963,POINT_N_CLICK,1,
0,227996,POINT_N_CLICK,1,
0,228028,POINT_N_CLICK,1,
0,228062,POINT_N_CLICK,1,
0,228094,POINT_N_CLICK,1,
0,228129,POINT_N_CLICK,1,
0,228162,POINT_N_CLICK,1,
0,228196,POINT_N_CLICK,1,
0,228229,POINT_N_CLICK,1,
0,228263,POINT_N_CLICK,1,
0,228296,POINT_N_CLICK,1,
0,228329,POINT_N_CLICK,1,
0,228362,POINT_N_CLICK,1,
0,228396,POINT_N_CLICK,1,
0,228429,POINT_N_CLICK,1,
0,228461,POINT_N_CLICK,1,
0,228496,POINT_N_CLICK,1,
0,228527,POINT_N_CLICK,1,
0,228562,POINT_N_CLICK,1,
0,228595,POINT_N_CLICK,1,
0,228630,POINT_N_CLICK,1,
0,228663,POINT_N_CLICK,1,
0,228697,POINT_N_CLICK,1,
0,228726,POINT_N_CLICK,1,
0,228762,POINT_N_CLICK,1,
0,228795,POINT_N_CLICK,1,
0,228829,POINT_N_CLICK,1,
0,228861,POINT_N_CLICK,1,
0,228896,POINT_N_CLICK,1,
0,228929,POINT_N_CLICK,1,
0,228962,POINT_N_CLICK,1,
0,228996,POINT_N_CLICK,1,
0,229030,POINT_N_CLICK,1,
0,229062,POINT_N_CLICK,1,
0,229093,POINT_N_CLICK,1,
0,229129,POINT_N_CLICK,1,
0,229161,POINT_N_CLICK,1,
0,229196,POINT_N_CLICK,1,
0,229225,POINT_N_CLICK,1,
0,229260,POINT_N_CLICK,1,
0,229296,POINT_N_CLICK,1,
0,229329,POINT_N_CLICK,1,
0,229362,POINT_N_CLICK,1,
0,229395,POINT_N_CLICK,1,
0,229429,POINT_N_CLICK,1,
0,229460,POINT_N_CLICK,1,
0,229496,POINT_N_CLICK,1,
0,229529,POINT_N_CLICK,1,
0,229563,POINT_N_CLICK,1,
0,229596,POINT_N_CLICK,1,
0,229630,POINT_N_CLICK,1,
0,229661,POINT_N_CLICK,1,
0,229696,POINT_N_CLICK,1,
0,229728,POINT_N_CLICK,1,
0,229763,POINT_N_CLICK,1,
0,229796,POINT_N_CLICK,1,
0,229829,POINT_N_CLICK,1,
0,229862,POINT_N_CLICK,1,
0,229897,POINT_N_CLICK,1,
0,229928,POINT_N_CLICK,1,
0,229963,POINT_N_CLICK,1,
0,229995,POINT_N_CLICK,1,
0,230029,POINT_N_CLICK,1,
0,230062,POINT_N_CLICK,1,
0,230096,POINT_N_CLICK,1,
0,230129,POINT_N_CLICK,1,
0,230163,POINT_N_CLICK,1,
0,230196,POINT_N_CLICK,1,
0,230229,POINT_N_CLICK,1,
0,230264,POINT_N_CLICK,1,
0,230294,POINT_N_CLICK,1,
0,230329,POINT_N_CLICK,1,
0,230362,POINT_N_CLICK,1,
0,230395,POINT_N_CLICK,1,
0,230430,POINT_N_CLICK,1,
0,230462,POINT_N_CLICK,1,
0,230496,POINT_N_CLICK,1,
0,230530,POINT_N_CLICK,1,
0,230560,POINT_N_CLICK,1,
0,230596,POINT_N_CLICK,1,
0,230629,POINT_N_CLICK,1,
0,230663,POINT_N_CLICK,1,
0,230696,POINT_N_CLICK,1,
0,230729,POINT_N_CLICK,1,
0,230764,POINT_N_CLICK,1,
0,230794,POINT_N_CLICK,1,
0,230829,POINT_N_CLICK,1,
0,230861,POINT_N_CLICK,1,
0,230896,POINT_N_CLICK,1,
0,230930,POINT_N_CLICK,1,
0,230963,POINT_N_CLICK,1,
0,230996,POINT_N_CLICK,1,
0,231030,POINT_N_CLICK,1,
0,231061,POINT_N_CLICK,1,
0,231095,POINT_N_CLICK,1,
0,231130,POINT_N_CLICK,1,
0,231163,POINT_N_CLICK,1,
0,231196,POINT_N_CLICK,1,
0,231230,POINT_N_CLICK,1,
0,231263,POINT_N_CLICK,1,
0,231296,POINT_N_CLICK,1,
0,231329,POINT_N_CLICK,1,
0,231362,POINT_N_CLICK,1,
0,231395,POINT_N_CLICK,1,
0,231429,POINT_N_CLICK,1,
0,232661,POINT_N_CLICK,2,
0,232696,POINT_N_CLICK,2,
0,232729,POINT_N_CLICK,2,
0,232762,POINT_N_CLICK,2,
0,232797,POINT_N_CLICK,2,
0,232829,POINT_N_CLICK,2,
0,232862,POINT_N_CLICK,2,
0,232896,POINT_N_CLICK,2,
0,232929,POINT_N_CLICK,2,
0,232963,POINT_N_CLICK,2,
0,232997,POINT_N_CLICK,2,
0,233029,POINT_N_CLICK,2,
0,233064,POINT_N_CLICK,2,
0,233095,POINT_N_CLICK,2,
0,233128,POINT_N_CLICK,2,
0,233162,POINT_N_CLICK,2,
0,233196,POINT_N_CLICK,2,
0,233230,POINT_N_CLICK,2,
0,233264,POINT_N_CLICK,2,
0,233296,POINT_N_CLICK,2,
0,233331,POINT_N_CLICK,2,
0,233362,POINT_N_CLICK,2,
0,233395,POINT_N_CLICK,2,
0,233429,POINT_N_CLICK,2,
0,233463,POINT_N_CLICK,2,
0,233496,POINT_N_CLICK,2,
0,233531,POINT_N_CLICK,2,
0,233563,POINT_N_CLICK,2,
0,233597,POINT_N_CLICK,2,
0,233630,POINT_N_CLICK,2,
0,233663,POINT_N_CLICK,2,
0,233695,POINT_N_CLICK,2,
0,233725,POINT_N_CLICK,2,
0,233764,POINT_N_CLICK,2,
0,233797,POINT_N_CLICK,2,
0,233830,POINT_N_CLICK,2,
0,233864,POINT_N_CLICK,2,
0,233897,POINT_N_CLICK,2,
0,233929,POINT_N_CLICK,2,
0,233962,POINT_N_CLICK,2,
0,233995,POINT_N_CLICK,2,
0,234030,POINT_N_CLICK,2,
0,234064,POINT_N_CLICK,2,
0,234097,POINT_N_CLICK,2,
0,234129,POINT_N_CLICK,2,
0,234163,POINT_N_CLICK,2,
0,234196,POINT_N_CLICK,2,
0,234228,POINT_N_CLICK,2,
0,234263,POINT_N_CLICK,2,
0,234296,POINT_N_CLICK,2,
0,234330,POINT_N_CLICK,2,
0,234364,POINT_N_CLICK,2,
0,234397,POINT_N_CLICK,2,
0,234430,POINT_N_CLICK,2,
0,234462,POINT_N_CLICK,2,
0,234496,POINT_N_CLICK,2,
0,234529,POINT_N_CLICK,2,
0,234563,POINT_N_CLICK,2,
0,234597,POINT_N_CLICK,2,
0,234629,POINT_N_CLICK,2,
0,234664,POINT_N_CLICK,2,
0,234696,POINT_N_CLICK,2,
0,234729,POINT_N_CLICK,2,
0,234762,POINT_N_CLICK,2,
0,234796,POINT_N_CLICK,2,
0,234830,POINT_N_CLICK,2,
0,234863,POINT_N_CLICK,2,
0,234898,POINT_N_CLICK,2,
0,234931,POINT_N_CLICK,2,
0,234963,POINT_N_CLICK,2,
0,234996,POINT_N_CLICK,2,
0,235029,POINT_N_CLICK,2,
0,235063,POINT_N_CLICK,2,
0,235096,POINT_N_CLICK,2,
0,235131,POINT_N_CLICK,2,
0,235163,POINT_N_CLICK,2,
0,235197,POINT_N_CLICK,2,
0,235231,POINT_N_CLICK,2,
0,235263,POINT_N_CLICK,2,
0,235296,POINT_N_CLICK,2,
0,235330,POINT_N_CLICK,2,
0,235363,POINT_N_CLICK,2,
0,235398,POINT_N_CLICK,2,
0,235429,POINT_N_CLICK,2,
0,235463,POINT_N_CLICK,2,
0,235498,POINT_N_CLICK,2,
0,235530,POINT_N_CLICK,2,
0,235563,POINT_N_CLICK,2,
0,235595,POINT_N_CLICK,2,
0,235631,POINT_N_CLICK,2,
0,235664,POINT_N_CLICK,2,
0,235696,POINT_N_CLICK,2,
0,235731,POINT_N_CLICK,2,
0,235763,POINT_N_CLICK,2,
0,235798,POINT_N_CLICK,2,
0,235829,POINT_N_CLICK,2,
0,235863,POINT_N_CLICK,2,
0,235896,POINT_N_CLICK,2,
0,235930,POINT_N_CLICK,2,
0,235963,POINT_N_CLICK,2,
0,235996,POINT_N_CLICK,2,
0,236031,POINT_N_CLICK,2,
0,236063,POINT_N_CLICK,2,
0,236098,POINT_N_CLICK,2,
0,236130,POINT_N_CLICK,2,
0,236162,POINT_N_CLICK,2,
0,236197,POINT_N_CLICK,2,
0,236230,POINT_N_CLICK,2,
0,236263,POINT_N_CLICK,2,
0,236296,POINT_N_CLICK,2,
0,236330,POINT_N_CLICK,2,
0,236365,POINT_N_CLICK,2,
0,236396,POINT_N_CLICK,2,
0,236430,POINT_N_CLICK,2,
0,236462,POINT_N_CLICK,2,
0,236497,POINT_N_CLICK,2,
0,236528,POINT_N_CLICK,2,
0,236564,POINT_N_CLICK,2,
0,236597,POINT_N_CLICK,2,
0,236631,POINT_N_CLICK,2,
0,236664,POINT_N_CLICK,2,
0,236698,POINT_N_CLICK,2,
0,236730,POINT_N_CLICK,2,
0,236763,POINT_N_CLICK,2,
0,236796,POINT_N_CLICK,2,
0,236830,POINT_N_CLICK,2,
0,236864,POINT_N_CLICK,2,
0,236896,POINT_N_CLICK,2,
0,236931,POINT_N_CLICK,2,
0,236964,POINT_N_CLICK,2,
0,236998,POINT_N_CLICK,2,
0,237030,POINT_N_CLICK,2,
0,237063,POINT_N_CLICK,2,
0,237096,POINT_N_CLICK,2,
0,237131,POINT_N_CLICK,2,
0,237163,POINT_N_CLICK,2,
0,237197,POINT_N_CLICK,2,
0,237231,POINT_N_CLICK,2,
0,237264,POINT_N_CLICK,2,
0,237298,POINT_N_CLICK,2,
0,237330,POINT_N_CLICK,2,
0,237359,POINT_N_CLICK,2,
0,237392,POINT_N_CLICK,2,
0,237426,POINT_N_CLICK,2,
0,237461,POINT_N_CLICK,2,
0,237498,POINT_N_CLICK,2,
0,237531,POINT_N_CLICK,2,
0,237563,POINT_N_CLICK,2,
0,237597,POINT_N_CLICK,2,
0,237629,POINT_N_CLICK,2,
0,237664,POINT_N_CLICK,2,
0,237697,POINT_N_CLICK,2,
0,237731,POINT_N_CLICK,2,
0,237763,POINT_N_CLICK,2,
0,237794,POINT_N_CLICK,2,
0,237831,POINT_N_CLICK,2,
0,237865,POINT_N_CLICK,2,
0,237896,POINT_N_CLICK,2,
0,237931,POINT_N_CLICK,2,
0,237964,POINT_N_CLICK,2,
0,237995,POINT_N_CLICK,2,
0,238031,POINT_N_CLICK,2,
0,238064,POINT_N_CLICK,2,
0,238098,POINT_N_CLICK,2,
0,238131,POINT_N_CLICK,2,
0,238165,POINT_N_CLICK,2,
0,238197,POINT_N_CLICK,2,
0,238229,POINT_N_CLICK,2,
0,238264,POINT_N_CLICK,2,
0,238297,POINT_N_CLICK,2,
0,238330,POINT_N_CLICK,2,
0,238364,POINT_N_CLICK,2,
0,238398,POINT_N_CLICK,2,
0,238429,POINT_N_CLICK,2,
0,238460,POINT_N_CLICK,2,
0,238494,POINT_N_CLICK,2,
0,238531,POINT_N_CLICK,2,
0,238563,POINT_N_CLICK,2,
0,238596,POINT_N_CLICK,2,
0,238630,POINT_N_CLICK,2,
0,238665,POINT_N_CLICK,2,
0,238697,POINT_N_CLICK,2,
0,238726,POINT_N_CLICK,2,
0,238766,POINT_N_CLICK,2,
0,238797,POINT_N_CLICK,2,
0,238829,POINT_N_CLICK,2,
0,238864,POINT_N_CLICK,2,
0,240195,POINT_N_CLICK,3,
0,240230,POINT_N_CLICK,3,
0,240264,POINT_N_CLICK,3,
0,240296,POINT_N_CLICK,3,
0,240330,POINT_N_CLICK,3,
0,240364,POINT_N_CLICK,3,
0,240397,POINT_N_CLICK,3,
0,240431,POINT_N_CLICK,3,
0,240464,POINT_N_CLICK,3,
0,240499,POINT_N_CLICK,3,
0,240530,POINT_N_CLICK,3,
0,240564,POINT_N_CLICK,3,
0,240597,POINT_N_CLICK,3,
0,240629,POINT_N_CLICK,3,
0,240664,POINT_N_CLICK,3,
0,240698,POINT_N_CLICK,3,
0,240731,POINT_N_CLICK,3,
0,240765,POINT_N_CLICK,3,
0,240798,POINT_N_CLICK,3,
0,240830,POINT_N_CLICK,3,
0,240864,POINT_N_CLICK,3,
0,240897,POINT_N_CLICK,3,
0,240930,POINT_N_CLICK,3,
0,240963,POINT_N_CLICK,3,
0,240998,POINT_N_CLICK,3,
0,241030,POINT_N_CLICK,3,
0,241064,POINT_N_CLICK,3,
0,241099,POINT_N_CLICK,3,
0,241130,POINT_N_CLICK,3,
0,241163,POINT_N_CLICK,3,
0,241197,POINT_N_CLICK,3,
0,241230,POINT_N_CLICK,3,
0,241264,POINT_N_CLICK,3,
0,241298,POINT_N_CLICK,3,
0,241331,POINT_N_CLICK,3,
0,241365,POINT_N_CLICK,3,
0,241398,POINT_N_CLICK,3,
0,241430,POINT_N_CLICK,3,
0,241462,POINT_N_CLICK,3,
0,241497,POINT_N_CLICK,3,
0,241530,POINT_N_CLICK,3,
0,241563,POINT_N_CLICK,3,
0,241598,POINT_N_CLICK,3,
0,241630,POINT_N_CLICK,3,
0,241665,POINT_N_CLICK,3,
0,241698,POINT_N_CLICK,3,
0,241731,POINT_N_CLICK,3,
0,241764,POINT_N_CLICK,3,
0,241797,POINT_N_CLICK,3,
0,241830,POINT_N_CLICK,3,
0,241863,POINT_N_CLICK,3,
0,241898,POINT_N_CLICK,3,
0,241930,POINT_N_CLICK,3,
0,241964,POINT_N_CLICK,3,
0,241998,POINT_N_CLICK,3,
0,242031,POINT_N_CLICK,3,
0,242065,POINT_N_CLICK,3,
0,242098,POINT_N_CLICK,3,
0,242133,POINT_N_CLICK,3,
0,242163,POINT_N_CLICK,3,
0,242197,POINT_N_CLICK,3,
0,242231,POINT_N_CLICK,3,
0,242264,POINT_N_CLICK,3,
0,242297,POINT_N_CLICK,3,
0,242331,POINT_N_CLICK,3,
0,242364,POINT_N_CLICK,3,
0,242397,POINT_N_CLICK,3,
0,242431,POINT_N_CLICK,3,
0,242464,POINT_N_CLICK,3,
0,242497,POINT_N_CLICK,3,
0,242533,POINT_N_CLICK,3,
0,242563,POINT_N_CLICK,3,
0,242595,POINT_N_CLICK,3,
0,242630,POINT_N_CLICK,3,
0,242665,POINT_N_CLICK,3,
0,242698,POINT_N_CLICK,3,
0,242731,POINT_N_CLICK,3,
0,242765,POINT_N_CLICK,3,
0,242799,POINT_N_CLICK,3,
0,242832,POINT_N_CLICK,3,
0,242863,POINT_N_CLICK,3,
0,242899,POINT_N_CLICK,3,
0,242931,POINT_N_CLICK,3,
0,242966,POINT_N_CLICK,3,
0,242997,POINT_N_CLICK,3,
0,243032,POINT_N_CLICK,3,
0,243065,POINT_N_CLICK,3,
0,243099,POINT_N_CLICK,3,
0,243131,POINT_N_CLICK,3,
0,243165,POINT_N_CLICK,3,
0,243199,POINT_N_CLICK,3,
0,243231,POINT_N_CLICK,3,
0,243265,POINT_N_CLICK,3,
0,243300,POINT_N_CLICK,3,
0,243332,POINT_N_CLICK,3,
0,243365,POINT_N_CLICK,3,
0,243400,POINT_N_CLICK,3,
0,243430,POINT_N_CLICK,3,
0,243464,POINT_N_CLICK,3,
0,243498,POINT_N_CLICK,3,
0,243530,POINT_N_CLICK,3,
0,243562,POINT_N_CLICK,3,
0,243598,POINT_N_CLICK,3,
0,243630,POINT_N_CLICK,3,
0,243663,POINT_N_CLICK,3,
0,243698,POINT_N_CLICK,3,
0,243728,POINT_N_CLICK,3,
0,243764,POINT_N_CLICK,3,
0,243798,POINT_N_CLICK,3,
0,243831,POINT_N_CLICK,3,
0,243864,POINT_N_CLICK,3,
0,243898,POINT_N_CLICK,3,
0,243932,POINT_N_CLICK,3,
0,243962,POINT_N_CLICK,3,
0,243996,POINT_N_CLICK,3,
0,244030,POINT_N_CLICK,3,
0,244064,POINT_N_CLICK,3,
0,244096,POINT_N_CLICK,3,
0,244130,POINT_N_CLICK,3,
0,244163,POINT_N_CLICK,3,
0,244197,POINT_N_CLICK,3,
0,244230,POINT_N_CLICK,3,
0,244264,POINT_N_CLICK,3,
0,244297,POINT_N_CLICK,3,
0,244331,POINT_N_CLICK,3,
0,244364,POINT_N_CLICK,3,
0,244397,POINT_N_CLICK,3,
0,244431,POINT_N_CLICK,3,
0,244465,POINT_N_CLICK,3,
0,244495,POINT_N_CLICK,3,
0,244529,POINT_N_CLICK,3,
0,244562,POINT_N_CLICK,3,
0,244596,POINT_N_CLICK,3,
0,244631,POINT_N_CLICK,3,
0,244664,POINT_N_CLICK,3,
0,244696,POINT_N_CLICK,3,
0,244731,POINT_N_CLICK,3,
0,244764,POINT_N_CLICK,3,
0,244797,POINT_N_CLICK,3,
0,244831,POINT_N_CLICK,3,
0,244864,POINT_N_CLICK,3,
0,244897,POINT_N_CLICK,3,
0,244932,POINT_N_CLICK,3,
0,244965,POINT_N_CLICK,3,
0,244997,POINT_N_CLICK,3,
0,245033,POINT_N_CLICK,3,
0,245062,POINT_N_CLICK,3,
0,245096,POINT_N_CLICK,3,
0,245131,POINT_N_CLICK,3,
0,245164,POINT_N_CLICK,3,
0,245197,POINT_N_CLICK,3,
0,245230,POINT_N_CLICK,3,
0,245264,POINT_N_CLICK,3,
0,245298,POINT_N_CLICK,3,
0,245331,POINT_N_CLICK,3,
0,245364,POINT_N_CLICK,3,
0,245397,POINT_N_CLICK,3,
0,245431,POINT_N_CLICK,3,
0,245465,POINT_N_CLICK,3,
0,245498,POINT_N_CLICK,3,
0,245531,POINT_N_CLICK,3,
0,245565,POINT_N_CLICK,3,
0,245598,POINT_N_CLICK,3,
0,245631,POINT_N_CLICK,3,
0,245665,POINT_N_CLICK,3,
0,245699,POINT_N_CLICK,3,
0,245730,POINT_N_CLICK,3,
0,245764,POINT_N_CLICK,3,
0,245797,POINT_N_CLICK,3,
0,245831,POINT_N_CLICK,3,
0,245863,POINT_N_CLICK,3,
0,245898,POINT_N_CLICK,3,
0,245930,POINT_N_CLICK,3,
0,245964,POINT_N_CLICK,3,
0,245998,POINT_N_CLICK,3,
0,246031,POINT_N_CLICK,3,
0,246064,POINT_N_CLICK,3,
0,246098,POINT_N_CLICK,3,
0,246131,POINT_N_CLICK,3,
0,246164,POINT_N_CLICK,3,
0,246198,POINT_N_CLICK,3,
0,246231,POINT_N_CLICK,3,
0,246265,POINT_N_CLICK,3,
0,246298,POINT_N_CLICK,3,
0,246332,POINT_N_CLICK,3,
0,246365,POINT_N_CLICK,3,
0,246398,POINT_N_CLICK,3,
0,246432,POINT_N_CLICK,3,
0,246465,POINT_N_CLICK,3,
0,246499,POINT_N_CLICK,3,
0,246531,POINT_N_CLICK,3,
0,246564,POINT_N_CLICK,3,
0,246596,POINT_N_CLICK,3,
0,246630,POINT_N_CLICK,3,
0,246664,POINT_N_CLICK,3,
0,246697,POINT_N_CLICK,3,
0,247731,POINT_N_CLICK,4,
0,247762,POINT_N_CLICK,4,
0,247798,POINT_N_CLICK,4,
0,247831,POINT_N_CLICK,4,
0,247864,POINT_N_CLICK,4,
0,247897,POINT_N_CLICK,4,
0,247931,POINT_N_CLICK,4,
0,247965,POINT_N_CLICK,4,
0,247998,POINT_N_CLICK,4,
0,248032,POINT_N_CLICK,4,
0,248065,POINT_N_CLICK,4,
0,248098,POINT_N_CLICK,4,
0,248132,POINT_N_CLICK,4,
0,248165,POINT_N_CLICK,4,
0,248199,POINT_N_CLICK,4,
0,248233,POINT_N_CLICK,4,
0,248266,POINT_N_CLICK,4,
0,248300,POINT_N_CLICK,4,
0,248332,POINT_N_CLICK,4,
0,248366,POINT_N_CLICK,4,
0,248399,POINT_N_CLICK,4,
0,248433,POINT_N_CLICK,4,
0,248466,POINT_N_CLICK,4,
0,248499,POINT_N_CLICK,4,
0,248534,POINT_N_CLICK,4,
0,248565,POINT_N_CLICK,4,
0,248599,POINT_N_CLICK,4,
0,248632,POINT_N_CLICK,4,
0,248666,POINT_N_CLICK,4,
0,248699,POINT_N_CLICK,4,
0,248728,POINT_N_CLICK,4,
0,248766,POINT_N_CLICK,4,
0,248799,POINT_N_CLICK,4,
0,248833,POINT_N_CLICK,4,
0,248865,POINT_N_CLICK,4,
0,248896,POINT_N_CLICK,4,
0,248928,POINT_N_CLICK,4,
0,248963,POINT_N_CLICK,4,
0,248998,POINT_N_CLICK,4,
0,249031,POINT_N_CLICK,4,
0,249064,POINT_N_CLICK,4,
0,249097,POINT_N_CLICK,4,
0,249131,POINT_N_CLICK,4,
0,249164,POINT_N_CLICK,4,
0,249197,POINT_N_CLICK,4,
0,249231,POINT_N_CLICK,4,
0,249264,POINT_N_CLICK,4,
0,249297,POINT_N_CLICK,4,
0,249331,POINT_N_CLICK,4,
0,249364,POINT_N_CLICK,4,
0,249398,POINT_N_CLICK,4,
0,249431,POINT_N_CLICK,4,
0,249465,POINT_N_CLICK,4,
0,249496,POINT_N_CLICK,4,
0,249529,POINT_N_CLICK,4,
0,249562,POINT_N_CLICK,4,
0,249596,POINT_N_CLICK,4,
0,249633,POINT_N_CLICK,4,
0,249665,POINT_N_CLICK,4,
0,249699,POINT_N_CLICK,4,
0,249733,POINT_N_CLICK,4,
0,249766,POINT_N_CLICK,4,
0,249799,POINT_N_CLICK,4,
0,249833,POINT_N_CLICK,4,
0,249866,POINT_N_CLICK,4,
0,249900,POINT_N_CLICK,4,
0,249930,POINT_N_CLICK,4,
0,249964,POINT_N_CLICK,4,
0,249998,POINT_N_CLICK,4,
0,250030,POINT_N_CLICK,4,
0,250064,POINT_N_CLICK,4,
0,250097,POINT_N_CLICK,4,
0,250131,POINT_N_CLICK,4,
0,250164,POINT_N_CLICK,4,
0,250198,POINT_N_CLICK,4,
0,250230,POINT_N_CLICK,4,
0,250264,POINT_N_CLICK,4,
0,250297,POINT_N_CLICK,4,
0,250331,POINT_N_CLICK,4,
0,250364,POINT_N_CLICK,4,
0,250398,POINT_N_CLICK,4,
0,250431,POINT_N_CLICK,4,
0,250465,POINT_N_CLICK,4,
0,250498,POINT_N_CLICK,4,
0,250532,POINT_N_CLICK,4,
0,250565,POINT_N_CLICK,4,
0,250599,POINT_N_CLICK,4,
0,250633,POINT_N_CLICK,4,
0,250665,POINT_N_CLICK,4,
0,250700,POINT_N_CLICK,4,
0,250733,POINT_N_CLICK,4,
0,250766,POINT_N_CLICK,4,
0,250799,POINT_N_CLICK,4,
0,250833,POINT_N_CLICK,4,
0,250866,POINT_N_CLICK,4,
0,250900,POINT_N_CLICK,4,
0,250933,POINT_N_CLICK,4,
0,250966,POINT_N_CLICK,4,
0,250999,POINT_N_CLICK,4,
0,251033,POINT_N_CLICK,4,
0,251067,POINT_N_CLICK,4,
0,251099,POINT_N_CLICK,4,
0,251133,POINT_N_CLICK,4,
0,251166,POINT_N_CLICK,4,
0,251200,POINT_N_CLICK,4,
0,251233,POINT_N_CLICK,4,
0,251266,POINT_N_CLICK,4,
0,251300,POINT_N_CLICK,4,
0,251334,POINT_N_CLICK,4,
0,251366,POINT_N_CLICK,4,
0,251399,POINT_N_CLICK,4,
0,251433,POINT_N_CLICK,4,
0,251466,POINT_N_CLICK,4,
0,251500,POINT_N_CLICK,4,
0,251533,POINT_N_CLICK,4,
0,251566,POINT_N_CLICK,4,
0,251600,POINT_N_CLICK,4,
0,251633,POINT_N_CLICK,4,
0,251666,POINT_N_CLICK,4,
0,251700,POINT_N_CLICK,4,
0,251733,POINT_N_CLICK,4,
0,251766,POINT_N_CLICK,4,
0,251799,POINT_N_CLICK,4,
0,251833,POINT_N_CLICK,4,
0,251866,POINT_N_CLICK,4,
0,251899,POINT_N_CLICK,4,
0,251933,POINT_N_CLICK,4,
0,251966,POINT_N_CLICK,4,
0,251999,POINT_N_CLICK,4,
0,252032,POINT_N_CLICK,4,
0,252066,POINT_N_CLICK,4,
0,252100,POINT_N_CLICK,4,
0,252132,POINT_N_CLICK,4,
0,252167,POINT_N_CLICK,4,
0,252200,POINT_N_CLICK,4,
0,252233,POINT_N_CLICK,4,
0,252267,POINT_N_CLICK,4,
0,252300,POINT_N_CLICK,4,
0,252333,POINT_N_CLICK,4,
0,252366,POINT_N_CLICK,4,
0,252399,POINT_N_CLICK,4,
0,252434,POINT_N_CLICK,4,
0,252466,POINT_N_CLICK,4,
0,252500,POINT_N_CLICK,4,
0,252533,POINT_N_CLICK,4,
0,252567,POINT_N_CLICK,4,
0,252599,POINT_N_CLICK,4,
0,252633,POINT_N_CLICK,4,
0,252666,POINT_N_CLICK,4,
0,252700,POINT_N_CLICK,4,
0,252733,POINT_N_CLICK,4,
0,252766,POINT_N_CLICK,4,
0,252800,POINT_N_CLICK,4,
0,252833,POINT_N_CLICK,4,
0,252865,POINT_N_CLICK,4,
0,252900,POINT_N_CLICK,4,
0,252933,POINT_N_CLICK,4,
0,252967,POINT_N_CLICK,4,
0,252999,POINT_N_CLICK,4,
0,253033,POINT_N_CLICK,4,
0,253066,POINT_N_CLICK,4,
0,253100,POINT_N_CLICK,4,
0,253133,POINT_N_CLICK,4,
0,253166,POINT_N_CLICK,4,
0,253200,POINT_N_CLICK,4,
0,253233,POINT_N_CLICK,4,
0,253266,POINT_N_CLICK,4,
0,253300,POINT_N_CLICK,4,
0,253333,POINT_N_CLICK,4,
0,253366,POINT_N_CLICK,4,
0,253400,POINT_N_CLICK,4,
0,253433,POINT_N_CLICK,4,
0,253466,POINT_N_CLICK,4,
0,253500,POINT_N_CLICK,4,
0,253533,POINT_N_CLICK,4,
0,253567,POINT_N_CLICK,4,
0,253600,POINT_N_CLICK,4,
0,253634,POINT_N_CLICK,4,
0,253666,POINT_N_CLICK,4,
0,253700,POINT_N_CLICK,4,
0,253729,POINT_N_CLICK,4,
0,253767,POINT_N_CLICK,4,
0,253799,POINT_N_CLICK,4,
0,253834,POINT_N_CLICK,4,
0,253866,POINT_N_CLICK,4,
0,253899,POINT_N_CLICK,4,
0,253933,POINT_N_CLICK,4,
0,253967,POINT_N_CLICK,4,
0,253996,POINT_N_CLICK,4,
0,254030,POINT_N_CLICK,4,
1,4830,BA_LEFT_CLICK,0,NONE
1,4861,BA_LEFT_CLICK,0,NONE
1,4897,BA_LEFT_CLICK,0,NONE
1,4930,BA_LEFT_CLICK,0,LEFT_PRESS
1,4964,BA_LEFT_CLICK,0,LEFT_PRESS
1,4996,BA_LEFT_CLICK,0,LEFT_PRESS
1,5028,BA_LEFT_CLICK,0,LEFT_PRESS
1,5063,BA_LEFT_CLICK,0,LEFT_PRESS
1,5096,BA_LEFT_CLICK,0,LEFT_PRESS
1,5130,BA_LEFT_CLICK,0,LEFT_PRESS
1,5164,BA_LEFT_CLICK,0,LEFT_PRESS
1,5197,BA_LEFT_CLICK,0,LEFT_PRESS
1,5231,BA_LEFT_CLICK,0,LEFT_PRESS
1,5263,BA_LEFT_CLICK,0,LEFT_PRESS
1,5296,BA_LEFT_CLICK,0,LEFT_PRESS
1,5330,BA_LEFT_CLICK,0,LEFT_PRESS
1,5363,BA_LEFT_CLICK,0,LEFT_PRESS
1,5397,BA_LEFT_CLICK,0,LEFT_PRESS
1,5430,BA_LEFT_CLICK,0,LEFT_PRESS
1,5464,BA_LEFT_CLICK,0,LEFT_PRESS
1,5497,BA_LEFT_CLICK,0,LEFT_PRESS
1,5531,BA_LEFT_CLICK,0,LEFT_PRESS
1,5563,BA_LEFT_CLICK,0,LEFT_PRESS
1,5596,BA_LEFT_CLICK,0,LEFT_PRESS
1,5630,BA_LEFT_CLICK,0,LEFT_PRESS
1,5663,BA_LEFT_CLICK,0,LEFT_PRESS
1,5696,BA_LEFT_CLICK,0,LEFT_PRESS
1,5731,BA_LEFT_CLICK,0,LEFT_PRESS
1,5764,BA_LEFT_CLICK,0,LEFT_PRESS
1,5798,BA_LEFT_CLICK,0,LEFT_PRESS
1,5830,BA_LEFT_CLICK,0,LEFT_PRESS
1,5863,BA_LEFT_CLICK,0,LEFT_PRESS
1,5896,BA_LEFT_CLICK,0,LEFT_PRESS
1,5930,BA_LEFT_CLICK,0,LEFT_PRESS
1,5964,BA_LEFT_CLICK,0,LEFT_PRESS
1,5997,BA_LEFT_CLICK,0,LEFT_PRESS
1,6030,BA_LEFT_CLICK,0,LEFT_PRESS
1,6064,BA_LEFT_CLICK,0,LEFT_PRESS
1,6098,BA_LEFT_CLICK,0,LEFT_PRESS
1,6131,BA_LEFT_CLICK,0,LEFT_PRESS
1,6163,BA_LEFT_CLICK,0,LEFT_PRESS
1,6196,BA_LEFT_CLICK,0,LEFT_PRESS
1,6229,BA_LEFT_CLICK,0,LEFT_PRESS
1,6264,BA_LEFT_CLICK,0,LEFT_PRESS
1,6297,BA_LEFT_CLICK,0,LEFT_PRESS
1,6331,BA_LEFT_CLICK,0,LEFT_PRESS
1,6365,BA_LEFT_CLICK,0,LEFT_PRESS
1,6398,BA_LEFT_CLICK,0,LEFT_PRESS
1,6432,BA_LEFT_CLICK,0,LEFT_PRESS
1,6465,BA_LEFT_CLICK,0,LEFT_PRESS
1,6497,BA_LEFT_CLICK,0,LEFT_PRESS
1,6528,BA_LEFT_CLICK,0,LEFT_PRESS
1,6563,BA_LEFT_CLICK,0,LEFT_PRESS
1,6597,BA_LEFT_CLICK,0,LEFT_PRESS
1,6630,BA_LEFT_CLICK,0,LEFT_PRESS
1,6659,BA_LEFT_CLICK,0,LEFT_PRESS
1,6697,BA_LEFT_CLICK,0,LEFT_PRESS
1,6730,BA_LEFT_CLICK,0,LEFT_PRESS
1,6765,BA_LEFT_CLICK,0,LEFT_PRESS
1,6799,BA_LEFT_CLICK,0,LEFT_PRESS
1,6829,BA_LEFT_CLICK,0,LEFT_PRESS
1,6864,BA_LEFT_CLICK,0,LEFT_PRESS
1,6897,BA_LEFT_CLICK,0,LEFT_PRESS
1,6930,BA_LEFT_CLICK,0,LEFT_PRESS
1,6964,BA_LEFT_CLICK,0,LEFT_PRESS
1,6997,BA_LEFT_CLICK,0,LEFT_PRESS
1,7031,BA_LEFT_CLICK,0,LEFT_PRESS
1,7064,BA_LEFT_CLICK,0,LEFT_PRESS
1,7097,BA_LEFT_CLICK,0,LEFT_PRESS
1,7130,BA_LEFT_CLICK,0,LEFT_PRESS
1,7163,BA_LEFT_CLICK,0,LEFT_PRESS
1,7197,BA_LEFT_CLICK,0,LEFT_PRESS
1,7231,BA_LEFT_CLICK,0,LEFT_PRESS
1,7264,BA_LEFT_CLICK,0,LEFT_PRESS
1,7298,BA_LEFT_CLICK,0,LEFT_PRESS
1,7332,BA_LEFT_CLICK,0,LEFT_PRESS
1,7363,BA_LEFT_CLICK,0,LEFT_PRESS
1,7398,BA_LEFT_CLICK,0,LEFT_PRESS
1,7430,BA_LEFT_CLICK,0,LEFT_PRESS
1,7463,BA_LEFT_CLICK,0,LEFT_PRESS
1,7497,BA_LEFT_CLICK,0,LEFT_RELEASE
1,7531,BA_LEFT_CLICK,0,LEFT_RELEASE
1,7562,BA_LEFT_CLICK,0,LEFT_RELEASE
1,7595,BA_LEFT_CLICK,0,LEFT_RELEASE
1,7631,BA_LEFT_CLICK,0,LEFT_RELEASE
1,7664,BA_LEFT_CLICK,0,LEFT_RELEASE
1,7695,BA_LEFT_CLICK,0,LEFT_PRESS
1,7729,BA_LEFT_CLICK,0,LEFT_PRESS
1,7763,BA_LEFT_CLICK,0,LEFT_PRESS
1,7798,BA_LEFT_CLICK,0,LEFT_PRESS
1,7829,BA_LEFT_CLICK,0,LEFT_PRESS
1,7863,BA_LEFT_CLICK,0,LEFT_PRESS
1,7897,BA_LEFT_CLICK,0,LEFT_PRESS
1,7932,BA_LEFT_CLICK,0,LEFT_PRESS
1,7965,BA_LEFT_CLICK,0,LEFT_PRESS
1,7998,BA_LEFT_CLICK,0,LEFT_PRESS
1,8032,BA_LEFT_CLICK,0,LEFT_PRESS
1,8063,BA_LEFT_CLICK,0,LEFT_PRESS
1,8095,BA_LEFT_CLICK,0,LEFT_PRESS
1,9064,BA_LEFT_CLICK,1,NONE
1,9097,BA_LEFT_CLICK,1,LEFT_RELEASE
1,9131,BA_LEFT_CLICK,1,NONE
1,9165,BA_LEFT_CLICK,1,NONE
1,9197,BA_LEFT_CLICK,1,NONE
1,9228,BA_LEFT_CLICK,1,NONE
1,9260,BA_LEFT_CLICK,1,NONE
1,9297,BA_LEFT_CLICK,1,NONE
1,9330,BA_LEFT_CLICK,1,NONE
1,9364,BA_LEFT_CLICK,1,NONE
1,9399,BA_LEFT_CLICK,1,NONE
1,9432,BA_LEFT_CLICK,1,NONE
1,9465,BA_LEFT_CLICK,1,NONE
1,9499,BA_LEFT_CLICK,1,NONE
1,9530,BA_LEFT_CLICK,1,NONE
1,9564,BA_LEFT_CLICK,1,NONE
1,9597,BA_LEFT_CLICK,1,NONE
1,9631,BA_LEFT_CLICK,1,NONE
1,9664,BA_LEFT_CLICK,1,NONE
1,9697,BA_LEFT_CLICK,1,NONE
1,9732,BA_LEFT_CLICK,1,NONE
1,9763,BA_LEFT_CLICK,1,NONE
1,9797,BA_LEFT_CLICK,1,NONE
1,9829,BA_LEFT_CLICK,1,NONE
1,9864,BA_LEFT_CLICK,1,NONE
1,9897,BA_LEFT_CLICK,1,NONE
1,9932,BA_LEFT_CLICK,1,NONE
1,9964,BA_LEFT_CLICK,1,NONE
1,9998,BA_LEFT_CLICK,1,NONE
1,10030,BA_LEFT_CLICK,1,NONE
1,10064,BA_LEFT_CLICK,1,NONE
1,10096,BA_LEFT_CLICK,1,NONE
1,10131,BA_LEFT_CLICK,1,NONE
1,10164,BA_LEFT_CLICK,1,NONE
1,10197,BA_LEFT_CLICK,1,NONE
1,10232,BA_LEFT_CLICK,1,NONE
1,10265,BA_LEFT_CLICK,1,LEFT_PRESS
1,10297,BA_LEFT_CLICK,1,LEFT_PRESS
1,10330,BA_LEFT_CLICK,1,LEFT_PRESS
1,10364,BA_LEFT_CLICK,1,LEFT_PRESS
1,10397,BA_LEFT_CLICK,1,LEFT_PRESS
1,10431,BA_LEFT_CLICK,1,LEFT_PRESS
1,10465,BA_LEFT_CLICK,1,LEFT_PRESS
1,10499,BA_LEFT_CLICK,1,LEFT_PRESS
1,10531,BA_LEFT_CLICK,1,LEFT_PRESS
1,10564,BA_LEFT_CLICK,1,LEFT_PRESS
1,10597,BA_LEFT_CLICK,1,LEFT_PRESS
1,10631,BA_LEFT_CLICK,1,LEFT_PRESS
1,10664,BA_LEFT_CLICK,1,LEFT_PRESS
1,10697,BA_LEFT_CLICK,1,LEFT_RELEASE
1,10731,BA_LEFT_CLICK,1,LEFT_RELEASE
1,10766,BA_LEFT_CLICK,1,LEFT_RELEASE
1,10798,BA_LEFT_CLICK,1,LEFT_RELEASE
1,10831,BA_LEFT_CLICK,1,LEFT_RELEASE
1,10863,BA_LEFT_CLICK,1,LEFT_RELEASE
1,10898,BA_LEFT_CLICK,1,LEFT_RELEASE
1,10930,BA_LEFT_CLICK,1,LEFT_RELEASE
1,10965,BA_LEFT_CLICK,1,LEFT_RELEASE
1,10997,BA_LEFT_CLICK,1,NONE
1,11031,BA_LEFT_CLICK,1,NONE
1,11065,BA_LEFT_CLICK,1,NONE
1,11098,BA_LEFT_CLICK,1,NONE
1,11130,BA_LEFT_CLICK,1,NONE
1,11164,BA_LEFT_CLICK,1,NONE
1,11998,BA_LEFT_CLICK,2,NONE
1,12030,BA_LEFT_CLICK,2,LEFT_PRESS
1,12064,BA_LEFT_CLICK,2,LEFT_PRESS
1,12097,BA_LEFT_CLICK,2,LEFT_PRESS
1,12131,BA_LEFT_CLICK,2,LEFT_PRESS
1,12165,BA_LEFT_CLICK,2,LEFT_PRESS
1,12198,BA_LEFT_CLICK,2,LEFT_PRESS
1,12231,BA_LEFT_CLICK,2,LEFT_PRESS
1,12266,BA_LEFT_CLICK,2,LEFT_PRESS
1,12298,BA_LEFT_CLICK,2,LEFT_PRESS
1,12332,BA_LEFT_CLICK,2,LEFT_PRESS
1,12365,BA_LEFT_CLICK,2,LEFT_PRESS
1,12397,BA_LEFT_CLICK,2,LEFT_PRESS
1,12432,BA_LEFT_CLICK,2,LEFT_PRESS
1,12463,BA_LEFT_CLICK,2,NONE
1,12497,BA_LEFT_CLICK,2,NONE
1,12531,BA_LEFT_CLICK,2,NONE
1,12563,BA_LEFT_CLICK,2,NONE
1,12599,BA_LEFT_CLICK,2,NONE
1,12631,BA_LEFT_CLICK,2,NONE
1,12666,BA_LEFT_CLICK,2,NONE
1,12698,BA_LEFT_CLICK,2,NONE
1,12731,BA_LEFT_CLICK,2,NONE
1,12764,BA_LEFT_CLICK,2,NONE
1,12797,BA_LEFT_CLICK,2,NONE
1,12830,BA_LEFT_CLICK,2,NONE
1,12864,BA_LEFT_CLICK,2,NONE
1,12898,BA_LEFT_CLICK,2,NONE
1,12932,BA_LEFT_CLICK,2,NONE
1,12966,BA_LEFT_CLICK,2,NONE
1,13000,BA_LEFT_CLICK,2,NONE
1,13029,BA_LEFT_CLICK,2,NONE
1,13064,BA_LEFT_CLICK,2,NONE
1,13097,BA_LEFT_CLICK,2,NONE
1,13130,BA_LEFT_CLICK,2,NONE
1,13165,BA_LEFT_CLICK,2,NONE
1,13198,BA_LEFT_CLICK,2,NONE
1,13232,BA_LEFT_CLICK,2,NONE
1,13265,BA_LEFT_CLICK,2,NONE
1,13297,BA_LEFT_CLICK,2,NONE
1,13330,BA_LEFT_CLICK,2,NONE
1,13364,BA_LEFT_CLICK,2,NONE
1,13397,BA_LEFT_CLICK,2,NONE
1,13432,BA_LEFT_CLICK,2,NONE
1,13464,BA_LEFT_CLICK,2,NONE
1,13499,BA_LEFT_CLICK,2,NONE
1,13532,BA_LEFT_CLICK,2,NONE
1,13566,BA_LEFT_CLICK,2,NONE
1,13599,BA_LEFT_CLICK,2,NONE
1,13630,BA_LEFT_CLICK,2,NONE
1,13664,BA_LEFT_CLICK,2,NONE
1,13698,BA_LEFT_CLICK,2,NONE
1,13731,BA_LEFT_CLICK,2,NONE
1,13764,BA_LEFT_CLICK,2,NONE
1,13798,BA_LEFT_CLICK,2,NONE
1,13832,BA_LEFT_CLICK,2,NONE
1,13864,BA_LEFT_CLICK,2,NONE
1,13899,BA_LEFT_CLICK,2,NONE
1,13930,BA_LEFT_CLICK,2,NONE
1,13964,BA_LEFT_CLICK,2,NONE
1,13998,BA_LEFT_CLICK,2,NONE
1,14031,BA_LEFT_CLICK,2,LEFT_PRESS
1,14064,BA_LEFT_CLICK,2,LEFT_PRESS
1,14098,BA_LEFT_CLICK,2,LEFT_PRESS
1,14132,BA_LEFT_CLICK,2,LEFT_PRESS
1,14165,BA_LEFT_CLICK,2,LEFT_PRESS
1,14199,BA_LEFT_CLICK,2,LEFT_PRESS
1,14230,BA_LEFT_CLICK,2,LEFT_PRESS
1,14264,BA_LEFT_CLICK,2,LEFT_PRESS
1,14298,BA_LEFT_CLICK,2,LEFT_PRESS
1,14330,BA_LEFT_CLICK,2,LEFT_RELEASE
1,14365,BA_LEFT_CLICK,2,LEFT_RELEASE
1,14396,BA_LEFT_CLICK,2,LEFT_RELEASE
1,14432,BA_LEFT_CLICK,2,LEFT_RELEASE
1,14465,BA_LEFT_CLICK,2,LEFT_RELEASE
1,14499,BA_LEFT_CLICK,2,LEFT_RELEASE
1,14530,BA_LEFT_CLICK,2,LEFT_RELEASE
1,14564,BA_LEFT_CLICK,2,LEFT_RELEASE
1,14597,BA_LEFT_CLICK,2,NONE
1,14632,BA_LEFT_CLICK,2,NONE
1,14665,BA_LEFT_CLICK,2,NONE
1,14699,BA_LEFT_CLICK,2,NONE
1,14732,BA_LEFT_CLICK,2,NONE
1,14766,BA_LEFT_CLICK,2,NONE
1,14797,BA_LEFT_CLICK,2,NONE
1,14831,BA_LEFT_CLICK,2,NONE
1,14865,BA_LEFT_CLICK,2,NONE
1,14897,BA_LEFT_CLICK,2,NONE
1,14932,BA_LEFT_CLICK,2,NONE
1,14965,BA_LEFT_CLICK,2,NONE
1,15566,BA_LEFT_CLICK,3,NONE
1,15597,BA_LEFT_CLICK,3,LEFT_PRESS
1,15631,BA_LEFT_CLICK,3,LEFT_PRESS
1,15664,BA_LEFT_CLICK,3,LEFT_PRESS
1,15697,BA_LEFT_CLICK,3,NONE
1,15732,BA_LEFT_CLICK,3,NONE
1,15764,BA_LEFT_CLICK,3,NONE
1,15799,BA_LEFT_CLICK,3,NONE
1,15832,BA_LEFT_CLICK,3,NONE
1,15866,BA_LEFT_CLICK,3,NONE
1,15898,BA_LEFT_CLICK,3,NONE
1,15933,BA_LEFT_CLICK,3,NONE
1,15963,BA_LEFT_CLICK,3,NONE
1,15998,BA_LEFT_CLICK,3,NONE
1,16031,BA_LEFT_CLICK,3,NONE
1,16064,BA_LEFT_CLICK,3,NONE
1,16099,BA_LEFT_CLICK,3,NONE
1,16132,BA_LEFT_CLICK,3,NONE
1,16165,BA_LEFT_CLICK,3,NONE
1,16199,BA_LEFT_CLICK,3,NONE
1,16233,BA_LEFT_CLICK,3,NONE
1,16263,BA_LEFT_CLICK,3,NONE
1,16297,BA_LEFT_CLICK,3,NONE
1,16332,BA_LEFT_CLICK,3,NONE
1,16365,BA_LEFT_CLICK,3,NONE
1,16399,BA_LEFT_CLICK,3,NONE
1,16430,BA_LEFT_CLICK,3,NONE
1,16465,BA_LEFT_CLICK,3,LEFT_PRESS
1,16498,BA_LEFT_CLICK,3,LEFT_PRESS
1,16530,BA_LEFT_CLICK,3,LEFT_PRESS
1,16564,BA_LEFT_CLICK,3,LEFT_PRESS
1,16598,BA_LEFT_CLICK,3,LEFT_PRESS
1,16632,BA_LEFT_CLICK,3,LEFT_PRESS
1,16661,BA_LEFT_CLICK,3,LEFT_PRESS
1,16699,BA_LEFT_CLICK,3,LEFT_PRESS
1,16731,BA_LEFT_CLICK,3,LEFT_PRESS
1,16766,BA_LEFT_CLICK,3,LEFT_PRESS
1,16797,BA_LEFT_CLICK,3,LEFT_PRESS
1,16830,BA_LEFT_CLICK,3,LEFT_PRESS
1,16866,BA_LEFT_CLICK,3,LEFT_PRESS
1,16897,BA_LEFT_CLICK,3,LEFT_PRESS
1,16930,BA_LEFT_CLICK,3,LEFT_PRESS
1,16966,BA_LEFT_CLICK,3,LEFT_PRESS
1,16998,BA_LEFT_CLICK,3,LEFT_PRESS
1,17033,BA_LEFT_CLICK,3,LEFT_PRESS
1,17066,BA_LEFT_CLICK,3,LEFT_PRESS
1,17097,BA_LEFT_CLICK,3,LEFT_PRESS
1,17130,BA_LEFT_CLICK,3,LEFT_PRESS
1,17165,BA_LEFT_CLICK,3,LEFT_PRESS
1,17199,BA_LEFT_CLICK,3,LEFT_RELEASE
1,17232,BA_LEFT_CLICK,3,LEFT_RELEASE
1,17265,BA_LEFT_CLICK,3,LEFT_RELEASE
1,17299,BA_LEFT_CLICK,3,LEFT_RELEASE
1,17331,BA_LEFT_CLICK,3,LEFT_RELEASE
1,17367,BA_LEFT_CLICK,3,LEFT_RELEASE
1,17398,BA_LEFT_CLICK,3,LEFT_RELEASE
1,17432,BA_LEFT_CLICK,3,LEFT_RELEASE
1,17463,BA_LEFT_CLICK,3,LEFT_RELEASE
1,17497,BA_LEFT_CLICK,3,NONE
1,17530,BA_LEFT_CLICK,3,NONE
1,17566,BA_LEFT_CLICK,3,NONE
1,17599,BA_LEFT_CLICK,3,NONE
1,17631,BA_LEFT_CLICK,3,NONE
1,17666,BA_LEFT_CLICK,3,NONE
1,17699,BA_LEFT_CLICK,3,NONE
1,17732,BA_LEFT_CLICK,3,NONE
1,17770,BA_LEFT_CLICK,3,NONE
1,17802,BA_LEFT_CLICK,3,NONE
1,17832,BA_LEFT_CLICK,3,NONE
1,17863,BA_LEFT_CLICK,3,NONE
1,17897,BA_LEFT_CLICK,3,NONE
1,17932,BA_LEFT_CLICK,3,NONE
1,17964,BA_LEFT_CLICK,3,NONE
1,18730,BA_LEFT_CLICK,4,NONE
1,18765,BA_LEFT_CLICK,4,LEFT_PRESS
1,18798,BA_LEFT_CLICK,4,LEFT_PRESS
1,18830,BA_LEFT_CLICK,4,LEFT_PRESS
1,18865,BA_LEFT_CLICK,4,NONE
1,18899,BA_LEFT_CLICK,4,NONE
1,18932,BA_LEFT_CLICK,4,NONE
1,18966,BA_LEFT_CLICK,4,NONE
1,18997,BA_LEFT_CLICK,4,NONE
1,19032,BA_LEFT_CLICK,4,NONE
1,19065,BA_LEFT_CLICK,4,NONE
1,19097,BA_LEFT_CLICK,4,NONE
1,19132,BA_LEFT_CLICK,4,NONE
1,19166,BA_LEFT_CLICK,4,NONE
1,19198,BA_LEFT_CLICK,4,NONE
1,19233,BA_LEFT_CLICK,4,NONE
1,19266,BA_LEFT_CLICK,4,NONE
1,19299,BA_LEFT_CLICK,4,NONE
1,19333,BA_LEFT_CLICK,4,NONE
1,19366,BA_LEFT_CLICK,4,NONE
1,19400,BA_LEFT_CLICK,4,NONE
1,19430,BA_LEFT_CLICK,4,NONE
1,19466,BA_LEFT_CLICK,4,NONE
1,19497,BA_LEFT_CLICK,4,NONE
1,19532,BA_LEFT_CLICK,4,NONE
1,19565,BA_LEFT_CLICK,4,NONE
1,19599,BA_LEFT_CLICK,4,LEFT_PRESS
1,19632,BA_LEFT_CLICK,4,LEFT_PRESS
1,19666,BA_LEFT_CLICK,4,LEFT_PRESS
1,19699,BA_LEFT_CLICK,4,LEFT_PRESS
1,19733,BA_LEFT_CLICK,4,LEFT_PRESS
1,19766,BA_LEFT_CLICK,4,LEFT_PRESS
1,19800,BA_LEFT_CLICK,4,LEFT_PRESS
1,19832,BA_LEFT_CLICK,4,LEFT_PRESS
1,19866,BA_LEFT_CLICK,4,LEFT_PRESS
1,19897,BA_LEFT_CLICK,4,LEFT_PRESS
1,19932,BA_LEFT_CLICK,4,LEFT_RELEASE
1,19965,BA_LEFT_CLICK,4,LEFT_RELEASE
1,19999,BA_LEFT_CLICK,4,LEFT_RELEASE
1,20032,BA_LEFT_CLICK,4,LEFT_RELEASE
1,20066,BA_LEFT_CLICK,4,LEFT_RELEASE
1,20099,BA_LEFT_CLICK,4,LEFT_RELEASE
1,20132,BA_LEFT_CLICK,4,LEFT_RELEASE
1,20165,BA_LEFT_CLICK,4,NONE
1,20199,BA_LEFT_CLICK,4,NONE
1,20233,BA_LEFT_CLICK,4,NONE
1,20266,BA_LEFT_CLICK,4,NONE
1,20299,BA_LEFT_CLICK,4,NONE
1,20334,BA_LEFT_CLICK,4,NONE
1,20363,BA_LEFT_CLICK,4,NONE
1,20399,BA_LEFT_CLICK,4,NONE
1,20432,BA_LEFT_CLICK,4,NONE
1,20465,BA_LEFT_CLICK,4,NONE
1,20499,BA_LEFT_CLICK,4,NONE
1,20532,BA_LEFT_CLICK,4,NONE
1,20564,BA_LEFT_CLICK,4,NONE
1,20599,BA_LEFT_CLICK,4,NONE
1,20632,BA_LEFT_CLICK,4,NONE
1,20666,BA_LEFT_CLICK,4,NONE
1,20698,BA_LEFT_CLICK,4,NONE
1,20733,BA_LEFT_CLICK,4,NONE
1,20766,BA_LEFT_CLICK,4,NONE
1,20799,BA_LEFT_CLICK,4,NONE
1,20833,BA_LEFT_CLICK,4,NONE
1,20867,BA_LEFT_CLICK,4,NONE
1,20899,BA_LEFT_CLICK,4,NONE
1,20932,BA_LEFT_CLICK,4,NONE
1,22197,BA_LEFT_CLICK,5,NONE
1,22232,BA_LEFT_CLICK,5,NONE
1,22265,BA_LEFT_CLICK,5,NONE
1,22298,BA_LEFT_CLICK,5,NONE
1,22332,BA_LEFT_CLICK,5,NONE
1,22366,BA_LEFT_CLICK,5,NONE
1,22395,BA_LEFT_CLICK,5,NONE
1,22433,BA_LEFT_CLICK,5,NONE
1,22465,BA_LEFT_CLICK,5,NONE
1,22499,BA_LEFT_CLICK,5,NONE
1,22532,BA_LEFT_CLICK,5,NONE
1,22566,BA_LEFT_CLICK,5,NONE
1,22599,BA_LEFT_CLICK,5,NONE
1,22632,BA_LEFT_CLICK,5,NONE
1,22666,BA_LEFT_CLICK,5,NONE
1,22700,BA_LEFT_CLICK,5,NONE
1,22732,BA_LEFT_CLICK,5,NONE
1,22764,BA_LEFT_CLICK,5,NONE
1,22797,BA_LEFT_CLICK,5,NONE
1,22832,BA_LEFT_CLICK,5,NONE
1,22865,BA_LEFT_CLICK,5,NONE
1,22899,BA_LEFT_CLICK,5,NONE
1,22932,BA_LEFT_CLICK,5,NONE
1,22965,BA_LEFT_CLICK,5,NONE
1,22998,BA_LEFT_CLICK,5,NONE
1,23032,BA_LEFT_CLICK,5,NONE
1,23065,BA_LEFT_CLICK,5,NONE
1,23099,BA_LEFT_CLICK,5,NONE
1,23132,BA_LEFT_CLICK,5,NONE
1,23166,BA_LEFT_CLICK,5,NONE
1,23199,BA_LEFT_CLICK,5,NONE
1,23233,BA_LEFT_CLICK,5,NONE
1,23265,BA_LEFT_CLICK,5,NONE
1,23300,BA_LEFT_CLICK,5,NONE
1,23334,BA_LEFT_CLICK,5,NONE
1,23366,BA_LEFT_CLICK,5,LEFT_PRESS
1,23399,BA_LEFT_CLICK,5,LEFT_PRESS
1,23434,BA_LEFT_CLICK,5,LEFT_PRESS
1,23463,BA_LEFT_CLICK,5,LEFT_PRESS
1,23498,BA_LEFT_CLICK,5,LEFT_PRESS
1,23532,BA_LEFT_CLICK,5,LEFT_PRESS
1,23565,BA_LEFT_CLICK,5,LEFT_PRESS
1,23598,BA_LEFT_CLICK,5,LEFT_PRESS
1,23632,BA_LEFT_CLICK,5,LEFT_PRESS
1,23666,BA_LEFT_CLICK,5,LEFT_PRESS
1,23698,BA_LEFT_CLICK,5,LEFT_PRESS
1,23732,BA_LEFT_CLICK,5,LEFT_PRESS
1,23766,BA_LEFT_CLICK,5,LEFT_PRESS
1,23799,BA_LEFT_CLICK,5,LEFT_PRESS
1,23832,BA_LEFT_CLICK,5,LEFT_RELEASE
1,23866,BA_LEFT_CLICK,5,LEFT_RELEASE
1,23899,BA_LEFT_CLICK,5,LEFT_RELEASE
1,23933,BA_LEFT_CLICK,5,LEFT_RELEASE
1,23966,BA_LEFT_CLICK,5,LEFT_RELEASE
1,23999,BA_LEFT_CLICK,5,LEFT_RELEASE
1,24032,BA_LEFT_CLICK,5,LEFT_RELEASE
1,24066,BA_LEFT_CLICK,5,LEFT_RELEASE
1,24100,BA_LEFT_CLICK,5,LEFT_RELEASE
1,24134,BA_LEFT_CLICK,5,LEFT_RELEASE
1,24167,BA_LEFT_CLICK,5,LEFT_RELEASE
1,24200,BA_LEFT_CLICK,5,LEFT_RELEASE
1,24232,BA_LEFT_CLICK,5,LEFT_PRESS
1,24267,BA_LEFT_CLICK,5,LEFT_PRESS
1,24300,BA_LEFT_CLICK,5,LEFT_PRESS
1,24333,BA_LEFT_CLICK,5,LEFT_PRESS
1,24367,BA_LEFT_CLICK,5,LEFT_PRESS
1,26099,BA_LEFT_CLICK,6,NONE
1,26132,BA_LEFT_CLICK,6,NONE
1,26167,BA_LEFT_CLICK,6,NONE
1,26200,BA_LEFT_CLICK,6,NONE
1,26233,BA_LEFT_CLICK,6,NONE
1,26268,BA_LEFT_CLICK,6,NONE
1,26300,BA_LEFT_CLICK,6,NONE
1,26334,BA_LEFT_CLICK,6,NONE
1,26368,BA_LEFT_CLICK,6,NONE
1,26400,BA_LEFT_CLICK,6,NONE
1,26434,BA_LEFT_CLICK,6,NONE
1,26469,BA_LEFT_CLICK,6,NONE
1,26503,BA_LEFT_CLICK,6,NONE
1,26533,BA_LEFT_CLICK,6,NONE
1,26567,BA_LEFT_CLICK,6,NONE
1,26600,BA_LEFT_CLICK,6,NONE
1,26633,BA_LEFT_CLICK,6,NONE
1,26663,BA_LEFT_CLICK,6,NONE
1,26701,BA_LEFT_CLICK,6,NONE
1,26733,BA_LEFT_CLICK,6,NONE
1,26767,BA_LEFT_CLICK,6,NONE
1,26799,BA_LEFT_CLICK,6,NONE
1,26834,BA_LEFT_CLICK,6,NONE
1,26866,BA_LEFT_CLICK,6,NONE
1,26901,BA_LEFT_CLICK,6,NONE
1,26934,BA_LEFT_CLICK,6,NONE
1,26967,BA_LEFT_CLICK,6,NONE
1,27003,BA_LEFT_CLICK,6,NONE
1,27033,BA_LEFT_CLICK,6,NONE
1,27067,BA_LEFT_CLICK,6,NONE
1,27100,BA_LEFT_CLICK,6,NONE
1,27134,BA_LEFT_CLICK,6,NONE
1,27167,BA_LEFT_CLICK,6,NONE
1,27200,BA_LEFT_CLICK,6,NONE
1,27234,BA_LEFT_CLICK,6,NONE
1,27267,BA_LEFT_CLICK,6,NONE
1,27300,BA_LEFT_CLICK,6,LEFT_PRESS
1,27334,BA_LEFT_CLICK,6,LEFT_PRESS
1,27367,BA_LEFT_CLICK,6,LEFT_PRESS
1,27400,BA_LEFT_CLICK,6,LEFT_PRESS
1,27436,BA_LEFT_CLICK,6,LEFT_PRESS
1,27466,BA_LEFT_CLICK,6,LEFT_PRESS
1,27500,BA_LEFT_CLICK,6,LEFT_PRESS
1,27534,BA_LEFT_CLICK,6,LEFT_PRESS
1,27567,BA_LEFT_CLICK,6,LEFT_PRESS
1,27600,BA_LEFT_CLICK,6,LEFT_PRESS
1,27635,BA_LEFT_CLICK,6,LEFT_PRESS
1,27663,BA_LEFT_CLICK,6,LEFT_RELEASE
1,27699,BA_LEFT_CLICK,6,LEFT_RELEASE
1,27732,BA_LEFT_CLICK,6,LEFT_RELEASE
1,27765,BA_LEFT_CLICK,6,LEFT_RELEASE
1,27799,BA_LEFT_CLICK,6,LEFT_RELEASE
1,27833,BA_LEFT_CLICK,6,LEFT_RELEASE
1,27865,BA_LEFT_CLICK,6,LEFT_RELEASE
1,27898,BA_LEFT_CLICK,6,LEFT_RELEASE
1,27933,BA_LEFT_CLICK,6,NONE
1,27966,BA_LEFT_CLICK,6,NONE
1,27999,BA_LEFT_CLICK,6,NONE
1,28033,BA_LEFT_CLICK,6,NONE
1,28066,BA_LEFT_CLICK,6,NONE
1,28100,BA_LEFT_CLICK,6,NONE
1,28134,BA_LEFT_CLICK,6,NONE
1,28166,BA_LEFT_CLICK,6,NONE
1,29134,BA_LEFT_CLICK,7,NONE
1,29166,BA_LEFT_CLICK,7,NONE
1,29203,BA_LEFT_CLICK,7,NONE
1,29233,BA_LEFT_CLICK,7,NONE
1,29268,BA_LEFT_CLICK,7,NONE
1,29301,BA_LEFT_CLICK,7,NONE
1,29334,BA_LEFT_CLICK,7,NONE
1,29369,BA_LEFT_CLICK,7,NONE
1,29400,BA_LEFT_CLICK,7,NONE
1,29436,BA_LEFT_CLICK,7,NONE
1,29470,BA_LEFT_CLICK,7,NONE
1,29500,BA_LEFT_CLICK,7,NONE
1,29537,BA_LEFT_CLICK,7,NONE
1,29566,BA_LEFT_CLICK,7,NONE
1,29603,BA_LEFT_CLICK,7,NONE
1,29633,BA_LEFT_CLICK,7,NONE
1,29669,BA_LEFT_CLICK,7,NONE
1,29700,BA_LEFT_CLICK,7,NONE
1,29735,BA_LEFT_CLICK,7,NONE
1,29766,BA_LEFT_CLICK,7,NONE
1,29801,BA_LEFT_CLICK,7,NONE
1,29834,BA_LEFT_CLICK,7,NONE
1,29868,BA_LEFT_CLICK,7,NONE
1,29901,BA_LEFT_CLICK,7,NONE
1,29934,BA_LEFT_CLICK,7,NONE
1,29966,BA_LEFT_CLICK,7,NONE
1,30001,BA_LEFT_CLICK,7,NONE
1,30036,BA_LEFT_CLICK,7,NONE
1,30067,BA_LEFT_CLICK,7,NONE
1,30101,BA_LEFT_CLICK,7,NONE
1,30135,BA_LEFT_CLICK,7,NONE
1,30167,BA_LEFT_CLICK,7,NONE
1,30201,BA_LEFT_CLICK,7,NONE
1,30234,BA_LEFT_CLICK,7,NONE
1,30267,BA_LEFT_CLICK,7,NONE
1,30302,BA_LEFT_CLICK,7,NONE
1,30333,BA_LEFT_CLICK,7,LEFT_PRESS
1,30370,BA_LEFT_CLICK,7,LEFT_PRESS
1,30399,BA_LEFT_CLICK,7,LEFT_PRESS
1,30436,BA_LEFT_CLICK,7,LEFT_PRESS
1,30466,BA_LEFT_CLICK,7,LEFT_PRESS
1,30503,BA_LEFT_CLICK,7,LEFT_PRESS
1,30533,BA_LEFT_CLICK,7,NONE
1,30570,BA_LEFT_CLICK,7,NONE
1,30600,BA_LEFT_CLICK,7,NONE
1,30636,BA_LEFT_CLICK,7,NONE
1,30666,BA_LEFT_CLICK,7,NONE
1,30700,BA_LEFT_CLICK,7,NONE
1,30734,BA_LEFT_CLICK,7,LEFT_PRESS
1,30768,BA_LEFT_CLICK,7,LEFT_PRESS
1,30800,BA_LEFT_CLICK,7,LEFT_PRESS
1,30836,BA_LEFT_CLICK,7,LEFT_PRESS
1,30866,BA_LEFT_CLICK,7,LEFT_PRESS
1,30901,BA_LEFT_CLICK,7,LEFT_PRESS
1,30936,BA_LEFT_CLICK,7,LEFT_PRESS
1,30966,BA_LEFT_CLICK,7,LEFT_PRESS
1,31002,BA_LEFT_CLICK,7,LEFT_PRESS
1,31033,BA_LEFT_CLICK,7,LEFT_PRESS
1,31069,BA_LEFT_CLICK,7,LEFT_PRESS
1,31100,BA_LEFT_CLICK,7,LEFT_RELEASE
1,31137,BA_LEFT_CLICK,7,LEFT_RELEASE
1,31166,BA_LEFT_CLICK,7,LEFT_RELEASE
1,31201,BA_LEFT_CLICK,7,LEFT_RELEASE
1,31236,BA_LEFT_CLICK,7,LEFT_RELEASE
1,31266,BA_LEFT_CLICK,7,LEFT_RELEASE
1,31302,BA_LEFT_CLICK,7,LEFT_RELEASE
1,31333,BA_LEFT_CLICK,7,LEFT_RELEASE
1,31370,BA_LEFT_CLICK,7,LEFT_RELEASE
1,31400,BA_LEFT_CLICK,7,NONE
1,31437,BA_LEFT_CLICK,7,NONE
1,31466,BA_LEFT_CLICK,7,NONE
1,31502,BA_LEFT_CLICK,7,NONE
1,31536,BA_LEFT_CLICK,7,NONE
1,31566,BA_LEFT_CLICK,7,NONE
1,31603,BA_LEFT_CLICK,7,NONE
1,31633,BA_LEFT_CLICK,7,NONE
1,31666,BA_LEFT_CLICK,7,NONE
1,31703,BA_LEFT_CLICK,7,NONE
1,31733,BA_LEFT_CLICK,7,NONE
1,31770,BA_LEFT_CLICK,7,NONE
1,32633,BA_LEFT_CLICK,8,LEFT_RELEASE
1,32668,BA_LEFT_CLICK,8,LEFT_RELEASE
1,32703,BA_LEFT_CLICK,8,NONE
1,32733,BA_LEFT_CLICK,8,NONE
1,32770,BA_LEFT_CLICK,8,NONE
1,32800,BA_LEFT_CLICK,8,NONE
1,32837,BA_LEFT_CLICK,8,NONE
1,32866,BA_LEFT_CLICK,8,NONE
1,32904,BA_LEFT_CLICK,8,NONE
1,32933,BA_LEFT_CLICK,8,NONE
1,32970,BA_LEFT_CLICK,8,NONE
1,33000,BA_LEFT_CLICK,8,NONE
1,33036,BA_LEFT_CLICK,8,NONE
1,33066,BA_LEFT_CLICK,8,NONE
1,33104,BA_LEFT_CLICK,8,NONE
1,33133,BA_LEFT_CLICK,8,NONE
1,33170,BA_LEFT_CLICK,8,NONE
1,33200,BA_LEFT_CLICK,8,NONE
1,33237,BA_LEFT_CLICK,8,NONE
1,33266,BA_LEFT_CLICK,8,NONE
1,33303,BA_LEFT_CLICK,8,NONE
1,33333,BA_LEFT_CLICK,8,NONE
1,33370,BA_LEFT_CLICK,8,NONE
1,33400,BA_LEFT_CLICK,8,NONE
1,33437,BA_LEFT_CLICK,8,NONE
1,33466,BA_LEFT_CLICK,8,NONE
1,33503,BA_LEFT_CLICK,8,NONE
1,33533,BA_LEFT_CLICK,8,NONE
1,33570,BA_LEFT_CLICK,8,NONE
1,33600,BA_LEFT_CLICK,8,NONE
1,33637,BA_LEFT_CLICK,8,NONE
1,33666,BA_LEFT_CLICK,8,NONE
1,33703,BA_LEFT_CLICK,8,NONE
1,33733,BA_LEFT_CLICK,8,NONE
1,33770,BA_LEFT_CLICK,8,LEFT_PRESS
1,33800,BA_LEFT_CLICK,8,NONE
1,33837,BA_LEFT_CLICK,8,NONE
1,33866,BA_LEFT_CLICK,8,NONE
1,33904,BA_LEFT_CLICK,8,NONE
1,33933,BA_LEFT_CLICK,8,NONE
1,33970,BA_LEFT_CLICK,8,NONE
1,34000,BA_LEFT_CLICK,8,LEFT_PRESS
1,34037,BA_LEFT_CLICK,8,LEFT_PRESS
1,34066,BA_LEFT_CLICK,8,LEFT_PRESS
1,34103,BA_LEFT_CLICK,8,LEFT_PRESS
1,34133,BA_LEFT_CLICK,8,LEFT_PRESS
1,34170,BA_LEFT_CLICK,8,LEFT_PRESS
1,34200,BA_LEFT_CLICK,8,LEFT_PRESS
1,34236,BA_LEFT_CLICK,8,LEFT_PRESS
1,34267,BA_LEFT_CLICK,8,LEFT_PRESS
1,34303,BA_LEFT_CLICK,8,LEFT_PRESS
1,34333,BA_LEFT_CLICK,8,LEFT_PRESS
1,34370,BA_LEFT_CLICK,8,LEFT_PRESS
1,34400,BA_LEFT_CLICK,8,LEFT_PRESS
1,34437,BA_LEFT_CLICK,8,LEFT_PRESS
1,34467,BA_LEFT_CLICK,8,LEFT_RELEASE
1,34504,BA_LEFT_CLICK,8,LEFT_RELEASE
1,34533,BA_LEFT_CLICK,8,LEFT_RELEASE
1,34570,BA_LEFT_CLICK,8,LEFT_PRESS
1,34600,BA_LEFT_CLICK,8,LEFT_PRESS
1,34637,BA_LEFT_CLICK,8,LEFT_PRESS
1,34666,BA_LEFT_CLICK,8,LEFT_PRESS
1,34703,BA_LEFT_CLICK,8,LEFT_PRESS
1,34733,BA_LEFT_CLICK,8,LEFT_PRESS
1,34770,BA_LEFT_CLICK,8,LEFT_PRESS
1,34800,BA_LEFT_CLICK,8,LEFT_PRESS
1,34837,BA_LEFT_CLICK,8,LEFT_PRESS
1,34866,BA_LEFT_CLICK,8,LEFT_PRESS
1,34903,BA_LEFT_CLICK,8,LEFT_PRESS
1,34933,BA_LEFT_CLICK,8,LEFT_RELEASE
1,34970,BA_LEFT_CLICK,8,LEFT_RELEASE
1,35000,BA_LEFT_CLICK,8,LEFT_RELEASE
1,35037,BA_LEFT_CLICK,8,LEFT_RELEASE
1,35066,BA_LEFT_CLICK,8,NONE
1,35104,BA_LEFT_CLICK,8,NONE
1,35133,BA_LEFT_CLICK,8,NONE
1,35170,BA_LEFT_CLICK,8,NONE
1,35200,BA_LEFT_CLICK,8,NONE
1,35237,BA_LEFT_CLICK,8,NONE
1,35266,BA_LEFT_CLICK,8,NONE
1,35304,BA_LEFT_CLICK,8,NONE
1,36466,BA_LEFT_CLICK,9,NONE
1,36500,BA_LEFT_CLICK,9,LEFT_RELEASE
1,36536,BA_LEFT_CLICK,9,LEFT_RELEASE
1,36566,BA_LEFT_CLICK,9,NONE
1,36603,BA_LEFT_CLICK,9,NONE
1,36633,BA_LEFT_CLICK,9,NONE
1,36666,BA_LEFT_CLICK,9,NONE
1,36704,BA_LEFT_CLICK,9,NONE
1,36734,BA_LEFT_CLICK,9,NONE
1,36770,BA_LEFT_CLICK,9,NONE
1,36800,BA_LEFT_CLICK,9,NONE
1,36838,BA_LEFT_CLICK,9,NONE
1,36867,BA_LEFT_CLICK,9,NONE
1,36903,BA_LEFT_CLICK,9,NONE
1,36933,BA_LEFT_CLICK,9,NONE
1,36970,BA_LEFT_CLICK,9,NONE
1,37000,BA_LEFT_CLICK,9,NONE
1,37037,BA_LEFT_CLICK,9,NONE
1,37066,BA_LEFT_CLICK,9,NONE
1,37103,BA_LEFT_CLICK,9,NONE
1,37133,BA_LEFT_CLICK,9,NONE
1,37170,BA_LEFT_CLICK,9,NONE
1,37200,BA_LEFT_CLICK,9,NONE
1,37237,BA_LEFT_CLICK,9,NONE
1,37267,BA_LEFT_CLICK,9,NONE
1,37303,BA_LEFT_CLICK,9,NONE
1,37334,BA_LEFT_CLICK,9,NONE
1,37370,BA_LEFT_CLICK,9,NONE
1,37399,BA_LEFT_CLICK,9,NONE
1,37437,BA_LEFT_CLICK,9,NONE
1,37467,BA_LEFT_CLICK,9,NONE
1,37503,BA_LEFT_CLICK,9,NONE
1,37533,BA_LEFT_CLICK,9,NONE
1,37571,BA_LEFT_CLICK,9,NONE
1,37600,BA_LEFT_CLICK,9,NONE
1,37637,BA_LEFT_CLICK,9,NONE
1,37666,BA_LEFT_CLICK,9,NONE
1,37704,BA_LEFT_CLICK,9,LEFT_PRESS
1,37733,BA_LEFT_CLICK,9,LEFT_PRESS
1,37770,BA_LEFT_CLICK,9,LEFT_PRESS
1,37800,BA_LEFT_CLICK,9,LEFT_PRESS
1,37837,BA_LEFT_CLICK,9,LEFT_PRESS
1,37867,BA_LEFT_CLICK,9,LEFT_PRESS
1,37904,BA_LEFT_CLICK,9,LEFT_PRESS
1,37933,BA_LEFT_CLICK,9,LEFT_PRESS
1,37970,BA_LEFT_CLICK,9,LEFT_PRESS
1,38001,BA_LEFT_CLICK,9,LEFT_PRESS
1,38037,BA_LEFT_CLICK,9,LEFT_PRESS
1,38066,BA_LEFT_CLICK,9,LEFT_RELEASE
1,38104,BA_LEFT_CLICK,9,LEFT_RELEASE
1,38133,BA_LEFT_CLICK,9,LEFT_RELEASE
1,38170,BA_LEFT_CLICK,9,LEFT_RELEASE
1,38201,BA_LEFT_CLICK,9,LEFT_RELEASE
1,38237,BA_LEFT_CLICK,9,LEFT_RELEASE
1,38267,BA_LEFT_CLICK,9,LEFT_RELEASE
1,38304,BA_LEFT_CLICK,9,LEFT_RELEASE
1,38333,BA_LEFT_CLICK,9,LEFT_RELEASE
1,38365,BA_LEFT_CLICK,9,NONE
1,38403,BA_LEFT_CLICK,9,NONE
1,38434,BA_LEFT_CLICK,9,NONE
1,38470,BA_LEFT_CLICK,9,NONE
1,38500,BA_LEFT_CLICK,9,NONE
1,38537,BA_LEFT_CLICK,9,NONE
1,38567,BA_LEFT_CLICK,9,NONE
1,38604,BA_LEFT_CLICK,9,NONE
1,38635,BA_LEFT_CLICK,9,NONE
1,38668,BA_LEFT_CLICK,9,NONE
1,38700,BA_LEFT_CLICK,9,NONE
1,40634,BA_RIGHT_CLICK,0,NONE
1,40667,BA_RIGHT_CLICK,0,NONE
1,40699,BA_RIGHT_CLICK,0,NONE
1,40733,BA_RIGHT_CLICK,0,NONE
1,40766,BA_RIGHT_CLICK,0,NONE
1,40799,BA_RIGHT_CLICK,0,NONE
1,40833,BA_RIGHT_CLICK,0,NONE
1,40867,BA_RIGHT_CLICK,0,NONE
1,40900,BA_RIGHT_CLICK,0,NONE
1,40934,BA_RIGHT_CLICK,0,NONE
1,40967,BA_RIGHT_CLICK,0,NONE
1,41000,BA_RIGHT_CLICK,0,NONE
1,41034,BA_RIGHT_CLICK,0,NONE
1,41068,BA_RIGHT_CLICK,0,NONE
1,41101,BA_RIGHT_CLICK,0,NONE
1,41135,BA_RIGHT_CLICK,0,NONE
1,41169,BA_RIGHT_CLICK,0,NONE
1,41202,BA_RIGHT_CLICK,0,NONE
1,41232,BA_RIGHT_CLICK,0,NONE
1,41267,BA_RIGHT_CLICK,0,NONE
1,41299,BA_RIGHT_CLICK,0,NONE
1,41333,BA_RIGHT_CLICK,0,NONE
1,41367,BA_RIGHT_CLICK,0,NONE
1,41400,BA_RIGHT_CLICK,0,NONE
1,41434,BA_RIGHT_CLICK,0,NONE
1,41467,BA_RIGHT_CLICK,0,NONE
1,41501,BA_RIGHT_CLICK,0,NONE
1,41533,BA_RIGHT_CLICK,0,NONE
1,41568,BA_RIGHT_CLICK,0,NONE
1,41601,BA_RIGHT_CLICK,0,NONE
1,41634,BA_RIGHT_CLICK,0,NONE
1,41663,BA_RIGHT_CLICK,0,NONE
1,41704,BA_RIGHT_CLICK,0,NONE
1,41735,BA_RIGHT_CLICK,0,NONE
1,41770,BA_RIGHT_CLICK,0,NONE
1,41801,BA_RIGHT_CLICK,0,NONE
1,41838,BA_RIGHT_CLICK,0,NONE
1,41867,BA_RIGHT_CLICK,0,NONE
1,41904,BA_RIGHT_CLICK,0,NONE
1,41934,BA_RIGHT_CLICK,0,NONE
1,41970,BA_RIGHT_CLICK,0,NONE
1,42000,BA_RIGHT_CLICK,0,NONE
1,42037,BA_RIGHT_CLICK,0,NONE
1,42067,BA_RIGHT_CLICK,0,NONE
1,42104,BA_RIGHT_CLICK,0,RIGHT_PRESS
1,42133,BA_RIGHT_CLICK,0,RIGHT_PRESS
1,42171,BA_RIGHT_CLICK,0,RIGHT_PRESS
1,42200,BA_RIGHT_CLICK,0,RIGHT_PRESS
1,42238,BA_RIGHT_CLICK,0,RIGHT_PRESS
1,42267,BA_RIGHT_CLICK,0,RIGHT_PRESS
1,42304,BA_RIGHT_CLICK,0,RIGHT_PRESS
1,42335,BA_RIGHT_CLICK,0,RIGHT_PRESS
1,42370,BA_RIGHT_CLICK,0,RIGHT_RELEASE
1,42400,BA_RIGHT_CLICK,0,RIGHT_RELEASE
1,42437,BA_RIGHT_CLICK,0,RIGHT_RELEASE
1,42467,BA_RIGHT_CLICK,0,RIGHT_RELEASE
1,42504,BA_RIGHT_CLICK,0,RIGHT_RELEASE
1,42533,BA_RIGHT_CLICK,0,RIGHT_RELEASE
1,42570,BA_RIGHT_CLICK,0,RIGHT_RELEASE
1,42600,BA_RIGHT_CLICK,0,RIGHT_RELEASE
1,42637,BA_RIGHT_CLICK,0,RIGHT_RELEASE
1,42668,BA_RIGHT_CLICK,0,RIGHT_RELEASE
1,42704,BA_RIGHT_CLICK,0,RIGHT_RELEASE
1,42734,BA_RIGHT_CLICK,0,RIGHT_RELEASE
1,42770,BA_RIGHT_CLICK,0,RIGHT_RELEASE
1,42800,BA_RIGHT_CLICK,0,RIGHT_RELEASE
1,42837,BA_RIGHT_CLICK,0,RIGHT_RELEASE
1,42868,BA_RIGHT_CLICK,0,RIGHT_RELEASE
1,42904,BA_RIGHT_CLICK,0,RIGHT_RELEASE
1,42934,BA_RIGHT_CLICK,0,RIGHT_RELEASE
1,43637,BA_RIGHT_CLICK,1,RIGHT_RELEASE
1,43668,BA_RIGHT_CLICK,1,NONE
1,43701,BA_RIGHT_CLICK,1,NONE
1,43734,BA_RIGHT_CLICK,1,NONE
1,43768,BA_RIGHT_CLICK,1,NONE
1,43801,BA_RIGHT_CLICK,1,NONE
1,43835,BA_RIGHT_CLICK,1,NONE
1,43869,BA_RIGHT_CLICK,1,NONE
1,43901,BA_RIGHT_CLICK,1,NONE
1,43937,BA_RIGHT_CLICK,1,NONE
1,43968,BA_RIGHT_CLICK,1,NONE
1,44004,BA_RIGHT_CLICK,1,RIGHT_RELEASE
1,44035,BA_RIGHT_CLICK,1,RIGHT_RELEASE
1,44070,BA_RIGHT_CLICK,1,RIGHT_RELEASE
1,44100,BA_RIGHT_CLICK,1,RIGHT_RELEASE
1,44136,BA_RIGHT_CLICK,1,RIGHT_RELEASE
1,44166,BA_RIGHT_CLICK,1,RIGHT_RELEASE
1,44203,BA_RIGHT_CLICK,1,RIGHT_RELEASE
1,44233,BA_RIGHT_CLICK,1,NONE
1,44270,BA_RIGHT_CLICK,1,NONE
1,44301,BA_RIGHT_CLICK,1,NONE
1,44338,BA_RIGHT_CLICK,1,NONE
1,44367,BA_RIGHT_CLICK,1,NONE
1,44404,BA_RIGHT_CLICK,1,NONE
1,44435,BA_RIGHT_CLICK,1,NONE
1,44471,BA_RIGHT_CLICK,1,NONE
1,44501,BA_RIGHT_CLICK,1,NONE
1,44538,BA_RIGHT_CLICK,1,NONE
1,44567,BA_RIGHT_CLICK,1,NONE
1,44605,BA_RIGHT_CLICK,1,NONE
1,44635,BA_RIGHT_CLICK,1,NONE
1,44670,BA_RIGHT_CLICK,1,NONE
1,44701,BA_RIGHT_CLICK,1,NONE
1,44737,BA_RIGHT_CLICK,1,NONE
1,44767,BA_RIGHT_CLICK,1,NONE
1,44805,BA_RIGHT_CLICK,1,NONE
1,44834,BA_RIGHT_CLICK,1,NONE
1,44869,BA_RIGHT_CLICK,1,NONE
1,44902,BA_RIGHT_CLICK,1,NONE
1,44935,BA_RIGHT_CLICK,1,NONE
1,44970,BA_RIGHT_CLICK,1,NONE
1,45000,BA_RIGHT_CLICK,1,NONE
1,45038,BA_RIGHT_CLICK,1,NONE
1,45067,BA_RIGHT_CLICK,1,NONE
1,45103,BA_RIGHT_CLICK,1,NONE
1,45135,BA_RIGHT_CLICK,1,NONE
1,45170,BA_RIGHT_CLICK,1,RIGHT_PRESS
1,45201,BA_RIGHT_CLICK,1,RIGHT_PRESS
1,45236,BA_RIGHT_CLICK,1,RIGHT_PRESS
1,45269,BA_RIGHT_CLICK,1,RIGHT_PRESS
1,45304,BA_RIGHT_CLICK,1,RIGHT_PRESS
1,45334,BA_RIGHT_CLICK,1,RIGHT_PRESS
1,45371,BA_RIGHT_CLICK,1,RIGHT_PRESS
1,45401,BA_RIGHT_CLICK,1,RIGHT_PRESS
1,45437,BA_RIGHT_CLICK,1,RIGHT_PRESS
1,45468,BA_RIGHT_CLICK,1,RIGHT_PRESS
1,45504,BA_RIGHT_CLICK,1,RIGHT_RELEASE
1,45534,BA_RIGHT_CLICK,1,RIGHT_RELEASE
1,45570,BA_RIGHT_CLICK,1,RIGHT_RELEASE
1,45601,BA_RIGHT_CLICK,1,RIGHT_RELEASE
1,45635,BA_RIGHT_CLICK,1,RIGHT_RELEASE
1,45670,BA_RIGHT_CLICK,1,RIGHT_RELEASE
1,45701,BA_RIGHT_CLICK,1,RIGHT_RELEASE
1,45737,BA_RIGHT_CLICK,1,RIGHT_RELEASE
1,45768,BA_RIGHT_CLICK,1,RIGHT_RELEASE
1,45805,BA_RIGHT_CLICK,1,RIGHT_RELEASE
1,45834,BA_RIGHT_CLICK,1,RIGHT_RELEASE
1,45871,BA_RIGHT_CLICK,1,RIGHT_RELEASE
1,45901,BA_RIGHT_CLICK,1,RIGHT_RELEASE
1,45938,BA_RIGHT_CLICK,1,RIGHT_RELEASE
1,45968,BA_RIGHT_CLICK,1,NONE
1,46901,BA_RIGHT_CLICK,2,NONE
1,46934,BA_RIGHT_CLICK,2,NONE
1,46971,BA_RIGHT_CLICK,2,NONE
1,47001,BA_RIGHT_CLICK,2,NONE
1,47037,BA_RIGHT_CLICK,2,NONE
1,47068,BA_RIGHT_CLICK,2,NONE
1,47104,BA_RIGHT_CLICK,2,NONE
1,47135,BA_RIGHT_CLICK,2,NONE
1,47171,BA_RIGHT_CLICK,2,NONE
1,47201,BA_RIGHT_CLICK,2,NONE
1,47236,BA_RIGHT_CLICK,2,NONE
1,47269,BA_RIGHT_CLICK,2,NONE
1,47301,BA_RIGHT_CLICK,2,NONE
1,47337,BA_RIGHT_CLICK,2,NONE
1,47368,BA_RIGHT_CLICK,2,NONE
1,47402,BA_RIGHT_CLICK,2,NONE
1,47435,BA_RIGHT_CLICK,2,NONE
1,47468,BA_RIGHT_CLICK,2,NONE
1,47504,BA_RIGHT_CLICK,2,NONE
1,47534,BA_RIGHT_CLICK,2,NONE
1,47571,BA_RIGHT_CLICK,2,NONE
1,47601,BA_RIGHT_CLICK,2,NONE
1,47638,BA_RIGHT_CLICK,2,NONE
1,47668,BA_RIGHT_CLICK,2,NONE
1,47705,BA_RIGHT_CLICK,2,NONE
1,47734,BA_RIGHT_CLICK,2,NONE
1,47770,BA_RIGHT_CLICK,2,NONE
1,47801,BA_RIGHT_CLICK,2,NONE
1,47838,BA_RIGHT_CLICK,2,NONE
1,47868,BA_RIGHT_CLICK,2,NONE
1,47903,BA_RIGHT_CLICK,2,NONE
1,47935,BA_RIGHT_CLICK,2,NONE
1,47970,BA_RIGHT_CLICK,2,NONE
1,48002,BA_RIGHT_CLICK,2,NONE
1,48037,BA_RIGHT_CLICK,2,NONE
1,48068,BA_RIGHT_CLICK,2,NONE
1,48105,BA_RIGHT_CLICK,2,NONE
1,48134,BA_RIGHT_CLICK,2,NONE
1,48172,BA_RIGHT_CLICK,2,NONE
1,48201,BA_RIGHT_CLICK,2,NONE
1,48235,BA_RIGHT_CLICK,2,NONE
1,48268,BA_RIGHT_CLICK,2,NONE
1,48303,BA_RIGHT_CLICK,2,NONE
1,48335,BA_RIGHT_CLICK,2,NONE
1,48369,BA_RIGHT_CLICK,2,NONE
1,48402,BA_RIGHT_CLICK,2,NONE
1,48437,BA_RIGHT_CLICK,2,NONE
1,48468,BA_RIGHT_CLICK,2,NONE
1,48505,BA_RIGHT_CLICK,2,NONE
1,48535,BA_RIGHT_CLICK,2,NONE
1,48571,BA_RIGHT_CLICK,2,NONE
1,48601,BA_RIGHT_CLICK,2,NONE
1,48638,BA_RIGHT_CLICK,2,NONE
1,48667,BA_RIGHT_CLICK,2,NONE
1,48705,BA_RIGHT_CLICK,2,NONE
1,48735,BA_RIGHT_CLICK,2,NONE
1,48770,BA_RIGHT_CLICK,2,NONE
1,48802,BA_RIGHT_CLICK,2,RIGHT_PRESS
1,48839,BA_RIGHT_CLICK,2,RIGHT_PRESS
1,48869,BA_RIGHT_CLICK,2,RIGHT_PRESS
1,48904,BA_RIGHT_CLICK,2,RIGHT_PRESS
1,48934,BA_RIGHT_CLICK,2,RIGHT_PRESS
1,48970,BA_RIGHT_CLICK,2,RIGHT_PRESS
1,49001,BA_RIGHT_CLICK,2,RIGHT_PRESS
1,49038,BA_RIGHT_CLICK,2,RIGHT_PRESS
1,49068,BA_RIGHT_CLICK,2,RIGHT_PRESS
1,49105,BA_RIGHT_CLICK,2,RIGHT_PRESS
1,49134,BA_RIGHT_CLICK,2,RIGHT_RELEASE
1,49171,BA_RIGHT_CLICK,2,RIGHT_RELEASE
1,49201,BA_RIGHT_CLICK,2,RIGHT_RELEASE
1,49239,BA_RIGHT_CLICK,2,RIGHT_RELEASE
1,49268,BA_RIGHT_CLICK,2,RIGHT_RELEASE
1,49305,BA_RIGHT_CLICK,2,RIGHT_RELEASE
1,49334,BA_RIGHT_CLICK,2,RIGHT_RELEASE
1,49372,BA_RIGHT_CLICK,2,RIGHT_RELEASE
1,49401,BA_RIGHT_CLICK,2,RIGHT_RELEASE
1,49438,BA_RIGHT_CLICK,2,RIGHT_RELEASE
1,49469,BA_RIGHT_CLICK,2,RIGHT_RELEASE
1,49503,BA_RIGHT_CLICK,2,RIGHT_RELEASE
1,49537,BA_RIGHT_CLICK,2,RIGHT_RELEASE
1,49570,BA_RIGHT_CLICK,2,RIGHT_RELEASE
1,49601,BA_RIGHT_CLICK,2,RIGHT_RELEASE
1,50571,BA_RIGHT_CLICK,3,RIGHT_RELEASE
1,50601,BA_RIGHT_CLICK,3,RIGHT_RELEASE
1,50637,BA_RIGHT_CLICK,3,RIGHT_RELEASE
1,50668,BA_RIGHT_CLICK,3,RIGHT_RELEASE
1,50705,BA_RIGHT_CLICK,3,NONE
1,50735,BA_RIGHT_CLICK,3,NONE
1,50771,BA_RIGHT_CLICK,3,NONE
1,50801,BA_RIGHT_CLICK,3,NONE
1,50837,BA_RIGHT_CLICK,3,NONE
1,50868,BA_RIGHT_CLICK,3,NONE
1,50905,BA_RIGHT_CLICK,3,NONE
1,50935,BA_RIGHT_CLICK,3,NONE
1,50971,BA_RIGHT_CLICK,3,NONE
1,51001,BA_RIGHT_CLICK,3,NONE
1,51038,BA_RIGHT_CLICK,3,NONE
1,51068,BA_RIGHT_CLICK,3,NONE
1,51105,BA_RIGHT_CLICK,3,NONE
1,51134,BA_RIGHT_CLICK,3,NONE
1,51172,BA_RIGHT_CLICK,3,NONE
1,51201,BA_RIGHT_CLICK,3,NONE
1,51238,BA_RIGHT_CLICK,3,NONE
1,51268,BA_RIGHT_CLICK,3,NONE
1,51304,BA_RIGHT_CLICK,3,NONE
1,51335,BA_RIGHT_CLICK,3,NONE
1,51371,BA_RIGHT_CLICK,3,NONE
1,51401,BA_RIGHT_CLICK,3,NONE
1,51439,BA_RIGHT_CLICK,3,NONE
1,51468,BA_RIGHT_CLICK,3,NONE
1,51505,BA_RIGHT_CLICK,3,NONE
1,51535,BA_RIGHT_CLICK,3,NONE
1,51571,BA_RIGHT_CLICK,3,NONE
1,51601,BA_RIGHT_CLICK,3,NONE
1,51638,BA_RIGHT_CLICK,3,NONE
1,51666,BA_RIGHT_CLICK,3,NONE
1,51705,BA_RIGHT_CLICK,3,NONE
1,51735,BA_RIGHT_CLICK,3,NONE
1,51771,BA_RIGHT_CLICK,3,NONE
1,51801,BA_RIGHT_CLICK,3,NONE
1,51838,BA_RIGHT_CLICK,3,NONE
1,51869,BA_RIGHT_CLICK,3,NONE
1,51902,BA_RIGHT_CLICK,3,NONE
1,51935,BA_RIGHT_CLICK,3,RIGHT_PRESS
1,51972,BA_RIGHT_CLICK,3,RIGHT_PRESS
1,52001,BA_RIGHT_CLICK,3,RIGHT_PRESS
1,52038,BA_RIGHT_CLICK,3,RIGHT_PRESS
1,52069,BA_RIGHT_CLICK,3,RIGHT_PRESS
1,52105,BA_RIGHT_CLICK,3,RIGHT_PRESS
1,52134,BA_RIGHT_CLICK,3,RIGHT_PRESS
1,52172,BA_RIGHT_CLICK,3,RIGHT_PRESS
1,52201,BA_RIGHT_CLICK,3,RIGHT_PRESS
1,52238,BA_RIGHT_CLICK,3,RIGHT_RELEASE
1,52268,BA_RIGHT_CLICK,3,RIGHT_RELEASE
1,52304,BA_RIGHT_CLICK,3,RIGHT_RELEASE
1,52334,BA_RIGHT_CLICK,3,RIGHT_RELEASE
1,52371,BA_RIGHT_CLICK,3,RIGHT_RELEASE
1,52401,BA_RIGHT_CLICK,3,RIGHT_RELEASE
1,52437,BA_RIGHT_CLICK,3,RIGHT_RELEASE
1,52468,BA_RIGHT_CLICK,3,RIGHT_RELEASE
1,52504,BA_RIGHT_CLICK,3,RIGHT_RELEASE
1,52535,BA_RIGHT_CLICK,3,RIGHT_RELEASE
1,52571,BA_RIGHT_CLICK,3,RIGHT_RELEASE
1,52601,BA_RIGHT_CLICK,3,RIGHT_RELEASE
1,52637,BA_RIGHT_CLICK,3,RIGHT_RELEASE
1,52667,BA_RIGHT_CLICK,3,RIGHT_RELEASE
1,52701,BA_RIGHT_CLICK,3,RIGHT_RELEASE
1,52734,BA_RIGHT_CLICK,3,NONE
1,52768,BA_RIGHT_CLICK,3,NONE
1,52801,BA_RIGHT_CLICK,3,NONE
1,52835,BA_RIGHT_CLICK,3,NONE
1,52868,BA_RIGHT_CLICK,3,NONE
1,52903,BA_RIGHT_CLICK,3,NONE
1,52936,BA_RIGHT_CLICK,3,NONE
1,52970,BA_RIGHT_CLICK,3,NONE
1,53003,BA_RIGHT_CLICK,3,NONE
1,53635,BA_RIGHT_CLICK,4,NONE
1,53668,BA_RIGHT_CLICK,4,RIGHT_RELEASE
1,53705,BA_RIGHT_CLICK,4,RIGHT_RELEASE
1,53734,BA_RIGHT_CLICK,4,NONE
1,53771,BA_RIGHT_CLICK,4,NONE
1,53801,BA_RIGHT_CLICK,4,NONE
1,53838,BA_RIGHT_CLICK,4,NONE
1,53868,BA_RIGHT_CLICK,4,NONE
1,53904,BA_RIGHT_CLICK,4,NONE
1,53935,BA_RIGHT_CLICK,4,NONE
1,53971,BA_RIGHT_CLICK,4,NONE
1,54002,BA_RIGHT_CLICK,4,NONE
1,54038,BA_RIGHT_CLICK,4,NONE
1,54069,BA_RIGHT_CLICK,4,NONE
1,54104,BA_RIGHT_CLICK,4,NONE
1,54135,BA_RIGHT_CLICK,4,NONE
1,54171,BA_RIGHT_CLICK,4,NONE
1,54202,BA_RIGHT_CLICK,4,NONE
1,54238,BA_RIGHT_CLICK,4,NONE
1,54268,BA_RIGHT_CLICK,4,NONE
1,54305,BA_RIGHT_CLICK,4,NONE
1,54335,BA_RIGHT_CLICK,4,NONE
1,54370,BA_RIGHT_CLICK,4,NONE
1,54402,BA_RIGHT_CLICK,4,NONE
1,54438,BA_RIGHT_CLICK,4,NONE
1,54469,BA_RIGHT_CLICK,4,NONE
1,54502,BA_RIGHT_CLICK,4,NONE
1,54538,BA_RIGHT_CLICK,4,NONE
1,54568,BA_RIGHT_CLICK,4,NONE
1,54604,BA_RIGHT_CLICK,4,NONE
1,54635,BA_RIGHT_CLICK,4,NONE
1,54669,BA_RIGHT_CLICK,4,NONE
1,54703,BA_RIGHT_CLICK,4,NONE
1,54736,BA_RIGHT_CLICK,4,NONE
1,54769,BA_RIGHT_CLICK,4,NONE
1,54802,BA_RIGHT_CLICK,4,NONE
1,54836,BA_RIGHT_CLICK,4,NONE
1,54869,BA_RIGHT_CLICK,4,NONE
1,54905,BA_RIGHT_CLICK,4,NONE
1,54935,BA_RIGHT_CLICK,4,NONE
1,54971,BA_RIGHT_CLICK,4,NONE
1,55002,BA_RIGHT_CLICK,4,NONE
1,55038,BA_RIGHT_CLICK,4,NONE
1,55068,BA_RIGHT_CLICK,4,NONE
1,55105,BA_RIGHT_CLICK,4,NONE
1,55135,BA_RIGHT_CLICK,4,NONE
1,55171,BA_RIGHT_CLICK,4,NONE
1,55201,BA_RIGHT_CLICK,4,NONE
1,55237,BA_RIGHT_CLICK,4,NONE
1,55269,BA_RIGHT_CLICK,4,NONE
1,55303,BA_RIGHT_CLICK,4,NONE
1,55335,BA_RIGHT_CLICK,4,NONE
1,55369,BA_RIGHT_CLICK,4,NONE
1,55402,BA_RIGHT_CLICK,4,NONE
1,55436,BA_RIGHT_CLICK,4,NONE
1,55469,BA_RIGHT_CLICK,4,RIGHT_PRESS
1,55502,BA_RIGHT_CLICK,4,RIGHT_PRESS
1,55537,BA_RIGHT_CLICK,4,RIGHT_PRESS
1,55568,BA_RIGHT_CLICK,4,RIGHT_PRESS
1,55604,BA_RIGHT_CLICK,4,RIGHT_PRESS
1,55635,BA_RIGHT_CLICK,4,RIGHT_PRESS
1,55670,BA_RIGHT_CLICK,4,RIGHT_PRESS
1,55702,BA_RIGHT_CLICK,4,RIGHT_PRESS
1,55737,BA_RIGHT_CLICK,4,RIGHT_PRESS
1,55769,BA_RIGHT_CLICK,4,RIGHT_PRESS
1,55804,BA_RIGHT_CLICK,4,RIGHT_PRESS
1,55835,BA_RIGHT_CLICK,4,RIGHT_RELEASE
1,55871,BA_RIGHT_CLICK,4,RIGHT_RELEASE
1,55902,BA_RIGHT_CLICK,4,RIGHT_RELEASE
1,55936,BA_RIGHT_CLICK,4,RIGHT_RELEASE
1,55969,BA_RIGHT_CLICK,4,RIGHT_RELEASE
1,56003,BA_RIGHT_CLICK,4,RIGHT_RELEASE
1,56035,BA_RIGHT_CLICK,4,RIGHT_RELEASE
1,56071,BA_RIGHT_CLICK,4,RIGHT_RELEASE
1,56102,BA_RIGHT_CLICK,4,RIGHT_RELEASE
1,56138,BA_RIGHT_CLICK,4,RIGHT_RELEASE
1,56168,BA_RIGHT_CLICK,4,RIGHT_RELEASE
1,56204,BA_RIGHT_CLICK,4,RIGHT_RELEASE
1,56235,BA_RIGHT_CLICK,4,RIGHT_RELEASE
1,56272,BA_RIGHT_CLICK,4,RIGHT_RELEASE
1,56302,BA_RIGHT_CLICK,4,RIGHT_RELEASE
1,56338,BA_RIGHT_CLICK,4,RIGHT_RELEASE
1,57335,BA_RIGHT_CLICK,5,RIGHT_RELEASE
1,57369,BA_RIGHT_CLICK,5,RIGHT_RELEASE
1,57402,BA_RIGHT_CLICK,5,RIGHT_RELEASE
1,57434,BA_RIGHT_CLICK,5,RIGHT_RELEASE
1,57468,BA_RIGHT_CLICK,5,NONE
1,57501,BA_RIGHT_CLICK,5,NONE
1,57535,BA_RIGHT_CLICK,5,NONE
1,57568,BA_RIGHT_CLICK,5,NONE
1,57602,BA_RIGHT_CLICK,5,NONE
1,57635,BA_RIGHT_CLICK,5,NONE
1,57670,BA_RIGHT_CLICK,5,NONE
1,57703,BA_RIGHT_CLICK,5,NONE
1,57736,BA_RIGHT_CLICK,5,NONE
1,57770,BA_RIGHT_CLICK,5,NONE
1,57801,BA_RIGHT_CLICK,5,NONE
1,57835,BA_RIGHT_CLICK,5,NONE
1,57868,BA_RIGHT_CLICK,5,NONE
1,57902,BA_RIGHT_CLICK,5,NONE
1,57935,BA_RIGHT_CLICK,5,NONE
1,57968,BA_RIGHT_CLICK,5,NONE
1,58002,BA_RIGHT_CLICK,5,NONE
1,58036,BA_RIGHT_CLICK,5,NONE
1,58070,BA_RIGHT_CLICK,5,NONE
1,58102,BA_RIGHT_CLICK,5,NONE
1,58137,BA_RIGHT_CLICK,5,NONE
1,58169,BA_RIGHT_CLICK,5,NONE
1,58203,BA_RIGHT_CLICK,5,NONE
1,58236,BA_RIGHT_CLICK,5,NONE
1,58270,BA_RIGHT_CLICK,5,NONE
1,58302,BA_RIGHT_CLICK,5,NONE
1,58336,BA_RIGHT_CLICK,5,NONE
1,58369,BA_RIGHT_CLICK,5,NONE
1,58403,BA_RIGHT_CLICK,5,NONE
1,58436,BA_RIGHT_CLICK,5,NONE
1,58470,BA_RIGHT_CLICK,5,NONE
1,58503,BA_RIGHT_CLICK,5,NONE
1,58536,BA_RIGHT_CLICK,5,NONE
1,58569,BA_RIGHT_CLICK,5,NONE
1,58603,BA_RIGHT_CLICK,5,NONE
1,58636,BA_RIGHT_CLICK,5,NONE
1,58670,BA_RIGHT_CLICK,5,NONE
1,58703,BA_RIGHT_CLICK,5,RIGHT_PRESS
1,58736,BA_RIGHT_CLICK,5,RIGHT_PRESS
1,58768,BA_RIGHT_CLICK,5,RIGHT_PRESS
1,58804,BA_RIGHT_CLICK,5,RIGHT_PRESS
1,58836,BA_RIGHT_CLICK,5,RIGHT_PRESS
1,58870,BA_RIGHT_CLICK,5,RIGHT_PRESS
1,58902,BA_RIGHT_CLICK,5,RIGHT_PRESS
1,58936,BA_RIGHT_CLICK,5,RIGHT_PRESS
1,58969,BA_RIGHT_CLICK,5,RIGHT_PRESS
1,59003,BA_RIGHT_CLICK,5,RIGHT_RELEASE
1,59036,BA_RIGHT_CLICK,5,RIGHT_RELEASE
1,59070,BA_RIGHT_CLICK,5,RIGHT_RELEASE
1,59102,BA_RIGHT_CLICK,5,RIGHT_RELEASE
1,59137,BA_RIGHT_CLICK,5,RIGHT_RELEASE
1,59169,BA_RIGHT_CLICK,5,RIGHT_RELEASE
1,59203,BA_RIGHT_CLICK,5,RIGHT_RELEASE
1,59236,BA_RIGHT_CLICK,5,RIGHT_RELEASE
1,59270,BA_RIGHT_CLICK,5,RIGHT_RELEASE
1,59303,BA_RIGHT_CLICK,5,RIGHT_RELEASE
1,59337,BA_RIGHT_CLICK,5,RIGHT_RELEASE
1,59369,BA_RIGHT_CLICK,5,RIGHT_RELEASE
1,59404,BA_RIGHT_CLICK,5,RIGHT_RELEASE
1,59437,BA_RIGHT_CLICK,5,RIGHT_RELEASE
1,59469,BA_RIGHT_CLICK,5,RIGHT_RELEASE
1,59504,BA_RIGHT_CLICK,5,RIGHT_RELEASE
1,59538,BA_RIGHT_CLICK,5,RIGHT_RELEASE
1,59571,BA_RIGHT_CLICK,5,RIGHT_RELEASE
1,59605,BA_RIGHT_CLICK,5,RIGHT_RELEASE
1,59637,BA_RIGHT_CLICK,5,RIGHT_RELEASE
1,60535,BA_RIGHT_CLICK,6,RIGHT_RELEASE
1,60570,BA_RIGHT_CLICK,6,RIGHT_RELEASE
1,60601,BA_RIGHT_CLICK,6,RIGHT_RELEASE
1,60637,BA_RIGHT_CLICK,6,RIGHT_RELEASE
1,60669,BA_RIGHT_CLICK,6,NONE
1,60703,BA_RIGHT_CLICK,6,NONE
1,60736,BA_RIGHT_CLICK,6,NONE
1,60770,BA_RIGHT_CLICK,6,NONE
1,60803,BA_RIGHT_CLICK,6,NONE
1,60837,BA_RIGHT_CLICK,6,NONE
1,60870,BA_RIGHT_CLICK,6,NONE
1,60904,BA_RIGHT_CLICK,6,NONE
1,60936,BA_RIGHT_CLICK,6,NONE
1,60970,BA_RIGHT_CLICK,6,NONE
1,61003,BA_RIGHT_CLICK,6,NONE
1,61036,BA_RIGHT_CLICK,6,NONE
1,61070,BA_RIGHT_CLICK,6,NONE
1,61103,BA_RIGHT_CLICK,6,NONE
1,61137,BA_RIGHT_CLICK,6,NONE
1,61169,BA_RIGHT_CLICK,6,NONE
1,61204,BA_RIGHT_CLICK,6,NONE
1,61237,BA_RIGHT_CLICK,6,NONE
1,61269,BA_RIGHT_CLICK,6,NONE
1,61304,BA_RIGHT_CLICK,6,NONE
1,61336,BA_RIGHT_CLICK,6,NONE
1,61370,BA_RIGHT_CLICK,6,NONE
1,61403,BA_RIGHT_CLICK,6,NONE
1,61437,BA_RIGHT_CLICK,6,NONE
1,61470,BA_RIGHT_CLICK,6,NONE
1,61504,BA_RIGHT_CLICK,6,NONE
1,61537,BA_RIGHT_CLICK,6,NONE
1,61569,BA_RIGHT_CLICK,6,NONE
1,61604,BA_RIGHT_CLICK,6,NONE
1,61636,BA_RIGHT_CLICK,6,NONE
1,61667,BA_RIGHT_CLICK,6,NONE
1,61706,BA_RIGHT_CLICK,6,RIGHT_PRESS
1,61736,BA_RIGHT_CLICK,6,RIGHT_PRESS
1,61771,BA_RIGHT_CLICK,6,RIGHT_PRESS
1,61804,BA_RIGHT_CLICK,6,RIGHT_PRESS
1,61836,BA_RIGHT_CLICK,6,RIGHT_PRESS
1,61870,BA_RIGHT_CLICK,6,RIGHT_PRESS
1,61903,BA_RIGHT_CLICK,6,RIGHT_PRESS
1,61937,BA_RIGHT_CLICK,6,RIGHT_PRESS
1,61969,BA_RIGHT_CLICK,6,RIGHT_PRESS
1,62004,BA_RIGHT_CLICK,6,RIGHT_PRESS
1,62036,BA_RIGHT_CLICK,6,RIGHT_RELEASE
1,62072,BA_RIGHT_CLICK,6,RIGHT_RELEASE
1,62103,BA_RIGHT_CLICK,6,RIGHT_RELEASE
1,62137,BA_RIGHT_CLICK,6,RIGHT_RELEASE
1,62169,BA_RIGHT_CLICK,6,RIGHT_RELEASE
1,62204,BA_RIGHT_CLICK,6,RIGHT_RELEASE
1,62237,BA_RIGHT_CLICK,6,RIGHT_RELEASE
1,62269,BA_RIGHT_CLICK,6,RIGHT_RELEASE
1,62304,BA_RIGHT_CLICK,6,RIGHT_RELEASE
1,62337,BA_RIGHT_CLICK,6,RIGHT_RELEASE
1,62370,BA_RIGHT_CLICK,6,RIGHT_RELEASE
1,62403,BA_RIGHT_CLICK,6,RIGHT_RELEASE
1,62437,BA_RIGHT_CLICK,6,RIGHT_RELEASE
1,62470,BA_RIGHT_CLICK,6,NONE
1,62504,BA_RIGHT_CLICK,6,NONE
1,62536,BA_RIGHT_CLICK,6,NONE
1,62570,BA_RIGHT_CLICK,6,NONE
1,62603,BA_RIGHT_CLICK,6,NONE
1,62637,BA_RIGHT_CLICK,6,NONE
1,63670,BA_RIGHT_CLICK,7,NONE
1,63702,BA_RIGHT_CLICK,7,NONE
1,63737,BA_RIGHT_CLICK,7,NONE
1,63770,BA_RIGHT_CLICK,7,NONE
1,63803,BA_RIGHT_CLICK,7,NONE
1,63838,BA_RIGHT_CLICK,7,NONE
1,63871,BA_RIGHT_CLICK,7,NONE
1,63904,BA_RIGHT_CLICK,7,NONE
1,63936,BA_RIGHT_CLICK,7,NONE
1,63971,BA_RIGHT_CLICK,7,NONE
1,64003,BA_RIGHT_CLICK,7,NONE
1,64037,BA_RIGHT_CLICK,7,NONE
1,64071,BA_RIGHT_CLICK,7,NONE
1,64103,BA_RIGHT_CLICK,7,NONE
1,64137,BA_RIGHT_CLICK,7,NONE
1,64170,BA_RIGHT_CLICK,7,NONE
1,64202,BA_RIGHT_CLICK,7,NONE
1,64237,BA_RIGHT_CLICK,7,NONE
1,64271,BA_RIGHT_CLICK,7,NONE
1,64302,BA_RIGHT_CLICK,7,NONE
1,64337,BA_RIGHT_CLICK,7,NONE
1,64370,BA_RIGHT_CLICK,7,NONE
1,64404,BA_RIGHT_CLICK,7,NONE
1,64437,BA_RIGHT_CLICK,7,NONE
1,64470,BA_RIGHT_CLICK,7,NONE
1,64504,BA_RIGHT_CLICK,7,NONE
1,64537,BA_RIGHT_CLICK,7,NONE
1,64570,BA_RIGHT_CLICK,7,NONE
1,64604,BA_RIGHT_CLICK,7,NONE
1,64637,BA_RIGHT_CLICK,7,NONE
1,64671,BA_RIGHT_CLICK,7,NONE
1,64704,BA_RIGHT_CLICK,7,NONE
1,64737,BA_RIGHT_CLICK,7,NONE
1,64771,BA_RIGHT_CLICK,7,NONE
1,64805,BA_RIGHT_CLICK,7,NONE
1,64837,BA_RIGHT_CLICK,7,NONE
1,64870,BA_RIGHT_CLICK,7,NONE
1,64905,BA_RIGHT_CLICK,7,NONE
1,64938,BA_RIGHT_CLICK,7,NONE
1,64971,BA_RIGHT_CLICK,7,NONE
1,65003,BA_RIGHT_CLICK,7,NONE
1,65038,BA_RIGHT_CLICK,7,NONE
1,65071,BA_RIGHT_CLICK,7,NONE
1,65104,BA_RIGHT_CLICK,7,NONE
1,65138,BA_RIGHT_CLICK,7,NONE
1,65171,BA_RIGHT_CLICK,7,NONE
1,65204,BA_RIGHT_CLICK,7,NONE
1,65238,BA_RIGHT_CLICK,7,NONE
1,65270,BA_RIGHT_CLICK,7,NONE
1,65304,BA_RIGHT_CLICK,7,NONE
1,65337,BA_RIGHT_CLICK,7,NONE
1,65371,BA_RIGHT_CLICK,7,NONE
1,65404,BA_RIGHT_CLICK,7,NONE
1,65439,BA_RIGHT_CLICK,7,NONE
1,65471,BA_RIGHT_CLICK,7,NONE
1,65504,BA_RIGHT_CLICK,7,NONE
1,65537,BA_RIGHT_CLICK,7,NONE
1,65571,BA_RIGHT_CLICK,7,NONE
1,65604,BA_RIGHT_CLICK,7,NONE
1,65636,BA_RIGHT_CLICK,7,NONE
1,65670,BA_RIGHT_CLICK,7,NONE
1,65704,BA_RIGHT_CLICK,7,NONE
1,65738,BA_RIGHT_CLICK,7,NONE
1,65771,BA_RIGHT_CLICK,7,NONE
1,65804,BA_RIGHT_CLICK,7,RIGHT_PRESS
1,65838,BA_RIGHT_CLICK,7,RIGHT_PRESS
1,65871,BA_RIGHT_CLICK,7,RIGHT_PRESS
1,65904,BA_RIGHT_CLICK,7,RIGHT_PRESS
1,65939,BA_RIGHT_CLICK,7,RIGHT_PRESS
1,65969,BA_RIGHT_CLICK,7,RIGHT_PRESS
1,66004,BA_RIGHT_CLICK,7,RIGHT_PRESS
1,66037,BA_RIGHT_CLICK,7,RIGHT_PRESS
1,66070,BA_RIGHT_CLICK,7,RIGHT_PRESS
1,66104,BA_RIGHT_CLICK,7,RIGHT_RELEASE
1,66138,BA_RIGHT_CLICK,7,RIGHT_RELEASE
1,66171,BA_RIGHT_CLICK,7,RIGHT_RELEASE
1,66204,BA_RIGHT_CLICK,7,RIGHT_RELEASE
1,66238,BA_RIGHT_CLICK,7,RIGHT_RELEASE
1,66270,BA_RIGHT_CLICK,7,RIGHT_RELEASE
1,66304,BA_RIGHT_CLICK,7,RIGHT_RELEASE
1,66338,BA_RIGHT_CLICK,7,RIGHT_RELEASE
1,66371,BA_RIGHT_CLICK,7,RIGHT_RELEASE
1,66404,BA_RIGHT_CLICK,7,RIGHT_RELEASE
1,66437,BA_RIGHT_CLICK,7,RIGHT_RELEASE
1,66471,BA_RIGHT_CLICK,7,RIGHT_RELEASE
1,66505,BA_RIGHT_CLICK,7,RIGHT_RELEASE
1,66537,BA_RIGHT_CLICK,7,RIGHT_RELEASE
1,67470,BA_RIGHT_CLICK,8,RIGHT_RELEASE
1,67504,BA_RIGHT_CLICK,8,RIGHT_RELEASE
1,67536,BA_RIGHT_CLICK,8,RIGHT_RELEASE
1,67570,BA_RIGHT_CLICK,8,NONE
1,67602,BA_RIGHT_CLICK,8,NONE
1,67636,BA_RIGHT_CLICK,8,NONE
1,67670,BA_RIGHT_CLICK,8,NONE
1,67704,BA_RIGHT_CLICK,8,NONE
1,67738,BA_RIGHT_CLICK,8,NONE
1,67772,BA_RIGHT_CLICK,8,NONE
1,67804,BA_RIGHT_CLICK,8,NONE
1,67837,BA_RIGHT_CLICK,8,NONE
1,67871,BA_RIGHT_CLICK,8,NONE
1,67904,BA_RIGHT_CLICK,8,NONE
1,67938,BA_RIGHT_CLICK,8,NONE
1,67971,BA_RIGHT_CLICK,8,NONE
1,68004,BA_RIGHT_CLICK,8,NONE
1,68038,BA_RIGHT_CLICK,8,NONE
1,68072,BA_RIGHT_CLICK,8,NONE
1,68105,BA_RIGHT_CLICK,8,NONE
1,68137,BA_RIGHT_CLICK,8,NONE
1,68171,BA_RIGHT_CLICK,8,NONE
1,68205,BA_RIGHT_CLICK,8,NONE
1,68238,BA_RIGHT_CLICK,8,NONE
1,68272,BA_RIGHT_CLICK,8,NONE
1,68304,BA_RIGHT_CLICK,8,NONE
1,68339,BA_RIGHT_CLICK,8,NONE
1,68369,BA_RIGHT_CLICK,8,NONE
1,68405,BA_RIGHT_CLICK,8,NONE
1,68437,BA_RIGHT_CLICK,8,NONE
1,68471,BA_RIGHT_CLICK,8,NONE
1,68505,BA_RIGHT_CLICK,8,NONE
1,68537,BA_RIGHT_CLICK,8,NONE
1,68572,BA_RIGHT_CLICK,8,NONE
1,68604,BA_RIGHT_CLICK,8,NONE
1,68637,BA_RIGHT_CLICK,8,NONE
1,68670,BA_RIGHT_CLICK,8,NONE
1,68702,BA_RIGHT_CLICK,8,NONE
1,68737,BA_RIGHT_CLICK,8,RIGHT_PRESS
1,68771,BA_RIGHT_CLICK,8,RIGHT_PRESS
1,68805,BA_RIGHT_CLICK,8,RIGHT_PRESS
1,68838,BA_RIGHT_CLICK,8,RIGHT_PRESS
1,68872,BA_RIGHT_CLICK,8,RIGHT_PRESS
1,68905,BA_RIGHT_CLICK,8,RIGHT_PRESS
1,68938,BA_RIGHT_CLICK,8,RIGHT_PRESS
1,68971,BA_RIGHT_CLICK,8,RIGHT_PRESS
1,69004,BA_RIGHT_CLICK,8,RIGHT_PRESS
1,69038,BA_RIGHT_CLICK,8,RIGHT_RELEASE
1,69072,BA_RIGHT_CLICK,8,RIGHT_RELEASE
1,69105,BA_RIGHT_CLICK,8,RIGHT_RELEASE
1,69138,BA_RIGHT_CLICK,8,RIGHT_RELEASE
1,69171,BA_RIGHT_CLICK,8,RIGHT_RELEASE
1,69204,BA_RIGHT_CLICK,8,RIGHT_RELEASE
1,69238,BA_RIGHT_CLICK,8,RIGHT_RELEASE
1,69271,BA_RIGHT_CLICK,8,RIGHT_RELEASE
1,69305,BA_RIGHT_CLICK,8,RIGHT_RELEASE
1,69338,BA_RIGHT_CLICK,8,RIGHT_RELEASE
1,69371,BA_RIGHT_CLICK,8,RIGHT_RELEASE
1,69405,BA_RIGHT_CLICK,8,RIGHT_RELEASE
1,69438,BA_RIGHT_CLICK,8,RIGHT_RELEASE
1,69472,BA_RIGHT_CLICK,8,NONE
1,69504,BA_RIGHT_CLICK,8,NONE
1,69538,BA_RIGHT_CLICK,8,NONE
1,69572,BA_RIGHT_CLICK,8,NONE
1,69605,BA_RIGHT_CLICK,8,NONE
1,69638,BA_RIGHT_CLICK,8,NONE
1,70638,BA_RIGHT_CLICK,9,RIGHT_RELEASE
1,70670,BA_RIGHT_CLICK,9,RIGHT_RELEASE
1,70702,BA_RIGHT_CLICK,9,RIGHT_RELEASE
1,70737,BA_RIGHT_CLICK,9,NONE
1,70770,BA_RIGHT_CLICK,9,NONE
1,70804,BA_RIGHT_CLICK,9,NONE
1,70837,BA_RIGHT_CLICK,9,NONE
1,70871,BA_RIGHT_CLICK,9,NONE
1,70905,BA_RIGHT_CLICK,9,NONE
1,70938,BA_RIGHT_CLICK,9,NONE
1,70972,BA_RIGHT_CLICK,9,NONE
1,71004,BA_RIGHT_CLICK,9,NONE
1,71038,BA_RIGHT_CLICK,9,NONE
1,71071,BA_RIGHT_CLICK,9,NONE
1,71105,BA_RIGHT_CLICK,9,NONE
1,71138,BA_RIGHT_CLICK,9,NONE
1,71172,BA_RIGHT_CLICK,9,NONE
1,71204,BA_RIGHT_CLICK,9,NONE
1,71239,BA_RIGHT_CLICK,9,NONE
1,71271,BA_RIGHT_CLICK,9,NONE
1,71304,BA_RIGHT_CLICK,9,NONE
1,71339,BA_RIGHT_CLICK,9,NONE
1,71372,BA_RIGHT_CLICK,9,NONE
1,71402,BA_RIGHT_CLICK,9,NONE
1,71436,BA_RIGHT_CLICK,9,NONE
1,71469,BA_RIGHT_CLICK,9,NONE
1,71502,BA_RIGHT_CLICK,9,NONE
1,71536,BA_RIGHT_CLICK,9,NONE
1,71568,BA_RIGHT_CLICK,9,NONE
1,71602,BA_RIGHT_CLICK,9,NONE
1,71639,BA_RIGHT_CLICK,9,NONE
1,71668,BA_RIGHT_CLICK,9,NONE
1,71706,BA_RIGHT_CLICK,9,NONE
1,71736,BA_RIGHT_CLICK,9,NONE
1,71770,BA_RIGHT_CLICK,9,NONE
1,71805,BA_RIGHT_CLICK,9,NONE
1,71839,BA_RIGHT_CLICK,9,NONE
1,71872,BA_RIGHT_CLICK,9,NONE
1,71901,BA_RIGHT_CLICK,9,NONE
1,71935,BA_RIGHT_CLICK,9,NONE
1,71968,BA_RIGHT_CLICK,9,NONE
1,72002,BA_RIGHT_CLICK,9,NONE
1,72036,BA_RIGHT_CLICK,9,NONE
1,72069,BA_RIGHT_CLICK,9,NONE
1,72105,BA_RIGHT_CLICK,9,NONE
1,72138,BA_RIGHT_CLICK,9,NONE
1,72171,BA_RIGHT_CLICK,9,NONE
1,72202,BA_RIGHT_CLICK,9,NONE
1,72235,BA_RIGHT_CLICK,9,NONE
1,72269,BA_RIGHT_CLICK,9,NONE
1,72302,BA_RIGHT_CLICK,9,RIGHT_PRESS
1,72336,BA_RIGHT_CLICK,9,RIGHT_PRESS
1,72368,BA_RIGHT_CLICK,9,RIGHT_PRESS
1,72402,BA_RIGHT_CLICK,9,RIGHT_PRESS
1,72435,BA_RIGHT_CLICK,9,RIGHT_PRESS
1,72468,BA_RIGHT_CLICK,9,RIGHT_PRESS
1,72502,BA_RIGHT_CLICK,9,RIGHT_PRESS
1,72538,BA_RIGHT_CLICK,9,RIGHT_PRESS
1,72572,BA_RIGHT_CLICK,9,RIGHT_PRESS
1,72603,BA_RIGHT_CLICK,9,RIGHT_RELEASE
1,72634,BA_RIGHT_CLICK,9,RIGHT_RELEASE
1,72668,BA_RIGHT_CLICK,9,RIGHT_RELEASE
1,72701,BA_RIGHT_CLICK,9,RIGHT_RELEASE
1,72734,BA_RIGHT_CLICK,9,RIGHT_RELEASE
1,72769,BA_RIGHT_CLICK,9,RIGHT_RELEASE
1,72805,BA_RIGHT_CLICK,9,RIGHT_RELEASE
1,72834,BA_RIGHT_CLICK,9,RIGHT_RELEASE
1,72868,BA_RIGHT_CLICK,9,RIGHT_RELEASE
1,72902,BA_RIGHT_CLICK,9,RIGHT_RELEASE
1,72938,BA_RIGHT_CLICK,9,RIGHT_RELEASE
1,72970,BA_RIGHT_CLICK,9,RIGHT_RELEASE
1,73002,BA_RIGHT_CLICK,9,RIGHT_RELEASE
1,73035,BA_RIGHT_CLICK,9,RIGHT_RELEASE
1,73068,BA_RIGHT_CLICK,9,NONE
1,73102,BA_RIGHT_CLICK,9,NONE
1,73136,BA_RIGHT_CLICK,9,NONE
1,73168,BA_RIGHT_CLICK,9,NONE
1,73202,BA_RIGHT_CLICK,9,NONE
1,73235,BA_RIGHT_CLICK,9,NONE
1,73269,BA_RIGHT_CLICK,9,NONE
1,73307,BA_RIGHT_CLICK,9,NONE
1,73336,BA_RIGHT_CLICK,9,NONE
1,75104,BA_SCROLL,0,SCROLL_UP
1,75137,BA_SCROLL,0,SCROLL_UP
1,75171,BA_SCROLL,0,SCROLL_UP
1,75205,BA_SCROLL,0,SCROLL_UP
1,75238,BA_SCROLL,0,NONE
1,75271,BA_SCROLL,0,NONE
1,75305,BA_SCROLL,0,NONE
1,75338,BA_SCROLL,0,NONE
1,75371,BA_SCROLL,0,NONE
1,75404,BA_SCROLL,0,SCROLL_DOWN
1,75438,BA_SCROLL,0,SCROLL_DOWN
1,75472,BA_SCROLL,0,SCROLL_DOWN
1,75505,BA_SCROLL,0,SCROLL_DOWN
1,75538,BA_SCROLL,0,SCROLL_DOWN
1,75572,BA_SCROLL,0,SCROLL_DOWN
1,75606,BA_SCROLL,0,SCROLL_DOWN
1,75638,BA_SCROLL,0,SCROLL_DOWN
1,75670,BA_SCROLL,0,SCROLL_DOWN
1,75705,BA_SCROLL,0,SCROLL_DOWN
1,75738,BA_SCROLL,0,SCROLL_DOWN
1,75772,BA_SCROLL,0,SCROLL_DOWN
1,75805,BA_SCROLL,0,SCROLL_DOWN
1,75839,BA_SCROLL,0,NONE
1,75872,BA_SCROLL,0,SCROLL_UP
1,75906,BA_SCROLL,0,SCROLL_UP
1,75937,BA_SCROLL,0,SCROLL_UP
1,75971,BA_SCROLL,0,SCROLL_UP
1,76005,BA_SCROLL,0,SCROLL_UP
1,76038,BA_SCROLL,0,SCROLL_UP
1,76072,BA_SCROLL,0,SCROLL_UP
1,76105,BA_SCROLL,0,SCROLL_UP
1,76139,BA_SCROLL,0,SCROLL_UP
1,76174,BA_SCROLL,0,SCROLL_UP
1,76205,BA_SCROLL,0,NONE
1,76238,BA_SCROLL,0,SCROLL_DOWN
1,76271,BA_SCROLL,0,SCROLL_DOWN
1,76305,BA_SCROLL,0,SCROLL_DOWN
1,76338,BA_SCROLL,0,SCROLL_DOWN
1,76372,BA_SCROLL,0,SCROLL_DOWN
1,76404,BA_SCROLL,0,SCROLL_DOWN
1,76439,BA_SCROLL,0,SCROLL_DOWN
1,76474,BA_SCROLL,0,SCROLL_DOWN
1,76506,BA_SCROLL,0,SCROLL_DOWN
1,76537,BA_SCROLL,0,SCROLL_DOWN
1,76572,BA_SCROLL,0,SCROLL_DOWN
1,76603,BA_SCROLL,0,NONE
1,76639,BA_SCROLL,0,SCROLL_UP
1,76668,BA_SCROLL,0,SCROLL_UP
1,76705,BA_SCROLL,0,SCROLL_UP
1,76738,BA_SCROLL,0,SCROLL_UP
1,76773,BA_SCROLL,0,SCROLL_UP
1,76804,BA_SCROLL,0,SCROLL_UP
1,76839,BA_SCROLL,0,SCROLL_UP
1,76871,BA_SCROLL,0,SCROLL_UP
1,76906,BA_SCROLL,0,SCROLL_UP
1,76938,BA_SCROLL,0,SCROLL_UP
1,76972,BA_SCROLL,0,SCROLL_UP
1,77006,BA_SCROLL,0,NONE
1,77040,BA_SCROLL,0,SCROLL_DOWN
1,77070,BA_SCROLL,0,SCROLL_DOWN
1,77105,BA_SCROLL,0,SCROLL_DOWN
1,77136,BA_SCROLL,0,SCROLL_DOWN
1,77172,BA_SCROLL,0,SCROLL_DOWN
1,77205,BA_SCROLL,0,SCROLL_DOWN
1,77240,BA_SCROLL,0,SCROLL_DOWN
1,77274,BA_SCROLL,0,SCROLL_DOWN
1,77306,BA_SCROLL,0,SCROLL_DOWN
1,77337,BA_SCROLL,0,SCROLL_DOWN
1,77372,BA_SCROLL,0,SCROLL_DOWN
1,77404,BA_SCROLL,0,SCROLL_DOWN
1,77439,BA_SCROLL,0,SCROLL_UP
1,77473,BA_SCROLL,0,SCROLL_UP
1,77507,BA_SCROLL,0,SCROLL_UP
1,77539,BA_SCROLL,0,SCROLL_UP
1,77574,BA_SCROLL,0,SCROLL_UP
1,77604,BA_SCROLL,0,SCROLL_UP
1,77638,BA_SCROLL,0,SCROLL_UP
1,77671,BA_SCROLL,0,SCROLL_UP
1,77706,BA_SCROLL,0,SCROLL_UP
1,77738,BA_SCROLL,0,SCROLL_UP
1,77772,BA_SCROLL,0,NONE
1,77805,BA_SCROLL,0,SCROLL_DOWN
1,77839,BA_SCROLL,0,SCROLL_DOWN
1,77872,BA_SCROLL,0,SCROLL_DOWN
1,77907,BA_SCROLL,0,SCROLL_DOWN
1,77938,BA_SCROLL,0,SCROLL_DOWN
1,77972,BA_SCROLL,0,SCROLL_DOWN
1,78005,BA_SCROLL,0,SCROLL_DOWN
1,78039,BA_SCROLL,0,SCROLL_DOWN
1,78072,BA_SCROLL,0,SCROLL_DOWN
1,78106,BA_SCROLL,0,SCROLL_DOWN
1,78139,BA_SCROLL,0,SCROLL_DOWN
1,78172,BA_SCROLL,0,NONE
1,78205,BA_SCROLL,0,SCROLL_UP
1,78239,BA_SCROLL,0,SCROLL_UP
1,78271,BA_SCROLL,0,SCROLL_UP
1,78306,BA_SCROLL,0,SCROLL_UP
1,78339,BA_SCROLL,0,SCROLL_UP
1,78373,BA_SCROLL,0,SCROLL_UP
1,78406,BA_SCROLL,0,SCROLL_UP
1,78439,BA_SCROLL,0,SCROLL_UP
1,78472,BA_SCROLL,0,SCROLL_UP
1,78505,BA_SCROLL,0,SCROLL_UP
1,78539,BA_SCROLL,0,NONE
1,78572,BA_SCROLL,0,SCROLL_DOWN
1,78606,BA_SCROLL,0,SCROLL_DOWN
1,78641,BA_SCROLL,0,SCROLL_DOWN
1,78672,BA_SCROLL,0,SCROLL_DOWN
1,78707,BA_SCROLL,0,SCROLL_DOWN
1,78738,BA_SCROLL,0,SCROLL_DOWN
1,78772,BA_SCROLL,0,SCROLL_DOWN
1,78805,BA_SCROLL,0,SCROLL_DOWN
1,78840,BA_SCROLL,0,SCROLL_DOWN
1,78872,BA_SCROLL,0,SCROLL_DOWN
1,78906,BA_SCROLL,0,SCROLL_DOWN
1,78940,BA_SCROLL,0,NONE
1,78974,BA_SCROLL,0,SCROLL_UP
1,79006,BA_SCROLL,0,SCROLL_UP
1,79038,BA_SCROLL,0,SCROLL_UP
1,79072,BA_SCROLL,0,SCROLL_UP
1,79105,BA_SCROLL,0,SCROLL_UP
1,79139,BA_SCROLL,0,SCROLL_UP
1,79172,BA_SCROLL,0,SCROLL_UP
1,79206,BA_SCROLL,0,SCROLL_UP
1,79239,BA_SCROLL,0,SCROLL_UP
1,79274,BA_SCROLL,0,SCROLL_UP
1,79306,BA_SCROLL,0,SCROLL_UP
1,79339,BA_SCROLL,0,SCROLL_UP
1,79372,BA_SCROLL,0,NONE
1,79405,BA_SCROLL,0,NONE
1,79439,BA_SCROLL,0,SCROLL_DOWN
1,79472,BA_SCROLL,0,SCROLL_DOWN
1,79506,BA_SCROLL,0,SCROLL_DOWN
1,79539,BA_SCROLL,0,SCROLL_DOWN
1,79573,BA_SCROLL,0,SCROLL_DOWN
1,79605,BA_SCROLL,0,SCROLL_DOWN
1,79638,BA_SCROLL,0,SCROLL_DOWN
1,79672,BA_SCROLL,0,SCROLL_DOWN
1,79706,BA_SCROLL,0,SCROLL_DOWN
1,79739,BA_SCROLL,0,SCROLL_DOWN
1,79773,BA_SCROLL,0,SCROLL_DOWN
1,79806,BA_SCROLL,0,SCROLL_DOWN
1,79840,BA_SCROLL,0,SCROLL_DOWN
1,79871,BA_SCROLL,0,SCROLL_DOWN
1,79905,BA_SCROLL,0,SCROLL_DOWN
1,79939,BA_SCROLL,0,SCROLL_DOWN
1,79972,BA_SCROLL,0,SCROLL_DOWN
1,80006,BA_SCROLL,0,NONE
1,80039,BA_SCROLL,0,NONE
1,80073,BA_SCROLL,0,NONE
1,80107,BA_SCROLL,0,NONE
1,80139,BA_SCROLL,0,NONE
1,80172,BA_SCROLL,0,NONE
1,81072,BA_SCROLL,1,SCROLL_DOWN
1,81105,BA_SCROLL,1,SCROLL_DOWN
1,81139,BA_SCROLL,1,SCROLL_DOWN
1,81172,BA_SCROLL,1,NONE
1,81205,BA_SCROLL,1,NONE
1,81239,BA_SCROLL,1,NONE
1,81272,BA_SCROLL,1,NONE
1,81306,BA_SCROLL,1,NONE
1,81340,BA_SCROLL,1,NONE
1,81374,BA_SCROLL,1,NONE
1,81407,BA_SCROLL,1,NONE
1,81440,BA_SCROLL,1,NONE
1,81474,BA_SCROLL,1,SCROLL_UP
1,81505,BA_SCROLL,1,SCROLL_UP
1,81539,BA_SCROLL,1,SCROLL_UP
1,81573,BA_SCROLL,1,SCROLL_UP
1,81605,BA_SCROLL,1,SCROLL_UP
1,81640,BA_SCROLL,1,SCROLL_UP
1,81668,BA_SCROLL,1,SCROLL_UP
1,81708,BA_SCROLL,1,SCROLL_UP
1,81739,BA_SCROLL,1,SCROLL_UP
1,81772,BA_SCROLL,1,SCROLL_UP
1,81807,BA_SCROLL,1,NONE
1,81839,BA_SCROLL,1,NONE
1,81873,BA_SCROLL,1,SCROLL_DOWN
1,81907,BA_SCROLL,1,SCROLL_DOWN
1,81939,BA_SCROLL,1,SCROLL_DOWN
1,81974,BA_SCROLL,1,SCROLL_DOWN
1,82007,BA_SCROLL,1,SCROLL_DOWN
1,82041,BA_SCROLL,1,SCROLL_DOWN
1,82071,BA_SCROLL,1,SCROLL_DOWN
1,82105,BA_SCROLL,1,SCROLL_DOWN
1,82139,BA_SCROLL,1,SCROLL_DOWN
1,82172,BA_SCROLL,1,SCROLL_DOWN
1,82207,BA_SCROLL,1,SCROLL_DOWN
1,82240,BA_SCROLL,1,SCROLL_DOWN
1,82274,BA_SCROLL,1,SCROLL_DOWN
1,82306,BA_SCROLL,1,NONE
1,82341,BA_SCROLL,1,SCROLL_UP
1,82372,BA_SCROLL,1,SCROLL_UP
1,82406,BA_SCROLL,1,SCROLL_UP
1,82439,BA_SCROLL,1,SCROLL_UP
1,82472,BA_SCROLL,1,SCROLL_UP
1,82505,BA_SCROLL,1,SCROLL_UP
1,82539,BA_SCROLL,1,SCROLL_UP
1,82573,BA_SCROLL,1,SCROLL_UP
1,82607,BA_SCROLL,1,SCROLL_UP
1,82639,BA_SCROLL,1,SCROLL_UP
1,82672,BA_SCROLL,1,NONE
1,82705,BA_SCROLL,1,SCROLL_DOWN
1,82740,BA_SCROLL,1,SCROLL_DOWN
1,82773,BA_SCROLL,1,SCROLL_DOWN
1,82807,BA_SCROLL,1,SCROLL_DOWN
1,82839,BA_SCROLL,1,SCROLL_DOWN
1,82873,BA_SCROLL,1,SCROLL_DOWN
1,82908,BA_SCROLL,1,SCROLL_DOWN
1,82939,BA_SCROLL,1,SCROLL_DOWN
1,82972,BA_SCROLL,1,SCROLL_DOWN
1,83006,BA_SCROLL,1,SCROLL_DOWN
1,83039,BA_SCROLL,1,SCROLL_DOWN
1,83073,BA_SCROLL,1,SCROLL_DOWN
1,83107,BA_SCROLL,1,SCROLL_DOWN
1,83140,BA_SCROLL,1,SCROLL_DOWN
1,83174,BA_SCROLL,1,NONE
1,83206,BA_SCROLL,1,SCROLL_UP
1,83240,BA_SCROLL,1,SCROLL_UP
1,83272,BA_SCROLL,1,SCROLL_UP
1,83305,BA_SCROLL,1,SCROLL_UP
1,83339,BA_SCROLL,1,SCROLL_UP
1,83372,BA_SCROLL,1,SCROLL_UP
1,83406,BA_SCROLL,1,SCROLL_UP
1,83439,BA_SCROLL,1,SCROLL_UP
1,83473,BA_SCROLL,1,SCROLL_UP
1,83506,BA_SCROLL,1,SCROLL_UP
1,83539,BA_SCROLL,1,NONE
1,83573,BA_SCROLL,1,SCROLL_DOWN
1,83606,BA_SCROLL,1,SCROLL_DOWN
1,83640,BA_SCROLL,1,SCROLL_DOWN
1,83674,BA_SCROLL,1,SCROLL_DOWN
1,83707,BA_SCROLL,1,SCROLL_DOWN
1,83741,BA_SCROLL,1,SCROLL_DOWN
1,83773,BA_SCROLL,1,SCROLL_DOWN
1,83806,BA_SCROLL,1,SCROLL_DOWN
1,83839,BA_SCROLL,1,SCROLL_DOWN
1,83873,BA_SCROLL,1,SCROLL_DOWN
1,83906,BA_SCROLL,1,SCROLL_DOWN
1,83940,BA_SCROLL,1,SCROLL_DOWN
1,83974,BA_SCROLL,1,SCROLL_DOWN
1,84007,BA_SCROLL,1,NONE
1,84039,BA_SCROLL,1,SCROLL_UP
1,84074,BA_SCROLL,1,SCROLL_UP
1,84107,BA_SCROLL,1,SCROLL_UP
1,84139,BA_SCROLL,1,SCROLL_UP
1,84173,BA_SCROLL,1,SCROLL_UP
1,84206,BA_SCROLL,1,SCROLL_UP
1,84239,BA_SCROLL,1,SCROLL_UP
1,84273,BA_SCROLL,1,SCROLL_UP
1,84308,BA_SCROLL,1,SCROLL_UP
1,84341,BA_SCROLL,1,SCROLL_UP
1,84373,BA_SCROLL,1,NONE
1,84406,BA_SCROLL,1,NONE
1,84440,BA_SCROLL,1,SCROLL_DOWN
1,84472,BA_SCROLL,1,SCROLL_DOWN
1,84507,BA_SCROLL,1,SCROLL_DOWN
1,84540,BA_SCROLL,1,SCROLL_DOWN
1,84573,BA_SCROLL,1,SCROLL_DOWN
1,84608,BA_SCROLL,1,SCROLL_DOWN
1,84641,BA_SCROLL,1,SCROLL_DOWN
1,84672,BA_SCROLL,1,SCROLL_DOWN
1,84706,BA_SCROLL,1,SCROLL_DOWN
1,84739,BA_SCROLL,1,SCROLL_DOWN
1,84772,BA_SCROLL,1,SCROLL_DOWN
1,84807,BA_SCROLL,1,SCROLL_DOWN
1,84841,BA_SCROLL,1,SCROLL_DOWN
1,84874,BA_SCROLL,1,NONE
1,84908,BA_SCROLL,1,NONE
1,84940,BA_SCROLL,1,SCROLL_UP
1,84973,BA_SCROLL,1,SCROLL_UP
1,85006,BA_SCROLL,1,SCROLL_UP
1,85040,BA_SCROLL,1,SCROLL_UP
1,85073,BA_SCROLL,1,SCROLL_UP
1,85107,BA_SCROLL,1,SCROLL_UP
1,85141,BA_SCROLL,1,SCROLL_UP
1,85174,BA_SCROLL,1,SCROLL_UP
1,85207,BA_SCROLL,1,SCROLL_UP
1,85240,BA_SCROLL,1,SCROLL_UP
1,85273,BA_SCROLL,1,SCROLL_UP
1,85306,BA_SCROLL,1,SCROLL_UP
1,85339,BA_SCROLL,1,SCROLL_UP
1,85374,BA_SCROLL,1,NONE
1,85406,BA_SCROLL,1,NONE
1,85441,BA_SCROLL,1,SCROLL_DOWN
1,85474,BA_SCROLL,1,SCROLL_DOWN
1,85506,BA_SCROLL,1,SCROLL_DOWN
1,85540,BA_SCROLL,1,SCROLL_DOWN
1,85572,BA_SCROLL,1,SCROLL_DOWN
1,85606,BA_SCROLL,1,SCROLL_DOWN
1,85641,BA_SCROLL,1,SCROLL_DOWN
1,85674,BA_SCROLL,1,SCROLL_DOWN
1,85706,BA_SCROLL,1,SCROLL_DOWN
1,85741,BA_SCROLL,1,SCROLL_DOWN
1,85774,BA_SCROLL,1,SCROLL_DOWN
1,85807,BA_SCROLL,1,SCROLL_DOWN
1,85840,BA_SCROLL,1,SCROLL_DOWN
1,85873,BA_SCROLL,1,SCROLL_DOWN
1,85906,BA_SCROLL,1,SCROLL_DOWN
1,85939,BA_SCROLL,1,SCROLL_DOWN
1,85974,BA_SCROLL,1,NONE
1,86007,BA_SCROLL,1,NONE
1,86040,BA_SCROLL,1,NONE
1,86075,BA_SCROLL,1,NONE
1,86107,BA_SCROLL,1,NONE
1,86139,BA_SCROLL,1,NONE
1,86174,BA_SCROLL,1,NONE
1,86206,BA_SCROLL,1,NONE
1,87040,BA_SCROLL,2,SCROLL_DOWN
1,87072,BA_SCROLL,2,SCROLL_DOWN
1,87107,BA_SCROLL,2,SCROLL_DOWN
1,87139,BA_SCROLL,2,NONE
1,87173,BA_SCROLL,2,NONE
1,87208,BA_SCROLL,2,NONE
1,87240,BA_SCROLL,2,NONE
1,87272,BA_SCROLL,2,NONE
1,87305,BA_SCROLL,2,NONE
1,87339,BA_SCROLL,2,NONE
1,87372,BA_SCROLL,2,NONE
1,87407,BA_SCROLL,2,NONE
1,87441,BA_SCROLL,2,NONE
1,87474,BA_SCROLL,2,NONE
1,87508,BA_SCROLL,2,NONE
1,87540,BA_SCROLL,2,SCROLL_UP
1,87575,BA_SCROLL,2,SCROLL_UP
1,87605,BA_SCROLL,2,SCROLL_UP
1,87640,BA_SCROLL,2,SCROLL_UP
1,87673,BA_SCROLL,2,SCROLL_UP
1,87706,BA_SCROLL,2,SCROLL_UP
1,87739,BA_SCROLL,2,SCROLL_UP
1,87774,BA_SCROLL,2,SCROLL_UP
1,87807,BA_SCROLL,2,SCROLL_UP
1,87842,BA_SCROLL,2,SCROLL_UP
1,87872,BA_SCROLL,2,SCROLL_UP
1,87906,BA_SCROLL,2,SCROLL_UP
1,87939,BA_SCROLL,2,SCROLL_UP
1,87974,BA_SCROLL,2,SCROLL_UP
1,88007,BA_SCROLL,2,NONE
1,88041,BA_SCROLL,2,SCROLL_DOWN
1,88074,BA_SCROLL,2,SCROLL_DOWN
1,88107,BA_SCROLL,2,SCROLL_DOWN
1,88140,BA_SCROLL,2,SCROLL_DOWN
1,88172,BA_SCROLL,2,SCROLL_DOWN
1,88207,BA_SCROLL,2,SCROLL_DOWN
1,88239,BA_SCROLL,2,SCROLL_DOWN
1,88274,BA_SCROLL,2,SCROLL_DOWN
1,88307,BA_SCROLL,2,SCROLL_DOWN
1,88339,BA_SCROLL,2,SCROLL_DOWN
1,88374,BA_SCROLL,2,SCROLL_DOWN
1,88407,BA_SCROLL,2,SCROLL_DOWN
1,88440,BA_SCROLL,2,SCROLL_DOWN
1,88475,BA_SCROLL,2,SCROLL_DOWN
1,88508,BA_SCROLL,2,NONE
1,88539,BA_SCROLL,2,SCROLL_UP
1,88572,BA_SCROLL,2,SCROLL_UP
1,88607,BA_SCROLL,2,SCROLL_UP
1,88640,BA_SCROLL,2,SCROLL_UP
1,88674,BA_SCROLL,2,SCROLL_UP
1,88708,BA_SCROLL,2,SCROLL_UP
1,88741,BA_SCROLL,2,SCROLL_UP
1,88774,BA_SCROLL,2,SCROLL_UP
1,88808,BA_SCROLL,2,SCROLL_UP
1,88841,BA_SCROLL,2,SCROLL_UP
1,88874,BA_SCROLL,2,SCROLL_UP
1,88908,BA_SCROLL,2,NONE
1,88941,BA_SCROLL,2,SCROLL_DOWN
1,88974,BA_SCROLL,2,SCROLL_DOWN
1,89008,BA_SCROLL,2,SCROLL_DOWN
1,89041,BA_SCROLL,2,SCROLL_DOWN
1,89074,BA_SCROLL,2,SCROLL_DOWN
1,89108,BA_SCROLL,2,SCROLL_DOWN
1,89141,BA_SCROLL,2,SCROLL_DOWN
1,89175,BA_SCROLL,2,SCROLL_DOWN
1,89208,BA_SCROLL,2,SCROLL_DOWN
1,89241,BA_SCROLL,2,SCROLL_DOWN
1,89273,BA_SCROLL,2,SCROLL_DOWN
1,89308,BA_SCROLL,2,SCROLL_DOWN
1,89341,BA_SCROLL,2,NONE
1,89372,BA_SCROLL,2,NONE
1,89407,BA_SCROLL,2,SCROLL_UP
1,89440,BA_SCROLL,2,SCROLL_UP
1,89473,BA_SCROLL,2,SCROLL_UP
1,89507,BA_SCROLL,2,SCROLL_UP
1,89541,BA_SCROLL,2,SCROLL_UP
1,89574,BA_SCROLL,2,SCROLL_UP
1,89608,BA_SCROLL,2,SCROLL_UP
1,89641,BA_SCROLL,2,SCROLL_UP
1,89674,BA_SCROLL,2,SCROLL_UP
1,89708,BA_SCROLL,2,SCROLL_UP
1,89742,BA_SCROLL,2,NONE
1,89772,BA_SCROLL,2,SCROLL_DOWN
1,89807,BA_SCROLL,2,SCROLL_DOWN
1,89840,BA_SCROLL,2,SCROLL_DOWN
1,89874,BA_SCROLL,2,SCROLL_DOWN
1,89907,BA_SCROLL,2,SCROLL_DOWN
1,89940,BA_SCROLL,2,SCROLL_DOWN
1,89974,BA_SCROLL,2,SCROLL_DOWN
1,90007,BA_SCROLL,2,SCROLL_DOWN
1,90041,BA_SCROLL,2,SCROLL_DOWN
1,90074,BA_SCROLL,2,SCROLL_DOWN
1,90108,BA_SCROLL,2,SCROLL_DOWN
1,90141,BA_SCROLL,2,SCROLL_DOWN
1,90172,BA_SCROLL,2,SCROLL_DOWN
1,90207,BA_SCROLL,2,NONE
1,90239,BA_SCROLL,2,SCROLL_UP
1,90274,BA_SCROLL,2,SCROLL_UP
1,90307,BA_SCROLL,2,SCROLL_UP
1,90341,BA_SCROLL,2,SCROLL_UP
1,90374,BA_SCROLL,2,SCROLL_UP
1,90405,BA_SCROLL,2,SCROLL_UP
1,90437,BA_SCROLL,2,SCROLL_UP
1,90474,BA_SCROLL,2,SCROLL_UP
1,90507,BA_SCROLL,2,SCROLL_UP
1,90539,BA_SCROLL,2,SCROLL_UP
1,90574,BA_SCROLL,2,SCROLL_UP
1,90607,BA_SCROLL,2,NONE
1,90640,BA_SCROLL,2,SCROLL_DOWN
1,90674,BA_SCROLL,2,SCROLL_DOWN
1,90708,BA_SCROLL,2,SCROLL_DOWN
1,90741,BA_SCROLL,2,SCROLL_DOWN
1,90775,BA_SCROLL,2,SCROLL_DOWN
1,90807,BA_SCROLL,2,SCROLL_DOWN
1,90841,BA_SCROLL,2,SCROLL_DOWN
1,90875,BA_SCROLL,2,SCROLL_DOWN
1,90909,BA_SCROLL,2,SCROLL_DOWN
1,90941,BA_SCROLL,2,SCROLL_DOWN
1,90975,BA_SCROLL,2,SCROLL_DOWN
1,91005,BA_SCROLL,2,SCROLL_DOWN
1,91041,BA_SCROLL,2,NONE
1,91073,BA_SCROLL,2,NONE
1,91107,BA_SCROLL,2,SCROLL_UP
1,91140,BA_SCROLL,2,SCROLL_UP
1,91174,BA_SCROLL,2,SCROLL_UP
1,91207,BA_SCROLL,2,SCROLL_UP
1,91241,BA_SCROLL,2,SCROLL_UP
1,91274,BA_SCROLL,2,SCROLL_UP
1,91307,BA_SCROLL,2,SCROLL_UP
1,91341,BA_SCROLL,2,SCROLL_UP
1,91374,BA_SCROLL,2,SCROLL_UP
1,91408,BA_SCROLL,2,SCROLL_UP
1,91441,BA_SCROLL,2,SCROLL_UP
1,91474,BA_SCROLL,2,NONE
1,91509,BA_SCROLL,2,NONE
1,91541,BA_SCROLL,2,SCROLL_DOWN
1,91575,BA_SCROLL,2,SCROLL_DOWN
1,91609,BA_SCROLL,2,SCROLL_DOWN
1,91641,BA_SCROLL,2,SCROLL_DOWN
1,91671,BA_SCROLL,2,SCROLL_DOWN
1,91710,BA_SCROLL,2,SCROLL_DOWN
1,91741,BA_SCROLL,2,SCROLL_DOWN
1,91774,BA_SCROLL,2,SCROLL_DOWN
1,91807,BA_SCROLL,2,SCROLL_DOWN
1,91842,BA_SCROLL,2,SCROLL_DOWN
1,91875,BA_SCROLL,2,SCROLL_DOWN
1,91909,BA_SCROLL,2,SCROLL_DOWN
1,91942,BA_SCROLL,2,SCROLL_DOWN
1,91975,BA_SCROLL,2,SCROLL_DOWN
1,92009,BA_SCROLL,2,SCROLL_DOWN
1,92042,BA_SCROLL,2,SCROLL_DOWN
1,92075,BA_SCROLL,2,SCROLL_DOWN
1,92109,BA_SCROLL,2,SCROLL_DOWN
1,92142,BA_SCROLL,2,SCROLL_DOWN
1,92175,BA_SCROLL,2,NONE
1,92208,BA_SCROLL,2,NONE
1,92242,BA_SCROLL,2,NONE
1,92275,BA_SCROLL,2,NONE
1,92309,BA_SCROLL,2,NONE
1,92341,BA_SCROLL,2,NONE
1,92375,BA_SCROLL,2,NONE
1,93407,BA_SCROLL,3,SCROLL_UP
1,93440,BA_SCROLL,3,SCROLL_UP
1,93474,BA_SCROLL,3,SCROLL_UP
1,93507,BA_SCROLL,3,SCROLL_UP
1,93541,BA_SCROLL,3,NONE
1,93573,BA_SCROLL,3,NONE
1,93607,BA_SCROLL,3,NONE
1,93641,BA_SCROLL,3,NONE
1,93674,BA_SCROLL,3,NONE
1,93708,BA_SCROLL,3,NONE
1,93741,BA_SCROLL,3,NONE
1,93774,BA_SCROLL,3,NONE
1,93809,BA_SCROLL,3,SCROLL_UP
1,93843,BA_SCROLL,3,SCROLL_UP
1,93876,BA_SCROLL,3,SCROLL_UP
1,93909,BA_SCROLL,3,SCROLL_UP
1,93942,BA_SCROLL,3,SCROLL_UP
1,93976,BA_SCROLL,3,SCROLL_UP
1,94006,BA_SCROLL,3,SCROLL_UP
1,94040,BA_SCROLL,3,SCROLL_UP
1,94074,BA_SCROLL,3,SCROLL_UP
1,94107,BA_SCROLL,3,SCROLL_UP
1,94140,BA_SCROLL,3,SCROLL_UP
1,94174,BA_SCROLL,3,SCROLL_UP
1,94207,BA_SCROLL,3,SCROLL_UP
1,94240,BA_SCROLL,3,SCROLL_UP
1,94274,BA_SCROLL,3,NONE
1,94307,BA_SCROLL,3,SCROLL_DOWN
1,94340,BA_SCROLL,3,SCROLL_DOWN
1,94374,BA_SCROLL,3,SCROLL_DOWN
1,94407,BA_SCROLL,3,SCROLL_DOWN
1,94441,BA_SCROLL,3,SCROLL_DOWN
1,94474,BA_SCROLL,3,SCROLL_DOWN
1,94507,BA_SCROLL,3,SCROLL_DOWN
1,94541,BA_SCROLL,3,SCROLL_DOWN
1,94575,BA_SCROLL,3,SCROLL_DOWN
1,94608,BA_SCROLL,3,SCROLL_DOWN
1,94641,BA_SCROLL,3,SCROLL_DOWN
1,94675,BA_SCROLL,3,SCROLL_DOWN
1,94708,BA_SCROLL,3,SCROLL_DOWN
1,94743,BA_SCROLL,3,NONE
1,94776,BA_SCROLL,3,SCROLL_UP
1,94810,BA_SCROLL,3,SCROLL_UP
1,94843,BA_SCROLL,3,SCROLL_UP
1,94876,BA_SCROLL,3,SCROLL_UP
1,94910,BA_SCROLL,3,SCROLL_UP
1,94943,BA_SCROLL,3,SCROLL_UP
1,94975,BA_SCROLL,3,SCROLL_UP
1,95009,BA_SCROLL,3,SCROLL_UP
1,95043,BA_SCROLL,3,SCROLL_UP
1,95076,BA_SCROLL,3,SCROLL_UP
1,95110,BA_SCROLL,3,SCROLL_UP
1,95143,BA_SCROLL,3,NONE
1,95177,BA_SCROLL,3,SCROLL_DOWN
1,95209,BA_SCROLL,3,SCROLL_DOWN
1,95243,BA_SCROLL,3,SCROLL_DOWN
1,95277,BA_SCROLL,3,SCROLL_DOWN
1,95310,BA_SCROLL,3,SCROLL_DOWN
1,95343,BA_SCROLL,3,SCROLL_DOWN
1,95376,BA_SCROLL,3,SCROLL_DOWN
1,95409,BA_SCROLL,3,SCROLL_DOWN
1,95443,BA_SCROLL,3,SCROLL_DOWN
1,95476,BA_SCROLL,3,SCROLL_DOWN
1,95509,BA_SCROLL,3,SCROLL_DOWN
1,95543,BA_SCROLL,3,SCROLL_DOWN
1,95576,BA_SCROLL,3,NONE
1,95610,BA_SCROLL,3,SCROLL_UP
1,95643,BA_SCROLL,3,SCROLL_UP
1,95676,BA_SCROLL,3,SCROLL_UP
1,95710,BA_SCROLL,3,SCROLL_UP
1,95743,BA_SCROLL,3,SCROLL_UP
1,95776,BA_SCROLL,3,SCROLL_UP
1,95809,BA_SCROLL,3,SCROLL_UP
1,95843,BA_SCROLL,3,SCROLL_UP
1,95876,BA_SCROLL,3,SCROLL_UP
1,95910,BA_SCROLL,3,SCROLL_UP
1,95943,BA_SCROLL,3,SCROLL_UP
1,95975,BA_SCROLL,3,SCROLL_DOWN
1,96009,BA_SCROLL,3,SCROLL_DOWN
1,96043,BA_SCROLL,3,SCROLL_DOWN
1,96076,BA_SCROLL,3,SCROLL_DOWN
1,96110,BA_SCROLL,3,SCROLL_DOWN
1,96142,BA_SCROLL,3,SCROLL_DOWN
1,96176,BA_SCROLL,3,SCROLL_DOWN
1,96210,BA_SCROLL,3,SCROLL_DOWN
1,96243,BA_SCROLL,3,SCROLL_DOWN
1,96276,BA_SCROLL,3,SCROLL_DOWN
1,96310,BA_SCROLL,3,SCROLL_DOWN
1,96343,BA_SCROLL,3,SCROLL_DOWN
1,96376,BA_SCROLL,3,SCROLL_DOWN
1,96409,BA_SCROLL,3,NONE
1,96443,BA_SCROLL,3,SCROLL_UP
1,96475,BA_SCROLL,3,SCROLL_UP
1,96510,BA_SCROLL,3,SCROLL_UP
1,96544,BA_SCROLL,3,SCROLL_UP
1,96576,BA_SCROLL,3,SCROLL_UP
1,96609,BA_SCROLL,3,SCROLL_UP
1,96643,BA_SCROLL,3,SCROLL_UP
1,96671,BA_SCROLL,3,SCROLL_UP
1,96710,BA_SCROLL,3,SCROLL_UP
1,96741,BA_SCROLL,3,SCROLL_UP
1,96777,BA_SCROLL,3,NONE
1,96810,BA_SCROLL,3,SCROLL_DOWN
1,96843,BA_SCROLL,3,SCROLL_DOWN
1,96876,BA_SCROLL,3,SCROLL_DOWN
1,96910,BA_SCROLL,3,SCROLL_DOWN
1,96943,BA_SCROLL,3,SCROLL_DOWN
1,96976,BA_SCROLL,3,SCROLL_DOWN
1,97009,BA_SCROLL,3,SCROLL_DOWN
1,97043,BA_SCROLL,3,SCROLL_DOWN
1,97076,BA_SCROLL,3,SCROLL_DOWN
1,97109,BA_SCROLL,3,SCROLL_DOWN
1,97143,BA_SCROLL,3,SCROLL_DOWN
1,97176,BA_SCROLL,3,SCROLL_DOWN
1,97209,BA_SCROLL,3,SCROLL_DOWN
1,97243,BA_SCROLL,3,SCROLL_DOWN
1,97277,BA_SCROLL,3,SCROLL_DOWN
1,97309,BA_SCROLL,3,NONE
1,97343,BA_SCROLL,3,NONE
1,97377,BA_SCROLL,3,SCROLL_UP
1,97410,BA_SCROLL,3,SCROLL_UP
1,97443,BA_SCROLL,3,SCROLL_UP
1,97476,BA_SCROLL,3,SCROLL_UP
1,97509,BA_SCROLL,3,SCROLL_UP
1,97543,BA_SCROLL,3,SCROLL_UP
1,97577,BA_SCROLL,3,SCROLL_UP
1,97610,BA_SCROLL,3,SCROLL_UP
1,97638,BA_SCROLL,3,SCROLL_UP
1,97670,BA_SCROLL,3,SCROLL_UP
1,97704,BA_SCROLL,3,SCROLL_UP
1,97738,BA_SCROLL,3,NONE
1,97770,BA_SCROLL,3,NONE
1,97809,BA_SCROLL,3,SCROLL_DOWN
1,97841,BA_SCROLL,3,SCROLL_DOWN
1,97874,BA_SCROLL,3,SCROLL_DOWN
1,97908,BA_SCROLL,3,SCROLL_DOWN
1,97942,BA_SCROLL,3,SCROLL_DOWN
1,97975,BA_SCROLL,3,SCROLL_DOWN
1,98010,BA_SCROLL,3,SCROLL_DOWN
1,98043,BA_SCROLL,3,SCROLL_DOWN
1,98076,BA_SCROLL,3,SCROLL_DOWN
1,98110,BA_SCROLL,3,SCROLL_DOWN
1,98143,BA_SCROLL,3,SCROLL_DOWN
1,98176,BA_SCROLL,3,SCROLL_DOWN
1,98210,BA_SCROLL,3,SCROLL_DOWN
1,98243,BA_SCROLL,3,SCROLL_DOWN
1,98277,BA_SCROLL,3,NONE
1,98310,BA_SCROLL,3,NONE
1,98344,BA_SCROLL,3,NONE
1,98375,BA_SCROLL,3,NONE
1,98410,BA_SCROLL,3,NONE
1,98443,BA_SCROLL,3,NONE
1,98477,BA_SCROLL,3,NONE
1,98510,BA_SCROLL,3,NONE
1,98543,BA_SCROLL,3,SCROLL_UP
1,99374,BA_SCROLL,4,SCROLL_UP
1,99409,BA_SCROLL,4,SCROLL_UP
1,99442,BA_SCROLL,4,SCROLL_UP
1,99476,BA_SCROLL,4,SCROLL_UP
1,99509,BA_SCROLL,4,NONE
1,99543,BA_SCROLL,4,NONE
1,99577,BA_SCROLL,4,NONE
1,99611,BA_SCROLL,4,NONE
1,99642,BA_SCROLL,4,NONE
1,99677,BA_SCROLL,4,NONE
1,99710,BA_SCROLL,4,NONE
1,99744,BA_SCROLL,4,NONE
1,99777,BA_SCROLL,4,NONE
1,99810,BA_SCROLL,4,NONE
1,99843,BA_SCROLL,4,NONE
1,99877,BA_SCROLL,4,NONE
1,99910,BA_SCROLL,4,NONE
1,99944,BA_SCROLL,4,SCROLL_UP
1,99977,BA_SCROLL,4,SCROLL_UP
1,100010,BA_SCROLL,4,SCROLL_UP
1,100043,BA_SCROLL,4,SCROLL_UP
1,100077,BA_SCROLL,4,SCROLL_UP
1,100110,BA_SCROLL,4,SCROLL_UP
1,100142,BA_SCROLL,4,SCROLL_UP
1,100177,BA_SCROLL,4,SCROLL_UP
1,100210,BA_SCROLL,4,SCROLL_UP
1,100243,BA_SCROLL,4,SCROLL_UP
1,100277,BA_SCROLL,4,SCROLL_UP
1,100310,BA_SCROLL,4,SCROLL_UP
1,100343,BA_SCROLL,4,NONE
1,100377,BA_SCROLL,4,SCROLL_DOWN
1,100410,BA_SCROLL,4,SCROLL_DOWN
1,100444,BA_SCROLL,4,SCROLL_DOWN
1,100477,BA_SCROLL,4,SCROLL_DOWN
1,100510,BA_SCROLL,4,SCROLL_DOWN
1,100543,BA_SCROLL,4,SCROLL_DOWN
1,100577,BA_SCROLL,4,SCROLL_DOWN
1,100610,BA_SCROLL,4,SCROLL_DOWN
1,100644,BA_SCROLL,4,SCROLL_DOWN
1,100677,BA_SCROLL,4,SCROLL_DOWN
1,100710,BA_SCROLL,4,SCROLL_DOWN
1,100743,BA_SCROLL,4,SCROLL_DOWN
1,100777,BA_SCROLL,4,NONE
1,100810,BA_SCROLL,4,SCROLL_UP
1,100843,BA_SCROLL,4,SCROLL_UP
1,100877,BA_SCROLL,4,SCROLL_UP
1,100910,BA_SCROLL,4,SCROLL_UP
1,100944,BA_SCROLL,4,SCROLL_UP
1,100977,BA_SCROLL,4,SCROLL_UP
1,101010,BA_SCROLL,4,SCROLL_UP
1,101043,BA_SCROLL,4,SCROLL_UP
1,101076,BA_SCROLL,4,SCROLL_UP
1,101110,BA_SCROLL,4,SCROLL_UP
1,101144,BA_SCROLL,4,SCROLL_UP
1,101177,BA_SCROLL,4,SCROLL_UP
1,101210,BA_SCROLL,4,NONE
1,101243,BA_SCROLL,4,SCROLL_DOWN
1,101277,BA_SCROLL,4,SCROLL_DOWN
1,101310,BA_SCROLL,4,SCROLL_DOWN
1,101343,BA_SCROLL,4,SCROLL_DOWN
1,101377,BA_SCROLL,4,SCROLL_DOWN
1,101410,BA_SCROLL,4,SCROLL_DOWN
1,101444,BA_SCROLL,4,SCROLL_DOWN
1,101477,BA_SCROLL,4,SCROLL_DOWN
1,101510,BA_SCROLL,4,SCROLL_DOWN
1,101543,BA_SCROLL,4,SCROLL_DOWN
1,101577,BA_SCROLL,4,SCROLL_DOWN
1,101610,BA_SCROLL,4,NONE
1,101643,BA_SCROLL,4,SCROLL_UP
1,101672,BA_SCROLL,4,SCROLL_UP
1,101710,BA_SCROLL,4,SCROLL_UP
1,101743,BA_SCROLL,4,SCROLL_UP
1,101777,BA_SCROLL,4,SCROLL_UP
1,101810,BA_SCROLL,4,SCROLL_UP
1,101844,BA_SCROLL,4,SCROLL_UP
1,101877,BA_SCROLL,4,SCROLL_UP
1,101910,BA_SCROLL,4,SCROLL_UP
1,101944,BA_SCROLL,4,SCROLL_UP
1,101977,BA_SCROLL,4,SCROLL_UP
1,102010,BA_SCROLL,4,NONE
1,102043,BA_SCROLL,4,SCROLL_DOWN
1,102077,BA_SCROLL,4,SCROLL_DOWN
1,102111,BA_SCROLL,4,SCROLL_DOWN
1,102143,BA_SCROLL,4,SCROLL_DOWN
1,102177,BA_SCROLL,4,SCROLL_DOWN
1,102210,BA_SCROLL,4,SCROLL_DOWN
1,102243,BA_SCROLL,4,SCROLL_DOWN
1,102277,BA_SCROLL,4,SCROLL_DOWN
1,102310,BA_SCROLL,4,SCROLL_DOWN
1,102343,BA_SCROLL,4,SCROLL_DOWN
1,102377,BA_SCROLL,4,SCROLL_DOWN
1,102410,BA_SCROLL,4,NONE
1,102443,BA_SCROLL,4,SCROLL_UP
1,102477,BA_SCROLL,4,SCROLL_UP
1,102510,BA_SCROLL,4,SCROLL_UP
1,102544,BA_SCROLL,4,SCROLL_UP
1,102577,BA_SCROLL,4,SCROLL_UP
1,102611,BA_SCROLL,4,SCROLL_UP
1,102643,BA_SCROLL,4,SCROLL_UP
1,102677,BA_SCROLL,4,SCROLL_UP
1,102710,BA_SCROLL,4,SCROLL_UP
1,102744,BA_SCROLL,4,SCROLL_UP
1,102777,BA_SCROLL,4,SCROLL_UP
1,102810,BA_SCROLL,4,NONE
1,102843,BA_SCROLL,4,SCROLL_DOWN
1,102877,BA_SCROLL,4,SCROLL_DOWN
1,102910,BA_SCROLL,4,SCROLL_DOWN
1,102943,BA_SCROLL,4,SCROLL_DOWN
1,102977,BA_SCROLL,4,SCROLL_DOWN
1,103010,BA_SCROLL,4,SCROLL_DOWN
1,103044,BA_SCROLL,4,SCROLL_DOWN
1,103077,BA_SCROLL,4,SCROLL_DOWN
1,103110,BA_SCROLL,4,SCROLL_DOWN
1,103144,BA_SCROLL,4,SCROLL_DOWN
1,103177,BA_SCROLL,4,SCROLL_DOWN
1,103211,BA_SCROLL,4,SCROLL_DOWN
1,103243,BA_SCROLL,4,NONE
1,103277,BA_SCROLL,4,NONE
1,103311,BA_SCROLL,4,SCROLL_UP
1,103344,BA_SCROLL,4,SCROLL_UP
1,103377,BA_SCROLL,4,SCROLL_UP
1,103411,BA_SCROLL,4,SCROLL_UP
1,103443,BA_SCROLL,4,SCROLL_UP
1,103477,BA_SCROLL,4,SCROLL_UP
1,103510,BA_SCROLL,4,SCROLL_UP
1,103544,BA_SCROLL,4,SCROLL_UP
1,103578,BA_SCROLL,4,SCROLL_UP
1,103610,BA_SCROLL,4,SCROLL_UP
1,103644,BA_SCROLL,4,SCROLL_UP
1,103677,BA_SCROLL,4,NONE
1,103710,BA_SCROLL,4,NONE
1,103744,BA_SCROLL,4,SCROLL_DOWN
1,103776,BA_SCROLL,4,SCROLL_DOWN
1,103810,BA_SCROLL,4,SCROLL_DOWN
1,103845,BA_SCROLL,4,SCROLL_DOWN
1,103877,BA_SCROLL,4,SCROLL_DOWN
1,103910,BA_SCROLL,4,SCROLL_DOWN
1,103944,BA_SCROLL,4,SCROLL_DOWN
1,103977,BA_SCROLL,4,SCROLL_DOWN
1,104011,BA_SCROLL,4,SCROLL_DOWN
1,104044,BA_SCROLL,4,SCROLL_DOWN
1,104077,BA_SCROLL,4,SCROLL_DOWN
1,104110,BA_SCROLL,4,SCROLL_DOWN
1,104144,BA_SCROLL,4,SCROLL_DOWN
1,104177,BA_SCROLL,4,SCROLL_DOWN
1,104210,BA_SCROLL,4,SCROLL_DOWN
1,104243,BA_SCROLL,4,SCROLL_DOWN
1,104277,BA_SCROLL,4,NONE
1,104310,BA_SCROLL,4,NONE
1,104344,BA_SCROLL,4,NONE
1,104377,BA_SCROLL,4,NONE
1,104411,BA_SCROLL,4,NONE
1,104445,BA_SCROLL,4,NONE
1,104477,BA_SCROLL,4,NONE
1,104510,BA_SCROLL,4,NONE
1,107110,DRAGGING,0,
1,107143,DRAGGING,0,
1,107177,DRAGGING,0,
1,107210,DRAGGING,0,
1,107243,DRAGGING,0,
1,107277,DRAGGING,0,
1,107311,DRAGGING,0,
1,107346,DRAGGING,0,
1,107376,DRAGGING,0,
1,107410,DRAGGING,0,
1,107444,DRAGGING,0,
1,107478,DRAGGING,0,
1,107510,DRAGGING,0,
1,107544,DRAGGING,0,
1,107577,DRAGGING,0,
1,107612,DRAGGING,0,
1,107645,DRAGGING,0,
1,107678,DRAGGING,0,
1,107710,DRAGGING,0,
1,107745,DRAGGING,0,
1,107776,DRAGGING,0,
1,107811,DRAGGING,0,
1,107845,DRAGGING,0,
1,107878,DRAGGING,0,
1,107910,DRAGGING,0,
1,107945,DRAGGING,0,
1,107977,DRAGGING,0,
1,108011,DRAGGING,0,
1,108043,DRAGGING,0,
1,108077,DRAGGING,0,
1,108111,DRAGGING,0,
1,108145,DRAGGING,0,
1,108177,DRAGGING,0,
1,108211,DRAGGING,0,
1,108245,DRAGGING,0,
1,108276,DRAGGING,0,
1,108311,DRAGGING,0,
1,108345,DRAGGING,0,
1,108377,DRAGGING,0,
1,108411,DRAGGING,0,
1,108444,DRAGGING,0,
1,108478,DRAGGING,0,
1,108510,DRAGGING,0,
1,108545,DRAGGING,0,
1,108577,DRAGGING,0,
1,108611,DRAGGING,0,
1,108644,DRAGGING,0,
1,108677,DRAGGING,0,
1,108711,DRAGGING,0,
1,108745,DRAGGING,0,
1,108776,DRAGGING,0,
1,108810,DRAGGING,0,
1,108845,DRAGGING,0,
1,108878,DRAGGING,0,
1,108911,DRAGGING,0,
1,108945,DRAGGING,0,
1,108978,DRAGGING,0,
1,109011,DRAGGING,0,
1,109044,DRAGGING,0,
1,109078,DRAGGING,0,
1,109111,DRAGGING,0,
1,109144,DRAGGING,0,
1,109178,DRAGGING,0,
1,109210,DRAGGING,0,
1,109244,DRAGGING,0,
1,109278,DRAGGING,0,
1,109310,DRAGGING,0,
1,109345,DRAGGING,0,
1,109378,DRAGGING,0,
1,109411,DRAGGING,0,
1,109445,DRAGGING,0,
1,109477,DRAGGING,0,
1,109511,DRAGGING,0,
1,109545,DRAGGING,0,
1,109578,DRAGGING,0,
1,109611,DRAGGING,0,
1,109645,DRAGGING,0,
1,109678,DRAGGING,0,
1,109712,DRAGGING,0,
1,109745,DRAGGING,0,
1,109777,DRAGGING,0,
1,109812,DRAGGING,0,
1,109843,DRAGGING,0,
1,109877,DRAGGING,0,
1,109912,DRAGGING,0,
1,109945,DRAGGING,0,
1,109977,DRAGGING,0,
1,110010,DRAGGING,0,
1,110045,DRAGGING,0,
1,110078,DRAGGING,0,
1,110112,DRAGGING,0,
1,110145,DRAGGING,0,
1,110180,DRAGGING,0,
1,110210,DRAGGING,0,
1,110245,DRAGGING,0,
1,110278,DRAGGING,0,
1,110312,DRAGGING,0,
1,110344,DRAGGING,0,
1,110378,DRAGGING,0,
1,110411,DRAGGING,0,
1,110445,DRAGGING,0,
1,110477,DRAGGING,0,
1,110510,DRAGGING,0,
1,110545,DRAGGING,0,
1,110578,DRAGGING,0,
1,110612,DRAGGING,0,
1,110645,DRAGGING,0,
1,110678,DRAGGING,0,
1,110712,DRAGGING,0,
1,110744,DRAGGING,0,
1,110777,DRAGGING,0,
1,110812,DRAGGING,0,
1,110845,DRAGGING,0,
1,110877,DRAGGING,0,
1,110912,DRAGGING,0,
1,110944,DRAGGING,0,
1,110978,DRAGGING,0,
1,111010,DRAGGING,0,
1,111044,DRAGGING,0,
1,111078,DRAGGING,0,
1,111112,DRAGGING,0,
1,111146,DRAGGING,0,
1,111176,DRAGGING,0,
1,111210,DRAGGING,0,
1,111245,DRAGGING,0,
1,111280,DRAGGING,0,
1,111310,DRAGGING,0,
1,111345,DRAGGING,0,
1,111378,DRAGGING,0,
1,111412,DRAGGING,0,
1,111445,DRAGGING,0,
1,111477,DRAGGING,0,
1,111510,DRAGGING,0,
1,111545,DRAGGING,0,
1,111577,DRAGGING,0,
1,111611,DRAGGING,0,
1,111645,DRAGGING,0,
1,111675,DRAGGING,0,
1,111712,DRAGGING,0,
1,111744,DRAGGING,0,
1,111779,DRAGGING,0,
1,111810,DRAGGING,0,
1,111845,DRAGGING,0,
1,111877,DRAGGING,0,
1,111911,DRAGGING,0,
1,111945,DRAGGING,0,
1,111977,DRAGGING,0,
1,112011,DRAGGING,0,
1,112045,DRAGGING,0,
1,112077,DRAGGING,0,
1,112110,DRAGGING,0,
1,112145,DRAGGING,0,
1,112178,DRAGGING,0,
1,112211,DRAGGING,0,
1,112245,DRAGGING,0,
1,112277,DRAGGING,0,
1,112311,DRAGGING,0,
1,112345,DRAGGING,0,
1,112377,DRAGGING,0,
1,112412,DRAGGING,0,
1,112444,DRAGGING,0,
1,112478,DRAGGING,0,
1,112510,DRAGGING,0,
1,112544,DRAGGING,0,
1,112579,DRAGGING,0,
1,112610,DRAGGING,0,
1,112645,DRAGGING,0,
1,112677,DRAGGING,0,
1,112711,DRAGGING,0,
1,112745,DRAGGING,0,
1,112779,DRAGGING,0,
1,112810,DRAGGING,0,
1,112843,DRAGGING,0,
1,112876,DRAGGING,0,
1,112909,DRAGGING,0,
1,112942,DRAGGING,0,
1,112976,DRAGGING,0,
1,113009,DRAGGING,0,
1,113043,DRAGGING,0,
1,113075,DRAGGING,0,
1,113110,DRAGGING,0,
1,113143,DRAGGING,0,
1,113176,DRAGGING,0,
1,113209,DRAGGING,0,
1,113244,DRAGGING,0,
1,113277,DRAGGING,0,
1,113311,DRAGGING,0,
1,113345,DRAGGING,0,
1,113379,DRAGGING,0,
1,113411,DRAGGING,0,
1,113445,DRAGGING,0,
1,113480,DRAGGING,0,
1,113510,DRAGGING,0,
1,113545,DRAGGING,0,
1,113577,DRAGGING,0,
1,113610,DRAGGING,0,
1,113645,DRAGGING,0,
1,113678,DRAGGING,0,
1,113712,DRAGGING,0,
1,113744,DRAGGING,0,
1,113779,DRAGGING,0,
1,113810,DRAGGING,0,
1,113843,DRAGGING,0,
1,113876,DRAGGING,0,
1,113909,DRAGGING,0,
1,113943,DRAGGING,0,
1,113976,DRAGGING,0,
1,114009,DRAGGING,0,
1,114043,DRAGGING,0,
1,114076,DRAGGING,0,
1,114109,DRAGGING,0,
1,114143,DRAGGING,0,
1,114176,DRAGGING,0,
1,114210,DRAGGING,0,
1,114244,DRAGGING,0,
1,114277,DRAGGING,0,
1,114310,DRAGGING,0,
1,114345,DRAGGING,0,
1,114378,DRAGGING,0,
1,114411,DRAGGING,0,
1,114445,DRAGGING,0,
1,114480,DRAGGING,0,
1,114512,DRAGGING,0,
1,114544,DRAGGING,0,
1,114578,DRAGGING,0,
1,114614,DRAGGING,0,
1,114643,DRAGGING,0,
1,114678,DRAGGING,0,
1,116178,DRAGGING,1,
1,116211,DRAGGING,1,
1,116248,DRAGGING,1,
1,116277,DRAGGING,1,
1,116312,DRAGGING,1,
1,116344,DRAGGING,1,
1,116380,DRAGGING,1,
1,116410,DRAGGING,1,
1,116445,DRAGGING,1,
1,116477,DRAGGING,1,
1,116514,DRAGGING,1,
1,116543,DRAGGING,1,
1,116580,DRAGGING,1,
1,116610,DRAGGING,1,
1,116645,DRAGGING,1,
1,116674,DRAGGING,1,
1,116714,DRAGGING,1,
1,116744,DRAGGING,1,
1,116780,DRAGGING,1,
1,116810,DRAGGING,1,
1,116843,DRAGGING,1,
1,116876,DRAGGING,1,
1,116909,DRAGGING,1,
1,116943,DRAGGING,1,
1,116976,DRAGGING,1,
1,117010,DRAGGING,1,
1,117043,DRAGGING,1,
1,117076,DRAGGING,1,
1,117110,DRAGGING,1,
1,117143,DRAGGING,1,
1,117176,DRAGGING,1,
1,117210,DRAGGING,1,
1,117244,DRAGGING,1,
1,117277,DRAGGING,1,
1,117310,DRAGGING,1,
1,117347,DRAGGING,1,
1,117377,DRAGGING,1,
1,117414,DRAGGING,1,
1,117444,DRAGGING,1,
1,117479,DRAGGING,1,
1,117511,DRAGGING,1,
1,117547,DRAGGING,1,
1,117577,DRAGGING,1,
1,117612,DRAGGING,1,
1,117645,DRAGGING,1,
1,117681,DRAGGING,1,
1,117710,DRAGGING,1,
1,117747,DRAGGING,1,
1,117777,DRAGGING,1,
1,117814,DRAGGING,1,
1,117843,DRAGGING,1,
1,117879,DRAGGING,1,
1,117911,DRAGGING,1,
1,117947,DRAGGING,1,
1,117977,DRAGGING,1,
1,118014,DRAGGING,1,
1,118045,DRAGGING,1,
1,118081,DRAGGING,1,
1,118111,DRAGGING,1,
1,118147,DRAGGING,1,
1,118177,DRAGGING,1,
1,118212,DRAGGING,1,
1,118247,DRAGGING,1,
1,118277,DRAGGING,1,
1,118312,DRAGGING,1,
1,118344,DRAGGING,1,
1,118381,DRAGGING,1,
1,118410,DRAGGING,1,
1,118447,DRAGGING,1,
1,118478,DRAGGING,1,
1,118514,DRAGGING,1,
1,118544,DRAGGING,1,
1,118580,DRAGGING,1,
1,118611,DRAGGING,1,
1,118647,DRAGGING,1,
1,118677,DRAGGING,1,
1,118714,DRAGGING,1,
1,118743,DRAGGING,1,
1,118780,DRAGGING,1,
1,118810,DRAGGING,1,
1,118847,DRAGGING,1,
1,118877,DRAGGING,1,
1,118912,DRAGGING,1,
1,118944,DRAGGING,1,
1,118980,DRAGGING,1,
1,119011,DRAGGING,1,
1,119047,DRAGGING,1,
1,119077,DRAGGING,1,
1,119112,DRAGGING,1,
1,119144,DRAGGING,1,
1,119181,DRAGGING,1,
1,119211,DRAGGING,1,
1,119247,DRAGGING,1,
1,119277,DRAGGING,1,
1,119313,DRAGGING,1,
1,119344,DRAGGING,1,
1,119381,DRAGGING,1,
1,119410,DRAGGING,1,
1,119448,DRAGGING,1,
1,119477,DRAGGING,1,
1,119514,DRAGGING,1,
1,119544,DRAGGING,1,
1,119580,DRAGGING,1,
1,119610,DRAGGING,1,
1,119647,DRAGGING,1,
1,119677,DRAGGING,1,
1,119714,DRAGGING,1,
1,119743,DRAGGING,1,
1,119781,DRAGGING,1,
1,119810,DRAGGING,1,
1,119848,DRAGGING,1,
1,119878,DRAGGING,1,
1,119914,DRAGGING,1,
1,119943,DRAGGING,1,
1,119981,DRAGGING,1,
1,120011,DRAGGING,1,
1,120047,DRAGGING,1,
1,120077,DRAGGING,1,
1,120115,DRAGGING,1,
1,120144,DRAGGING,1,
1,120181,DRAGGING,1,
1,120211,DRAGGING,1,
1,120247,DRAGGING,1,
1,120277,DRAGGING,1,
1,120314,DRAGGING,1,
1,120344,DRAGGING,1,
1,120381,DRAGGING,1,
1,120410,DRAGGING,1,
1,120448,DRAGGING,1,
1,120478,DRAGGING,1,
1,120515,DRAGGING,1,
1,120544,DRAGGING,1,
1,120581,DRAGGING,1,
1,120611,DRAGGING,1,
1,120648,DRAGGING,1,
1,120678,DRAGGING,1,
1,120714,DRAGGING,1,
1,120744,DRAGGING,1,
1,120781,DRAGGING,1,
1,120811,DRAGGING,1,
1,120848,DRAGGING,1,
1,120877,DRAGGING,1,
1,120914,DRAGGING,1,
1,120944,DRAGGING,1,
1,120981,DRAGGING,1,
1,121010,DRAGGING,1,
1,121048,DRAGGING,1,
1,121078,DRAGGING,1,
1,121115,DRAGGING,1,
1,121144,DRAGGING,1,
1,121181,DRAGGING,1,
1,121211,DRAGGING,1,
1,121248,DRAGGING,1,
1,121277,DRAGGING,1,
1,121314,DRAGGING,1,
1,121344,DRAGGING,1,
1,121381,DRAGGING,1,
1,121411,DRAGGING,1,
1,121448,DRAGGING,1,
1,121477,DRAGGING,1,
1,121514,DRAGGING,1,
1,121544,DRAGGING,1,
1,121582,DRAGGING,1,
1,121611,DRAGGING,1,
1,121647,DRAGGING,1,
1,121675,DRAGGING,1,
1,121714,DRAGGING,1,
1,121745,DRAGGING,1,
1,121781,DRAGGING,1,
1,121810,DRAGGING,1,
1,121843,DRAGGING,1,
1,121877,DRAGGING,1,
1,121910,DRAGGING,1,
1,121943,DRAGGING,1,
1,121977,DRAGGING,1,
1,122011,DRAGGING,1,
1,122044,DRAGGING,1,
1,122077,DRAGGING,1,
1,122111,DRAGGING,1,
1,122144,DRAGGING,1,
1,122177,DRAGGING,1,
1,122211,DRAGGING,1,
1,122246,DRAGGING,1,
1,122278,DRAGGING,1,
1,122910,DRAGGING,2,
1,122944,DRAGGING,2,
1,122977,DRAGGING,2,
1,123011,DRAGGING,2,
1,123045,DRAGGING,2,
1,123078,DRAGGING,2,
1,123113,DRAGGING,2,
1,123145,DRAGGING,2,
1,123182,DRAGGING,2,
1,123211,DRAGGING,2,
1,123248,DRAGGING,2,
1,123278,DRAGGING,2,
1,123314,DRAGGING,2,
1,123344,DRAGGING,2,
1,123382,DRAGGING,2,
1,123411,DRAGGING,2,
1,123448,DRAGGING,2,
1,123478,DRAGGING,2,
1,123515,DRAGGING,2,
1,123545,DRAGGING,2,
1,123582,DRAGGING,2,
1,123611,DRAGGING,2,
1,123648,DRAGGING,2,
1,123678,DRAGGING,2,
1,123716,DRAGGING,2,
1,123744,DRAGGING,2,
1,123782,DRAGGING,2,
1,123811,DRAGGING,2,
1,123845,DRAGGING,2,
1,123882,DRAGGING,2,
1,123911,DRAGGING,2,
1,123948,DRAGGING,2,
1,123977,DRAGGING,2,
1,124014,DRAGGING,2,
1,124045,DRAGGING,2,
1,124079,DRAGGING,2,
1,124112,DRAGGING,2,
1,124145,DRAGGING,2,
1,124178,DRAGGING,2,
1,124212,DRAGGING,2,
1,124245,DRAGGING,2,
1,124282,DRAGGING,2,
1,124311,DRAGGING,2,
1,124345,DRAGGING,2,
1,124378,DRAGGING,2,
1,124412,DRAGGING,2,
1,124445,DRAGGING,2,
1,124481,DRAGGING,2,
1,124511,DRAGGING,2,
1,124547,DRAGGING,2,
1,124578,DRAGGING,2,
1,124615,DRAGGING,2,
1,124644,DRAGGING,2,
1,124682,DRAGGING,2,
1,124711,DRAGGING,2,
1,124748,DRAGGING,2,
1,124777,DRAGGING,2,
1,124815,DRAGGING,2,
1,124845,DRAGGING,2,
1,124879,DRAGGING,2,
1,124912,DRAGGING,2,
1,124945,DRAGGING,2,
1,124978,DRAGGING,2,
1,125014,DRAGGING,2,
1,125044,DRAGGING,2,
1,125081,DRAGGING,2,
1,125111,DRAGGING,2,
1,125149,DRAGGING,2,
1,125178,DRAGGING,2,
1,125214,DRAGGING,2,
1,125244,DRAGGING,2,
1,125281,DRAGGING,2,
1,125311,DRAGGING,2,
1,125346,DRAGGING,2,
1,125378,DRAGGING,2,
1,125411,DRAGGING,2,
1,125448,DRAGGING,2,
1,125478,DRAGGING,2,
1,125515,DRAGGING,2,
1,125544,DRAGGING,2,
1,125581,DRAGGING,2,
1,125611,DRAGGING,2,
1,125649,DRAGGING,2,
1,125678,DRAGGING,2,
1,125715,DRAGGING,2,
1,125745,DRAGGING,2,
1,125779,DRAGGING,2,
1,125813,DRAGGING,2,
1,125845,DRAGGING,2,
1,125881,DRAGGING,2,
1,125911,DRAGGING,2,
1,125948,DRAGGING,2,
1,125978,DRAGGING,2,
1,126015,DRAGGING,2,
1,126044,DRAGGING,2,
1,126080,DRAGGING,2,
1,126112,DRAGGING,2,
1,126148,DRAGGING,2,
1,126178,DRAGGING,2,
1,126215,DRAGGING,2,
1,126244,DRAGGING,2,
1,126282,DRAGGING,2,
1,126312,DRAGGING,2,
1,126348,DRAGGING,2,
1,126378,DRAGGING,2,
1,126412,DRAGGING,2,
1,126448,DRAGGING,2,
1,126478,DRAGGING,2,
1,126512,DRAGGING,2,
1,126549,DRAGGING,2,
1,126578,DRAGGING,2,
1,126615,DRAGGING,2,
1,126644,DRAGGING,2,
1,126676,DRAGGING,2,
1,126715,DRAGGING,2,
1,126745,DRAGGING,2,
1,126778,DRAGGING,2,
1,126815,DRAGGING,2,
1,126845,DRAGGING,2,
1,126882,DRAGGING,2,
1,126911,DRAGGING,2,
1,126947,DRAGGING,2,
1,126978,DRAGGING,2,
1,127015,DRAGGING,2,
1,127045,DRAGGING,2,
1,127081,DRAGGING,2,
1,127111,DRAGGING,2,
1,127149,DRAGGING,2,
1,127846,DRAGGING,3,
1,127878,DRAGGING,3,
1,127914,DRAGGING,3,
1,127946,DRAGGING,3,
1,127980,DRAGGING,3,
1,128012,DRAGGING,3,
1,128045,DRAGGING,3,
1,128079,DRAGGING,3,
1,128113,DRAGGING,3,
1,128146,DRAGGING,3,
1,128180,DRAGGING,3,
1,128213,DRAGGING,3,
1,128245,DRAGGING,3,
1,128282,DRAGGING,3,
1,128312,DRAGGING,3,
1,128345,DRAGGING,3,
1,128379,DRAGGING,3,
1,128413,DRAGGING,3,
1,128446,DRAGGING,3,
1,128480,DRAGGING,3,
1,128513,DRAGGING,3,
1,128547,DRAGGING,3,
1,128576,DRAGGING,3,
1,128614,DRAGGING,3,
1,128646,DRAGGING,3,
1,128680,DRAGGING,3,
1,128713,DRAGGING,3,
1,128747,DRAGGING,3,
1,128780,DRAGGING,3,
1,128814,DRAGGING,3,
1,128847,DRAGGING,3,
1,128879,DRAGGING,3,
1,128913,DRAGGING,3,
1,128947,DRAGGING,3,
1,128978,DRAGGING,3,
1,129015,DRAGGING,3,
1,129045,DRAGGING,3,
1,129078,DRAGGING,3,
1,129111,DRAGGING,3,
1,129148,DRAGGING,3,
1,129178,DRAGGING,3,
1,129215,DRAGGING,3,
1,129245,DRAGGING,3,
1,129279,DRAGGING,3,
1,129312,DRAGGING,3,
1,129348,DRAGGING,3,
1,129378,DRAGGING,3,
1,129415,DRAGGING,3,
1,129445,DRAGGING,3,
1,129480,DRAGGING,3,
1,129514,DRAGGING,3,
1,129546,DRAGGING,3,
1,129580,DRAGGING,3,
1,129614,DRAGGING,3,
1,129647,DRAGGING,3,
1,129681,DRAGGING,3,
1,129713,DRAGGING,3,
1,129747,DRAGGING,3,
1,129780,DRAGGING,3,
1,129814,DRAGGING,3,
1,129848,DRAGGING,3,
1,129880,DRAGGING,3,
1,129913,DRAGGING,3,
1,129947,DRAGGING,3,
1,129980,DRAGGING,3,
1,130014,DRAGGING,3,
1,130047,DRAGGING,3,
1,130080,DRAGGING,3,
1,130114,DRAGGING,3,
1,130147,DRAGGING,3,
1,130180,DRAGGING,3,
1,130214,DRAGGING,3,
1,130247,DRAGGING,3,
1,130279,DRAGGING,3,
1,130313,DRAGGING,3,
1,130347,DRAGGING,3,
1,130381,DRAGGING,3,
1,130413,DRAGGING,3,
1,130445,DRAGGING,3,
1,130480,DRAGGING,3,
1,130513,DRAGGING,3,
1,130547,DRAGGING,3,
1,130580,DRAGGING,3,
1,130614,DRAGGING,3,
1,130646,DRAGGING,3,
1,130680,DRAGGING,3,
1,130714,DRAGGING,3,
1,130746,DRAGGING,3,
1,130780,DRAGGING,3,
1,130814,DRAGGING,3,
1,130847,DRAGGING,3,
1,130881,DRAGGING,3,
1,130914,DRAGGING,3,
1,130947,DRAGGING,3,
1,130981,DRAGGING,3,
1,131014,DRAGGING,3,
1,131047,DRAGGING,3,
1,131081,DRAGGING,3,
1,131114,DRAGGING,3,
1,131147,DRAGGING,3,
1,131181,DRAGGING,3,
1,131214,DRAGGING,3,
1,131247,DRAGGING,3,
1,131280,DRAGGING,3,
1,131314,DRAGGING,3,
1,131347,DRAGGING,3,
1,131380,DRAGGING,3,
1,131414,DRAGGING,3,
1,131447,DRAGGING,3,
1,131480,DRAGGING,3,
1,131513,DRAGGING,3,
1,131547,DRAGGING,3,
1,131580,DRAGGING,3,
1,131614,DRAGGING,3,
1,131647,DRAGGING,3,
1,131676,DRAGGING,3,
1,131715,DRAGGING,3,
1,131746,DRAGGING,3,
1,131779,DRAGGING,3,
1,131813,DRAGGING,3,
1,131847,DRAGGING,3,
1,131880,DRAGGING,3,
1,131913,DRAGGING,3,
1,131947,DRAGGING,3,
1,131980,DRAGGING,3,
1,132014,DRAGGING,3,
1,132047,DRAGGING,3,
1,132081,DRAGGING,3,
1,132114,DRAGGING,3,
1,132148,DRAGGING,3,
1,132181,DRAGGING,3,
1,132214,DRAGGING,3,
1,132247,DRAGGING,3,
1,133080,DRAGGING,4,
1,133112,DRAGGING,4,
1,133146,DRAGGING,4,
1,133180,DRAGGING,4,
1,133213,DRAGGING,4,
1,133247,DRAGGING,4,
1,133280,DRAGGING,4,
1,133314,DRAGGING,4,
1,133346,DRAGGING,4,
1,133380,DRAGGING,4,
1,133414,DRAGGING,4,
1,133447,DRAGGING,4,
1,133480,DRAGGING,4,
1,133514,DRAGGING,4,
1,133547,DRAGGING,4,
1,133581,DRAGGING,4,
1,133614,DRAGGING,4,
1,133647,DRAGGING,4,
1,133681,DRAGGING,4,
1,133714,DRAGGING,4,
1,133748,DRAGGING,4,
1,133780,DRAGGING,4,
1,133814,DRAGGING,4,
1,133847,DRAGGING,4,
1,133880,DRAGGING,4,
1,133914,DRAGGING,4,
1,133947,DRAGGING,4,
1,133980,DRAGGING,4,
1,134014,DRAGGING,4,
1,134047,DRAGGING,4,
1,134081,DRAGGING,4,
1,134113,DRAGGING,4,
1,134147,DRAGGING,4,
1,134180,DRAGGING,4,
1,134213,DRAGGING,4,
1,134248,DRAGGING,4,
1,134280,DRAGGING,4,
1,134314,DRAGGING,4,
1,134347,DRAGGING,4,
1,134380,DRAGGING,4,
1,134414,DRAGGING,4,
1,134447,DRAGGING,4,
1,134481,DRAGGING,4,
1,134514,DRAGGING,4,
1,134547,DRAGGING,4,
1,134581,DRAGGING,4,
1,134614,DRAGGING,4,
1,134647,DRAGGING,4,
1,134681,DRAGGING,4,
1,134714,DRAGGING,4,
1,134748,DRAGGING,4,
1,134780,DRAGGING,4,
1,134814,DRAGGING,4,
1,134847,DRAGGING,4,
1,134881,DRAGGING,4,
1,134913,DRAGGING,4,
1,134946,DRAGGING,4,
1,134981,DRAGGING,4,
1,135014,DRAGGING,4,
1,135047,DRAGGING,4,
1,135081,DRAGGING,4,
1,135114,DRAGGING,4,
1,135148,DRAGGING,4,
1,135181,DRAGGING,4,
1,135214,DRAGGING,4,
1,135247,DRAGGING,4,
1,135281,DRAGGING,4,
1,135314,DRAGGING,4,
1,135347,DRAGGING,4,
1,135380,DRAGGING,4,
1,135414,DRAGGING,4,
1,135447,DRAGGING,4,
1,135481,DRAGGING,4,
1,135514,DRAGGING,4,
1,135547,DRAGGING,4,
1,135580,DRAGGING,4,
1,135609,DRAGGING,4,
1,135647,DRAGGING,4,
1,135680,DRAGGING,4,
1,135714,DRAGGING,4,
1,135747,DRAGGING,4,
1,135780,DRAGGING,4,
1,135814,DRAGGING,4,
1,135848,DRAGGING,4,
1,135881,DRAGGING,4,
1,135914,DRAGGING,4,
1,135948,DRAGGING,4,
1,135981,DRAGGING,4,
1,136014,DRAGGING,4,
1,136042,DRAGGING,4,
1,136082,DRAGGING,4,
1,136111,DRAGGING,4,
1,136147,DRAGGING,4,
1,136179,DRAGGING,4,
1,136213,DRAGGING,4,
1,136246,DRAGGING,4,
1,136279,DRAGGING,4,
1,136313,DRAGGING,4,
1,136347,DRAGGING,4,
1,136381,DRAGGING,4,
1,136414,DRAGGING,4,
1,136448,DRAGGING,4,
1,136478,DRAGGING,4,
1,136512,DRAGGING,4,
1,136546,DRAGGING,4,
1,136578,DRAGGING,4,
1,136612,DRAGGING,4,
1,136645,DRAGGING,4,
1,136676,DRAGGING,4,
1,136715,DRAGGING,4,
1,136746,DRAGGING,4,
1,136780,DRAGGING,4,
1,136814,DRAGGING,4,
1,136847,DRAGGING,4,
1,136881,DRAGGING,4,
1,136914,DRAGGING,4,
1,136946,DRAGGING,4,
1,136980,DRAGGING,4,
1,137013,DRAGGING,4,
1,137047,DRAGGING,4,
1,137079,DRAGGING,4,
1,137114,DRAGGING,4,
1,137147,DRAGGING,4,
1,137180,DRAGGING,4,
1,137214,DRAGGING,4,
1,137248,DRAGGING,4,
1,137280,DRAGGING,4,
1,137315,DRAGGING,4,
1,137347,DRAGGING,4,
1,137380,DRAGGING,4,
1,137413,DRAGGING,4,
1,137447,DRAGGING,4,
1,137481,DRAGGING,4,
1,137514,DRAGGING,4,
1,137548,DRAGGING,4,
1,137580,DRAGGING,4,
1,137614,DRAGGING,4,
1,137647,DRAGGING,4,
1,137680,DRAGGING,4,
1,137714,DRAGGING,4,
1,137746,DRAGGING,4,
1,137780,DRAGGING,4,
1,137814,DRAGGING,4,
1,137847,DRAGGING,4,
1,137881,DRAGGING,4,
1,137914,DRAGGING,4,
1,137946,DRAGGING,4,
1,137980,DRAGGING,4,
1,138014,DRAGGING,4,
1,138047,DRAGGING,4,
1,138079,DRAGGING,4,
1,138114,DRAGGING,4,
1,138148,DRAGGING,4,
1,138179,DRAGGING,4,
1,138213,DRAGGING,4,
1,138248,DRAGGING,4,
1,138280,DRAGGING,4,
1,138314,DRAGGING,4,
1,138347,DRAGGING,4,
1,138380,DRAGGING,4,
1,138414,DRAGGING,4,
1,138448,DRAGGING,4,
1,138481,DRAGGING,4,
1,138514,DRAGGING,4,
1,138547,DRAGGING,4,
1,138580,DRAGGING,4,
1,138614,DRAGGING,4,
1,138648,DRAGGING,4,
1,138681,DRAGGING,4,
1,138714,DRAGGING,4,
1,138748,DRAGGING,4,
1,138781,DRAGGING,4,
1,138814,DRAGGING,4,
1,138848,DRAGGING,4,
1,138881,DRAGGING,4,
1,138915,DRAGGING,4,
1,138948,DRAGGING,4,
1,138981,DRAGGING,4,
1,139014,DRAGGING,4,
1,139048,DRAGGING,4,
1,139081,DRAGGING,4,
1,139115,DRAGGING,4,
1,139148,DRAGGING,4,
1,139181,DRAGGING,4,
1,139215,DRAGGING,4,
1,139247,DRAGGING,4,
1,139282,DRAGGING,4,
1,139314,DRAGGING,4,
1,139349,DRAGGING,4,
1,139381,DRAGGING,4,
1,139414,DRAGGING,4,
1,139447,DRAGGING,4,
1,139482,DRAGGING,4,
1,139514,DRAGGING,4,
1,139548,DRAGGING,4,
1,139581,DRAGGING,4,
1,139614,DRAGGING,4,
1,139648,DRAGGING,4,
1,139681,DRAGGING,4,
1,139714,DRAGGING,4,
1,139749,DRAGGING,4,
1,139781,DRAGGING,4,
1,139814,DRAGGING,4,
1,139847,DRAGGING,4,
1,139882,DRAGGING,4,
1,139914,DRAGGING,4,
1,139948,DRAGGING,4,
1,139981,DRAGGING,4,
1,140014,DRAGGING,4,
1,140048,DRAGGING,4,
1,140081,DRAGGING,4,
1,140115,DRAGGING,4,
1,140148,DRAGGING,4,
1,140182,DRAGGING,4,
1,140215,DRAGGING,4,
1,140248,DRAGGING,4,
1,140281,DRAGGING,4,
1,140315,DRAGGING,4,
1,140348,DRAGGING,4,
1,140383,DRAGGING,4,
1,140415,DRAGGING,4,
1,140448,DRAGGING,4,
1,142012,POINT_N_CLICK,0,
1,142047,POINT_N_CLICK,0,
1,142081,POINT_N_CLICK,0,
1,142114,POINT_N_CLICK,0,
1,142148,POINT_N_CLICK,0,
1,142183,POINT_N_CLICK,0,
1,142214,POINT_N_CLICK,0,
1,142248,POINT_N_CLICK,0,
1,142281,POINT_N_CLICK,0,
1,142316,POINT_N_CLICK,0,
1,142349,POINT_N_CLICK,0,
1,142381,POINT_N_CLICK,0,
1,142416,POINT_N_CLICK,0,
1,142447,POINT_N_CLICK,0,
1,142481,POINT_N_CLICK,0,
1,142516,POINT_N_CLICK,0,
1,142548,POINT_N_CLICK,0,
1,142582,POINT_N_CLICK,0,
1,142614,POINT_N_CLICK,0,
1,142649,POINT_N_CLICK,0,
1,142681,POINT_N_CLICK,0,
1,142714,POINT_N_CLICK,0,
1,142746,POINT_N_CLICK,0,
1,142780,POINT_N_CLICK,0,
1,142812,POINT_N_CLICK,0,
1,142847,POINT_N_CLICK,0,
1,142881,POINT_N_CLICK,0,
1,142914,POINT_N_CLICK,0,
1,142948,POINT_N_CLICK,0,
1,142982,POINT_N_CLICK,0,
1,143014,POINT_N_CLICK,0,
1,143048,POINT_N_CLICK,0,
1,143082,POINT_N_CLICK,0,
1,143114,POINT_N_CLICK,0,
1,143148,POINT_N_CLICK,0,
1,143182,POINT_N_CLICK,0,
1,143215,POINT_N_CLICK,0,
1,143249,POINT_N_CLICK,0,
1,143281,POINT_N_CLICK,0,
1,143316,POINT_N_CLICK,0,
1,143348,POINT_N_CLICK,0,
1,143380,POINT_N_CLICK,0,
1,143414,POINT_N_CLICK,0,
1,143447,POINT_N_CLICK,0,
1,143482,POINT_N_CLICK,0,
1,143515,POINT_N_CLICK,0,
1,143547,POINT_N_CLICK,0,
1,143580,POINT_N_CLICK,0,
1,143612,POINT_N_CLICK,0,
1,143647,POINT_N_CLICK,0,
1,143680,POINT_N_CLICK,0,
1,143714,POINT_N_CLICK,0,
1,143748,POINT_N_CLICK,0,
1,143782,POINT_N_CLICK,0,
1,143815,POINT_N_CLICK,0,
1,143847,POINT_N_CLICK,0,
1,143882,POINT_N_CLICK,0,
1,143914,POINT_N_CLICK,0,
1,143949,POINT_N_CLICK,0,
1,143982,POINT_N_CLICK,0,
1,144015,POINT_N_CLICK,0,
1,144047,POINT_N_CLICK,0,
1,144082,POINT_N_CLICK,0,
1,144114,POINT_N_CLICK,0,
1,144146,POINT_N_CLICK,0,
1,144180,POINT_N_CLICK,0,
1,144213,POINT_N_CLICK,0,
1,144247,POINT_N_CLICK,0,
1,144281,POINT_N_CLICK,0,
1,144314,POINT_N_CLICK,0,
1,144348,POINT_N_CLICK,0,
1,144381,POINT_N_CLICK,0,
1,144414,POINT_N_CLICK,0,
1,144447,POINT_N_CLICK,0,
1,144480,POINT_N_CLICK,0,
1,144514,POINT_N_CLICK,0,
1,144547,POINT_N_CLICK,0,
1,144581,POINT_N_CLICK,0,
1,144610,POINT_N_CLICK,0,
1,144645,POINT_N_CLICK,0,
1,144680,POINT_N_CLICK,0,
1,144714,POINT_N_CLICK,0,
1,144748,POINT_N_CLICK,0,
1,144782,POINT_N_CLICK,0,
1,144814,POINT_N_CLICK,0,
1,144847,POINT_N_CLICK,0,
1,144880,POINT_N_CLICK,0,
1,144914,POINT_N_CLICK,0,
1,144947,POINT_N_CLICK,0,
1,144981,POINT_N_CLICK,0,
1,145013,POINT_N_CLICK,0,
1,145049,POINT_N_CLICK,0,
1,145082,POINT_N_CLICK,0,
1,145115,POINT_N_CLICK,0,
1,145147,POINT_N_CLICK,0,
1,145180,POINT_N_CLICK,0,
1,145213,POINT_N_CLICK,0,
1,145247,POINT_N_CLICK,0,
1,145281,POINT_N_CLICK,0,
1,145314,POINT_N_CLICK,0,
1,145348,POINT_N_CLICK,0,
1,145381,POINT_N_CLICK,0,
1,145413,POINT_N_CLICK,0,
1,145447,POINT_N_CLICK,0,
1,145480,POINT_N_CLICK,0,
1,145513,POINT_N_CLICK,0,
1,145547,POINT_N_CLICK,0,
1,145582,POINT_N_CLICK,0,
1,145616,POINT_N_CLICK,0,
1,145648,POINT_N_CLICK,0,
1,145680,POINT_N_CLICK,0,
1,145713,POINT_N_CLICK,0,
1,145747,POINT_N_CLICK,0,
1,145781,POINT_N_CLICK,0,
1,145814,POINT_N_CLICK,0,
1,145848,POINT_N_CLICK,0,
1,145882,POINT_N_CLICK,0,
1,145914,POINT_N_CLICK,0,
1,145948,POINT_N_CLICK,0,
1,145981,POINT_N_CLICK,0,
1,146014,POINT_N_CLICK,0,
1,146047,POINT_N_CLICK,0,
1,146080,POINT_N_CLICK,0,
1,146114,POINT_N_CLICK,0,
1,146148,POINT_N_CLICK,0,
1,146182,POINT_N_CLICK,0,
1,146216,POINT_N_CLICK,0,
1,146248,POINT_N_CLICK,0,
1,146280,POINT_N_CLICK,0,
1,146314,POINT_N_CLICK,0,
1,146347,POINT_N_CLICK,0,
1,146381,POINT_N_CLICK,0,
1,146415,POINT_N_CLICK,0,
1,146448,POINT_N_CLICK,0,
1,146482,POINT_N_CLICK,0,
1,146515,POINT_N_CLICK,0,
1,146548,POINT_N_CLICK,0,
1,146581,POINT_N_CLICK,0,
1,146615,POINT_N_CLICK,0,
1,146650,POINT_N_CLICK,0,
1,146678,POINT_N_CLICK,0,
1,146714,POINT_N_CLICK,0,
1,146747,POINT_N_CLICK,0,
1,146780,POINT_N_CLICK,0,
1,146815,POINT_N_CLICK,0,
1,146848,POINT_N_CLICK,0,
1,146881,POINT_N_CLICK,0,
1,146916,POINT_N_CLICK,0,
1,146948,POINT_N_CLICK,0,
1,146980,POINT_N_CLICK,0,
1,147013,POINT_N_CLICK,0,
1,147047,POINT_N_CLICK,0,
1,147081,POINT_N_CLICK,0,
1,147115,POINT_N_CLICK,0,
1,147148,POINT_N_CLICK,0,
1,147183,POINT_N_CLICK,0,
1,147215,POINT_N_CLICK,0,
1,147247,POINT_N_CLICK,0,
1,147280,POINT_N_CLICK,0,
1,147314,POINT_N_CLICK,0,
1,147348,POINT_N_CLICK,0,
1,147381,POINT_N_CLICK,0,
1,147415,POINT_N_CLICK,0,
1,147449,POINT_N_CLICK,0,
1,147481,POINT_N_CLICK,0,
1,147513,POINT_N_CLICK,0,
1,147547,POINT_N_CLICK,0,
1,147581,POINT_N_CLICK,0,
1,147614,POINT_N_CLICK,0,
1,147648,POINT_N_CLICK,0,
1,147682,POINT_N_CLICK,0,
1,147714,POINT_N_CLICK,0,
1,147747,POINT_N_CLICK,0,
1,147780,POINT_N_CLICK,0,
1,147814,POINT_N_CLICK,0,
1,147848,POINT_N_CLICK,0,
1,147881,POINT_N_CLICK,0,
1,147914,POINT_N_CLICK,0,
1,147949,POINT_N_CLICK,0,
1,147981,POINT_N_CLICK,0,
1,148014,POINT_N_CLICK,0,
1,148047,POINT_N_CLICK,0,
1,148081,POINT_N_CLICK,0,
1,148114,POINT_N_CLICK,0,
1,148148,POINT_N_CLICK,0,
1,148182,POINT_N_CLICK,0,
1,148216,POINT_N_CLICK,0,
1,148248,POINT_N_CLICK,0,
1,148280,POINT_N_CLICK,0,
1,148314,POINT_N_CLICK,0,
1,148347,POINT_N_CLICK,0,
1,148382,POINT_N_CLICK,0,
1,148415,POINT_N_CLICK,0,
1,148449,POINT_N_CLICK,0,
1,148481,POINT_N_CLICK,0,
1,148515,POINT_N_CLICK,0,
1,148547,POINT_N_CLICK,0,
1,148580,POINT_N_CLICK,0,
1,148615,POINT_N_CLICK,0,
1,148648,POINT_N_CLICK,0,
1,148681,POINT_N_CLICK,0,
1,148715,POINT_N_CLICK,0,
1,148749,POINT_N_CLICK,0,
1,148781,POINT_N_CLICK,0,
1,149414,POINT_N_CLICK,1,
1,149447,POINT_N_CLICK,1,
1,149481,POINT_N_CLICK,1,
1,149514,POINT_N_CLICK,1,
1,149548,POINT_N_CLICK,1,
1,149582,POINT_N_CLICK,1,
1,149614,POINT_N_CLICK,1,
1,149647,POINT_N_CLICK,1,
1,149682,POINT_N_CLICK,1,
1,149715,POINT_N_CLICK,1,
1,149748,POINT_N_CLICK,1,
1,149782,POINT_N_CLICK,1,
1,149815,POINT_N_CLICK,1,
1,149849,POINT_N_CLICK,1,
1,149881,POINT_N_CLICK,1,
1,149914,POINT_N_CLICK,1,
1,149948,POINT_N_CLICK,1,
1,149981,POINT_N_CLICK,1,
1,150015,POINT_N_CLICK,1,
1,150049,POINT_N_CLICK,1,
1,150083,POINT_N_CLICK,1,
1,150115,POINT_N_CLICK,1,
1,150148,POINT_N_CLICK,1,
1,150181,POINT_N_CLICK,1,
1,150214,POINT_N_CLICK,1,
1,150248,POINT_N_CLICK,1,
1,150282,POINT_N_CLICK,1,
1,150315,POINT_N_CLICK,1,
1,150349,POINT_N_CLICK,1,
1,150381,POINT_N_CLICK,1,
1,150414,POINT_N_CLICK,1,
1,150447,POINT_N_CLICK,1,
1,150482,POINT_N_CLICK,1,
1,150515,POINT_N_CLICK,1,
1,150548,POINT_N_CLICK,1,
1,150582,POINT_N_CLICK,1,
1,150616,POINT_N_CLICK,1,
1,150648,POINT_N_CLICK,1,
1,150681,POINT_N_CLICK,1,
1,150714,POINT_N_CLICK,1,
1,150748,POINT_N_CLICK,1,
1,150782,POINT_N_CLICK,1,
1,150816,POINT_N_CLICK,1,
1,150849,POINT_N_CLICK,1,
1,150882,POINT_N_CLICK,1,
1,150915,POINT_N_CLICK,1,
1,150948,POINT_N_CLICK,1,
1,150980,POINT_N_CLICK,1,
1,151015,POINT_N_CLICK,1,
1,151048,POINT_N_CLICK,1,
1,151082,POINT_N_CLICK,1,
1,151116,POINT_N_CLICK,1,
1,151149,POINT_N_CLICK,1,
1,151182,POINT_N_CLICK,1,
1,151215,POINT_N_CLICK,1,
1,151248,POINT_N_CLICK,1,
1,151281,POINT_N_CLICK,1,
1,151314,POINT_N_CLICK,1,
1,151348,POINT_N_CLICK,1,
1,151382,POINT_N_CLICK,1,
1,151416,POINT_N_CLICK,1,
1,151449,POINT_N_CLICK,1,
1,151481,POINT_N_CLICK,1,
1,151514,POINT_N_CLICK,1,
1,151548,POINT_N_CLICK,1,
1,151581,POINT_N_CLICK,1,
1,151614,POINT_N_CLICK,1,
1,151648,POINT_N_CLICK,1,
1,151678,POINT_N_CLICK,1,
1,151716,POINT_N_CLICK,1,
1,151748,POINT_N_CLICK,1,
1,151781,POINT_N_CLICK,1,
1,151814,POINT_N_CLICK,1,
1,151849,POINT_N_CLICK,1,
1,151881,POINT_N_CLICK,1,
1,151915,POINT_N_CLICK,1,
1,151949,POINT_N_CLICK,1,
1,151982,POINT_N_CLICK,1,
1,152015,POINT_N_CLICK,1,
1,152048,POINT_N_CLICK,1,
1,152081,POINT_N_CLICK,1,
1,152114,POINT_N_CLICK,1,
1,152148,POINT_N_CLICK,1,
1,152182,POINT_N_CLICK,1,
1,152216,POINT_N_CLICK,1,
1,152250,POINT_N_CLICK,1,
1,152282,POINT_N_CLICK,1,
1,152314,POINT_N_CLICK,1,
1,152349,POINT_N_CLICK,1,
1,152381,POINT_N_CLICK,1,
1,152416,POINT_N_CLICK,1,
1,152448,POINT_N_CLICK,1,
1,152482,POINT_N_CLICK,1,
1,152515,POINT_N_CLICK,1,
1,152549,POINT_N_CLICK,1,
1,152582,POINT_N_CLICK,1,
1,152615,POINT_N_CLICK,1,
1,152648,POINT_N_CLICK,1,
1,152682,POINT_N_CLICK,1,
1,152714,POINT_N_CLICK,1,
1,152749,POINT_N_CLICK,1,
1,152782,POINT_N_CLICK,1,
1,152816,POINT_N_CLICK,1,
1,152849,POINT_N_CLICK,1,
1,152881,POINT_N_CLICK,1,
1,152914,POINT_N_CLICK,1,
1,152949,POINT_N_CLICK,1,
1,152982,POINT_N_CLICK,1,
1,153016,POINT_N_CLICK,1,
1,153048,POINT_N_CLICK,1,
1,153082,POINT_N_CLICK,1,
1,153116,POINT_N_CLICK,1,
1,153148,POINT_N_CLICK,1,
1,153181,POINT_N_CLICK,1,
1,153214,POINT_N_CLICK,1,
1,153247,POINT_N_CLICK,1,
1,153282,POINT_N_CLICK,1,
1,153316,POINT_N_CLICK,1,
1,153349,POINT_N_CLICK,1,
1,153382,POINT_N_CLICK,1,
1,153415,POINT_N_CLICK,1,
1,153447,POINT_N_CLICK,1,
1,153482,POINT_N_CLICK,1,
1,153515,POINT_N_CLICK,1,
1,153549,POINT_N_CLICK,1,
1,153582,POINT_N_CLICK,1,
1,153616,POINT_N_CLICK,1,
1,153649,POINT_N_CLICK,1,
1,153683,POINT_N_CLICK,1,
1,153715,POINT_N_CLICK,1,
1,153748,POINT_N_CLICK,1,
1,153781,POINT_N_CLICK,1,
1,153815,POINT_N_CLICK,1,
1,153849,POINT_N_CLICK,1,
1,153882,POINT_N_CLICK,1,
1,153916,POINT_N_CLICK,1,
1,153949,POINT_N_CLICK,1,
1,153983,POINT_N_CLICK,1,
1,154016,POINT_N_CLICK,1,
1,154048,POINT_N_CLICK,1,
1,154081,POINT_N_CLICK,1,
1,154114,POINT_N_CLICK,1,
1,154149,POINT_N_CLICK,1,
1,154182,POINT_N_CLICK,1,
1,154216,POINT_N_CLICK,1,
1,154249,POINT_N_CLICK,1,
1,154283,POINT_N_CLICK,1,
1,154315,POINT_N_CLICK,1,
1,154348,POINT_N_CLICK,1,
1,154381,POINT_N_CLICK,1,
1,154415,POINT_N_CLICK,1,
1,154448,POINT_N_CLICK,1,
1,154483,POINT_N_CLICK,1,
1,154516,POINT_N_CLICK,1,
1,154549,POINT_N_CLICK,1,
1,154582,POINT_N_CLICK,1,
1,154615,POINT_N_CLICK,1,
1,154647,POINT_N_CLICK,1,
1,154682,POINT_N_CLICK,1,
1,154715,POINT_N_CLICK,1,
1,154748,POINT_N_CLICK,1,
1,154782,POINT_N_CLICK,1,
1,154816,POINT_N_CLICK,1,
1,154849,POINT_N_CLICK,1,
1,154884,POINT_N_CLICK,1,
1,154915,POINT_N_CLICK,1,
1,154948,POINT_N_CLICK,1,
1,154982,POINT_N_CLICK,1,
1,155015,POINT_N_CLICK,1,
1,155048,POINT_N_CLICK,1,
1,155082,POINT_N_CLICK,1,
1,155116,POINT_N_CLICK,1,
1,155149,POINT_N_CLICK,1,
1,155183,POINT_N_CLICK,1,
1,155215,POINT_N_CLICK,1,
1,155248,POINT_N_CLICK,1,
1,155281,POINT_N_CLICK,1,
1,155314,POINT_N_CLICK,1,
1,155349,POINT_N_CLICK,1,
1,155382,POINT_N_CLICK,1,
1,155416,POINT_N_CLICK,1,
1,155449,POINT_N_CLICK,1,
1,155483,POINT_N_CLICK,1,
1,155515,POINT_N_CLICK,1,
1,155548,POINT_N_CLICK,1,
1,155581,POINT_N_CLICK,1,
1,155616,POINT_N_CLICK,1,
1,155649,POINT_N_CLICK,1,
1,155682,POINT_N_CLICK,1,
1,155716,POINT_N_CLICK,1,
1,155749,POINT_N_CLICK,1,
1,155783,POINT_N_CLICK,1,
1,155815,POINT_N_CLICK,1,
1,155848,POINT_N_CLICK,1,
1,155882,POINT_N_CLICK,1,
1,155915,POINT_N_CLICK,1,
1,155950,POINT_N_CLICK,1,
1,155982,POINT_N_CLICK,1,
1,156016,POINT_N_CLICK,1,
1,156045,POINT_N_CLICK,1,
1,156082,POINT_N_CLICK,1,
1,156115,POINT_N_CLICK,1,
1,156147,POINT_N_CLICK,1,
1,156182,POINT_N_CLICK,1,
1,156215,POINT_N_CLICK,1,
1,156248,POINT_N_CLICK,1,
1,156281,POINT_N_CLICK,1,
1,156316,POINT_N_CLICK,1,
1,156350,POINT_N_CLICK,1,
1,156384,POINT_N_CLICK,1,
1,156415,POINT_N_CLICK,1,
1,156448,POINT_N_CLICK,1,
1,156482,POINT_N_CLICK,1,
1,156515,POINT_N_CLICK,1,
1,156549,POINT_N_CLICK,1,
1,156583,POINT_N_CLICK,1,
1,156616,POINT_N_CLICK,1,
1,156650,POINT_N_CLICK,1,
1,156679,POINT_N_CLICK,1,
1,156717,POINT_N_CLICK,1,
1,156748,POINT_N_CLICK,1,
1,156782,POINT_N_CLICK,1,
1,156815,POINT_N_CLICK,1,
1,156848,POINT_N_CLICK,1,
1,156882,POINT_N_CLICK,1,
1,156916,POINT_N_CLICK,1,
1,157481,POINT_N_CLICK,2,
1,157516,POINT_N_CLICK,2,
1,157549,POINT_N_CLICK,2,
1,157582,POINT_N_CLICK,2,
1,157615,POINT_N_CLICK,2,
1,157649,POINT_N_CLICK,2,
1,157682,POINT_N_CLICK,2,
1,157715,POINT_N_CLICK,2,
1,157748,POINT_N_CLICK,2,
1,157782,POINT_N_CLICK,2,
1,157816,POINT_N_CLICK,2,
1,157850,POINT_N_CLICK,2,
1,157883,POINT_N_CLICK,2,
1,157916,POINT_N_CLICK,2,
1,157948,POINT_N_CLICK,2,
1,157982,POINT_N_CLICK,2,
1,158015,POINT_N_CLICK,2,
1,158049,POINT_N_CLICK,2,
1,158082,POINT_N_CLICK,2,
1,158116,POINT_N_CLICK,2,
1,158150,POINT_N_CLICK,2,
1,158184,POINT_N_CLICK,2,
1,158218,POINT_N_CLICK,2,
1,158248,POINT_N_CLICK,2,
1,158282,POINT_N_CLICK,2,
1,158315,POINT_N_CLICK,2,
1,158349,POINT_N_CLICK,2,
1,158382,POINT_N_CLICK,2,
1,158416,POINT_N_CLICK,2,
1,158449,POINT_N_CLICK,2,
1,158483,POINT_N_CLICK,2,
1,158517,POINT_N_CLICK,2,
1,158550,POINT_N_CLICK,2,
1,158584,POINT_N_CLICK,2,
1,158614,POINT_N_CLICK,2,
1,158649,POINT_N_CLICK,2,
1,158682,POINT_N_CLICK,2,
1,158715,POINT_N_CLICK,2,
1,158749,POINT_N_CLICK,2,
1,158782,POINT_N_CLICK,2,
1,158816,POINT_N_CLICK,2,
1,158850,POINT_N_CLICK,2,
1,158883,POINT_N_CLICK,2,
1,158918,POINT_N_CLICK,2,
1,158947,POINT_N_CLICK,2,
1,158982,POINT_N_CLICK,2,
1,159015,POINT_N_CLICK,2,
1,159048,POINT_N_CLICK,2,
1,159082,POINT_N_CLICK,2,
1,159116,POINT_N_CLICK,2,
1,159149,POINT_N_CLICK,2,
1,159183,POINT_N_CLICK,2,
1,159216,POINT_N_CLICK,2,
1,159250,POINT_N_CLICK,2,
1,159284,POINT_N_CLICK,2,
1,159318,POINT_N_CLICK,2,
1,159349,POINT_N_CLICK,2,
1,159382,POINT_N_CLICK,2,
1,159415,POINT_N_CLICK,2,
1,159449,POINT_N_CLICK,2,
1,159482,POINT_N_CLICK,2,
1,159516,POINT_N_CLICK,2,
1,159548,POINT_N_CLICK,2,
1,159583,POINT_N_CLICK,2,
1,159616,POINT_N_CLICK,2,
1,159650,POINT_N_CLICK,2,
1,159683,POINT_N_CLICK,2,
1,159718,POINT_N_CLICK,2,
1,159751,POINT_N_CLICK,2,
1,159784,POINT_N_CLICK,2,
1,159818,POINT_N_CLICK,2,
1,159851,POINT_N_CLICK,2,
1,159884,POINT_N_CLICK,2,
1,159918,POINT_N_CLICK,2,
1,159950,POINT_N_CLICK,2,
1,159982,POINT_N_CLICK,2,
1,160015,POINT_N_CLICK,2,
1,160049,POINT_N_CLICK,2,
1,160083,POINT_N_CLICK,2,
1,160116,POINT_N_CLICK,2,
1,160149,POINT_N_CLICK,2,
1,160183,POINT_N_CLICK,2,
1,160216,POINT_N_CLICK,2,
1,160249,POINT_N_CLICK,2,
1,160284,POINT_N_CLICK,2,
1,160314,POINT_N_CLICK,2,
1,160348,POINT_N_CLICK,2,
1,160382,POINT_N_CLICK,2,
1,160415,POINT_N_CLICK,2,
1,160449,POINT_N_CLICK,2,
1,160483,POINT_N_CLICK,2,
1,160516,POINT_N_CLICK,2,
1,160549,POINT_N_CLICK,2,
1,160582,POINT_N_CLICK,2,
1,160616,POINT_N_CLICK,2,
1,160650,POINT_N_CLICK,2,
1,160684,POINT_N_CLICK,2,
1,160715,POINT_N_CLICK,2,
1,160749,POINT_N_CLICK,2,
1,160782,POINT_N_CLICK,2,
1,160815,POINT_N_CLICK,2,
1,160849,POINT_N_CLICK,2,
1,160882,POINT_N_CLICK,2,
1,160916,POINT_N_CLICK,2,
1,160949,POINT_N_CLICK,2,
1,160983,POINT_N_CLICK,2,
1,161016,POINT_N_CLICK,2,
1,161049,POINT_N_CLICK,2,
1,161083,POINT_N_CLICK,2,
1,161116,POINT_N_CLICK,2,
1,161150,POINT_N_CLICK,2,
1,161184,POINT_N_CLICK,2,
1,161217,POINT_N_CLICK,2,
1,161251,POINT_N_CLICK,2,
1,161285,POINT_N_CLICK,2,
1,161318,POINT_N_CLICK,2,
1,161350,POINT_N_CLICK,2,
1,161384,POINT_N_CLICK,2,
1,161418,POINT_N_CLICK,2,
1,161451,POINT_N_CLICK,2,
1,161485,POINT_N_CLICK,2,
1,161518,POINT_N_CLICK,2,
1,161551,POINT_N_CLICK,2,
1,161584,POINT_N_CLICK,2,
1,161617,POINT_N_CLICK,2,
1,161651,POINT_N_CLICK,2,
1,161680,POINT_N_CLICK,2,
1,161718,POINT_N_CLICK,2,
1,161751,POINT_N_CLICK,2,
1,161785,POINT_N_CLICK,2,
1,161818,POINT_N_CLICK,2,
1,161850,POINT_N_CLICK,2,
1,161884,POINT_N_CLICK,2,
1,161918,POINT_N_CLICK,2,
1,161951,POINT_N_CLICK,2,
1,161984,POINT_N_CLICK,2,
1,162018,POINT_N_CLICK,2,
1,162051,POINT_N_CLICK,2,
1,162084,POINT_N_CLICK,2,
1,162118,POINT_N_CLICK,2,
1,162151,POINT_N_CLICK,2,
1,162184,POINT_N_CLICK,2,
1,162218,POINT_N_CLICK,2,
1,162251,POINT_N_CLICK,2,
1,162284,POINT_N_CLICK,2,
1,162318,POINT_N_CLICK,2,
1,162351,POINT_N_CLICK,2,
1,162384,POINT_N_CLICK,2,
1,162418,POINT_N_CLICK,2,
1,162451,POINT_N_CLICK,2,
1,162484,POINT_N_CLICK,2,
1,162518,POINT_N_CLICK,2,
1,162551,POINT_N_CLICK,2,
1,162585,POINT_N_CLICK,2,
1,162618,POINT_N_CLICK,2,
1,162651,POINT_N_CLICK,2,
1,162685,POINT_N_CLICK,2,
1,162718,POINT_N_CLICK,2,
1,162751,POINT_N_CLICK,2,
1,162785,POINT_N_CLICK,2,
1,162818,POINT_N_CLICK,2,
1,162851,POINT_N_CLICK,2,
1,162884,POINT_N_CLICK,2,
1,162917,POINT_N_CLICK,2,
1,162952,POINT_N_CLICK,2,
1,162985,POINT_N_CLICK,2,
1,163018,POINT_N_CLICK,2,
1,163051,POINT_N_CLICK,2,
1,163085,POINT_N_CLICK,2,
1,163118,POINT_N_CLICK,2,
1,163151,POINT_N_CLICK,2,
1,163185,POINT_N_CLICK,2,
1,163218,POINT_N_CLICK,2,
1,163251,POINT_N_CLICK,2,
1,163285,POINT_N_CLICK,2,
1,163318,POINT_N_CLICK,2,
1,163351,POINT_N_CLICK,2,
1,163385,POINT_N_CLICK,2,
1,163417,POINT_N_CLICK,2,
1,163451,POINT_N_CLICK,2,
1,163485,POINT_N_CLICK,2,
1,163518,POINT_N_CLICK,2,
1,163551,POINT_N_CLICK,2,
1,163585,POINT_N_CLICK,2,
1,163618,POINT_N_CLICK,2,
1,163651,POINT_N_CLICK,2,
1,163684,POINT_N_CLICK,2,
1,163718,POINT_N_CLICK,2,
1,163751,POINT_N_CLICK,2,
1,163785,POINT_N_CLICK,2,
1,163818,POINT_N_CLICK,2,
1,163851,POINT_N_CLICK,2,
1,163885,POINT_N_CLICK,2,
1,163918,POINT_N_CLICK,2,
1,163951,POINT_N_CLICK,2,
1,163985,POINT_N_CLICK,2,
1,164018,POINT_N_CLICK,2,
1,164051,POINT_N_CLICK,2,
1,164085,POINT_N_CLICK,2,
1,164118,POINT_N_CLICK,2,
1,164151,POINT_N_CLICK,2,
1,164185,POINT_N_CLICK,2,
1,164218,POINT_N_CLICK,2,
1,164251,POINT_N_CLICK,2,
1,164284,POINT_N_CLICK,2,
1,164318,POINT_N_CLICK,2,
1,164351,POINT_N_CLICK,2,
1,164385,POINT_N_CLICK,2,
1,164418,POINT_N_CLICK,2,
1,164451,POINT_N_CLICK,2,
1,164484,POINT_N_CLICK,2,
1,165351,POINT_N_CLICK,3,
1,165383,POINT_N_CLICK,3,
1,165418,POINT_N_CLICK,3,
1,165451,POINT_N_CLICK,3,
1,165484,POINT_N_CLICK,3,
1,165517,POINT_N_CLICK,3,
1,165551,POINT_N_CLICK,3,
1,165584,POINT_N_CLICK,3,
1,165617,POINT_N_CLICK,3,
1,165651,POINT_N_CLICK,3,
1,165685,POINT_N_CLICK,3,
1,165718,POINT_N_CLICK,3,
1,165751,POINT_N_CLICK,3,
1,165785,POINT_N_CLICK,3,
1,165817,POINT_N_CLICK,3,
1,165851,POINT_N_CLICK,3,
1,165885,POINT_N_CLICK,3,
1,165918,POINT_N_CLICK,3,
1,165951,POINT_N_CLICK,3,
1,165985,POINT_N_CLICK,3,
1,166018,POINT_N_CLICK,3,
1,166051,POINT_N_CLICK,3,
1,166085,POINT_N_CLICK,3,
1,166118,POINT_N_CLICK,3,
1,166151,POINT_N_CLICK,3,
1,166184,POINT_N_CLICK,3,
1,166219,POINT_N_CLICK,3,
1,166251,POINT_N_CLICK,3,
1,166285,POINT_N_CLICK,3,
1,166318,POINT_N_CLICK,3,
1,166352,POINT_N_CLICK,3,
1,166385,POINT_N_CLICK,3,
1,166418,POINT_N_CLICK,3,
1,166451,POINT_N_CLICK,3,
1,166485,POINT_N_CLICK,3,
1,166518,POINT_N_CLICK,3,
1,166551,POINT_N_CLICK,3,
1,166584,POINT_N_CLICK,3,
1,166618,POINT_N_CLICK,3,
1,166652,POINT_N_CLICK,3,
1,166680,POINT_N_CLICK,3,
1,166719,POINT_N_CLICK,3,
1,166752,POINT_N_CLICK,3,
1,166785,POINT_N_CLICK,3,
1,166818,POINT_N_CLICK,3,
1,166852,POINT_N_CLICK,3,
1,166885,POINT_N_CLICK,3,
1,166918,POINT_N_CLICK,3,
1,166951,POINT_N_CLICK,3,
1,166985,POINT_N_CLICK,3,
1,167018,POINT_N_CLICK,3,
1,167051,POINT_N_CLICK,3,
1,167085,POINT_N_CLICK,3,
1,167117,POINT_N_CLICK,3,
1,167152,POINT_N_CLICK,3,
1,167185,POINT_N_CLICK,3,
1,167218,POINT_N_CLICK,3,
1,167251,POINT_N_CLICK,3,
1,167285,POINT_N_CLICK,3,
1,167318,POINT_N_CLICK,3,
1,167351,POINT_N_CLICK,3,
1,167385,POINT_N_CLICK,3,
1,167417,POINT_N_CLICK,3,
1,167449,POINT_N_CLICK,3,
1,167485,POINT_N_CLICK,3,
1,167518,POINT_N_CLICK,3,
1,167551,POINT_N_CLICK,3,
1,167585,POINT_N_CLICK,3,
1,167617,POINT_N_CLICK,3,
1,167651,POINT_N_CLICK,3,
1,167685,POINT_N_CLICK,3,
1,167718,POINT_N_CLICK,3,
1,167752,POINT_N_CLICK,3,
1,167785,POINT_N_CLICK,3,
1,167818,POINT_N_CLICK,3,
1,167852,POINT_N_CLICK,3,
1,167885,POINT_N_CLICK,3,
1,167918,POINT_N_CLICK,3,
1,167951,POINT_N_CLICK,3,
1,167985,POINT_N_CLICK,3,
1,168018,POINT_N_CLICK,3,
1,168051,POINT_N_CLICK,3,
1,168085,POINT_N_CLICK,3,
1,168118,POINT_N_CLICK,3,
1,168152,POINT_N_CLICK,3,
1,168185,POINT_N_CLICK,3,
1,168218,POINT_N_CLICK,3,
1,168251,POINT_N_CLICK,3,
1,168285,POINT_N_CLICK,3,
1,168318,POINT_N_CLICK,3,
1,168351,POINT_N_CLICK,3,
1,168384,POINT_N_CLICK,3,
1,168418,POINT_N_CLICK,3,
1,168451,POINT_N_CLICK,3,
1,168485,POINT_N_CLICK,3,
1,168514,POINT_N_CLICK,3,
1,168551,POINT_N_CLICK,3,
1,168585,POINT_N_CLICK,3,
1,168618,POINT_N_CLICK,3,
1,168651,POINT_N_CLICK,3,
1,168685,POINT_N_CLICK,3,
1,168718,POINT_N_CLICK,3,
1,168752,POINT_N_CLICK,3,
1,168784,POINT_N_CLICK,3,
1,168818,POINT_N_CLICK,3,
1,168852,POINT_N_CLICK,3,
1,168886,POINT_N_CLICK,3,
1,168918,POINT_N_CLICK,3,
1,168952,POINT_N_CLICK,3,
1,168985,POINT_N_CLICK,3,
1,169018,POINT_N_CLICK,3,
1,169052,POINT_N_CLICK,3,
1,169085,POINT_N_CLICK,3,
1,169118,POINT_N_CLICK,3,
1,169152,POINT_N_CLICK,3,
1,169185,POINT_N_CLICK,3,
1,169218,POINT_N_CLICK,3,
1,169251,POINT_N_CLICK,3,
1,169286,POINT_N_CLICK,3,
1,169318,POINT_N_CLICK,3,
1,169352,POINT_N_CLICK,3,
1,169385,POINT_N_CLICK,3,
1,169419,POINT_N_CLICK,3,
1,169451,POINT_N_CLICK,3,
1,169484,POINT_N_CLICK,3,
1,169518,POINT_N_CLICK,3,
1,169552,POINT_N_CLICK,3,
1,169585,POINT_N_CLICK,3,
1,169618,POINT_N_CLICK,3,
1,169652,POINT_N_CLICK,3,
1,169685,POINT_N_CLICK,3,
1,169718,POINT_N_CLICK,3,
1,169752,POINT_N_CLICK,3,
1,169785,POINT_N_CLICK,3,
1,169818,POINT_N_CLICK,3,
1,169852,POINT_N_CLICK,3,
1,169885,POINT_N_CLICK,3,
1,169918,POINT_N_CLICK,3,
1,169951,POINT_N_CLICK,3,
1,169985,POINT_N_CLICK,3,
1,170018,POINT_N_CLICK,3,
1,170051,POINT_N_CLICK,3,
1,170086,POINT_N_CLICK,3,
1,170118,POINT_N_CLICK,3,
1,170151,POINT_N_CLICK,3,
1,170185,POINT_N_CLICK,3,
1,170218,POINT_N_CLICK,3,
1,170251,POINT_N_CLICK,3,
1,170285,POINT_N_CLICK,3,
1,170318,POINT_N_CLICK,3,
1,170352,POINT_N_CLICK,3,
1,170385,POINT_N_CLICK,3,
1,170419,POINT_N_CLICK,3,
1,170451,POINT_N_CLICK,3,
1,170485,POINT_N_CLICK,3,
1,170518,POINT_N_CLICK,3,
1,170552,POINT_N_CLICK,3,
1,170585,POINT_N_CLICK,3,
1,170618,POINT_N_CLICK,3,
1,170652,POINT_N_CLICK,3,
1,170685,POINT_N_CLICK,3,
1,170719,POINT_N_CLICK,3,
1,170752,POINT_N_CLICK,3,
1,170785,POINT_N_CLICK,3,
1,170818,POINT_N_CLICK,3,
1,170852,POINT_N_CLICK,3,
1,170885,POINT_N_CLICK,3,
1,170918,POINT_N_CLICK,3,
1,170952,POINT_N_CLICK,3,
1,170985,POINT_N_CLICK,3,
1,171019,POINT_N_CLICK,3,
1,171052,POINT_N_CLICK,3,
1,171085,POINT_N_CLICK,3,
1,171119,POINT_N_CLICK,3,
1,171152,POINT_N_CLICK,3,
1,171185,POINT_N_CLICK,3,
1,171218,POINT_N_CLICK,3,
1,171252,POINT_N_CLICK,3,
1,171285,POINT_N_CLICK,3,
1,171318,POINT_N_CLICK,3,
1,171352,POINT_N_CLICK,3,
1,171385,POINT_N_CLICK,3,
1,171418,POINT_N_CLICK,3,
1,171452,POINT_N_CLICK,3,
1,171485,POINT_N_CLICK,3,
1,171518,POINT_N_CLICK,3,
1,171552,POINT_N_CLICK,3,
1,171585,POINT_N_CLICK,3,
1,171618,POINT_N_CLICK,3,
1,171652,POINT_N_CLICK,3,
1,171681,POINT_N_CLICK,3,
1,171719,POINT_N_CLICK,3,
1,171753,POINT_N_CLICK,3,
1,171785,POINT_N_CLICK,3,
1,171818,POINT_N_CLICK,3,
1,171852,POINT_N_CLICK,3,
1,171885,POINT_N_CLICK,3,
1,171918,POINT_N_CLICK,3,
1,171953,POINT_N_CLICK,3,
1,171986,POINT_N_CLICK,3,
1,172016,POINT_N_CLICK,3,
1,172049,POINT_N_CLICK,3,
1,172083,POINT_N_CLICK,3,
1,173582,POINT_N_CLICK,4,
1,173617,POINT_N_CLICK,4,
1,173650,POINT_N_CLICK,4,
1,173684,POINT_N_CLICK,4,
1,173717,POINT_N_CLICK,4,
1,173752,POINT_N_CLICK,4,
1,173786,POINT_N_CLICK,4,
1,173820,POINT_N_CLICK,4,
1,173854,POINT_N_CLICK,4,
1,173888,POINT_N_CLICK,4,
1,173918,POINT_N_CLICK,4,
1,173952,POINT_N_CLICK,4,
1,173985,POINT_N_CLICK,4,
1,174018,POINT_N_CLICK,4,
1,174052,POINT_N_CLICK,4,
1,174085,POINT_N_CLICK,4,
1,174118,POINT_N_CLICK,4,
1,174152,POINT_N_CLICK,4,
1,174185,POINT_N_CLICK,4,
1,174218,POINT_N_CLICK,4,
1,174252,POINT_N_CLICK,4,
1,174285,POINT_N_CLICK,4,
1,174318,POINT_N_CLICK,4,
1,174352,POINT_N_CLICK,4,
1,174385,POINT_N_CLICK,4,
1,174419,POINT_N_CLICK,4,
1,174451,POINT_N_CLICK,4,
1,174485,POINT_N_CLICK,4,
1,174519,POINT_N_CLICK,4,
1,174552,POINT_N_CLICK,4,
1,174585,POINT_N_CLICK,4,
1,174619,POINT_N_CLICK,4,
1,174653,POINT_N_CLICK,4,
1,174686,POINT_N_CLICK,4,
1,174719,POINT_N_CLICK,4,
1,174752,POINT_N_CLICK,4,
1,174786,POINT_N_CLICK,4,
1,174819,POINT_N_CLICK,4,
1,174852,POINT_N_CLICK,4,
1,174885,POINT_N_CLICK,4,
1,174919,POINT_N_CLICK,4,
1,174952,POINT_N_CLICK,4,
1,174986,POINT_N_CLICK,4,
1,175019,POINT_N_CLICK,4,
1,175053,POINT_N_CLICK,4,
1,175086,POINT_N_CLICK,4,
1,175119,POINT_N_CLICK,4,
1,175151,POINT_N_CLICK,4,
1,175186,POINT_N_CLICK,4,
1,175219,POINT_N_CLICK,4,
1,175252,POINT_N_CLICK,4,
1,175286,POINT_N_CLICK,4,
1,175318,POINT_N_CLICK,4,
1,175352,POINT_N_CLICK,4,
1,175385,POINT_N_CLICK,4,
1,175419,POINT_N_CLICK,4,
1,175452,POINT_N_CLICK,4,
1,175486,POINT_N_CLICK,4,
1,175518,POINT_N_CLICK,4,
1,175553,POINT_N_CLICK,4,
1,175586,POINT_N_CLICK,4,
1,175619,POINT_N_CLICK,4,
1,175652,POINT_N_CLICK,4,
1,175686,POINT_N_CLICK,4,
1,175719,POINT_N_CLICK,4,
1,175753,POINT_N_CLICK,4,
1,175786,POINT_N_CLICK,4,
1,175818,POINT_N_CLICK,4,
1,175853,POINT_N_CLICK,4,
1,175886,POINT_N_CLICK,4,
1,175918,POINT_N_CLICK,4,
1,175952,POINT_N_CLICK,4,
1,175986,POINT_N_CLICK,4,
1,176019,POINT_N_CLICK,4,
1,176053,POINT_N_CLICK,4,
1,176086,POINT_N_CLICK,4,
1,176120,POINT_N_CLICK,4,
1,176153,POINT_N_CLICK,4,
1,176187,POINT_N_CLICK,4,
1,176219,POINT_N_CLICK,4,
1,176253,POINT_N_CLICK,4,
1,176286,POINT_N_CLICK,4,
1,176319,POINT_N_CLICK,4,
1,176352,POINT_N_CLICK,4,
1,176386,POINT_N_CLICK,4,
1,176419,POINT_N_CLICK,4,
1,176453,POINT_N_CLICK,4,
1,176486,POINT_N_CLICK,4,
1,176519,POINT_N_CLICK,4,
1,176552,POINT_N_CLICK,4,
1,176586,POINT_N_CLICK,4,
1,176619,POINT_N_CLICK,4,
1,176653,POINT_N_CLICK,4,
1,176682,POINT_N_CLICK,4,
1,176720,POINT_N_CLICK,4,
1,176753,POINT_N_CLICK,4,
1,176786,POINT_N_CLICK,4,
1,176820,POINT_N_CLICK,4,
1,176853,POINT_N_CLICK,4,
1,176886,POINT_N_CLICK,4,
1,176919,POINT_N_CLICK,4,
1,176952,POINT_N_CLICK,4,
1,176986,POINT_N_CLICK,4,
1,177020,POINT_N_CLICK,4,
1,177052,POINT_N_CLICK,4,
1,177086,POINT_N_CLICK,4,
1,177119,POINT_N_CLICK,4,
1,177152,POINT_N_CLICK,4,
1,177186,POINT_N_CLICK,4,
1,177220,POINT_N_CLICK,4,
1,177253,POINT_N_CLICK,4,
1,177285,POINT_N_CLICK,4,
1,177319,POINT_N_CLICK,4,
1,177353,POINT_N_CLICK,4,
1,177386,POINT_N_CLICK,4,
1,177419,POINT_N_CLICK,4,
1,177452,POINT_N_CLICK,4,
1,177486,POINT_N_CLICK,4,
1,177519,POINT_N_CLICK,4,
1,177553,POINT_N_CLICK,4,
1,177586,POINT_N_CLICK,4,
1,177620,POINT_N_CLICK,4,
1,177653,POINT_N_CLICK,4,
1,177687,POINT_N_CLICK,4,
1,177719,POINT_N_CLICK,4,
1,177753,POINT_N_CLICK,4,
1,177786,POINT_N_CLICK,4,
1,177820,POINT_N_CLICK,4,
1,177853,POINT_N_CLICK,4,
1,177886,POINT_N_CLICK,4,
1,177919,POINT_N_CLICK,4,
1,177953,POINT_N_CLICK,4,
1,177986,POINT_N_CLICK,4,
1,178019,POINT_N_CLICK,4,
1,178052,POINT_N_CLICK,4,
1,178086,POINT_N_CLICK,4,
1,178120,POINT_N_CLICK,4,
1,178153,POINT_N_CLICK,4,
1,178187,POINT_N_CLICK,4,
1,178219,POINT_N_CLICK,4,
1,178252,POINT_N_CLICK,4,
1,178286,POINT_N_CLICK,4,
1,178320,POINT_N_CLICK,4,
1,178353,POINT_N_CLICK,4,
1,178385,POINT_N_CLICK,4,
1,178419,POINT_N_CLICK,4,
1,178452,POINT_N_CLICK,4,
1,178485,POINT_N_CLICK,4,
1,178519,POINT_N_CLICK,4,
1,178553,POINT_N_CLICK,4,
1,178587,POINT_N_CLICK,4,
1,178619,POINT_N_CLICK,4,
1,178652,POINT_N_CLICK,4,
1,178686,POINT_N_CLICK,4,
1,178720,POINT_N_CLICK,4,
1,178752,POINT_N_CLICK,4,
1,178786,POINT_N_CLICK,4,
1,178820,POINT_N_CLICK,4,
1,178852,POINT_N_CLICK,4,
1,178887,POINT_N_CLICK,4,
1,178920,POINT_N_CLICK,4,
1,178952,POINT_N_CLICK,4,
1,178986,POINT_N_CLICK,4,
1,179018,POINT_N_CLICK,4,
1,179051,POINT_N_CLICK,4,
1,179085,POINT_N_CLICK,4,
1,179118,POINT_N_CLICK,4,
1,179153,POINT_N_CLICK,4,
1,179186,POINT_N_CLICK,4,
1,179220,POINT_N_CLICK,4,
1,179253,POINT_N_CLICK,4,
1,179287,POINT_N_CLICK,4,
1,179320,POINT_N_CLICK,4,
1,179352,POINT_N_CLICK,4,
1,179386,POINT_N_CLICK,4,
1,179420,POINT_N_CLICK,4,
1,179453,POINT_N_CLICK,4,
1,179487,POINT_N_CLICK,4,
1,179518,POINT_N_CLICK,4,
1,179553,POINT_N_CLICK,4,
1,179587,POINT_N_CLICK,4,
1,179619,POINT_N_CLICK,4,
1,179652,POINT_N_CLICK,4,
1,179686,POINT_N_CLICK,4,
1,179720,POINT_N_CLICK,4,
1,179753,POINT_N_CLICK,4,
1,179787,POINT_N_CLICK,4,
1,179818,POINT_N_CLICK,4,
1,179852,POINT_N_CLICK,4,
1,179886,POINT_N_CLICK,4,
1,179920,POINT_N_CLICK,4,
1,179952,POINT_N_CLICK,4,
1,179987,POINT_N_CLICK,4,
1,180019,POINT_N_CLICK,4,
1,180052,POINT_N_CLICK,4,
1,180086,POINT_N_CLICK,4,
1,180120,POINT_N_CLICK,4,
1,180152,POINT_N_CLICK,4,
1,182383,MENU_NAVIGATION,0,
1,182422,MENU_NAVIGATION,0,
1,182451,MENU_NAVIGATION,0,
1,182486,MENU_NAVIGATION,0,
1,182520,MENU_NAVIGATION,0,
1,182555,MENU_NAVIGATION,0,
1,182585,MENU_NAVIGATION,0,
1,182618,MENU_NAVIGATION,0,
1,182654,MENU_NAVIGATION,0,
1,182685,MENU_NAVIGATION,0,
1,182721,MENU_NAVIGATION,0,
1,182752,MENU_NAVIGATION,0,
1,182787,MENU_NAVIGATION,0,
1,182820,MENU_NAVIGATION,0,
1,182854,MENU_NAVIGATION,0,
1,182885,MENU_NAVIGATION,0,
1,182920,MENU_NAVIGATION,0,
1,182952,MENU_NAVIGATION,0,
1,182987,MENU_NAVIGATION,0,
1,183019,MENU_NAVIGATION,0,
1,183054,MENU_NAVIGATION,0,
1,183086,MENU_NAVIGATION,0,
1,183120,MENU_NAVIGATION,0,
1,183154,MENU_NAVIGATION,0,
1,183185,MENU_NAVIGATION,0,
1,183220,MENU_NAVIGATION,0,
1,183252,MENU_NAVIGATION,0,
1,183287,MENU_NAVIGATION,0,
1,183320,MENU_NAVIGATION,0,
1,183352,MENU_NAVIGATION,0,
1,183387,MENU_NAVIGATION,0,
1,183419,MENU_NAVIGATION,0,
1,183453,MENU_NAVIGATION,0,
1,183487,MENU_NAVIGATION,0,
1,183519,MENU_NAVIGATION,0,
1,183553,MENU_NAVIGATION,0,
1,183587,MENU_NAVIGATION,0,
1,183622,MENU_NAVIGATION,0,
1,183652,MENU_NAVIGATION,0,
1,183686,MENU_NAVIGATION,0,
1,183722,MENU_NAVIGATION,0,
1,183752,MENU_NAVIGATION,0,
1,183786,MENU_NAVIGATION,0,
1,183820,MENU_NAVIGATION,0,
1,183853,MENU_NAVIGATION,0,
1,183887,MENU_NAVIGATION,0,
1,183920,MENU_NAVIGATION,0,
1,183953,MENU_NAVIGATION,0,
1,183987,MENU_NAVIGATION,0,
1,184019,MENU_NAVIGATION,0,
1,184053,MENU_NAVIGATION,0,
1,184087,MENU_NAVIGATION,0,
1,184119,MENU_NAVIGATION,0,
1,184153,MENU_NAVIGATION,0,
1,184188,MENU_NAVIGATION,0,
1,184219,MENU_NAVIGATION,0,
1,184253,MENU_NAVIGATION,0,
1,184289,MENU_NAVIGATION,0,
1,184319,MENU_NAVIGATION,0,
1,184354,MENU_NAVIGATION,0,
1,184385,MENU_NAVIGATION,0,
1,184420,MENU_NAVIGATION,0,
1,184452,MENU_NAVIGATION,0,
1,184487,MENU_NAVIGATION,0,
1,184519,MENU_NAVIGATION,0,
1,184553,MENU_NAVIGATION,0,
1,184587,MENU_NAVIGATION,0,
1,184619,MENU_NAVIGATION,0,
1,184654,MENU_NAVIGATION,0,
1,184686,MENU_NAVIGATION,0,
1,184723,MENU_NAVIGATION,0,
1,184752,MENU_NAVIGATION,0,
1,184787,MENU_NAVIGATION,0,
1,184822,MENU_NAVIGATION,0,
1,184852,MENU_NAVIGATION,0,
1,184887,MENU_NAVIGATION,0,
1,184919,MENU_NAVIGATION,0,
1,184955,MENU_NAVIGATION,0,
1,184985,MENU_NAVIGATION,0,
1,185020,MENU_NAVIGATION,0,
1,185056,MENU_NAVIGATION,0,
1,185085,MENU_NAVIGATION,0,
1,185121,MENU_NAVIGATION,0,
1,185152,MENU_NAVIGATION,0,
1,185187,MENU_NAVIGATION,0,
1,185219,MENU_NAVIGATION,0,
1,185254,MENU_NAVIGATION,0,
1,185289,MENU_NAVIGATION,0,
1,185318,MENU_NAVIGATION,0,
1,185354,MENU_NAVIGATION,0,
1,185388,MENU_NAVIGATION,0,
1,185419,MENU_NAVIGATION,0,
1,185454,MENU_NAVIGATION,0,
1,185486,MENU_NAVIGATION,0,
1,185520,MENU_NAVIGATION,0,
1,185552,MENU_NAVIGATION,0,
1,185587,MENU_NAVIGATION,0,
1,185622,MENU_NAVIGATION,0,
1,185654,MENU_NAVIGATION,0,
1,185689,MENU_NAVIGATION,0,
1,185720,MENU_NAVIGATION,0,
1,185755,MENU_NAVIGATION,0,
1,185786,MENU_NAVIGATION,0,
1,185822,MENU_NAVIGATION,0,
1,185853,MENU_NAVIGATION,0,
1,202455,MENU_NAVIGATION,1,
1,202487,MENU_NAVIGATION,1,
1,202521,MENU_NAVIGATION,1,
1,202555,MENU_NAVIGATION,1,
1,202588,MENU_NAVIGATION,1,
1,202621,MENU_NAVIGATION,1,
1,202654,MENU_NAVIGATION,1,
1,202689,MENU_NAVIGATION,1,
1,202720,MENU_NAVIGATION,1,
1,202755,MENU_NAVIGATION,1,
1,202788,MENU_NAVIGATION,1,
1,202821,MENU_NAVIGATION,1,
1,202856,MENU_NAVIGATION,1,
1,202888,MENU_NAVIGATION,1,
1,202921,MENU_NAVIGATION,1,
1,202955,MENU_NAVIGATION,1,
1,202989,MENU_NAVIGATION,1,
1,203023,MENU_NAVIGATION,1,
1,203054,MENU_NAVIGATION,1,
1,203089,MENU_NAVIGATION,1,
1,203121,MENU_NAVIGATION,1,
1,203155,MENU_NAVIGATION,1,
1,203189,MENU_NAVIGATION,1,
1,203222,MENU_NAVIGATION,1,
1,203255,MENU_NAVIGATION,1,
1,203289,MENU_NAVIGATION,1,
1,203322,MENU_NAVIGATION,1,
1,203355,MENU_NAVIGATION,1,
1,203388,MENU_NAVIGATION,1,
1,203422,MENU_NAVIGATION,1,
1,203456,MENU_NAVIGATION,1,
1,203489,MENU_NAVIGATION,1,
1,203522,MENU_NAVIGATION,1,
1,203556,MENU_NAVIGATION,1,
1,203589,MENU_NAVIGATION,1,
1,203622,MENU_NAVIGATION,1,
1,203656,MENU_NAVIGATION,1,
1,203689,MENU_NAVIGATION,1,
1,203718,MENU_NAVIGATION,1,
1,203751,MENU_NAVIGATION,1,
1,203784,MENU_NAVIGATION,1,
1,203818,MENU_NAVIGATION,1,
1,203851,MENU_NAVIGATION,1,
1,203890,MENU_NAVIGATION,1,
1,203921,MENU_NAVIGATION,1,
1,203955,MENU_NAVIGATION,1,
1,203988,MENU_NAVIGATION,1,
1,204022,MENU_NAVIGATION,1,
1,204056,MENU_NAVIGATION,1,
1,204089,MENU_NAVIGATION,1,
1,204122,MENU_NAVIGATION,1,
1,204156,MENU_NAVIGATION,1,
1,204189,MENU_NAVIGATION,1,
1,204223,MENU_NAVIGATION,1,
1,204256,MENU_NAVIGATION,1,
1,204289,MENU_NAVIGATION,1,
1,204323,MENU_NAVIGATION,1,
1,204356,MENU_NAVIGATION,1,
1,204388,MENU_NAVIGATION,1,
1,204422,MENU_NAVIGATION,1,
1,204454,MENU_NAVIGATION,1,
1,204488,MENU_NAVIGATION,1,
1,204521,MENU_NAVIGATION,1,
1,204555,MENU_NAVIGATION,1,
1,204588,MENU_NAVIGATION,1,
1,204621,MENU_NAVIGATION,1,
1,204656,MENU_NAVIGATION,1,
1,204689,MENU_NAVIGATION,1,
1,204723,MENU_NAVIGATION,1,
1,204756,MENU_NAVIGATION,1,
1,204789,MENU_NAVIGATION,1,
1,204822,MENU_NAVIGATION,1,
1,204856,MENU_NAVIGATION,1,
1,204889,MENU_NAVIGATION,1,
1,204922,MENU_NAVIGATION,1,
1,204956,MENU_NAVIGATION,1,
1,204989,MENU_NAVIGATION,1,
1,205022,MENU_NAVIGATION,1,
1,205056,MENU_NAVIGATION,1,
1,205089,MENU_NAVIGATION,1,
1,205121,MENU_NAVIGATION,1,
1,205156,MENU_NAVIGATION,1,
1,205190,MENU_NAVIGATION,1,
1,205222,MENU_NAVIGATION,1,
1,205256,MENU_NAVIGATION,1,
1,205289,MENU_NAVIGATION,1,
1,205323,MENU_NAVIGATION,1,
1,205355,MENU_NAVIGATION,1,
1,205389,MENU_NAVIGATION,1,
1,205422,MENU_NAVIGATION,1,
1,205456,MENU_NAVIGATION,1,
1,205490,MENU_NAVIGATION,1,
1,205522,MENU_NAVIGATION,1,
1,205555,MENU_NAVIGATION,1,
1,205589,MENU_NAVIGATION,1,
1,205622,MENU_NAVIGATION,1,
1,205656,MENU_NAVIGATION,1,
1,205688,MENU_NAVIGATION,1,
1,205717,MENU_NAVIGATION,1,
1,205756,MENU_NAVIGATION,1,
1,205789,MENU_NAVIGATION,1,
1,205822,MENU_NAVIGATION,1,
1,205854,MENU_NAVIGATION,1,
1,205888,MENU_NAVIGATION,1,
1,205921,MENU_NAVIGATION,1,
1,205955,MENU_NAVIGATION,1,
1,205988,MENU_NAVIGATION,1,
1,206022,MENU_NAVIGATION,1,
1,206055,MENU_NAVIGATION,1,
1,206088,MENU_NAVIGATION,1,
1,206121,MENU_NAVIGATION,1,
1,206155,MENU_NAVIGATION,1,
1,206188,MENU_NAVIGATION,1,
1,206221,MENU_NAVIGATION,1,
1,206254,MENU_NAVIGATION,1,
1,206287,MENU_NAVIGATION,1,
1,206322,MENU_NAVIGATION,1,
1,206356,MENU_NAVIGATION,1,
1,206388,MENU_NAVIGATION,1,
1,206421,MENU_NAVIGATION,1,
1,206454,MENU_NAVIGATION,1,
1,206488,MENU_NAVIGATION,1,
1,206522,MENU_NAVIGATION,1,
1,206555,MENU_NAVIGATION,1,
1,206588,MENU_NAVIGATION,1,
1,206621,MENU_NAVIGATION,1,
1,206654,MENU_NAVIGATION,1,
1,206684,MENU_NAVIGATION,1,
1,206723,MENU_NAVIGATION,1,
1,206753,MENU_NAVIGATION,1,
1,206786,MENU_NAVIGATION,1,
1,206820,MENU_NAVIGATION,1,
1,206854,MENU_NAVIGATION,1,
1,206887,MENU_NAVIGATION,1,
1,206921,MENU_NAVIGATION,1,
1,206954,MENU_NAVIGATION,1,
1,206987,MENU_NAVIGATION,1,
1,207819,MENU_NAVIGATION,2,
1,207854,MENU_NAVIGATION,2,
1,207888,MENU_NAVIGATION,2,
1,207921,MENU_NAVIGATION,2,
1,207955,MENU_NAVIGATION,2,
1,207988,MENU_NAVIGATION,2,
1,208021,MENU_NAVIGATION,2,
1,208055,MENU_NAVIGATION,2,
1,208088,MENU_NAVIGATION,2,
1,208121,MENU_NAVIGATION,2,
1,208155,MENU_NAVIGATION,2,
1,208188,MENU_NAVIGATION,2,
1,208223,MENU_NAVIGATION,2,
1,208255,MENU_NAVIGATION,2,
1,208288,MENU_NAVIGATION,2,
1,208322,MENU_NAVIGATION,2,
1,208355,MENU_NAVIGATION,2,
1,208389,MENU_NAVIGATION,2,
1,208422,MENU_NAVIGATION,2,
1,208455,MENU_NAVIGATION,2,
1,208489,MENU_NAVIGATION,2,
1,208522,MENU_NAVIGATION,2,
1,208556,MENU_NAVIGATION,2,
1,208587,MENU_NAVIGATION,2,
1,208623,MENU_NAVIGATION,2,
1,208655,MENU_NAVIGATION,2,
1,208688,MENU_NAVIGATION,2,
1,208720,MENU_NAVIGATION,2,
1,208755,MENU_NAVIGATION,2,
1,208788,MENU_NAVIGATION,2,
1,208821,MENU_NAVIGATION,2,
1,208855,MENU_NAVIGATION,2,
1,208889,MENU_NAVIGATION,2,
1,208921,MENU_NAVIGATION,2,
1,208956,MENU_NAVIGATION,2,
1,208988,MENU_NAVIGATION,2,
1,209022,MENU_NAVIGATION,2,
1,209055,MENU_NAVIGATION,2,
1,209088,MENU_NAVIGATION,2,
1,209122,MENU_NAVIGATION,2,
1,209155,MENU_NAVIGATION,2,
1,209189,MENU_NAVIGATION,2,
1,209223,MENU_NAVIGATION,2,
1,209257,MENU_NAVIGATION,2,
1,209288,MENU_NAVIGATION,2,
1,209322,MENU_NAVIGATION,2,
1,209356,MENU_NAVIGATION,2,
1,209388,MENU_NAVIGATION,2,
1,209422,MENU_NAVIGATION,2,
1,209455,MENU_NAVIGATION,2,
1,209489,MENU_NAVIGATION,2,
1,209523,MENU_NAVIGATION,2,
1,209555,MENU_NAVIGATION,2,
1,209589,MENU_NAVIGATION,2,
1,209621,MENU_NAVIGATION,2,
1,209655,MENU_NAVIGATION,2,
1,209689,MENU_NAVIGATION,2,
1,209723,MENU_NAVIGATION,2,
1,209756,MENU_NAVIGATION,2,
1,209788,MENU_NAVIGATION,2,
1,209823,MENU_NAVIGATION,2,
1,209855,MENU_NAVIGATION,2,
1,209889,MENU_NAVIGATION,2,
1,209922,MENU_NAVIGATION,2,
1,209955,MENU_NAVIGATION,2,
1,209989,MENU_NAVIGATION,2,
1,210023,MENU_NAVIGATION,2,
1,210055,MENU_NAVIGATION,2,
1,210089,MENU_NAVIGATION,2,
1,210123,MENU_NAVIGATION,2,
1,210157,MENU_NAVIGATION,2,
1,210189,MENU_NAVIGATION,2,
1,210222,MENU_NAVIGATION,2,
1,210256,MENU_NAVIGATION,2,
1,210290,MENU_NAVIGATION,2,
1,210322,MENU_NAVIGATION,2,
1,210357,MENU_NAVIGATION,2,
1,210389,MENU_NAVIGATION,2,
1,210422,MENU_NAVIGATION,2,
1,210456,MENU_NAVIGATION,2,
1,210489,MENU_NAVIGATION,2,
1,210523,MENU_NAVIGATION,2,
1,210556,MENU_NAVIGATION,2,
1,210589,MENU_NAVIGATION,2,
1,210623,MENU_NAVIGATION,2,
1,210656,MENU_NAVIGATION,2,
1,210690,MENU_NAVIGATION,2,
1,210722,MENU_NAVIGATION,2,
1,210756,MENU_NAVIGATION,2,
1,210789,MENU_NAVIGATION,2,
1,210823,MENU_NAVIGATION,2,
1,210856,MENU_NAVIGATION,2,
1,210888,MENU_NAVIGATION,2,
1,210923,MENU_NAVIGATION,2,
1,210957,MENU_NAVIGATION,2,
1,210989,MENU_NAVIGATION,2,
1,211023,MENU_NAVIGATION,2,
1,211056,MENU_NAVIGATION,2,
1,211088,MENU_NAVIGATION,2,
1,211821,MENU_NAVIGATION,3,
1,211856,MENU_NAVIGATION,3,
1,211890,MENU_NAVIGATION,3,
1,211924,MENU_NAVIGATION,3,
1,211956,MENU_NAVIGATION,3,
1,211990,MENU_NAVIGATION,3,
1,212023,MENU_NAVIGATION,3,
1,212055,MENU_NAVIGATION,3,
1,212089,MENU_NAVIGATION,3,
1,212124,MENU_NAVIGATION,3,
1,212156,MENU_NAVIGATION,3,
1,212189,MENU_NAVIGATION,3,
1,212222,MENU_NAVIGATION,3,
1,212256,MENU_NAVIGATION,3,
1,212291,MENU_NAVIGATION,3,
1,212323,MENU_NAVIGATION,3,
1,212357,MENU_NAVIGATION,3,
1,212390,MENU_NAVIGATION,3,
1,212422,MENU_NAVIGATION,3,
1,212456,MENU_NAVIGATION,3,
1,212489,MENU_NAVIGATION,3,
1,212521,MENU_NAVIGATION,3,
1,212555,MENU_NAVIGATION,3,
1,212588,MENU_NAVIGATION,3,
1,212621,MENU_NAVIGATION,3,
1,212655,MENU_NAVIGATION,3,
1,212689,MENU_NAVIGATION,3,
1,212723,MENU_NAVIGATION,3,
1,212757,MENU_NAVIGATION,3,
1,212789,MENU_NAVIGATION,3,
1,212823,MENU_NAVIGATION,3,
1,212856,MENU_NAVIGATION,3,
1,212890,MENU_NAVIGATION,3,
1,212924,MENU_NAVIGATION,3,
1,212957,MENU_NAVIGATION,3,
1,212990,MENU_NAVIGATION,3,
1,213023,MENU_NAVIGATION,3,
1,213056,MENU_NAVIGATION,3,
1,213089,MENU_NAVIGATION,3,
1,213123,MENU_NAVIGATION,3,
1,213157,MENU_NAVIGATION,3,
1,213189,MENU_NAVIGATION,3,
1,213223,MENU_NAVIGATION,3,
1,213257,MENU_NAVIGATION,3,
1,213290,MENU_NAVIGATION,3,
1,213322,MENU_NAVIGATION,3,
1,213356,MENU_NAVIGATION,3,
1,213390,MENU_NAVIGATION,3,
1,213424,MENU_NAVIGATION,3,
1,213457,MENU_NAVIGATION,3,
1,213490,MENU_NAVIGATION,3,
1,213524,MENU_NAVIGATION,3,
1,213556,MENU_NAVIGATION,3,
1,213591,MENU_NAVIGATION,3,
1,213622,MENU_NAVIGATION,3,
1,213657,MENU_NAVIGATION,3,
1,213690,MENU_NAVIGATION,3,
1,213721,MENU_NAVIGATION,3,
1,213755,MENU_NAVIGATION,3,
1,213788,MENU_NAVIGATION,3,
1,213822,MENU_NAVIGATION,3,
1,213856,MENU_NAVIGATION,3,
1,213889,MENU_NAVIGATION,3,
1,213923,MENU_NAVIGATION,3,
1,213956,MENU_NAVIGATION,3,
1,213991,MENU_NAVIGATION,3,
1,214023,MENU_NAVIGATION,3,
1,214057,MENU_NAVIGATION,3,
1,214090,MENU_NAVIGATION,3,
1,214123,MENU_NAVIGATION,3,
1,214155,MENU_NAVIGATION,3,
1,214188,MENU_NAVIGATION,3,
1,214221,MENU_NAVIGATION,3,
1,214255,MENU_NAVIGATION,3,
1,214289,MENU_NAVIGATION,3,
1,214322,MENU_NAVIGATION,3,
1,214356,MENU_NAVIGATION,3,
1,214390,MENU_NAVIGATION,3,
1,214423,MENU_NAVIGATION,3,
1,214456,MENU_NAVIGATION,3,
1,214490,MENU_NAVIGATION,3,
1,214522,MENU_NAVIGATION,3,
1,214554,MENU_NAVIGATION,3,
1,214589,MENU_NAVIGATION,3,
1,214622,MENU_NAVIGATION,3,
1,214656,MENU_NAVIGATION,3,
1,214689,MENU_NAVIGATION,3,
1,214722,MENU_NAVIGATION,3,
1,214757,MENU_NAVIGATION,3,
1,214789,MENU_NAVIGATION,3,
1,214824,MENU_NAVIGATION,3,
1,214856,MENU_NAVIGATION,3,
1,214889,MENU_NAVIGATION,3,
1,214921,MENU_NAVIGATION,3,
1,214956,MENU_NAVIGATION,3,
1,214989,MENU_NAVIGATION,3,
1,215022,MENU_NAVIGATION,3,
1,215056,MENU_NAVIGATION,3,
1,215089,MENU_NAVIGATION,3,
1,215123,MENU_NAVIGATION,3,
1,215156,MENU_NAVIGATION,3,
1,215188,MENU_NAVIGATION,3,
1,215222,MENU_NAVIGATION,3,
1,215254,MENU_NAVIGATION,3,
1,215289,MENU_NAVIGATION,3,
1,215323,MENU_NAVIGATION,3,
1,215355,MENU_NAVIGATION,3,
1,215389,MENU_NAVIGATION,3,
1,215423,MENU_NAVIGATION,3,
1,215456,MENU_NAVIGATION,3,
1,215489,MENU_NAVIGATION,3,
1,215522,MENU_NAVIGATION,3,
1,215556,MENU_NAVIGATION,3,
1,215590,MENU_NAVIGATION,3,
1,215623,MENU_NAVIGATION,3,
1,216788,MENU_NAVIGATION,4,
1,216821,MENU_NAVIGATION,4,
1,216855,MENU_NAVIGATION,4,
1,216890,MENU_NAVIGATION,4,
1,216923,MENU_NAVIGATION,4,
1,216956,MENU_NAVIGATION,4,
1,216990,MENU_NAVIGATION,4,
1,217022,MENU_NAVIGATION,4,
1,217055,MENU_NAVIGATION,4,
1,217089,MENU_NAVIGATION,4,
1,217123,MENU_NAVIGATION,4,
1,217156,MENU_NAVIGATION,4,
1,217189,MENU_NAVIGATION,4,
1,217224,MENU_NAVIGATION,4,
1,217256,MENU_NAVIGATION,4,
1,217290,MENU_NAVIGATION,4,
1,217323,MENU_NAVIGATION,4,
1,217356,MENU_NAVIGATION,4,
1,217389,MENU_NAVIGATION,4,
1,217425,MENU_NAVIGATION,4,
1,217457,MENU_NAVIGATION,4,
1,217487,MENU_NAVIGATION,4,
1,217523,MENU_NAVIGATION,4,
1,217556,MENU_NAVIGATION,4,
1,217589,MENU_NAVIGATION,4,
1,217623,MENU_NAVIGATION,4,
1,217656,MENU_NAVIGATION,4,
1,217690,MENU_NAVIGATION,4,
1,217723,MENU_NAVIGATION,4,
1,217757,MENU_NAVIGATION,4,
1,217791,MENU_NAVIGATION,4,
1,217823,MENU_NAVIGATION,4,
1,217856,MENU_NAVIGATION,4,
1,217890,MENU_NAVIGATION,4,
1,217923,MENU_NAVIGATION,4,
1,217956,MENU_NAVIGATION,4,
1,217990,MENU_NAVIGATION,4,
1,218023,MENU_NAVIGATION,4,
1,218057,MENU_NAVIGATION,4,
1,218089,MENU_NAVIGATION,4,
1,218122,MENU_NAVIGATION,4,
1,218156,MENU_NAVIGATION,4,
1,218189,MENU_NAVIGATION,4,
1,218223,MENU_NAVIGATION,4,
1,218257,MENU_NAVIGATION,4,
1,218292,MENU_NAVIGATION,4,
1,218323,MENU_NAVIGATION,4,
1,218356,MENU_NAVIGATION,4,
1,218389,MENU_NAVIGATION,4,
1,218423,MENU_NAVIGATION,4,
1,218456,MENU_NAVIGATION,4,
1,218490,MENU_NAVIGATION,4,
1,218523,MENU_NAVIGATION,4,
1,218557,MENU_NAVIGATION,4,
1,218591,MENU_NAVIGATION,4,
1,218623,MENU_NAVIGATION,4,
1,218655,MENU_NAVIGATION,4,
1,218690,MENU_NAVIGATION,4,
1,218723,MENU_NAVIGATION,4,
1,218756,MENU_NAVIGATION,4,
1,218790,MENU_NAVIGATION,4,
1,218825,MENU_NAVIGATION,4,
1,218856,MENU_NAVIGATION,4,
1,218890,MENU_NAVIGATION,4,
1,218924,MENU_NAVIGATION,4,
1,218958,MENU_NAVIGATION,4,
1,218990,MENU_NAVIGATION,4,
1,219022,MENU_NAVIGATION,4,
1,219055,MENU_NAVIGATION,4,
1,219089,MENU_NAVIGATION,4,
1,219123,MENU_NAVIGATION,4,
1,219157,MENU_NAVIGATION,4,
1,219190,MENU_NAVIGATION,4,
1,219225,MENU_NAVIGATION,4,
1,219257,MENU_NAVIGATION,4,
1,219289,MENU_NAVIGATION,4,
1,219323,MENU_NAVIGATION,4,
1,219356,MENU_NAVIGATION,4,
1,219389,MENU_NAVIGATION,4,
1,219424,MENU_NAVIGATION,4,
1,219457,MENU_NAVIGATION,4,
1,219491,MENU_NAVIGATION,4,
1,219523,MENU_NAVIGATION,4,
1,219555,MENU_NAVIGATION,4,
1,219589,MENU_NAVIGATION,4,
1,219622,MENU_NAVIGATION,4,
1,219656,MENU_NAVIGATION,4,
1,219690,MENU_NAVIGATION,4,
1,219723,MENU_NAVIGATION,4,
1,219757,MENU_NAVIGATION,4,
1,219790,MENU_NAVIGATION,4,
1,219823,MENU_NAVIGATION,4,
1,219856,MENU_NAVIGATION,4,
1,219890,MENU_NAVIGATION,4,
1,219923,MENU_NAVIGATION,4,
1,219957,MENU_NAVIGATION,4,
1,219991,MENU_NAVIGATION,4,
1,220023,MENU_NAVIGATION,4,
1,220056,MENU_NAVIGATION,4,
1,220089,MENU_NAVIGATION,4,
1,220122,MENU_NAVIGATION,4,
1,220156,MENU_NAVIGATION,4,
1,220190,MENU_NAVIGATION,4,
1,220223,MENU_NAVIGATION,4,
1,220257,MENU_NAVIGATION,4,
2,6979,BA_LEFT_CLICK,0,LEFT_PRESS
2,6997,BA_LEFT_CLICK,0,LEFT_PRESS
2,7050,BA_LEFT_CLICK,0,LEFT_PRESS
2,7068,BA_LEFT_CLICK,0,LEFT_PRESS
2,7110,BA_LEFT_CLICK,0,LEFT_PRESS
2,7141,BA_LEFT_CLICK,0,LEFT_PRESS
2,7184,BA_LEFT_CLICK,0,LEFT_PRESS
2,7213,BA_LEFT_CLICK,0,LEFT_PRESS
2,7236,BA_LEFT_CLICK,0,LEFT_PRESS
2,7278,BA_LEFT_CLICK,0,LEFT_PRESS
2,7314,BA_LEFT_CLICK,0,LEFT_PRESS
2,7343,BA_LEFT_CLICK,0,LEFT_PRESS
2,7382,BA_LEFT_CLICK,0,LEFT_PRESS
2,7410,BA_LEFT_CLICK,0,LEFT_PRESS
2,7450,BA_LEFT_CLICK,0,LEFT_PRESS
2,7479,BA_LEFT_CLICK,0,LEFT_PRESS
2,7516,BA_LEFT_CLICK,0,LEFT_PRESS
2,7544,BA_LEFT_CLICK,0,LEFT_PRESS
2,7569,BA_LEFT_CLICK,0,LEFT_PRESS
2,7611,BA_LEFT_CLICK,0,NONE
2,7647,BA_LEFT_CLICK,0,NONE
2,7675,BA_LEFT_CLICK,0,NONE
2,7716,BA_LEFT_CLICK,0,NONE
2,7744,BA_LEFT_CLICK,0,NONE
2,7783,BA_LEFT_CLICK,0,NONE
2,7811,BA_LEFT_CLICK,0,NONE
2,7836,BA_LEFT_CLICK,0,NONE
2,7879,BA_LEFT_CLICK,0,NONE
2,7914,BA_LEFT_CLICK,0,NONE
2,7943,BA_LEFT_CLICK,0,NONE
2,7982,BA_LEFT_CLICK,0,NONE
2,8010,BA_LEFT_CLICK,0,NONE
2,8049,BA_LEFT_CLICK,0,NONE
2,8078,BA_LEFT_CLICK,0,LEFT_PRESS
2,8094,BA_LEFT_CLICK,0,LEFT_PRESS
2,8146,BA_LEFT_CLICK,0,LEFT_PRESS
2,8163,BA_LEFT_CLICK,0,LEFT_PRESS
2,8214,BA_LEFT_CLICK,0,LEFT_PRESS
2,8230,BA_LEFT_CLICK,0,LEFT_PRESS
2,8279,BA_LEFT_CLICK,0,LEFT_PRESS
2,8297,BA_LEFT_CLICK,0,LEFT_PRESS
2,8347,BA_LEFT_CLICK,0,LEFT_PRESS
2,8366,BA_LEFT_CLICK,0,LEFT_PRESS
2,8411,BA_LEFT_CLICK,0,LEFT_PRESS
2,8428,BA_LEFT_CLICK,0,LEFT_PRESS
2,8480,BA_LEFT_CLICK,0,LEFT_RELEASE
2,8497,BA_LEFT_CLICK,0,LEFT_RELEASE
2,8546,BA_LEFT_CLICK,0,LEFT_RELEASE
2,8564,BA_LEFT_CLICK,0,LEFT_RELEASE
2,8612,BA_LEFT_CLICK,0,LEFT_RELEASE
2,8630,BA_LEFT_CLICK,0,LEFT_RELEASE
2,8680,BA_LEFT_CLICK,0,LEFT_RELEASE
2,8696,BA_LEFT_CLICK,0,LEFT_RELEASE
2,8747,BA_LEFT_CLICK,0,LEFT_RELEASE
2,8763,BA_LEFT_CLICK,0,LEFT_RELEASE
2,8811,BA_LEFT_CLICK,0,NONE
2,8831,BA_LEFT_CLICK,0,NONE
2,8880,BA_LEFT_CLICK,0,NONE
2,8897,BA_LEFT_CLICK,0,NONE
2,8946,BA_LEFT_CLICK,0,NONE
2,8963,BA_LEFT_CLICK,0,NONE
2,9013,BA_LEFT_CLICK,0,NONE
2,9043,BA_LEFT_CLICK,0,NONE
2,9083,BA_LEFT_CLICK,0,NONE
2,9111,BA_LEFT_CLICK,0,NONE
2,9135,BA_LEFT_CLICK,0,NONE
2,10312,BA_LEFT_CLICK,1,LEFT_PRESS
2,10328,BA_LEFT_CLICK,1,LEFT_PRESS
2,10380,BA_LEFT_CLICK,1,LEFT_PRESS
2,10396,BA_LEFT_CLICK,1,LEFT_PRESS
2,10447,BA_LEFT_CLICK,1,LEFT_PRESS
2,10463,BA_LEFT_CLICK,1,LEFT_PRESS
2,10512,BA_LEFT_CLICK,1,LEFT_PRESS
2,10529,BA_LEFT_CLICK,1,LEFT_PRESS
2,10579,BA_LEFT_CLICK,1,LEFT_PRESS
2,10597,BA_LEFT_CLICK,1,LEFT_PRESS
2,10647,BA_LEFT_CLICK,1,LEFT_PRESS
2,10664,BA_LEFT_CLICK,1,LEFT_PRESS
2,10712,BA_LEFT_CLICK,1,LEFT_PRESS
2,10731,BA_LEFT_CLICK,1,LEFT_PRESS
2,10780,BA_LEFT_CLICK,1,LEFT_PRESS
2,10799,BA_LEFT_CLICK,1,LEFT_PRESS
2,10846,BA_LEFT_CLICK,1,LEFT_PRESS
2,10864,BA_LEFT_CLICK,1,LEFT_PRESS
2,10912,BA_LEFT_CLICK,1,LEFT_PRESS
2,10942,BA_LEFT_CLICK,1,LEFT_PRESS
2,10983,BA_LEFT_CLICK,1,LEFT_PRESS
2,11012,BA_LEFT_CLICK,1,LEFT_PRESS
2,11036,BA_LEFT_CLICK,1,LEFT_PRESS
2,11079,BA_LEFT_CLICK,1,LEFT_PRESS
2,11114,BA_LEFT_CLICK,1,LEFT_PRESS
2,11143,BA_LEFT_CLICK,1,LEFT_PRESS
2,11183,BA_LEFT_CLICK,1,LEFT_PRESS
2,11211,BA_LEFT_CLICK,1,LEFT_PRESS
2,11250,BA_LEFT_CLICK,1,LEFT_PRESS
2,11278,BA_LEFT_CLICK,1,LEFT_PRESS
2,11315,BA_LEFT_CLICK,1,LEFT_PRESS
2,11344,BA_LEFT_CLICK,1,LEFT_PRESS
2,11382,BA_LEFT_CLICK,1,LEFT_PRESS
2,11410,BA_LEFT_CLICK,1,LEFT_PRESS
2,11449,BA_LEFT_CLICK,1,LEFT_PRESS
2,11477,BA_LEFT_CLICK,1,LEFT_PRESS
2,11502,BA_LEFT_CLICK,1,LEFT_PRESS
2,11546,BA_LEFT_CLICK,1,LEFT_PRESS
2,11580,BA_LEFT_CLICK,1,LEFT_PRESS
2,11609,BA_LEFT_CLICK,1,LEFT_PRESS
2,11650,BA_LEFT_CLICK,1,LEFT_PRESS
2,11678,BA_LEFT_CLICK,1,LEFT_PRESS
2,11716,BA_LEFT_CLICK,1,LEFT_PRESS
2,11744,BA_LEFT_CLICK,1,LEFT_RELEASE
2,11782,BA_LEFT_CLICK,1,LEFT_RELEASE
2,11811,BA_LEFT_CLICK,1,LEFT_RELEASE
2,11850,BA_LEFT_CLICK,1,LEFT_RELEASE
2,11878,BA_LEFT_CLICK,1,NONE
2,11893,BA_LEFT_CLICK,1,NONE
2,11947,BA_LEFT_CLICK,1,NONE
2,11965,BA_LEFT_CLICK,1,LEFT_PRESS
2,12012,BA_LEFT_CLICK,1,LEFT_PRESS
2,12030,BA_LEFT_CLICK,1,LEFT_PRESS
2,12079,BA_LEFT_CLICK,1,LEFT_PRESS
2,12097,BA_LEFT_CLICK,1,LEFT_PRESS
2,12145,BA_LEFT_CLICK,1,LEFT_PRESS
2,12164,BA_LEFT_CLICK,1,LEFT_PRESS
2,12214,BA_LEFT_CLICK,1,LEFT_PRESS
2,12232,BA_LEFT_CLICK,1,LEFT_PRESS
2,12278,BA_LEFT_CLICK,1,LEFT_PRESS
2,12298,BA_LEFT_CLICK,1,LEFT_PRESS
2,12345,BA_LEFT_CLICK,1,LEFT_PRESS
2,12364,BA_LEFT_CLICK,1,LEFT_RELEASE
2,12412,BA_LEFT_CLICK,1,LEFT_RELEASE
2,12431,BA_LEFT_CLICK,1,LEFT_RELEASE
2,12478,BA_LEFT_CLICK,1,LEFT_RELEASE
2,12496,BA_LEFT_CLICK,1,LEFT_RELEASE
2,12546,BA_LEFT_CLICK,1,LEFT_RELEASE
2,12563,BA_LEFT_CLICK,1,LEFT_RELEASE
2,12611,BA_LEFT_CLICK,1,LEFT_RELEASE
2,12630,BA_LEFT_CLICK,1,LEFT_RELEASE
2,12679,BA_LEFT_CLICK,1,LEFT_RELEASE
2,12696,BA_LEFT_CLICK,1,LEFT_RELEASE
2,12745,BA_LEFT_CLICK,1,LEFT_RELEASE
2,12761,BA_LEFT_CLICK,1,LEFT_RELEASE
2,12814,BA_LEFT_CLICK,1,NONE
2,12844,BA_LEFT_CLICK,1,NONE
2,12883,BA_LEFT_CLICK,1,NONE
2,12911,BA_LEFT_CLICK,1,NONE
2,12950,BA_LEFT_CLICK,1,NONE
2,12978,BA_LEFT_CLICK,1,NONE
2,13003,BA_LEFT_CLICK,1,NONE
2,14243,BA_LEFT_CLICK,2,NONE
2,14261,BA_LEFT_CLICK,2,NONE
2,14313,BA_LEFT_CLICK,2,NONE
2,14330,BA_LEFT_CLICK,2,NONE
2,14379,BA_LEFT_CLICK,2,NONE
2,14398,BA_LEFT_CLICK,2,NONE
2,14445,BA_LEFT_CLICK,2,NONE
2,14463,BA_LEFT_CLICK,2,NONE
2,14513,BA_LEFT_CLICK,2,NONE
2,14530,BA_LEFT_CLICK,2,NONE
2,14580,BA_LEFT_CLICK,2,NONE
2,14601,BA_LEFT_CLICK,2,LEFT_PRESS
2,14645,BA_LEFT_CLICK,2,LEFT_PRESS
2,14663,BA_LEFT_CLICK,2,LEFT_PRESS
2,14712,BA_LEFT_CLICK,2,LEFT_PRESS
2,14742,BA_LEFT_CLICK,2,LEFT_PRESS
2,14783,BA_LEFT_CLICK,2,LEFT_PRESS
2,14811,BA_LEFT_CLICK,2,LEFT_PRESS
2,14848,BA_LEFT_CLICK,2,LEFT_PRESS
2,14877,BA_LEFT_CLICK,2,LEFT_PRESS
2,14916,BA_LEFT_CLICK,2,LEFT_PRESS
2,14945,BA_LEFT_CLICK,2,LEFT_PRESS
2,14982,BA_LEFT_CLICK,2,LEFT_PRESS
2,15011,BA_LEFT_CLICK,2,LEFT_PRESS
2,15049,BA_LEFT_CLICK,2,LEFT_PRESS
2,15077,BA_LEFT_CLICK,2,LEFT_PRESS
2,15116,BA_LEFT_CLICK,2,LEFT_PRESS
2,15144,BA_LEFT_CLICK,2,LEFT_PRESS
2,15182,BA_LEFT_CLICK,2,LEFT_PRESS
2,15210,BA_LEFT_CLICK,2,LEFT_PRESS
2,15249,BA_LEFT_CLICK,2,LEFT_PRESS
2,15277,BA_LEFT_CLICK,2,LEFT_PRESS
2,15316,BA_LEFT_CLICK,2,LEFT_PRESS
2,15344,BA_LEFT_CLICK,2,LEFT_PRESS
2,15380,BA_LEFT_CLICK,2,LEFT_PRESS
2,15408,BA_LEFT_CLICK,2,LEFT_PRESS
2,15449,BA_LEFT_CLICK,2,LEFT_PRESS
2,15477,BA_LEFT_CLICK,2,LEFT_PRESS
2,15515,BA_LEFT_CLICK,2,LEFT_PRESS
2,15543,BA_LEFT_CLICK,2,LEFT_PRESS
2,15582,BA_LEFT_CLICK,2,LEFT_PRESS
2,15610,BA_LEFT_CLICK,2,LEFT_PRESS
2,15649,BA_LEFT_CLICK,2,LEFT_PRESS
2,15677,BA_LEFT_CLICK,2,LEFT_PRESS
2,15693,BA_LEFT_CLICK,2,LEFT_PRESS
2,15746,BA_LEFT_CLICK,2,LEFT_PRESS
2,15764,BA_LEFT_CLICK,2,LEFT_PRESS
2,15811,BA_LEFT_CLICK,2,LEFT_PRESS
2,15831,BA_LEFT_CLICK,2,LEFT_PRESS
2,15879,BA_LEFT_CLICK,2,LEFT_PRESS
2,15898,BA_LEFT_CLICK,2,LEFT_PRESS
2,15945,BA_LEFT_CLICK,2,LEFT_PRESS
2,15965,BA_LEFT_CLICK,2,LEFT_PRESS
2,16012,BA_LEFT_CLICK,2,LEFT_PRESS
2,16030,BA_LEFT_CLICK,2,LEFT_PRESS
2,16080,BA_LEFT_CLICK,2,LEFT_PRESS
2,16099,BA_LEFT_CLICK,2,LEFT_PRESS
2,16146,BA_LEFT_CLICK,2,LEFT_PRESS
2,16163,BA_LEFT_CLICK,2,LEFT_PRESS
2,16213,BA_LEFT_CLICK,2,LEFT_PRESS
2,16231,BA_LEFT_CLICK,2,LEFT_PRESS
2,16279,BA_LEFT_CLICK,2,LEFT_PRESS
2,16296,BA_LEFT_CLICK,2,LEFT_PRESS
2,16347,BA_LEFT_CLICK,2,LEFT_RELEASE
2,16366,BA_LEFT_CLICK,2,LEFT_RELEASE
2,16412,BA_LEFT_CLICK,2,LEFT_RELEASE
2,16430,BA_LEFT_CLICK,2,LEFT_RELEASE
2,16478,BA_LEFT_CLICK,2,LEFT_RELEASE
2,16497,BA_LEFT_CLICK,2,LEFT_RELEASE
2,16545,BA_LEFT_CLICK,2,LEFT_RELEASE
2,16563,BA_LEFT_CLICK,2,LEFT_RELEASE
2,16613,BA_LEFT_CLICK,2,LEFT_RELEASE
2,16642,BA_LEFT_CLICK,2,LEFT_PRESS
2,16682,BA_LEFT_CLICK,2,LEFT_PRESS
2,16711,BA_LEFT_CLICK,2,LEFT_PRESS
2,16750,BA_LEFT_CLICK,2,LEFT_PRESS
2,16779,BA_LEFT_CLICK,2,LEFT_PRESS
2,16816,BA_LEFT_CLICK,2,LEFT_PRESS
2,16845,BA_LEFT_CLICK,2,LEFT_PRESS
2,16883,BA_LEFT_CLICK,2,LEFT_PRESS
2,18311,BA_LEFT_CLICK,3,NONE
2,18327,BA_LEFT_CLICK,3,NONE
2,18383,BA_LEFT_CLICK,3,NONE
2,18400,BA_LEFT_CLICK,3,NONE
2,18444,BA_LEFT_CLICK,3,NONE
2,18463,BA_LEFT_CLICK,3,NONE
2,18514,BA_LEFT_CLICK,3,NONE
2,18544,BA_LEFT_CLICK,3,NONE
2,18583,BA_LEFT_CLICK,3,NONE
2,18612,BA_LEFT_CLICK,3,NONE
2,18650,BA_LEFT_CLICK,3,NONE
2,18678,BA_LEFT_CLICK,3,NONE
2,18717,BA_LEFT_CLICK,3,NONE
2,18745,BA_LEFT_CLICK,3,NONE
2,18782,BA_LEFT_CLICK,3,NONE
2,18811,BA_LEFT_CLICK,3,NONE
2,18850,BA_LEFT_CLICK,3,NONE
2,18878,BA_LEFT_CLICK,3,LEFT_PRESS
2,18917,BA_LEFT_CLICK,3,LEFT_PRESS
2,18945,BA_LEFT_CLICK,3,LEFT_PRESS
2,18983,BA_LEFT_CLICK,3,LEFT_PRESS
2,19012,BA_LEFT_CLICK,3,LEFT_PRESS
2,19049,BA_LEFT_CLICK,3,LEFT_PRESS
2,19078,BA_LEFT_CLICK,3,LEFT_PRESS
2,19115,BA_LEFT_CLICK,3,LEFT_PRESS
2,19144,BA_LEFT_CLICK,3,LEFT_PRESS
2,19183,BA_LEFT_CLICK,3,LEFT_PRESS
2,19211,BA_LEFT_CLICK,3,LEFT_PRESS
2,19250,BA_LEFT_CLICK,3,LEFT_PRESS
2,19279,BA_LEFT_CLICK,3,LEFT_PRESS
2,19314,BA_LEFT_CLICK,3,LEFT_PRESS
2,19342,BA_LEFT_CLICK,3,LEFT_PRESS
2,19384,BA_LEFT_CLICK,3,LEFT_PRESS
2,19412,BA_LEFT_CLICK,3,LEFT_PRESS
2,19450,BA_LEFT_CLICK,3,LEFT_PRESS
2,19479,BA_LEFT_CLICK,3,LEFT_PRESS
2,19495,BA_LEFT_CLICK,3,LEFT_PRESS
2,19547,BA_LEFT_CLICK,3,LEFT_PRESS
2,19565,BA_LEFT_CLICK,3,LEFT_PRESS
2,19612,BA_LEFT_CLICK,3,LEFT_PRESS
2,19631,BA_LEFT_CLICK,3,LEFT_PRESS
2,19680,BA_LEFT_CLICK,3,LEFT_PRESS
2,19697,BA_LEFT_CLICK,3,LEFT_PRESS
2,19747,BA_LEFT_CLICK,3,LEFT_PRESS
2,19765,BA_LEFT_CLICK,3,LEFT_PRESS
2,19813,BA_LEFT_CLICK,3,LEFT_PRESS
2,19830,BA_LEFT_CLICK,3,LEFT_PRESS
2,19880,BA_LEFT_CLICK,3,LEFT_PRESS
2,19899,BA_LEFT_CLICK,3,LEFT_PRESS
2,19947,BA_LEFT_CLICK,3,LEFT_PRESS
2,19966,BA_LEFT_CLICK,3,LEFT_PRESS
2,20014,BA_LEFT_CLICK,3,LEFT_PRESS
2,20032,BA_LEFT_CLICK,3,LEFT_PRESS
2,20080,BA_LEFT_CLICK,3,LEFT_PRESS
2,20099,BA_LEFT_CLICK,3,LEFT_PRESS
2,20146,BA_LEFT_CLICK,3,LEFT_PRESS
2,20165,BA_LEFT_CLICK,3,LEFT_PRESS
2,20214,BA_LEFT_CLICK,3,LEFT_RELEASE
2,20232,BA_LEFT_CLICK,3,LEFT_RELEASE
2,20280,BA_LEFT_CLICK,3,LEFT_RELEASE
2,20299,BA_LEFT_CLICK,3,LEFT_RELEASE
2,20346,BA_LEFT_CLICK,3,LEFT_RELEASE
2,20365,BA_LEFT_CLICK,3,LEFT_RELEASE
2,20414,BA_LEFT_CLICK,3,LEFT_RELEASE
2,20443,BA_LEFT_CLICK,3,LEFT_RELEASE
2,20483,BA_LEFT_CLICK,3,LEFT_PRESS
2,20511,BA_LEFT_CLICK,3,LEFT_PRESS
2,20549,BA_LEFT_CLICK,3,LEFT_PRESS
2,20578,BA_LEFT_CLICK,3,LEFT_PRESS
2,20616,BA_LEFT_CLICK,3,LEFT_PRESS
2,20645,BA_LEFT_CLICK,3,LEFT_PRESS
2,20682,BA_LEFT_CLICK,3,LEFT_PRESS
2,20711,BA_LEFT_CLICK,3,LEFT_PRESS
2,20750,BA_LEFT_CLICK,3,LEFT_PRESS
2,20779,BA_LEFT_CLICK,3,LEFT_PRESS
2,20816,BA_LEFT_CLICK,3,LEFT_PRESS
2,20846,BA_LEFT_CLICK,3,LEFT_PRESS
2,22313,BA_LEFT_CLICK,4,NONE
2,22343,BA_LEFT_CLICK,4,NONE
2,22383,BA_LEFT_CLICK,4,NONE
2,22412,BA_LEFT_CLICK,4,NONE
2,22449,BA_LEFT_CLICK,4,NONE
2,22477,BA_LEFT_CLICK,4,NONE
2,22516,BA_LEFT_CLICK,4,NONE
2,22544,BA_LEFT_CLICK,4,NONE
2,22580,BA_LEFT_CLICK,4,NONE
2,22609,BA_LEFT_CLICK,4,NONE
2,22650,BA_LEFT_CLICK,4,NONE
2,22680,BA_LEFT_CLICK,4,NONE
2,22716,BA_LEFT_CLICK,4,NONE
2,22745,BA_LEFT_CLICK,4,NONE
2,22783,BA_LEFT_CLICK,4,NONE
2,22811,BA_LEFT_CLICK,4,NONE
2,22849,BA_LEFT_CLICK,4,NONE
2,22878,BA_LEFT_CLICK,4,NONE
2,22916,BA_LEFT_CLICK,4,LEFT_PRESS
2,22944,BA_LEFT_CLICK,4,LEFT_PRESS
2,22983,BA_LEFT_CLICK,4,LEFT_PRESS
2,23012,BA_LEFT_CLICK,4,LEFT_PRESS
2,23049,BA_LEFT_CLICK,4,LEFT_PRESS
2,23078,BA_LEFT_CLICK,4,LEFT_PRESS
2,23117,BA_LEFT_CLICK,4,LEFT_PRESS
2,23144,BA_LEFT_CLICK,4,LEFT_PRESS
2,23183,BA_LEFT_CLICK,4,LEFT_PRESS
2,23212,BA_LEFT_CLICK,4,LEFT_PRESS
2,23250,BA_LEFT_CLICK,4,LEFT_PRESS
2,23278,BA_LEFT_CLICK,4,LEFT_PRESS
2,23294,BA_LEFT_CLICK,4,LEFT_PRESS
2,23349,BA_LEFT_CLICK,4,LEFT_PRESS
2,23367,BA_LEFT_CLICK,4,LEFT_PRESS
2,23413,BA_LEFT_CLICK,4,LEFT_PRESS
2,23433,BA_LEFT_CLICK,4,LEFT_PRESS
2,23479,BA_LEFT_CLICK,4,LEFT_PRESS
2,23498,BA_LEFT_CLICK,4,LEFT_PRESS
2,23547,BA_LEFT_CLICK,4,LEFT_PRESS
2,23566,BA_LEFT_CLICK,4,LEFT_PRESS
2,23614,BA_LEFT_CLICK,4,LEFT_PRESS
2,23632,BA_LEFT_CLICK,4,LEFT_PRESS
2,23681,BA_LEFT_CLICK,4,LEFT_PRESS
2,23699,BA_LEFT_CLICK,4,LEFT_PRESS
2,23747,BA_LEFT_CLICK,4,LEFT_PRESS
2,23765,BA_LEFT_CLICK,4,LEFT_PRESS
2,23814,BA_LEFT_CLICK,4,LEFT_PRESS
2,23831,BA_LEFT_CLICK,4,LEFT_PRESS
2,23880,BA_LEFT_CLICK,4,LEFT_PRESS
2,23897,BA_LEFT_CLICK,4,LEFT_PRESS
2,23948,BA_LEFT_CLICK,4,LEFT_PRESS
2,23966,BA_LEFT_CLICK,4,LEFT_PRESS
2,24014,BA_LEFT_CLICK,4,LEFT_PRESS
2,24031,BA_LEFT_CLICK,4,LEFT_PRESS
2,24080,BA_LEFT_CLICK,4,LEFT_PRESS
2,24098,BA_LEFT_CLICK,4,LEFT_PRESS
2,24148,BA_LEFT_CLICK,4,LEFT_PRESS
2,24165,BA_LEFT_CLICK,4,LEFT_PRESS
2,24214,BA_LEFT_CLICK,4,LEFT_RELEASE
2,24243,BA_LEFT_CLICK,4,LEFT_RELEASE
2,24282,BA_LEFT_CLICK,4,LEFT_RELEASE
2,24311,BA_LEFT_CLICK,4,LEFT_RELEASE
2,24349,BA_LEFT_CLICK,4,LEFT_RELEASE
2,24378,BA_LEFT_CLICK,4,LEFT_RELEASE
2,24415,BA_LEFT_CLICK,4,LEFT_RELEASE
2,24444,BA_LEFT_CLICK,4,LEFT_RELEASE
2,24483,BA_LEFT_CLICK,4,LEFT_RELEASE
2,24513,BA_LEFT_CLICK,4,LEFT_RELEASE
2,24549,BA_LEFT_CLICK,4,LEFT_PRESS
2,24578,BA_LEFT_CLICK,4,LEFT_PRESS
2,24616,BA_LEFT_CLICK,4,LEFT_PRESS
2,24645,BA_LEFT_CLICK,4,LEFT_PRESS
2,24682,BA_LEFT_CLICK,4,LEFT_PRESS
2,24711,BA_LEFT_CLICK,4,LEFT_PRESS
2,24749,BA_LEFT_CLICK,4,LEFT_PRESS
2,24778,BA_LEFT_CLICK,4,LEFT_PRESS
2,24816,BA_LEFT_CLICK,4,LEFT_PRESS
2,24845,BA_LEFT_CLICK,4,LEFT_PRESS
2,24882,BA_LEFT_CLICK,4,LEFT_PRESS
2,24912,BA_LEFT_CLICK,4,LEFT_PRESS
2,24950,BA_LEFT_CLICK,4,LEFT_PRESS
2,24979,BA_LEFT_CLICK,4,LEFT_PRESS
2,25017,BA_LEFT_CLICK,4,LEFT_PRESS
2,25046,BA_LEFT_CLICK,4,LEFT_PRESS
2,25083,BA_LEFT_CLICK,4,LEFT_PRESS
2,25112,BA_LEFT_CLICK,4,LEFT_PRESS
2,25149,BA_LEFT_CLICK,4,LEFT_PRESS
2,25178,BA_LEFT_CLICK,4,LEFT_PRESS
2,26183,BA_LEFT_CLICK,5,LEFT_RELEASE
2,26211,BA_LEFT_CLICK,5,LEFT_RELEASE
2,26249,BA_LEFT_CLICK,5,LEFT_RELEASE
2,26278,BA_LEFT_CLICK,5,NONE
2,26315,BA_LEFT_CLICK,5,NONE
2,26345,BA_LEFT_CLICK,5,NONE
2,26383,BA_LEFT_CLICK,5,NONE
2,26411,BA_LEFT_CLICK,5,NONE
2,26449,BA_LEFT_CLICK,5,NONE
2,26477,BA_LEFT_CLICK,5,NONE
2,26515,BA_LEFT_CLICK,5,NONE
2,26543,BA_LEFT_CLICK,5,NONE
2,26583,BA_LEFT_CLICK,5,NONE
2,26611,BA_LEFT_CLICK,5,NONE
2,26649,BA_LEFT_CLICK,5,NONE
2,26677,BA_LEFT_CLICK,5,NONE
2,26716,BA_LEFT_CLICK,5,NONE
2,26744,BA_LEFT_CLICK,5,NONE
2,26782,BA_LEFT_CLICK,5,NONE
2,26810,BA_LEFT_CLICK,5,NONE
2,26849,BA_LEFT_CLICK,5,NONE
2,26877,BA_LEFT_CLICK,5,NONE
2,26916,BA_LEFT_CLICK,5,LEFT_PRESS
2,26944,BA_LEFT_CLICK,5,LEFT_PRESS
2,26982,BA_LEFT_CLICK,5,LEFT_PRESS
2,27010,BA_LEFT_CLICK,5,LEFT_PRESS
2,27048,BA_LEFT_CLICK,5,LEFT_PRESS
2,27077,BA_LEFT_CLICK,5,LEFT_PRESS
2,27094,BA_LEFT_CLICK,5,LEFT_PRESS
2,27145,BA_LEFT_CLICK,5,LEFT_PRESS
2,27162,BA_LEFT_CLICK,5,LEFT_PRESS
2,27213,BA_LEFT_CLICK,5,LEFT_PRESS
2,27231,BA_LEFT_CLICK,5,LEFT_PRESS
2,27280,BA_LEFT_CLICK,5,LEFT_PRESS
2,27299,BA_LEFT_CLICK,5,LEFT_PRESS
2,27346,BA_LEFT_CLICK,5,LEFT_PRESS
2,27364,BA_LEFT_CLICK,5,LEFT_PRESS
2,27413,BA_LEFT_CLICK,5,LEFT_PRESS
2,27433,BA_LEFT_CLICK,5,LEFT_PRESS
2,27479,BA_LEFT_CLICK,5,LEFT_PRESS
2,27498,BA_LEFT_CLICK,5,LEFT_PRESS
2,27547,BA_LEFT_CLICK,5,LEFT_PRESS
2,27566,BA_LEFT_CLICK,5,LEFT_PRESS
2,27610,BA_LEFT_CLICK,5,LEFT_PRESS
2,27632,BA_LEFT_CLICK,5,LEFT_PRESS
2,27680,BA_LEFT_CLICK,5,LEFT_PRESS
2,27699,BA_LEFT_CLICK,5,LEFT_PRESS
2,27745,BA_LEFT_CLICK,5,LEFT_PRESS
2,27764,BA_LEFT_CLICK,5,LEFT_PRESS
2,27812,BA_LEFT_CLICK,5,LEFT_PRESS
2,27829,BA_LEFT_CLICK,5,LEFT_PRESS
2,27880,BA_LEFT_CLICK,5,LEFT_PRESS
2,27898,BA_LEFT_CLICK,5,LEFT_PRESS
2,27947,BA_LEFT_CLICK,5,LEFT_PRESS
2,27966,BA_LEFT_CLICK,5,LEFT_PRESS
2,28013,BA_LEFT_CLICK,5,LEFT_PRESS
2,28043,BA_LEFT_CLICK,5,LEFT_PRESS
2,28082,BA_LEFT_CLICK,5,LEFT_PRESS
2,28110,BA_LEFT_CLICK,5,LEFT_PRESS
2,28149,BA_LEFT_CLICK,5,LEFT_PRESS
2,28177,BA_LEFT_CLICK,5,LEFT_PRESS
2,28216,BA_LEFT_CLICK,5,LEFT_PRESS
2,28245,BA_LEFT_CLICK,5,LEFT_PRESS
2,28283,BA_LEFT_CLICK,5,LEFT_PRESS
2,28312,BA_LEFT_CLICK,5,LEFT_PRESS
2,28349,BA_LEFT_CLICK,5,LEFT_PRESS
2,28377,BA_LEFT_CLICK,5,LEFT_RELEASE
2,28416,BA_LEFT_CLICK,5,LEFT_RELEASE
2,28445,BA_LEFT_CLICK,5,LEFT_RELEASE
2,28482,BA_LEFT_CLICK,5,LEFT_RELEASE
2,28511,BA_LEFT_CLICK,5,LEFT_RELEASE
2,28549,BA_LEFT_CLICK,5,LEFT_RELEASE
2,28578,BA_LEFT_CLICK,5,NONE
2,28615,BA_LEFT_CLICK,5,NONE
2,28644,BA_LEFT_CLICK,5,NONE
2,28682,BA_LEFT_CLICK,5,NONE
2,28711,BA_LEFT_CLICK,5,NONE
2,28749,BA_LEFT_CLICK,5,NONE
2,28778,BA_LEFT_CLICK,5,NONE
2,28815,BA_LEFT_CLICK,5,NONE
2,28845,BA_LEFT_CLICK,5,NONE
2,28883,BA_LEFT_CLICK,5,NONE
2,28912,BA_LEFT_CLICK,5,NONE
2,28949,BA_LEFT_CLICK,5,NONE
2,28979,BA_LEFT_CLICK,5,NONE
2,28995,BA_LEFT_CLICK,5,NONE
2,30477,BA_LEFT_CLICK,6,LEFT_PRESS
2,30516,BA_LEFT_CLICK,6,LEFT_PRESS
2,30544,BA_LEFT_CLICK,6,LEFT_PRESS
2,30583,BA_LEFT_CLICK,6,LEFT_PRESS
2,30611,BA_LEFT_CLICK,6,LEFT_PRESS
2,30649,BA_LEFT_CLICK,6,LEFT_PRESS
2,30677,BA_LEFT_CLICK,6,LEFT_PRESS
2,30715,BA_LEFT_CLICK,6,LEFT_PRESS
2,30744,BA_LEFT_CLICK,6,LEFT_PRESS
2,30783,BA_LEFT_CLICK,6,LEFT_PRESS
2,30812,BA_LEFT_CLICK,6,LEFT_PRESS
2,30849,BA_LEFT_CLICK,6,LEFT_PRESS
2,30878,BA_LEFT_CLICK,6,LEFT_PRESS
2,30893,BA_LEFT_CLICK,6,LEFT_PRESS
2,30947,BA_LEFT_CLICK,6,LEFT_PRESS
2,30965,BA_LEFT_CLICK,6,LEFT_PRESS
2,31014,BA_LEFT_CLICK,6,LEFT_PRESS
2,31033,BA_LEFT_CLICK,6,LEFT_PRESS
2,31080,BA_LEFT_CLICK,6,LEFT_PRESS
2,31099,BA_LEFT_CLICK,6,LEFT_PRESS
2,31147,BA_LEFT_CLICK,6,LEFT_PRESS
2,31165,BA_LEFT_CLICK,6,LEFT_PRESS
2,31214,BA_LEFT_CLICK,6,LEFT_PRESS
2,31233,BA_LEFT_CLICK,6,LEFT_PRESS
2,31279,BA_LEFT_CLICK,6,LEFT_PRESS
2,31299,BA_LEFT_CLICK,6,LEFT_PRESS
2,31347,BA_LEFT_CLICK,6,LEFT_PRESS
2,31366,BA_LEFT_CLICK,6,LEFT_PRESS
2,31413,BA_LEFT_CLICK,6,LEFT_PRESS
2,31432,BA_LEFT_CLICK,6,LEFT_PRESS
2,31480,BA_LEFT_CLICK,6,LEFT_PRESS
2,31498,BA_LEFT_CLICK,6,LEFT_PRESS
2,31547,BA_LEFT_CLICK,6,LEFT_PRESS
2,31566,BA_LEFT_CLICK,6,LEFT_PRESS
2,31613,BA_LEFT_CLICK,6,LEFT_PRESS
2,31633,BA_LEFT_CLICK,6,LEFT_PRESS
2,31679,BA_LEFT_CLICK,6,LEFT_PRESS
2,31698,BA_LEFT_CLICK,6,LEFT_PRESS
2,31746,BA_LEFT_CLICK,6,LEFT_PRESS
2,31765,BA_LEFT_CLICK,6,LEFT_PRESS
2,31812,BA_LEFT_CLICK,6,LEFT_PRESS
2,31843,BA_LEFT_CLICK,6,LEFT_PRESS
2,31882,BA_LEFT_CLICK,6,LEFT_PRESS
2,31911,BA_LEFT_CLICK,6,LEFT_PRESS
2,31948,BA_LEFT_CLICK,6,LEFT_PRESS
2,31978,BA_LEFT_CLICK,6,LEFT_PRESS
2,32016,BA_LEFT_CLICK,6,LEFT_PRESS
2,32044,BA_LEFT_CLICK,6,LEFT_PRESS
2,32082,BA_LEFT_CLICK,6,LEFT_PRESS
2,32111,BA_LEFT_CLICK,6,LEFT_PRESS
2,32149,BA_LEFT_CLICK,6,LEFT_PRESS
2,32177,BA_LEFT_CLICK,6,LEFT_RELEASE
2,32216,BA_LEFT_CLICK,6,LEFT_RELEASE
2,32244,BA_LEFT_CLICK,6,LEFT_RELEASE
2,32282,BA_LEFT_CLICK,6,LEFT_RELEASE
2,32311,BA_LEFT_CLICK,6,LEFT_RELEASE
2,32349,BA_LEFT_CLICK,6,LEFT_RELEASE
2,32378,BA_LEFT_CLICK,6,LEFT_RELEASE
2,32417,BA_LEFT_CLICK,6,LEFT_RELEASE
2,32446,BA_LEFT_CLICK,6,LEFT_RELEASE
2,32482,BA_LEFT_CLICK,6,LEFT_PRESS
2,32511,BA_LEFT_CLICK,6,LEFT_PRESS
2,32549,BA_LEFT_CLICK,6,LEFT_PRESS
2,32576,BA_LEFT_CLICK,6,LEFT_PRESS
2,32615,BA_LEFT_CLICK,6,LEFT_PRESS
2,32644,BA_LEFT_CLICK,6,LEFT_PRESS
2,32683,BA_LEFT_CLICK,6,LEFT_PRESS
2,32713,BA_LEFT_CLICK,6,LEFT_PRESS
2,32751,BA_LEFT_CLICK,6,LEFT_PRESS
2,32780,BA_LEFT_CLICK,6,LEFT_PRESS
2,32796,BA_LEFT_CLICK,6,LEFT_PRESS
2,32848,BA_LEFT_CLICK,6,LEFT_PRESS
2,32866,BA_LEFT_CLICK,6,LEFT_PRESS
2,32913,BA_LEFT_CLICK,6,LEFT_PRESS
2,34384,BA_LEFT_CLICK,7,NONE
2,34412,BA_LEFT_CLICK,7,NONE
2,34451,BA_LEFT_CLICK,7,NONE
2,34480,BA_LEFT_CLICK,7,NONE
2,34516,BA_LEFT_CLICK,7,NONE
2,34544,BA_LEFT_CLICK,7,NONE
2,34582,BA_LEFT_CLICK,7,NONE
2,34612,BA_LEFT_CLICK,7,NONE
2,34650,BA_LEFT_CLICK,7,NONE
2,34679,BA_LEFT_CLICK,7,NONE
2,34695,BA_LEFT_CLICK,7,NONE
2,34747,BA_LEFT_CLICK,7,NONE
2,34766,BA_LEFT_CLICK,7,NONE
2,34813,BA_LEFT_CLICK,7,NONE
2,34832,BA_LEFT_CLICK,7,NONE
2,34881,BA_LEFT_CLICK,7,NONE
2,34899,BA_LEFT_CLICK,7,NONE
2,34946,BA_LEFT_CLICK,7,NONE
2,34966,BA_LEFT_CLICK,7,NONE
2,35013,BA_LEFT_CLICK,7,NONE
2,35032,BA_LEFT_CLICK,7,NONE
2,35080,BA_LEFT_CLICK,7,NONE
2,35099,BA_LEFT_CLICK,7,NONE
2,35146,BA_LEFT_CLICK,7,NONE
2,35166,BA_LEFT_CLICK,7,NONE
2,35213,BA_LEFT_CLICK,7,NONE
2,35232,BA_LEFT_CLICK,7,NONE
2,35279,BA_LEFT_CLICK,7,NONE
2,35298,BA_LEFT_CLICK,7,NONE
2,35346,BA_LEFT_CLICK,7,NONE
2,35365,BA_LEFT_CLICK,7,NONE
2,35413,BA_LEFT_CLICK,7,NONE
2,35432,BA_LEFT_CLICK,7,NONE
2,35480,BA_LEFT_CLICK,7,NONE
2,35499,BA_LEFT_CLICK,7,NONE
2,35547,BA_LEFT_CLICK,7,NONE
2,35566,BA_LEFT_CLICK,7,NONE
2,35612,BA_LEFT_CLICK,7,NONE
2,35643,BA_LEFT_CLICK,7,NONE
2,35681,BA_LEFT_CLICK,7,NONE
2,35710,BA_LEFT_CLICK,7,NONE
2,35748,BA_LEFT_CLICK,7,NONE
2,35779,BA_LEFT_CLICK,7,NONE
2,35816,BA_LEFT_CLICK,7,NONE
2,35846,BA_LEFT_CLICK,7,NONE
2,35883,BA_LEFT_CLICK,7,NONE
2,35913,BA_LEFT_CLICK,7,NONE
2,35949,BA_LEFT_CLICK,7,NONE
2,35979,BA_LEFT_CLICK,7,LEFT_PRESS
2,36016,BA_LEFT_CLICK,7,LEFT_PRESS
2,36046,BA_LEFT_CLICK,7,LEFT_PRESS
2,36083,BA_LEFT_CLICK,7,LEFT_PRESS
2,36112,BA_LEFT_CLICK,7,LEFT_PRESS
2,36150,BA_LEFT_CLICK,7,LEFT_PRESS
2,36180,BA_LEFT_CLICK,7,LEFT_PRESS
2,36216,BA_LEFT_CLICK,7,LEFT_PRESS
2,36246,BA_LEFT_CLICK,7,LEFT_PRESS
2,36283,BA_LEFT_CLICK,7,LEFT_PRESS
2,36312,BA_LEFT_CLICK,7,LEFT_PRESS
2,36349,BA_LEFT_CLICK,7,LEFT_PRESS
2,36380,BA_LEFT_CLICK,7,LEFT_RELEASE
2,36416,BA_LEFT_CLICK,7,LEFT_RELEASE
2,36445,BA_LEFT_CLICK,7,LEFT_RELEASE
2,36481,BA_LEFT_CLICK,7,LEFT_RELEASE
2,36512,BA_LEFT_CLICK,7,LEFT_RELEASE
2,36549,BA_LEFT_CLICK,7,LEFT_RELEASE
2,36579,BA_LEFT_CLICK,7,LEFT_RELEASE
2,36597,BA_LEFT_CLICK,7,LEFT_RELEASE
2,36646,BA_LEFT_CLICK,7,LEFT_RELEASE
2,36666,BA_LEFT_CLICK,7,LEFT_RELEASE
2,36713,BA_LEFT_CLICK,7,LEFT_RELEASE
2,36731,BA_LEFT_CLICK,7,LEFT_RELEASE
2,36779,BA_LEFT_CLICK,7,LEFT_RELEASE
2,36798,BA_LEFT_CLICK,7,LEFT_RELEASE
2,36848,BA_LEFT_CLICK,7,LEFT_RELEASE
2,36868,BA_LEFT_CLICK,7,LEFT_RELEASE
2,36913,BA_LEFT_CLICK,7,NONE
2,36933,BA_LEFT_CLICK,7,NONE
2,36980,BA_LEFT_CLICK,7,NONE
2,37000,BA_LEFT_CLICK,7,NONE
2,37047,BA_LEFT_CLICK,7,NONE
2,37066,BA_LEFT_CLICK,7,NONE
2,38412,BA_LEFT_CLICK,8,NONE
2,38449,BA_LEFT_CLICK,8,LEFT_PRESS
2,38493,BA_LEFT_CLICK,8,LEFT_PRESS
2,38499,BA_LEFT_CLICK,8,LEFT_PRESS
2,38547,BA_LEFT_CLICK,8,NONE
2,38566,BA_LEFT_CLICK,8,NONE
2,38614,BA_LEFT_CLICK,8,NONE
2,38634,BA_LEFT_CLICK,8,NONE
2,38680,BA_LEFT_CLICK,8,NONE
2,38698,BA_LEFT_CLICK,8,NONE
2,38747,BA_LEFT_CLICK,8,NONE
2,38767,BA_LEFT_CLICK,8,NONE
2,38812,BA_LEFT_CLICK,8,NONE
2,38833,BA_LEFT_CLICK,8,NONE
2,38880,BA_LEFT_CLICK,8,NONE
2,38900,BA_LEFT_CLICK,8,NONE
2,38946,BA_LEFT_CLICK,8,NONE
2,38967,BA_LEFT_CLICK,8,NONE
2,39013,BA_LEFT_CLICK,8,LEFT_PRESS
2,39033,BA_LEFT_CLICK,8,LEFT_PRESS
2,39080,BA_LEFT_CLICK,8,LEFT_PRESS
2,39100,BA_LEFT_CLICK,8,LEFT_PRESS
2,39146,BA_LEFT_CLICK,8,LEFT_PRESS
2,39167,BA_LEFT_CLICK,8,LEFT_PRESS
2,39214,BA_LEFT_CLICK,8,LEFT_PRESS
2,39234,BA_LEFT_CLICK,8,LEFT_PRESS
2,39280,BA_LEFT_CLICK,8,LEFT_PRESS
2,39301,BA_LEFT_CLICK,8,LEFT_PRESS
2,39347,BA_LEFT_CLICK,8,LEFT_PRESS
2,39367,BA_LEFT_CLICK,8,LEFT_PRESS
2,39413,BA_LEFT_CLICK,8,LEFT_PRESS
2,39444,BA_LEFT_CLICK,8,LEFT_PRESS
2,39482,BA_LEFT_CLICK,8,LEFT_PRESS
2,39513,BA_LEFT_CLICK,8,LEFT_PRESS
2,39550,BA_LEFT_CLICK,8,LEFT_PRESS
2,39579,BA_LEFT_CLICK,8,LEFT_PRESS
2,39617,BA_LEFT_CLICK,8,LEFT_PRESS
2,39647,BA_LEFT_CLICK,8,LEFT_PRESS
2,39683,BA_LEFT_CLICK,8,LEFT_PRESS
2,39712,BA_LEFT_CLICK,8,LEFT_PRESS
2,39750,BA_LEFT_CLICK,8,LEFT_PRESS
2,39780,BA_LEFT_CLICK,8,LEFT_PRESS
2,39816,BA_LEFT_CLICK,8,LEFT_PRESS
2,39845,BA_LEFT_CLICK,8,LEFT_PRESS
2,39883,BA_LEFT_CLICK,8,LEFT_PRESS
2,39912,BA_LEFT_CLICK,8,LEFT_PRESS
2,39950,BA_LEFT_CLICK,8,LEFT_PRESS
2,39978,BA_LEFT_CLICK,8,LEFT_PRESS
2,40016,BA_LEFT_CLICK,8,LEFT_PRESS
2,40045,BA_LEFT_CLICK,8,LEFT_PRESS
2,40082,BA_LEFT_CLICK,8,LEFT_PRESS
2,40112,BA_LEFT_CLICK,8,LEFT_PRESS
2,40149,BA_LEFT_CLICK,8,LEFT_PRESS
2,40179,BA_LEFT_CLICK,8,LEFT_PRESS
2,40216,BA_LEFT_CLICK,8,LEFT_PRESS
2,40245,BA_LEFT_CLICK,8,LEFT_PRESS
2,40283,BA_LEFT_CLICK,8,LEFT_PRESS
2,40312,BA_LEFT_CLICK,8,LEFT_RELEASE
2,40350,BA_LEFT_CLICK,8,LEFT_RELEASE
2,40380,BA_LEFT_CLICK,8,LEFT_RELEASE
2,40397,BA_LEFT_CLICK,8,LEFT_RELEASE
2,40447,BA_LEFT_CLICK,8,LEFT_RELEASE
2,40466,BA_LEFT_CLICK,8,LEFT_PRESS
2,40513,BA_LEFT_CLICK,8,LEFT_PRESS
2,40532,BA_LEFT_CLICK,8,LEFT_PRESS
2,40579,BA_LEFT_CLICK,8,LEFT_PRESS
2,40598,BA_LEFT_CLICK,8,LEFT_PRESS
2,40647,BA_LEFT_CLICK,8,LEFT_PRESS
2,40668,BA_LEFT_CLICK,8,LEFT_PRESS
2,40712,BA_LEFT_CLICK,8,LEFT_PRESS
2,40733,BA_LEFT_CLICK,8,LEFT_PRESS
2,40779,BA_LEFT_CLICK,8,LEFT_PRESS
2,40799,BA_LEFT_CLICK,8,LEFT_PRESS
2,40846,BA_LEFT_CLICK,8,LEFT_PRESS
2,40864,BA_LEFT_CLICK,8,LEFT_PRESS
2,40914,BA_LEFT_CLICK,8,LEFT_PRESS
2,40933,BA_LEFT_CLICK,8,LEFT_PRESS
2,42367,BA_LEFT_CLICK,9,LEFT_PRESS
2,42414,BA_LEFT_CLICK,9,LEFT_PRESS
2,42433,BA_LEFT_CLICK,9,LEFT_PRESS
2,42480,BA_LEFT_CLICK,9,LEFT_PRESS
2,42501,BA_LEFT_CLICK,9,LEFT_PRESS
2,42547,BA_LEFT_CLICK,9,LEFT_PRESS
2,42568,BA_LEFT_CLICK,9,LEFT_PRESS
2,42610,BA_LEFT_CLICK,9,LEFT_PRESS
2,42631,BA_LEFT_CLICK,9,LEFT_PRESS
2,42680,BA_LEFT_CLICK,9,LEFT_PRESS
2,42700,BA_LEFT_CLICK,9,LEFT_PRESS
2,42747,BA_LEFT_CLICK,9,LEFT_PRESS
2,42765,BA_LEFT_CLICK,9,LEFT_PRESS
2,42814,BA_LEFT_CLICK,9,LEFT_PRESS
2,42834,BA_LEFT_CLICK,9,LEFT_PRESS
2,42880,BA_LEFT_CLICK,9,LEFT_PRESS
2,42901,BA_LEFT_CLICK,9,LEFT_PRESS
2,42947,BA_LEFT_CLICK,9,LEFT_PRESS
2,42967,BA_LEFT_CLICK,9,LEFT_PRESS
2,43013,BA_LEFT_CLICK,9,LEFT_PRESS
2,43034,BA_LEFT_CLICK,9,LEFT_PRESS
2,43080,BA_LEFT_CLICK,9,LEFT_PRESS
2,43100,BA_LEFT_CLICK,9,LEFT_PRESS
2,43147,BA_LEFT_CLICK,9,LEFT_PRESS
2,43167,BA_LEFT_CLICK,9,LEFT_PRESS
2,43213,BA_LEFT_CLICK,9,LEFT_PRESS
2,43244,BA_LEFT_CLICK,9,LEFT_PRESS
2,43283,BA_LEFT_CLICK,9,LEFT_PRESS
2,43313,BA_LEFT_CLICK,9,LEFT_PRESS
2,43350,BA_LEFT_CLICK,9,LEFT_PRESS
2,43380,BA_LEFT_CLICK,9,LEFT_PRESS
2,43416,BA_LEFT_CLICK,9,LEFT_PRESS
2,43446,BA_LEFT_CLICK,9,LEFT_PRESS
2,43482,BA_LEFT_CLICK,9,LEFT_PRESS
2,43514,BA_LEFT_CLICK,9,LEFT_PRESS
2,43549,BA_LEFT_CLICK,9,LEFT_PRESS
2,43579,BA_LEFT_CLICK,9,LEFT_PRESS
2,43616,BA_LEFT_CLICK,9,LEFT_PRESS
2,43647,BA_LEFT_CLICK,9,LEFT_PRESS
2,43683,BA_LEFT_CLICK,9,LEFT_PRESS
2,43712,BA_LEFT_CLICK,9,LEFT_PRESS
2,43750,BA_LEFT_CLICK,9,LEFT_PRESS
2,43780,BA_LEFT_CLICK,9,LEFT_PRESS
2,43816,BA_LEFT_CLICK,9,LEFT_PRESS
2,43846,BA_LEFT_CLICK,9,LEFT_PRESS
2,43883,BA_LEFT_CLICK,9,LEFT_RELEASE
2,43913,BA_LEFT_CLICK,9,LEFT_RELEASE
2,43950,BA_LEFT_CLICK,9,LEFT_RELEASE
2,43980,BA_LEFT_CLICK,9,LEFT_RELEASE
2,44016,BA_LEFT_CLICK,9,LEFT_RELEASE
2,44047,BA_LEFT_CLICK,9,LEFT_RELEASE
2,44083,BA_LEFT_CLICK,9,LEFT_RELEASE
2,44112,BA_LEFT_CLICK,9,LEFT_RELEASE
2,44150,BA_LEFT_CLICK,9,LEFT_RELEASE
2,44180,BA_LEFT_CLICK,9,LEFT_RELEASE
2,44198,BA_LEFT_CLICK,9,LEFT_RELEASE
2,44247,BA_LEFT_CLICK,9,NONE
2,44267,BA_LEFT_CLICK,9,NONE
2,44313,BA_LEFT_CLICK,9,NONE
2,44333,BA_LEFT_CLICK,9,NONE
2,44375,BA_LEFT_CLICK,9,NONE
2,44395,BA_LEFT_CLICK,9,NONE
2,44450,BA_LEFT_CLICK,9,NONE
2,44469,BA_LEFT_CLICK,9,NONE
2,47416,BA_RIGHT_CLICK,0,RIGHT_RELEASE
2,47445,BA_RIGHT_CLICK,0,RIGHT_RELEASE
2,47483,BA_RIGHT_CLICK,0,RIGHT_RELEASE
2,47514,BA_RIGHT_CLICK,0,NONE
2,47549,BA_RIGHT_CLICK,0,NONE
2,47578,BA_RIGHT_CLICK,0,NONE
2,47617,BA_RIGHT_CLICK,0,NONE
2,47648,BA_RIGHT_CLICK,0,NONE
2,47683,BA_RIGHT_CLICK,0,NONE
2,47714,BA_RIGHT_CLICK,0,NONE
2,47750,BA_RIGHT_CLICK,0,NONE
2,47780,BA_RIGHT_CLICK,0,NONE
2,47816,BA_RIGHT_CLICK,0,NONE
2,47846,BA_RIGHT_CLICK,0,NONE
2,47883,BA_RIGHT_CLICK,0,NONE
2,47913,BA_RIGHT_CLICK,0,NONE
2,47949,BA_RIGHT_CLICK,0,NONE
2,47980,BA_RIGHT_CLICK,0,NONE
2,47997,BA_RIGHT_CLICK,0,NONE
2,48047,BA_RIGHT_CLICK,0,NONE
2,48067,BA_RIGHT_CLICK,0,NONE
2,48112,BA_RIGHT_CLICK,0,NONE
2,48131,BA_RIGHT_CLICK,0,NONE
2,48180,BA_RIGHT_CLICK,0,NONE
2,48201,BA_RIGHT_CLICK,0,NONE
2,48247,BA_RIGHT_CLICK,0,NONE
2,48266,BA_RIGHT_CLICK,0,NONE
2,48314,BA_RIGHT_CLICK,0,NONE
2,48334,BA_RIGHT_CLICK,0,NONE
2,48380,BA_RIGHT_CLICK,0,NONE
2,48401,BA_RIGHT_CLICK,0,NONE
2,48447,BA_RIGHT_CLICK,0,NONE
2,48467,BA_RIGHT_CLICK,0,NONE
2,48513,BA_RIGHT_CLICK,0,NONE
2,48532,BA_RIGHT_CLICK,0,RIGHT_PRESS
2,48581,BA_RIGHT_CLICK,0,RIGHT_PRESS
2,48601,BA_RIGHT_CLICK,0,RIGHT_PRESS
2,48647,BA_RIGHT_CLICK,0,RIGHT_PRESS
2,48667,BA_RIGHT_CLICK,0,RIGHT_PRESS
2,48713,BA_RIGHT_CLICK,0,RIGHT_PRESS
2,48734,BA_RIGHT_CLICK,0,RIGHT_PRESS
2,48781,BA_RIGHT_CLICK,0,RIGHT_PRESS
2,48801,BA_RIGHT_CLICK,0,RIGHT_RELEASE
2,48847,BA_RIGHT_CLICK,0,RIGHT_RELEASE
2,48868,BA_RIGHT_CLICK,0,RIGHT_RELEASE
2,48913,BA_RIGHT_CLICK,0,RIGHT_RELEASE
2,48944,BA_RIGHT_CLICK,0,RIGHT_RELEASE
2,48984,BA_RIGHT_CLICK,0,RIGHT_RELEASE
2,49014,BA_RIGHT_CLICK,0,RIGHT_RELEASE
2,49050,BA_RIGHT_CLICK,0,RIGHT_RELEASE
2,49080,BA_RIGHT_CLICK,0,RIGHT_RELEASE
2,49116,BA_RIGHT_CLICK,0,RIGHT_RELEASE
2,49147,BA_RIGHT_CLICK,0,RIGHT_RELEASE
2,49183,BA_RIGHT_CLICK,0,RIGHT_RELEASE
2,49213,BA_RIGHT_CLICK,0,RIGHT_RELEASE
2,49252,BA_RIGHT_CLICK,0,RIGHT_RELEASE
2,49282,BA_RIGHT_CLICK,0,RIGHT_RELEASE
2,49318,BA_RIGHT_CLICK,0,RIGHT_RELEASE
2,49347,BA_RIGHT_CLICK,0,RIGHT_RELEASE
2,49383,BA_RIGHT_CLICK,0,NONE
2,49414,BA_RIGHT_CLICK,0,NONE
2,49450,BA_RIGHT_CLICK,0,NONE
2,49480,BA_RIGHT_CLICK,0,NONE
2,49517,BA_RIGHT_CLICK,0,NONE
2,50843,BA_RIGHT_CLICK,1,NONE
2,50888,BA_RIGHT_CLICK,1,NONE
2,50917,BA_RIGHT_CLICK,1,NONE
2,50948,BA_RIGHT_CLICK,1,NONE
2,50978,BA_RIGHT_CLICK,1,NONE
2,51017,BA_RIGHT_CLICK,1,NONE
2,51048,BA_RIGHT_CLICK,1,NONE
2,51083,BA_RIGHT_CLICK,1,NONE
2,51113,BA_RIGHT_CLICK,1,NONE
2,51149,BA_RIGHT_CLICK,1,NONE
2,51180,BA_RIGHT_CLICK,1,NONE
2,51216,BA_RIGHT_CLICK,1,NONE
2,51247,BA_RIGHT_CLICK,1,NONE
2,51282,BA_RIGHT_CLICK,1,NONE
2,51313,BA_RIGHT_CLICK,1,NONE
2,51349,BA_RIGHT_CLICK,1,NONE
2,51380,BA_RIGHT_CLICK,1,NONE
2,51417,BA_RIGHT_CLICK,1,NONE
2,51447,BA_RIGHT_CLICK,1,NONE
2,51482,BA_RIGHT_CLICK,1,NONE
2,51513,BA_RIGHT_CLICK,1,NONE
2,51549,BA_RIGHT_CLICK,1,NONE
2,51580,BA_RIGHT_CLICK,1,NONE
2,51617,BA_RIGHT_CLICK,1,NONE
2,51647,BA_RIGHT_CLICK,1,NONE
2,51683,BA_RIGHT_CLICK,1,NONE
2,51714,BA_RIGHT_CLICK,1,NONE
2,51750,BA_RIGHT_CLICK,1,NONE
2,51780,BA_RIGHT_CLICK,1,NONE
2,51797,BA_RIGHT_CLICK,1,NONE
2,51847,BA_RIGHT_CLICK,1,NONE
2,51868,BA_RIGHT_CLICK,1,NONE
2,51914,BA_RIGHT_CLICK,1,NONE
2,51934,BA_RIGHT_CLICK,1,NONE
2,51980,BA_RIGHT_CLICK,1,NONE
2,52001,BA_RIGHT_CLICK,1,NONE
2,52047,BA_RIGHT_CLICK,1,NONE
2,52068,BA_RIGHT_CLICK,1,NONE
2,52114,BA_RIGHT_CLICK,1,NONE
2,52134,BA_RIGHT_CLICK,1,NONE
2,52181,BA_RIGHT_CLICK,1,NONE
2,52201,BA_RIGHT_CLICK,1,NONE
2,52247,BA_RIGHT_CLICK,1,RIGHT_PRESS
2,52269,BA_RIGHT_CLICK,1,RIGHT_PRESS
2,52315,BA_RIGHT_CLICK,1,RIGHT_PRESS
2,52335,BA_RIGHT_CLICK,1,RIGHT_PRESS
2,52381,BA_RIGHT_CLICK,1,RIGHT_PRESS
2,52401,BA_RIGHT_CLICK,1,RIGHT_PRESS
2,52447,BA_RIGHT_CLICK,1,RIGHT_PRESS
2,52468,BA_RIGHT_CLICK,1,RIGHT_PRESS
2,52514,BA_RIGHT_CLICK,1,RIGHT_PRESS
2,52535,BA_RIGHT_CLICK,1,RIGHT_PRESS
2,52579,BA_RIGHT_CLICK,1,RIGHT_PRESS
2,52596,BA_RIGHT_CLICK,1,RIGHT_PRESS
2,52648,BA_RIGHT_CLICK,1,RIGHT_PRESS
2,52668,BA_RIGHT_CLICK,1,RIGHT_PRESS
2,52714,BA_RIGHT_CLICK,1,RIGHT_RELEASE
2,52744,BA_RIGHT_CLICK,1,RIGHT_RELEASE
2,52783,BA_RIGHT_CLICK,1,RIGHT_RELEASE
2,52814,BA_RIGHT_CLICK,1,RIGHT_RELEASE
2,52850,BA_RIGHT_CLICK,1,RIGHT_RELEASE
2,52881,BA_RIGHT_CLICK,1,RIGHT_RELEASE
2,52916,BA_RIGHT_CLICK,1,RIGHT_RELEASE
2,52947,BA_RIGHT_CLICK,1,RIGHT_RELEASE
2,52983,BA_RIGHT_CLICK,1,RIGHT_RELEASE
2,53013,BA_RIGHT_CLICK,1,RIGHT_RELEASE
2,53049,BA_RIGHT_CLICK,1,RIGHT_RELEASE
2,53080,BA_RIGHT_CLICK,1,RIGHT_RELEASE
2,53116,BA_RIGHT_CLICK,1,RIGHT_RELEASE
2,53147,BA_RIGHT_CLICK,1,RIGHT_RELEASE
2,53183,BA_RIGHT_CLICK,1,RIGHT_RELEASE
2,53214,BA_RIGHT_CLICK,1,RIGHT_RELEASE
2,53250,BA_RIGHT_CLICK,1,RIGHT_RELEASE
2,54435,BA_RIGHT_CLICK,2,RIGHT_RELEASE
2,54482,BA_RIGHT_CLICK,2,RIGHT_RELEASE
2,54502,BA_RIGHT_CLICK,2,NONE
2,54549,BA_RIGHT_CLICK,2,NONE
2,54568,BA_RIGHT_CLICK,2,NONE
2,54615,BA_RIGHT_CLICK,2,NONE
2,54645,BA_RIGHT_CLICK,2,NONE
2,54683,BA_RIGHT_CLICK,2,NONE
2,54713,BA_RIGHT_CLICK,2,NONE
2,54750,BA_RIGHT_CLICK,2,NONE
2,54781,BA_RIGHT_CLICK,2,NONE
2,54816,BA_RIGHT_CLICK,2,NONE
2,54847,BA_RIGHT_CLICK,2,NONE
2,54883,BA_RIGHT_CLICK,2,NONE
2,54914,BA_RIGHT_CLICK,2,NONE
2,54949,BA_RIGHT_CLICK,2,NONE
2,54981,BA_RIGHT_CLICK,2,NONE
2,55017,BA_RIGHT_CLICK,2,NONE
2,55048,BA_RIGHT_CLICK,2,NONE
2,55083,BA_RIGHT_CLICK,2,NONE
2,55114,BA_RIGHT_CLICK,2,NONE
2,55149,BA_RIGHT_CLICK,2,NONE
2,55180,BA_RIGHT_CLICK,2,NONE
2,55216,BA_RIGHT_CLICK,2,NONE
2,55248,BA_RIGHT_CLICK,2,NONE
2,55283,BA_RIGHT_CLICK,2,NONE
2,55313,BA_RIGHT_CLICK,2,NONE
2,55350,BA_RIGHT_CLICK,2,NONE
2,55381,BA_RIGHT_CLICK,2,NONE
2,55417,BA_RIGHT_CLICK,2,NONE
2,55447,BA_RIGHT_CLICK,2,NONE
2,55483,BA_RIGHT_CLICK,2,NONE
2,55514,BA_RIGHT_CLICK,2,NONE
2,55550,BA_RIGHT_CLICK,2,NONE
2,55594,BA_RIGHT_CLICK,2,NONE
2,55600,BA_RIGHT_CLICK,2,NONE
2,55644,BA_RIGHT_CLICK,2,NONE
2,55665,BA_RIGHT_CLICK,2,NONE
2,55715,BA_RIGHT_CLICK,2,NONE
2,55735,BA_RIGHT_CLICK,2,NONE
2,55782,BA_RIGHT_CLICK,2,NONE
2,55802,BA_RIGHT_CLICK,2,NONE
2,55848,BA_RIGHT_CLICK,2,RIGHT_PRESS
2,55868,BA_RIGHT_CLICK,2,RIGHT_PRESS
2,55914,BA_RIGHT_CLICK,2,RIGHT_PRESS
2,55936,BA_RIGHT_CLICK,2,RIGHT_PRESS
2,55982,BA_RIGHT_CLICK,2,RIGHT_PRESS
2,56001,BA_RIGHT_CLICK,2,RIGHT_PRESS
2,56048,BA_RIGHT_CLICK,2,RIGHT_PRESS
2,56068,BA_RIGHT_CLICK,2,RIGHT_PRESS
2,56115,BA_RIGHT_CLICK,2,RIGHT_PRESS
2,56135,BA_RIGHT_CLICK,2,RIGHT_PRESS
2,56181,BA_RIGHT_CLICK,2,RIGHT_RELEASE
2,56201,BA_RIGHT_CLICK,2,RIGHT_RELEASE
2,56248,BA_RIGHT_CLICK,2,RIGHT_RELEASE
2,56268,BA_RIGHT_CLICK,2,RIGHT_RELEASE
2,56315,BA_RIGHT_CLICK,2,RIGHT_RELEASE
2,56335,BA_RIGHT_CLICK,2,RIGHT_RELEASE
2,56382,BA_RIGHT_CLICK,2,RIGHT_RELEASE
2,56402,BA_RIGHT_CLICK,2,RIGHT_RELEASE
2,56448,BA_RIGHT_CLICK,2,RIGHT_RELEASE
2,56468,BA_RIGHT_CLICK,2,RIGHT_RELEASE
2,56514,BA_RIGHT_CLICK,2,RIGHT_RELEASE
2,56547,BA_RIGHT_CLICK,2,RIGHT_RELEASE
2,56583,BA_RIGHT_CLICK,2,RIGHT_RELEASE
2,56613,BA_RIGHT_CLICK,2,RIGHT_RELEASE
2,56649,BA_RIGHT_CLICK,2,RIGHT_RELEASE
2,56680,BA_RIGHT_CLICK,2,RIGHT_RELEASE
2,56716,BA_RIGHT_CLICK,2,RIGHT_RELEASE
2,56748,BA_RIGHT_CLICK,2,NONE
2,56783,BA_RIGHT_CLICK,2,NONE
2,56814,BA_RIGHT_CLICK,2,NONE
2,58148,BA_RIGHT_CLICK,3,NONE
2,58168,BA_RIGHT_CLICK,3,NONE
2,58214,BA_RIGHT_CLICK,3,NONE
2,58236,BA_RIGHT_CLICK,3,NONE
2,58281,BA_RIGHT_CLICK,3,NONE
2,58300,BA_RIGHT_CLICK,3,NONE
2,58348,BA_RIGHT_CLICK,3,NONE
2,58369,BA_RIGHT_CLICK,3,NONE
2,58415,BA_RIGHT_CLICK,3,NONE
2,58445,BA_RIGHT_CLICK,3,NONE
2,58483,BA_RIGHT_CLICK,3,NONE
2,58514,BA_RIGHT_CLICK,3,NONE
2,58550,BA_RIGHT_CLICK,3,NONE
2,58581,BA_RIGHT_CLICK,3,NONE
2,58616,BA_RIGHT_CLICK,3,NONE
2,58647,BA_RIGHT_CLICK,3,NONE
2,58683,BA_RIGHT_CLICK,3,NONE
2,58715,BA_RIGHT_CLICK,3,NONE
2,58749,BA_RIGHT_CLICK,3,NONE
2,58781,BA_RIGHT_CLICK,3,NONE
2,58816,BA_RIGHT_CLICK,3,NONE
2,58848,BA_RIGHT_CLICK,3,NONE
2,58883,BA_RIGHT_CLICK,3,NONE
2,58913,BA_RIGHT_CLICK,3,NONE
2,58950,BA_RIGHT_CLICK,3,NONE
2,58981,BA_RIGHT_CLICK,3,NONE
2,59016,BA_RIGHT_CLICK,3,NONE
2,59048,BA_RIGHT_CLICK,3,NONE
2,59083,BA_RIGHT_CLICK,3,NONE
2,59115,BA_RIGHT_CLICK,3,NONE
2,59150,BA_RIGHT_CLICK,3,NONE
2,59181,BA_RIGHT_CLICK,3,NONE
2,59216,BA_RIGHT_CLICK,3,NONE
2,59248,BA_RIGHT_CLICK,3,NONE
2,59283,BA_RIGHT_CLICK,3,NONE
2,59315,BA_RIGHT_CLICK,3,NONE
2,59350,BA_RIGHT_CLICK,3,NONE
2,59395,BA_RIGHT_CLICK,3,NONE
2,59401,BA_RIGHT_CLICK,3,NONE
2,59446,BA_RIGHT_CLICK,3,NONE
2,59469,BA_RIGHT_CLICK,3,NONE
2,59515,BA_RIGHT_CLICK,3,NONE
2,59535,BA_RIGHT_CLICK,3,NONE
2,59582,BA_RIGHT_CLICK,3,RIGHT_PRESS
2,59601,BA_RIGHT_CLICK,3,RIGHT_PRESS
2,59648,BA_RIGHT_CLICK,3,RIGHT_PRESS
2,59669,BA_RIGHT_CLICK,3,RIGHT_PRESS
2,59715,BA_RIGHT_CLICK,3,RIGHT_PRESS
2,59735,BA_RIGHT_CLICK,3,RIGHT_PRESS
2,59781,BA_RIGHT_CLICK,3,RIGHT_PRESS
2,59802,BA_RIGHT_CLICK,3,RIGHT_PRESS
2,59848,BA_RIGHT_CLICK,3,RIGHT_PRESS
2,59867,BA_RIGHT_CLICK,3,RIGHT_PRESS
2,59927,BA_RIGHT_CLICK,3,RIGHT_RELEASE
2,59937,BA_RIGHT_CLICK,3,RIGHT_RELEASE
2,59982,BA_RIGHT_CLICK,3,RIGHT_RELEASE
2,60002,BA_RIGHT_CLICK,3,RIGHT_RELEASE
2,60059,BA_RIGHT_CLICK,3,RIGHT_RELEASE
2,60071,BA_RIGHT_CLICK,3,RIGHT_RELEASE
2,60114,BA_RIGHT_CLICK,3,RIGHT_RELEASE
2,60137,BA_RIGHT_CLICK,3,RIGHT_RELEASE
2,60182,BA_RIGHT_CLICK,3,RIGHT_RELEASE
2,60201,BA_RIGHT_CLICK,3,RIGHT_RELEASE
2,60248,BA_RIGHT_CLICK,3,RIGHT_RELEASE
2,60270,BA_RIGHT_CLICK,3,RIGHT_RELEASE
2,60331,BA_RIGHT_CLICK,3,RIGHT_RELEASE
2,60347,BA_RIGHT_CLICK,3,RIGHT_RELEASE
2,60382,BA_RIGHT_CLICK,3,RIGHT_RELEASE
2,61569,BA_RIGHT_CLICK,4,RIGHT_RELEASE
2,61625,BA_RIGHT_CLICK,4,RIGHT_RELEASE
2,61638,BA_RIGHT_CLICK,4,NONE
2,61682,BA_RIGHT_CLICK,4,NONE
2,61703,BA_RIGHT_CLICK,4,NONE
2,61748,BA_RIGHT_CLICK,4,NONE
2,61770,BA_RIGHT_CLICK,4,NONE
2,61815,BA_RIGHT_CLICK,4,NONE
2,61834,BA_RIGHT_CLICK,4,NONE
2,61897,BA_RIGHT_CLICK,4,NONE
2,61903,BA_RIGHT_CLICK,4,NONE
2,61947,BA_RIGHT_CLICK,4,NONE
2,61966,BA_RIGHT_CLICK,4,NONE
2,62013,BA_RIGHT_CLICK,4,NONE
2,62034,BA_RIGHT_CLICK,4,NONE
2,62096,BA_RIGHT_CLICK,4,NONE
2,62102,BA_RIGHT_CLICK,4,NONE
2,62147,BA_RIGHT_CLICK,4,NONE
2,62166,BA_RIGHT_CLICK,4,NONE
2,62228,BA_RIGHT_CLICK,4,NONE
2,62246,BA_RIGHT_CLICK,4,NONE
2,62282,BA_RIGHT_CLICK,4,NONE
2,62313,BA_RIGHT_CLICK,4,NONE
2,62349,BA_RIGHT_CLICK,4,NONE
2,62380,BA_RIGHT_CLICK,4,NONE
2,62416,BA_RIGHT_CLICK,4,NONE
2,62447,BA_RIGHT_CLICK,4,NONE
2,62483,BA_RIGHT_CLICK,4,NONE
2,62515,BA_RIGHT_CLICK,4,NONE
2,62549,BA_RIGHT_CLICK,4,NONE
2,62580,BA_RIGHT_CLICK,4,NONE
2,62616,BA_RIGHT_CLICK,4,NONE
2,62647,BA_RIGHT_CLICK,4,NONE
2,62683,BA_RIGHT_CLICK,4,NONE
2,62714,BA_RIGHT_CLICK,4,NONE
2,62749,BA_RIGHT_CLICK,4,NONE
2,62780,BA_RIGHT_CLICK,4,NONE
2,62816,BA_RIGHT_CLICK,4,NONE
2,62848,BA_RIGHT_CLICK,4,NONE
2,62883,BA_RIGHT_CLICK,4,NONE
2,62914,BA_RIGHT_CLICK,4,NONE
2,62950,BA_RIGHT_CLICK,4,NONE
2,62981,BA_RIGHT_CLICK,4,NONE
2,63017,BA_RIGHT_CLICK,4,NONE
2,63048,BA_RIGHT_CLICK,4,NONE
2,63083,BA_RIGHT_CLICK,4,NONE
2,63114,BA_RIGHT_CLICK,4,NONE
2,63149,BA_RIGHT_CLICK,4,NONE
2,63192,BA_RIGHT_CLICK,4,NONE
2,63200,BA_RIGHT_CLICK,4,NONE
2,63260,BA_RIGHT_CLICK,4,NONE
2,63284,BA_RIGHT_CLICK,4,NONE
2,63313,BA_RIGHT_CLICK,4,NONE
2,63334,BA_RIGHT_CLICK,4,NONE
2,63393,BA_RIGHT_CLICK,4,NONE
2,63403,BA_RIGHT_CLICK,4,NONE
2,63448,BA_RIGHT_CLICK,4,NONE
2,63468,BA_RIGHT_CLICK,4,NONE
2,63530,BA_RIGHT_CLICK,4,RIGHT_PRESS
2,63535,BA_RIGHT_CLICK,4,RIGHT_PRESS
2,63581,BA_RIGHT_CLICK,4,RIGHT_PRESS
2,63600,BA_RIGHT_CLICK,4,RIGHT_PRESS
2,63661,BA_RIGHT_CLICK,4,RIGHT_PRESS
2,63683,BA_RIGHT_CLICK,4,RIGHT_PRESS
2,63713,BA_RIGHT_CLICK,4,RIGHT_PRESS
2,63732,BA_RIGHT_CLICK,4,RIGHT_RELEASE
2,63781,BA_RIGHT_CLICK,4,RIGHT_RELEASE
2,63802,BA_RIGHT_CLICK,4,RIGHT_RELEASE
2,63848,BA_RIGHT_CLICK,4,RIGHT_RELEASE
2,63870,BA_RIGHT_CLICK,4,RIGHT_RELEASE
2,63915,BA_RIGHT_CLICK,4,RIGHT_RELEASE
2,63935,BA_RIGHT_CLICK,4,RIGHT_RELEASE
2,63982,BA_RIGHT_CLICK,4,RIGHT_RELEASE
2,64002,BA_RIGHT_CLICK,4,RIGHT_RELEASE
2,64048,BA_RIGHT_CLICK,4,RIGHT_RELEASE
2,64067,BA_RIGHT_CLICK,4,RIGHT_RELEASE
2,64127,BA_RIGHT_CLICK,4,RIGHT_RELEASE
2,64145,BA_RIGHT_CLICK,4,RIGHT_RELEASE
2,64182,BA_RIGHT_CLICK,4,RIGHT_RELEASE
2,64214,BA_RIGHT_CLICK,4,RIGHT_RELEASE
2,64250,BA_RIGHT_CLICK,4,RIGHT_RELEASE
2,64281,BA_RIGHT_CLICK,4,RIGHT_RELEASE
2,64317,BA_RIGHT_CLICK,4,RIGHT_RELEASE
2,65281,BA_RIGHT_CLICK,5,RIGHT_RELEASE
2,65302,BA_RIGHT_CLICK,5,RIGHT_RELEASE
2,65349,BA_RIGHT_CLICK,5,RIGHT_RELEASE
2,65369,BA_RIGHT_CLICK,5,RIGHT_RELEASE
2,65416,BA_RIGHT_CLICK,5,NONE
2,65436,BA_RIGHT_CLICK,5,NONE
2,65482,BA_RIGHT_CLICK,5,NONE
2,65501,BA_RIGHT_CLICK,5,NONE
2,65560,BA_RIGHT_CLICK,5,NONE
2,65583,BA_RIGHT_CLICK,5,NONE
2,65614,BA_RIGHT_CLICK,5,NONE
2,65632,BA_RIGHT_CLICK,5,NONE
2,65694,BA_RIGHT_CLICK,5,NONE
2,65703,BA_RIGHT_CLICK,5,NONE
2,65749,BA_RIGHT_CLICK,5,NONE
2,65770,BA_RIGHT_CLICK,5,NONE
2,65816,BA_RIGHT_CLICK,5,NONE
2,65836,BA_RIGHT_CLICK,5,NONE
2,65883,BA_RIGHT_CLICK,5,NONE
2,65903,BA_RIGHT_CLICK,5,NONE
2,65949,BA_RIGHT_CLICK,5,NONE
2,65968,BA_RIGHT_CLICK,5,NONE
2,66028,BA_RIGHT_CLICK,5,NONE
2,66045,BA_RIGHT_CLICK,5,NONE
2,66082,BA_RIGHT_CLICK,5,NONE
2,66114,BA_RIGHT_CLICK,5,NONE
2,66149,BA_RIGHT_CLICK,5,NONE
2,66181,BA_RIGHT_CLICK,5,NONE
2,66217,BA_RIGHT_CLICK,5,NONE
2,66248,BA_RIGHT_CLICK,5,NONE
2,66283,BA_RIGHT_CLICK,5,NONE
2,66314,BA_RIGHT_CLICK,5,NONE
2,66350,BA_RIGHT_CLICK,5,NONE
2,66381,BA_RIGHT_CLICK,5,NONE
2,66416,BA_RIGHT_CLICK,5,NONE
2,66447,BA_RIGHT_CLICK,5,NONE
2,66484,BA_RIGHT_CLICK,5,NONE
2,66515,BA_RIGHT_CLICK,5,NONE
2,66550,BA_RIGHT_CLICK,5,NONE
2,66581,BA_RIGHT_CLICK,5,NONE
2,66617,BA_RIGHT_CLICK,5,NONE
2,66648,BA_RIGHT_CLICK,5,RIGHT_PRESS
2,66684,BA_RIGHT_CLICK,5,RIGHT_PRESS
2,66715,BA_RIGHT_CLICK,5,RIGHT_PRESS
2,66750,BA_RIGHT_CLICK,5,RIGHT_PRESS
2,66781,BA_RIGHT_CLICK,5,RIGHT_PRESS
2,66817,BA_RIGHT_CLICK,5,RIGHT_PRESS
2,66849,BA_RIGHT_CLICK,5,RIGHT_PRESS
2,66884,BA_RIGHT_CLICK,5,RIGHT_PRESS
2,66915,BA_RIGHT_CLICK,5,RIGHT_PRESS
2,66950,BA_RIGHT_CLICK,5,RIGHT_RELEASE
2,66992,BA_RIGHT_CLICK,5,RIGHT_RELEASE
2,67001,BA_RIGHT_CLICK,5,RIGHT_RELEASE
2,67061,BA_RIGHT_CLICK,5,RIGHT_RELEASE
2,67099,BA_RIGHT_CLICK,5,RIGHT_RELEASE
2,67116,BA_RIGHT_CLICK,5,RIGHT_RELEASE
2,67132,BA_RIGHT_CLICK,5,RIGHT_RELEASE
2,67184,BA_RIGHT_CLICK,5,RIGHT_RELEASE
2,67220,BA_RIGHT_CLICK,5,RIGHT_RELEASE
2,67265,BA_RIGHT_CLICK,5,RIGHT_RELEASE
2,67319,BA_RIGHT_CLICK,5,RIGHT_RELEASE
2,67352,BA_RIGHT_CLICK,5,RIGHT_RELEASE
2,67396,BA_RIGHT_CLICK,5,RIGHT_RELEASE
2,67404,BA_RIGHT_CLICK,5,RIGHT_RELEASE
2,67449,BA_RIGHT_CLICK,5,RIGHT_RELEASE
2,67471,BA_RIGHT_CLICK,5,RIGHT_RELEASE
2,67516,BA_RIGHT_CLICK,5,RIGHT_RELEASE
2,67537,BA_RIGHT_CLICK,5,RIGHT_RELEASE
2,67580,BA_RIGHT_CLICK,5,RIGHT_RELEASE
2,67598,BA_RIGHT_CLICK,5,RIGHT_RELEASE
2,67661,BA_RIGHT_CLICK,5,NONE
2,67683,BA_RIGHT_CLICK,5,NONE
2,67714,BA_RIGHT_CLICK,5,NONE
2,69015,BA_RIGHT_CLICK,6,NONE
2,69036,BA_RIGHT_CLICK,6,NONE
2,69095,BA_RIGHT_CLICK,6,NONE
2,69115,BA_RIGHT_CLICK,6,NONE
2,69147,BA_RIGHT_CLICK,6,NONE
2,69167,BA_RIGHT_CLICK,6,NONE
2,69227,BA_RIGHT_CLICK,6,NONE
2,69266,BA_RIGHT_CLICK,6,NONE
2,69283,BA_RIGHT_CLICK,6,NONE
2,69298,BA_RIGHT_CLICK,6,NONE
2,69349,BA_RIGHT_CLICK,6,NONE
2,69370,BA_RIGHT_CLICK,6,NONE
2,69416,BA_RIGHT_CLICK,6,NONE
2,69436,BA_RIGHT_CLICK,6,NONE
2,69497,BA_RIGHT_CLICK,6,NONE
2,69532,BA_RIGHT_CLICK,6,NONE
2,69548,BA_RIGHT_CLICK,6,NONE
2,69565,BA_RIGHT_CLICK,6,NONE
2,69631,BA_RIGHT_CLICK,6,NONE
2,69636,BA_RIGHT_CLICK,6,NONE
2,69683,BA_RIGHT_CLICK,6,NONE
2,69704,BA_RIGHT_CLICK,6,NONE
2,69763,BA_RIGHT_CLICK,6,NONE
2,69785,BA_RIGHT_CLICK,6,NONE
2,69813,BA_RIGHT_CLICK,6,NONE
2,69843,BA_RIGHT_CLICK,6,NONE
2,69883,BA_RIGHT_CLICK,6,NONE
2,69915,BA_RIGHT_CLICK,6,NONE
2,69951,BA_RIGHT_CLICK,6,NONE
2,69981,BA_RIGHT_CLICK,6,NONE
2,70017,BA_RIGHT_CLICK,6,NONE
2,70047,BA_RIGHT_CLICK,6,NONE
2,70083,BA_RIGHT_CLICK,6,NONE
2,70114,BA_RIGHT_CLICK,6,NONE
2,70149,BA_RIGHT_CLICK,6,NONE
2,70181,BA_RIGHT_CLICK,6,NONE
2,70216,BA_RIGHT_CLICK,6,NONE
2,70248,BA_RIGHT_CLICK,6,NONE
2,70283,BA_RIGHT_CLICK,6,NONE
2,70314,BA_RIGHT_CLICK,6,NONE
2,70350,BA_RIGHT_CLICK,6,NONE
2,70381,BA_RIGHT_CLICK,6,RIGHT_PRESS
2,70416,BA_RIGHT_CLICK,6,RIGHT_PRESS
2,70447,BA_RIGHT_CLICK,6,RIGHT_PRESS
2,70483,BA_RIGHT_CLICK,6,RIGHT_PRESS
2,70514,BA_RIGHT_CLICK,6,RIGHT_PRESS
2,70551,BA_RIGHT_CLICK,6,RIGHT_PRESS
2,70582,BA_RIGHT_CLICK,6,RIGHT_PRESS
2,70616,BA_RIGHT_CLICK,6,RIGHT_PRESS
2,70648,BA_RIGHT_CLICK,6,RIGHT_PRESS
2,70683,BA_RIGHT_CLICK,6,RIGHT_PRESS
2,70715,BA_RIGHT_CLICK,6,RIGHT_RELEASE
2,70751,BA_RIGHT_CLICK,6,RIGHT_RELEASE
2,70793,BA_RIGHT_CLICK,6,RIGHT_RELEASE
2,70801,BA_RIGHT_CLICK,6,RIGHT_RELEASE
2,70860,BA_RIGHT_CLICK,6,RIGHT_RELEASE
2,70900,BA_RIGHT_CLICK,6,RIGHT_RELEASE
2,70916,BA_RIGHT_CLICK,6,RIGHT_RELEASE
2,70931,BA_RIGHT_CLICK,6,RIGHT_RELEASE
2,70996,BA_RIGHT_CLICK,6,RIGHT_RELEASE
2,71016,BA_RIGHT_CLICK,6,RIGHT_RELEASE
2,71047,BA_RIGHT_CLICK,6,RIGHT_RELEASE
2,71066,BA_RIGHT_CLICK,6,RIGHT_RELEASE
2,71127,BA_RIGHT_CLICK,6,RIGHT_RELEASE
2,71166,BA_RIGHT_CLICK,6,RIGHT_RELEASE
2,71182,BA_RIGHT_CLICK,6,RIGHT_RELEASE
2,71198,BA_RIGHT_CLICK,6,RIGHT_RELEASE
2,71262,BA_RIGHT_CLICK,6,RIGHT_RELEASE
2,71283,BA_RIGHT_CLICK,6,RIGHT_RELEASE
2,72614,BA_RIGHT_CLICK,7,NONE
2,72663,BA_RIGHT_CLICK,7,NONE
2,72693,BA_RIGHT_CLICK,7,NONE
2,72698,BA_RIGHT_CLICK,7,NONE
2,72763,BA_RIGHT_CLICK,7,NONE
2,72799,BA_RIGHT_CLICK,7,NONE
2,72815,BA_RIGHT_CLICK,7,NONE
2,72833,BA_RIGHT_CLICK,7,NONE
2,72897,BA_RIGHT_CLICK,7,NONE
2,72934,BA_RIGHT_CLICK,7,NONE
2,72964,BA_RIGHT_CLICK,7,NONE
2,72971,BA_RIGHT_CLICK,7,NONE
2,73027,BA_RIGHT_CLICK,7,NONE
2,73067,BA_RIGHT_CLICK,7,NONE
2,73097,BA_RIGHT_CLICK,7,NONE
2,73103,BA_RIGHT_CLICK,7,NONE
2,73159,BA_RIGHT_CLICK,7,NONE
2,73183,BA_RIGHT_CLICK,7,NONE
2,73214,BA_RIGHT_CLICK,7,NONE
2,73234,BA_RIGHT_CLICK,7,NONE
2,73293,BA_RIGHT_CLICK,7,NONE
2,73332,BA_RIGHT_CLICK,7,NONE
2,73362,BA_RIGHT_CLICK,7,NONE
2,73430,BA_RIGHT_CLICK,7,NONE
2,73450,BA_RIGHT_CLICK,7,NONE
2,73480,BA_RIGHT_CLICK,7,NONE
2,73499,BA_RIGHT_CLICK,7,NONE
2,73560,BA_RIGHT_CLICK,7,NONE
2,73601,BA_RIGHT_CLICK,7,NONE
2,73631,BA_RIGHT_CLICK,7,NONE
2,73648,BA_RIGHT_CLICK,7,NONE
2,73682,BA_RIGHT_CLICK,7,NONE
2,73712,BA_RIGHT_CLICK,7,NONE
2,73752,BA_RIGHT_CLICK,7,NONE
2,73782,BA_RIGHT_CLICK,7,NONE
2,73817,BA_RIGHT_CLICK,7,NONE
2,73849,BA_RIGHT_CLICK,7,NONE
2,73884,BA_RIGHT_CLICK,7,NONE
2,73915,BA_RIGHT_CLICK,7,NONE
2,73950,BA_RIGHT_CLICK,7,RIGHT_PRESS
2,73981,BA_RIGHT_CLICK,7,RIGHT_PRESS
2,74017,BA_RIGHT_CLICK,7,RIGHT_PRESS
2,74049,BA_RIGHT_CLICK,7,RIGHT_PRESS
2,74083,BA_RIGHT_CLICK,7,RIGHT_PRESS
2,74115,BA_RIGHT_CLICK,7,RIGHT_PRESS
2,74150,BA_RIGHT_CLICK,7,RIGHT_PRESS
2,74182,BA_RIGHT_CLICK,7,RIGHT_PRESS
2,74216,BA_RIGHT_CLICK,7,RIGHT_PRESS
2,74248,BA_RIGHT_CLICK,7,RIGHT_RELEASE
2,74283,BA_RIGHT_CLICK,7,RIGHT_RELEASE
2,74314,BA_RIGHT_CLICK,7,RIGHT_RELEASE
2,74352,BA_RIGHT_CLICK,7,RIGHT_RELEASE
2,74382,BA_RIGHT_CLICK,7,RIGHT_RELEASE
2,74417,BA_RIGHT_CLICK,7,RIGHT_RELEASE
2,74449,BA_RIGHT_CLICK,7,RIGHT_RELEASE
2,74484,BA_RIGHT_CLICK,7,RIGHT_RELEASE
2,74515,BA_RIGHT_CLICK,7,RIGHT_RELEASE
2,74551,BA_RIGHT_CLICK,7,RIGHT_RELEASE
2,74592,BA_RIGHT_CLICK,7,RIGHT_RELEASE
2,74602,BA_RIGHT_CLICK,7,RIGHT_RELEASE
2,74663,BA_RIGHT_CLICK,7,RIGHT_RELEASE
2,74700,BA_RIGHT_CLICK,7,RIGHT_RELEASE
2,74717,BA_RIGHT_CLICK,7,RIGHT_RELEASE
2,74734,BA_RIGHT_CLICK,7,RIGHT_RELEASE
2,74791,BA_RIGHT_CLICK,7,NONE
2,74804,BA_RIGHT_CLICK,7,NONE
2,74849,BA_RIGHT_CLICK,7,NONE
2,74869,BA_RIGHT_CLICK,7,NONE
2,76504,BA_RIGHT_CLICK,8,NONE
2,76563,BA_RIGHT_CLICK,8,NONE
2,76600,BA_RIGHT_CLICK,8,NONE
2,76617,BA_RIGHT_CLICK,8,NONE
2,76634,BA_RIGHT_CLICK,8,NONE
2,76696,BA_RIGHT_CLICK,8,NONE
2,76733,BA_RIGHT_CLICK,8,NONE
2,76764,BA_RIGHT_CLICK,8,NONE
2,76771,BA_RIGHT_CLICK,8,NONE
2,76829,BA_RIGHT_CLICK,8,NONE
2,76866,BA_RIGHT_CLICK,8,NONE
2,76897,BA_RIGHT_CLICK,8,NONE
2,76905,BA_RIGHT_CLICK,8,NONE
2,76963,BA_RIGHT_CLICK,8,NONE
2,76999,BA_RIGHT_CLICK,8,NONE
2,77030,BA_RIGHT_CLICK,8,NONE
2,77037,BA_RIGHT_CLICK,8,NONE
2,77094,BA_RIGHT_CLICK,8,NONE
2,77131,BA_RIGHT_CLICK,8,NONE
2,77163,BA_RIGHT_CLICK,8,NONE
2,77170,BA_RIGHT_CLICK,8,NONE
2,77228,BA_RIGHT_CLICK,8,NONE
2,77264,BA_RIGHT_CLICK,8,NONE
2,77296,BA_RIGHT_CLICK,8,NONE
2,77303,BA_RIGHT_CLICK,8,NONE
2,77359,BA_RIGHT_CLICK,8,NONE
2,77398,BA_RIGHT_CLICK,8,NONE
2,77429,BA_RIGHT_CLICK,8,NONE
2,77445,BA_RIGHT_CLICK,8,NONE
2,77491,BA_RIGHT_CLICK,8,NONE
2,77509,BA_RIGHT_CLICK,8,NONE
2,77560,BA_RIGHT_CLICK,8,NONE
2,77578,BA_RIGHT_CLICK,8,NONE
2,77613,BA_RIGHT_CLICK,8,NONE
2,77642,BA_RIGHT_CLICK,8,NONE
2,77684,BA_RIGHT_CLICK,8,NONE
2,77713,BA_RIGHT_CLICK,8,NONE
2,77747,BA_RIGHT_CLICK,8,NONE
2,77778,BA_RIGHT_CLICK,8,NONE
2,77814,BA_RIGHT_CLICK,8,NONE
2,77845,BA_RIGHT_CLICK,8,NONE
2,77880,BA_RIGHT_CLICK,8,NONE
2,77911,BA_RIGHT_CLICK,8,NONE
2,77948,BA_RIGHT_CLICK,8,RIGHT_RELEASE
2,77979,BA_RIGHT_CLICK,8,RIGHT_RELEASE
2,78014,BA_RIGHT_CLICK,8,RIGHT_RELEASE
2,78045,BA_RIGHT_CLICK,8,NONE
2,78080,BA_RIGHT_CLICK,8,RIGHT_PRESS
2,78111,BA_RIGHT_CLICK,8,RIGHT_PRESS
2,78146,BA_RIGHT_CLICK,8,RIGHT_PRESS
2,78178,BA_RIGHT_CLICK,8,RIGHT_PRESS
2,78213,BA_RIGHT_CLICK,8,RIGHT_RELEASE
2,78244,BA_RIGHT_CLICK,8,RIGHT_RELEASE
2,78281,BA_RIGHT_CLICK,8,RIGHT_RELEASE
2,78311,BA_RIGHT_CLICK,8,RIGHT_RELEASE
2,78347,BA_RIGHT_CLICK,8,RIGHT_RELEASE
2,78388,BA_RIGHT_CLICK,8,RIGHT_RELEASE
2,78400,BA_RIGHT_CLICK,8,RIGHT_RELEASE
2,78458,BA_RIGHT_CLICK,8,RIGHT_RELEASE
2,78479,BA_RIGHT_CLICK,8,RIGHT_RELEASE
2,78509,BA_RIGHT_CLICK,8,RIGHT_RELEASE
2,78529,BA_RIGHT_CLICK,8,RIGHT_RELEASE
2,78589,BA_RIGHT_CLICK,8,RIGHT_RELEASE
2,78628,BA_RIGHT_CLICK,8,RIGHT_RELEASE
2,78659,BA_RIGHT_CLICK,8,RIGHT_RELEASE
2,78665,BA_RIGHT_CLICK,8,RIGHT_RELEASE
2,78725,BA_RIGHT_CLICK,8,RIGHT_RELEASE
2,78761,BA_RIGHT_CLICK,8,RIGHT_RELEASE
2,78792,BA_RIGHT_CLICK,8,RIGHT_RELEASE
2,78798,BA_RIGHT_CLICK,8,RIGHT_RELEASE
2,78857,BA_RIGHT_CLICK,8,RIGHT_RELEASE
2,78894,BA_RIGHT_CLICK,8,RIGHT_RELEASE
2,78925,BA_RIGHT_CLICK,8,RIGHT_RELEASE
2,78932,BA_RIGHT_CLICK,8,RIGHT_RELEASE
2,78991,BA_RIGHT_CLICK,8,RIGHT_RELEASE
2,79028,BA_RIGHT_CLICK,8,RIGHT_RELEASE
2,79058,BA_RIGHT_CLICK,8,RIGHT_RELEASE
2,79066,BA_RIGHT_CLICK,8,RIGHT_RELEASE
2,79124,BA_RIGHT_CLICK,8,RIGHT_RELEASE
2,79161,BA_RIGHT_CLICK,8,RIGHT_RELEASE
2,79179,BA_RIGHT_CLICK,8,RIGHT_RELEASE
2,79194,BA_RIGHT_CLICK,8,RIGHT_RELEASE
2,79251,BA_RIGHT_CLICK,8,RIGHT_RELEASE
2,80954,BA_RIGHT_CLICK,9,NONE
2,80962,BA_RIGHT_CLICK,9,NONE
2,81022,BA_RIGHT_CLICK,9,NONE
2,81056,BA_RIGHT_CLICK,9,NONE
2,81088,BA_RIGHT_CLICK,9,NONE
2,81094,BA_RIGHT_CLICK,9,NONE
2,81152,BA_RIGHT_CLICK,9,NONE
2,81189,BA_RIGHT_CLICK,9,NONE
2,81221,BA_RIGHT_CLICK,9,NONE
2,81238,BA_RIGHT_CLICK,9,NONE
2,81284,BA_RIGHT_CLICK,9,NONE
2,81302,BA_RIGHT_CLICK,9,NONE
2,81339,BA_RIGHT_CLICK,9,NONE
2,81370,BA_RIGHT_CLICK,9,NONE
2,81408,BA_RIGHT_CLICK,9,NONE
2,81438,BA_RIGHT_CLICK,9,NONE
2,81473,BA_RIGHT_CLICK,9,NONE
2,81505,BA_RIGHT_CLICK,9,NONE
2,81539,BA_RIGHT_CLICK,9,NONE
2,81570,BA_RIGHT_CLICK,9,NONE
2,81607,BA_RIGHT_CLICK,9,NONE
2,81638,BA_RIGHT_CLICK,9,NONE
2,81673,BA_RIGHT_CLICK,9,NONE
2,81703,BA_RIGHT_CLICK,9,NONE
2,81741,BA_RIGHT_CLICK,9,NONE
2,81771,BA_RIGHT_CLICK,9,NONE
2,81807,BA_RIGHT_CLICK,9,NONE
2,81837,BA_RIGHT_CLICK,9,NONE
2,81873,BA_RIGHT_CLICK,9,NONE
2,81903,BA_RIGHT_CLICK,9,NONE
2,81940,BA_RIGHT_CLICK,9,NONE
2,81970,BA_RIGHT_CLICK,9,NONE
2,82007,BA_RIGHT_CLICK,9,NONE
2,82037,BA_RIGHT_CLICK,9,NONE
2,82072,BA_RIGHT_CLICK,9,NONE
2,82104,BA_RIGHT_CLICK,9,NONE
2,82140,BA_RIGHT_CLICK,9,NONE
2,82183,BA_RIGHT_CLICK,9,NONE
2,82205,BA_RIGHT_CLICK,9,NONE
2,82236,BA_RIGHT_CLICK,9,NONE
2,82256,BA_RIGHT_CLICK,9,NONE
2,82316,BA_RIGHT_CLICK,9,NONE
2,82355,BA_RIGHT_CLICK,9,NONE
2,82386,BA_RIGHT_CLICK,9,RIGHT_PRESS
2,82391,BA_RIGHT_CLICK,9,RIGHT_PRESS
2,82450,BA_RIGHT_CLICK,9,RIGHT_PRESS
2,82487,BA_RIGHT_CLICK,9,RIGHT_PRESS
2,82518,BA_RIGHT_CLICK,9,RIGHT_PRESS
2,82525,BA_RIGHT_CLICK,9,RIGHT_PRESS
2,82578,BA_RIGHT_CLICK,9,RIGHT_PRESS
2,82587,BA_RIGHT_CLICK,9,RIGHT_PRESS
2,82650,BA_RIGHT_CLICK,9,RIGHT_RELEASE
2,82687,BA_RIGHT_CLICK,9,RIGHT_RELEASE
2,82718,BA_RIGHT_CLICK,9,RIGHT_RELEASE
2,82725,BA_RIGHT_CLICK,9,RIGHT_RELEASE
2,82784,BA_RIGHT_CLICK,9,RIGHT_RELEASE
2,82821,BA_RIGHT_CLICK,9,RIGHT_RELEASE
2,82852,BA_RIGHT_CLICK,9,RIGHT_RELEASE
2,82859,BA_RIGHT_CLICK,9,RIGHT_RELEASE
2,82916,BA_RIGHT_CLICK,9,RIGHT_RELEASE
2,82954,BA_RIGHT_CLICK,9,RIGHT_RELEASE
2,82986,BA_RIGHT_CLICK,9,RIGHT_RELEASE
2,83055,BA_RIGHT_CLICK,9,RIGHT_RELEASE
2,83087,BA_RIGHT_CLICK,9,RIGHT_RELEASE
2,83119,BA_RIGHT_CLICK,9,RIGHT_RELEASE
2,83133,BA_RIGHT_CLICK,9,RIGHT_RELEASE
2,83169,BA_RIGHT_CLICK,9,NONE
2,83200,BA_RIGHT_CLICK,9,NONE
2,83238,BA_RIGHT_CLICK,9,NONE
2,83268,BA_RIGHT_CLICK,9,NONE
2,83302,BA_RIGHT_CLICK,9,NONE
2,83331,BA_RIGHT_CLICK,9,NONE
2,83372,BA_RIGHT_CLICK,9,NONE
2,86081,BA_SCROLL,0,SCROLL_UP
2,86113,BA_SCROLL,0,SCROLL_UP
2,86119,BA_SCROLL,0,SCROLL_UP
2,86179,BA_SCROLL,0,SCROLL_UP
2,86216,BA_SCROLL,0,NONE
2,86247,BA_SCROLL,0,NONE
2,86253,BA_SCROLL,0,NONE
2,86311,BA_SCROLL,0,NONE
2,86349,BA_SCROLL,0,NONE
2,86380,BA_SCROLL,0,NONE
2,86386,BA_SCROLL,0,NONE
2,86446,BA_SCROLL,0,NONE
2,86482,BA_SCROLL,0,SCROLL_DOWN
2,86513,BA_SCROLL,0,SCROLL_DOWN
2,86518,BA_SCROLL,0,SCROLL_DOWN
2,86578,BA_SCROLL,0,SCROLL_DOWN
2,86615,BA_SCROLL,0,SCROLL_DOWN
2,86646,BA_SCROLL,0,SCROLL_DOWN
2,86651,BA_SCROLL,0,SCROLL_DOWN
2,86712,BA_SCROLL,0,SCROLL_DOWN
2,86749,BA_SCROLL,0,SCROLL_DOWN
2,86779,BA_SCROLL,0,SCROLL_DOWN
2,86785,BA_SCROLL,0,SCROLL_DOWN
2,86845,BA_SCROLL,0,SCROLL_DOWN
2,86881,BA_SCROLL,0,NONE
2,86913,BA_SCROLL,0,NONE
2,86929,BA_SCROLL,0,SCROLL_UP
2,86975,BA_SCROLL,0,SCROLL_UP
2,86993,BA_SCROLL,0,SCROLL_UP
2,87031,BA_SCROLL,0,SCROLL_UP
2,87061,BA_SCROLL,0,SCROLL_UP
2,87100,BA_SCROLL,0,SCROLL_UP
2,87131,BA_SCROLL,0,SCROLL_UP
2,87166,BA_SCROLL,0,SCROLL_UP
2,87196,BA_SCROLL,0,SCROLL_UP
2,87232,BA_SCROLL,0,SCROLL_UP
2,87262,BA_SCROLL,0,SCROLL_UP
2,87300,BA_SCROLL,0,SCROLL_UP
2,87329,BA_SCROLL,0,NONE
2,87364,BA_SCROLL,0,SCROLL_DOWN
2,87395,BA_SCROLL,0,SCROLL_DOWN
2,87433,BA_SCROLL,0,SCROLL_DOWN
2,87463,BA_SCROLL,0,SCROLL_DOWN
2,87499,BA_SCROLL,0,SCROLL_DOWN
2,87529,BA_SCROLL,0,SCROLL_DOWN
2,87563,BA_SCROLL,0,SCROLL_DOWN
2,87595,BA_SCROLL,0,SCROLL_DOWN
2,87632,BA_SCROLL,0,SCROLL_DOWN
2,87663,BA_SCROLL,0,SCROLL_DOWN
2,87697,BA_SCROLL,0,SCROLL_DOWN
2,87728,BA_SCROLL,0,SCROLL_DOWN
2,87765,BA_SCROLL,0,SCROLL_DOWN
2,87797,BA_SCROLL,0,NONE
2,87832,BA_SCROLL,0,SCROLL_UP
2,87873,BA_SCROLL,0,SCROLL_UP
2,87913,BA_SCROLL,0,SCROLL_UP
2,87945,BA_SCROLL,0,SCROLL_UP
2,87950,BA_SCROLL,0,SCROLL_UP
2,88009,BA_SCROLL,0,SCROLL_UP
2,88047,BA_SCROLL,0,SCROLL_UP
2,88078,BA_SCROLL,0,SCROLL_UP
2,88084,BA_SCROLL,0,SCROLL_UP
2,88144,BA_SCROLL,0,SCROLL_UP
2,88180,BA_SCROLL,0,SCROLL_DOWN
2,88211,BA_SCROLL,0,SCROLL_DOWN
2,88282,BA_SCROLL,0,SCROLL_DOWN
2,88312,BA_SCROLL,0,SCROLL_DOWN
2,88345,BA_SCROLL,0,SCROLL_DOWN
2,88352,BA_SCROLL,0,SCROLL_DOWN
2,88408,BA_SCROLL,0,SCROLL_DOWN
2,88446,BA_SCROLL,0,SCROLL_DOWN
2,88478,BA_SCROLL,0,SCROLL_DOWN
2,88484,BA_SCROLL,0,SCROLL_DOWN
2,88543,BA_SCROLL,0,SCROLL_DOWN
2,88578,BA_SCROLL,0,SCROLL_DOWN
2,88611,BA_SCROLL,0,SCROLL_DOWN
2,88617,BA_SCROLL,0,SCROLL_DOWN
2,88675,BA_SCROLL,0,SCROLL_UP
2,88711,BA_SCROLL,0,SCROLL_UP
2,88744,BA_SCROLL,0,SCROLL_UP
2,88750,BA_SCROLL,0,SCROLL_UP
2,88808,BA_SCROLL,0,SCROLL_UP
2,88826,BA_SCROLL,0,SCROLL_UP
2,88873,BA_SCROLL,0,SCROLL_UP
2,88891,BA_SCROLL,0,SCROLL_UP
2,88941,BA_SCROLL,0,SCROLL_UP
2,88958,BA_SCROLL,0,SCROLL_UP
2,89006,BA_SCROLL,0,SCROLL_DOWN
2,89025,BA_SCROLL,0,SCROLL_DOWN
2,89074,BA_SCROLL,0,SCROLL_DOWN
2,89091,BA_SCROLL,0,SCROLL_DOWN
2,89140,BA_SCROLL,0,SCROLL_DOWN
2,89158,BA_SCROLL,0,SCROLL_DOWN
2,89206,BA_SCROLL,0,SCROLL_DOWN
2,89223,BA_SCROLL,0,SCROLL_DOWN
2,89261,BA_SCROLL,0,SCROLL_DOWN
2,89290,BA_SCROLL,0,SCROLL_DOWN
2,89331,BA_SCROLL,0,SCROLL_DOWN
2,89361,BA_SCROLL,0,SCROLL_DOWN
2,89397,BA_SCROLL,0,SCROLL_DOWN
2,89428,BA_SCROLL,0,SCROLL_DOWN
2,89478,BA_SCROLL,0,SCROLL_DOWN
2,89494,BA_SCROLL,0,SCROLL_UP
2,89525,BA_SCROLL,0,SCROLL_UP
2,89554,BA_SCROLL,0,SCROLL_UP
2,89598,BA_SCROLL,0,SCROLL_UP
2,89629,BA_SCROLL,0,SCROLL_UP
2,89676,BA_SCROLL,0,SCROLL_UP
2,89693,BA_SCROLL,0,SCROLL_UP
2,89738,BA_SCROLL,0,SCROLL_UP
2,89769,BA_SCROLL,0,SCROLL_UP
2,89780,BA_SCROLL,0,SCROLL_UP
2,89838,BA_SCROLL,0,SCROLL_DOWN
2,89876,BA_SCROLL,0,SCROLL_DOWN
2,89910,BA_SCROLL,0,SCROLL_DOWN
2,89916,BA_SCROLL,0,SCROLL_DOWN
2,89975,BA_SCROLL,0,SCROLL_DOWN
2,90011,BA_SCROLL,0,SCROLL_DOWN
2,90043,BA_SCROLL,0,SCROLL_DOWN
2,90050,BA_SCROLL,0,SCROLL_DOWN
2,90106,BA_SCROLL,0,SCROLL_DOWN
2,90143,BA_SCROLL,0,SCROLL_DOWN
2,90176,BA_SCROLL,0,SCROLL_DOWN
2,90181,BA_SCROLL,0,SCROLL_DOWN
2,90240,BA_SCROLL,0,SCROLL_DOWN
2,90276,BA_SCROLL,0,SCROLL_DOWN
2,90309,BA_SCROLL,0,SCROLL_DOWN
2,90315,BA_SCROLL,0,NONE
2,90373,BA_SCROLL,0,SCROLL_UP
2,90409,BA_SCROLL,0,SCROLL_UP
2,90442,BA_SCROLL,0,SCROLL_UP
2,90449,BA_SCROLL,0,SCROLL_UP
2,90506,BA_SCROLL,0,SCROLL_UP
2,90544,BA_SCROLL,0,SCROLL_UP
2,90575,BA_SCROLL,0,SCROLL_UP
2,90581,BA_SCROLL,0,SCROLL_UP
2,90639,BA_SCROLL,0,SCROLL_UP
2,90677,BA_SCROLL,0,NONE
2,90709,BA_SCROLL,0,NONE
2,90725,BA_SCROLL,0,SCROLL_DOWN
2,90771,BA_SCROLL,0,SCROLL_DOWN
2,90789,BA_SCROLL,0,SCROLL_DOWN
2,90840,BA_SCROLL,0,SCROLL_DOWN
2,90858,BA_SCROLL,0,SCROLL_DOWN
2,90905,BA_SCROLL,0,SCROLL_DOWN
2,90922,BA_SCROLL,0,SCROLL_DOWN
2,90973,BA_SCROLL,0,SCROLL_DOWN
2,90990,BA_SCROLL,0,SCROLL_DOWN
2,91038,BA_SCROLL,0,SCROLL_DOWN
2,91055,BA_SCROLL,0,SCROLL_DOWN
2,91105,BA_SCROLL,0,SCROLL_DOWN
2,91123,BA_SCROLL,0,SCROLL_DOWN
2,91172,BA_SCROLL,0,SCROLL_DOWN
2,91190,BA_SCROLL,0,SCROLL_DOWN
2,91237,BA_SCROLL,0,SCROLL_DOWN
2,91255,BA_SCROLL,0,SCROLL_DOWN
2,91305,BA_SCROLL,0,SCROLL_DOWN
2,91323,BA_SCROLL,0,SCROLL_DOWN
2,91358,BA_SCROLL,0,SCROLL_DOWN
2,91388,BA_SCROLL,0,SCROLL_DOWN
2,91428,BA_SCROLL,0,SCROLL_DOWN
2,91459,BA_SCROLL,0,SCROLL_DOWN
2,92404,BA_SCROLL,1,SCROLL_UP
2,92411,BA_SCROLL,1,SCROLL_UP
2,92472,BA_SCROLL,1,SCROLL_UP
2,92508,BA_SCROLL,1,SCROLL_UP
2,92538,BA_SCROLL,1,SCROLL_DOWN
2,92545,BA_SCROLL,1,SCROLL_DOWN
2,92598,BA_SCROLL,1,SCROLL_DOWN
2,92614,BA_SCROLL,1,SCROLL_DOWN
2,92660,BA_SCROLL,1,SCROLL_DOWN
2,92691,BA_SCROLL,1,SCROLL_DOWN
2,92738,BA_SCROLL,1,SCROLL_DOWN
2,92757,BA_SCROLL,1,SCROLL_DOWN
2,92790,BA_SCROLL,1,SCROLL_DOWN
2,92819,BA_SCROLL,1,SCROLL_DOWN
2,92862,BA_SCROLL,1,SCROLL_DOWN
2,92892,BA_SCROLL,1,SCROLL_DOWN
2,92939,BA_SCROLL,1,SCROLL_DOWN
2,92957,BA_SCROLL,1,NONE
2,93003,BA_SCROLL,1,SCROLL_UP
2,93020,BA_SCROLL,1,SCROLL_UP
2,93070,BA_SCROLL,1,SCROLL_UP
2,93088,BA_SCROLL,1,SCROLL_UP
2,93124,BA_SCROLL,1,SCROLL_UP
2,93153,BA_SCROLL,1,SCROLL_UP
2,93194,BA_SCROLL,1,SCROLL_UP
2,93224,BA_SCROLL,1,SCROLL_UP
2,93260,BA_SCROLL,1,SCROLL_UP
2,93290,BA_SCROLL,1,SCROLL_UP
2,93325,BA_SCROLL,1,SCROLL_DOWN
2,93355,BA_SCROLL,1,SCROLL_DOWN
2,93392,BA_SCROLL,1,SCROLL_DOWN
2,93424,BA_SCROLL,1,SCROLL_DOWN
2,93473,BA_SCROLL,1,SCROLL_DOWN
2,93491,BA_SCROLL,1,SCROLL_DOWN
2,93536,BA_SCROLL,1,SCROLL_DOWN
2,93565,BA_SCROLL,1,SCROLL_DOWN
2,93580,BA_SCROLL,1,SCROLL_DOWN
2,93639,BA_SCROLL,1,SCROLL_DOWN
2,93674,BA_SCROLL,1,SCROLL_DOWN
2,93704,BA_SCROLL,1,SCROLL_DOWN
2,93710,BA_SCROLL,1,NONE
2,93771,BA_SCROLL,1,SCROLL_UP
2,93807,BA_SCROLL,1,SCROLL_UP
2,93837,BA_SCROLL,1,SCROLL_UP
2,93903,BA_SCROLL,1,SCROLL_UP
2,93939,BA_SCROLL,1,SCROLL_UP
2,93972,BA_SCROLL,1,SCROLL_UP
2,93978,BA_SCROLL,1,SCROLL_UP
2,94038,BA_SCROLL,1,SCROLL_UP
2,94074,BA_SCROLL,1,SCROLL_UP
2,94106,BA_SCROLL,1,SCROLL_UP
2,94112,BA_SCROLL,1,NONE
2,94171,BA_SCROLL,1,SCROLL_DOWN
2,94207,BA_SCROLL,1,SCROLL_DOWN
2,94237,BA_SCROLL,1,SCROLL_DOWN
2,94243,BA_SCROLL,1,SCROLL_DOWN
2,94303,BA_SCROLL,1,SCROLL_DOWN
2,94339,BA_SCROLL,1,SCROLL_DOWN
2,94371,BA_SCROLL,1,SCROLL_DOWN
2,94376,BA_SCROLL,1,SCROLL_DOWN
2,94437,BA_SCROLL,1,SCROLL_DOWN
2,94473,BA_SCROLL,1,SCROLL_DOWN
2,94503,BA_SCROLL,1,NONE
2,94520,BA_SCROLL,1,NONE
2,94556,BA_SCROLL,1,SCROLL_UP
2,94585,BA_SCROLL,1,SCROLL_UP
2,94627,BA_SCROLL,1,SCROLL_UP
2,94658,BA_SCROLL,1,SCROLL_UP
2,94693,BA_SCROLL,1,SCROLL_UP
2,94724,BA_SCROLL,1,SCROLL_UP
2,94768,BA_SCROLL,1,SCROLL_UP
2,94783,BA_SCROLL,1,SCROLL_UP
2,94832,BA_SCROLL,1,SCROLL_UP
2,94848,BA_SCROLL,1,SCROLL_UP
2,94886,BA_SCROLL,1,SCROLL_UP
2,94915,BA_SCROLL,1,SCROLL_UP
2,94957,BA_SCROLL,1,NONE
2,94987,BA_SCROLL,1,SCROLL_DOWN
2,95023,BA_SCROLL,1,SCROLL_DOWN
2,95054,BA_SCROLL,1,SCROLL_DOWN
2,95092,BA_SCROLL,1,SCROLL_DOWN
2,95121,BA_SCROLL,1,SCROLL_DOWN
2,95158,BA_SCROLL,1,SCROLL_DOWN
2,95189,BA_SCROLL,1,SCROLL_DOWN
2,95237,BA_SCROLL,1,SCROLL_DOWN
2,95255,BA_SCROLL,1,SCROLL_DOWN
2,95301,BA_SCROLL,1,SCROLL_DOWN
2,95318,BA_SCROLL,1,SCROLL_DOWN
2,95356,BA_SCROLL,1,NONE
2,95384,BA_SCROLL,1,NONE
2,95426,BA_SCROLL,1,SCROLL_UP
2,95468,BA_SCROLL,1,SCROLL_UP
2,95505,BA_SCROLL,1,SCROLL_UP
2,95538,BA_SCROLL,1,SCROLL_UP
2,95543,BA_SCROLL,1,SCROLL_UP
2,95603,BA_SCROLL,1,SCROLL_UP
2,95639,BA_SCROLL,1,SCROLL_UP
2,95669,BA_SCROLL,1,SCROLL_UP
2,95675,BA_SCROLL,1,SCROLL_UP
2,95735,BA_SCROLL,1,SCROLL_UP
2,95772,BA_SCROLL,1,NONE
2,95803,BA_SCROLL,1,SCROLL_DOWN
2,95809,BA_SCROLL,1,SCROLL_DOWN
2,95869,BA_SCROLL,1,SCROLL_DOWN
2,95905,BA_SCROLL,1,SCROLL_DOWN
2,95936,BA_SCROLL,1,SCROLL_DOWN
2,95941,BA_SCROLL,1,SCROLL_DOWN
2,96003,BA_SCROLL,1,SCROLL_DOWN
2,96038,BA_SCROLL,1,SCROLL_DOWN
2,96069,BA_SCROLL,1,SCROLL_DOWN
2,96075,BA_SCROLL,1,SCROLL_DOWN
2,96136,BA_SCROLL,1,SCROLL_DOWN
2,96172,BA_SCROLL,1,NONE
2,96202,BA_SCROLL,1,SCROLL_UP
2,96208,BA_SCROLL,1,SCROLL_UP
2,96269,BA_SCROLL,1,SCROLL_UP
2,96305,BA_SCROLL,1,SCROLL_UP
2,96336,BA_SCROLL,1,SCROLL_UP
2,96341,BA_SCROLL,1,SCROLL_UP
2,96402,BA_SCROLL,1,SCROLL_UP
2,96420,BA_SCROLL,1,SCROLL_UP
2,96472,BA_SCROLL,1,SCROLL_UP
2,96490,BA_SCROLL,1,SCROLL_UP
2,96521,BA_SCROLL,1,SCROLL_UP
2,96551,BA_SCROLL,1,NONE
2,96592,BA_SCROLL,1,NONE
2,96622,BA_SCROLL,1,SCROLL_DOWN
2,96669,BA_SCROLL,1,SCROLL_DOWN
2,96688,BA_SCROLL,1,SCROLL_DOWN
2,96732,BA_SCROLL,1,SCROLL_DOWN
2,96749,BA_SCROLL,1,SCROLL_DOWN
2,96788,BA_SCROLL,1,SCROLL_DOWN
2,96818,BA_SCROLL,1,SCROLL_DOWN
2,96858,BA_SCROLL,1,SCROLL_DOWN
2,96888,BA_SCROLL,1,SCROLL_DOWN
2,96936,BA_SCROLL,1,SCROLL_DOWN
2,96954,BA_SCROLL,1,SCROLL_DOWN
2,97000,BA_SCROLL,1,SCROLL_DOWN
2,97018,BA_SCROLL,1,SCROLL_DOWN
2,97067,BA_SCROLL,1,SCROLL_DOWN
2,97085,BA_SCROLL,1,SCROLL_DOWN
2,97133,BA_SCROLL,1,SCROLL_DOWN
2,97151,BA_SCROLL,1,SCROLL_DOWN
2,97200,BA_SCROLL,1,SCROLL_DOWN
2,97218,BA_SCROLL,1,SCROLL_DOWN
2,97267,BA_SCROLL,1,SCROLL_DOWN
2,97285,BA_SCROLL,1,SCROLL_DOWN
2,97334,BA_SCROLL,1,NONE
2,97363,BA_SCROLL,1,NONE
2,97375,BA_SCROLL,1,NONE
2,98898,BA_SCROLL,2,NONE
2,98915,BA_SCROLL,2,NONE
2,98965,BA_SCROLL,2,NONE
2,98983,BA_SCROLL,2,SCROLL_DOWN
2,99032,BA_SCROLL,2,SCROLL_DOWN
2,99051,BA_SCROLL,2,SCROLL_DOWN
2,99099,BA_SCROLL,2,SCROLL_DOWN
2,99117,BA_SCROLL,2,SCROLL_DOWN
2,99165,BA_SCROLL,2,SCROLL_DOWN
2,99183,BA_SCROLL,2,SCROLL_DOWN
2,99232,BA_SCROLL,2,NONE
2,99261,BA_SCROLL,2,NONE
2,99274,BA_SCROLL,2,NONE
2,99331,BA_SCROLL,2,NONE
2,99369,BA_SCROLL,2,NONE
2,99402,BA_SCROLL,2,NONE
2,99407,BA_SCROLL,2,SCROLL_UP
2,99466,BA_SCROLL,2,SCROLL_UP
2,99502,BA_SCROLL,2,SCROLL_UP
2,99533,BA_SCROLL,2,SCROLL_UP
2,99540,BA_SCROLL,2,SCROLL_UP
2,99600,BA_SCROLL,2,SCROLL_UP
2,99637,BA_SCROLL,2,SCROLL_UP
2,99667,BA_SCROLL,2,SCROLL_UP
2,99674,BA_SCROLL,2,SCROLL_UP
2,99732,BA_SCROLL,2,NONE
2,99768,BA_SCROLL,2,SCROLL_DOWN
2,99801,BA_SCROLL,2,SCROLL_DOWN
2,99807,BA_SCROLL,2,SCROLL_DOWN
2,99867,BA_SCROLL,2,SCROLL_DOWN
2,99903,BA_SCROLL,2,SCROLL_DOWN
2,99933,BA_SCROLL,2,SCROLL_DOWN
2,99939,BA_SCROLL,2,SCROLL_DOWN
2,100000,BA_SCROLL,2,SCROLL_DOWN
2,100036,BA_SCROLL,2,SCROLL_DOWN
2,100067,BA_SCROLL,2,SCROLL_DOWN
2,100073,BA_SCROLL,2,SCROLL_DOWN
2,100133,BA_SCROLL,2,SCROLL_DOWN
2,100169,BA_SCROLL,2,SCROLL_DOWN
2,100200,BA_SCROLL,2,NONE
2,100217,BA_SCROLL,2,SCROLL_UP
2,100264,BA_SCROLL,2,SCROLL_UP
2,100281,BA_SCROLL,2,SCROLL_UP
2,100333,BA_SCROLL,2,SCROLL_UP
2,100351,BA_SCROLL,2,SCROLL_UP
2,100398,BA_SCROLL,2,SCROLL_UP
2,100415,BA_SCROLL,2,SCROLL_UP
2,100465,BA_SCROLL,2,SCROLL_UP
2,100482,BA_SCROLL,2,SCROLL_DOWN
2,100531,BA_SCROLL,2,SCROLL_DOWN
2,100550,BA_SCROLL,2,SCROLL_DOWN
2,100598,BA_SCROLL,2,SCROLL_DOWN
2,100616,BA_SCROLL,2,SCROLL_DOWN
2,100665,BA_SCROLL,2,SCROLL_DOWN
2,100683,BA_SCROLL,2,SCROLL_DOWN
2,100718,BA_SCROLL,2,SCROLL_DOWN
2,100747,BA_SCROLL,2,SCROLL_DOWN
2,100790,BA_SCROLL,2,SCROLL_DOWN
2,100820,BA_SCROLL,2,SCROLL_DOWN
2,100866,BA_SCROLL,2,SCROLL_DOWN
2,100884,BA_SCROLL,2,SCROLL_DOWN
2,100930,BA_SCROLL,2,NONE
2,100948,BA_SCROLL,2,SCROLL_UP
2,100986,BA_SCROLL,2,SCROLL_UP
2,101016,BA_SCROLL,2,SCROLL_UP
2,101056,BA_SCROLL,2,SCROLL_UP
2,101086,BA_SCROLL,2,SCROLL_UP
2,101133,BA_SCROLL,2,SCROLL_UP
2,101163,BA_SCROLL,2,SCROLL_UP
2,101172,BA_SCROLL,2,SCROLL_UP
2,101232,BA_SCROLL,2,SCROLL_UP
2,101268,BA_SCROLL,2,SCROLL_UP
2,101301,BA_SCROLL,2,SCROLL_UP
2,101308,BA_SCROLL,2,NONE
2,101365,BA_SCROLL,2,SCROLL_DOWN
2,101401,BA_SCROLL,2,SCROLL_DOWN
2,101434,BA_SCROLL,2,SCROLL_DOWN
2,101442,BA_SCROLL,2,SCROLL_DOWN
2,101501,BA_SCROLL,2,SCROLL_DOWN
2,101536,BA_SCROLL,2,SCROLL_DOWN
2,101568,BA_SCROLL,2,SCROLL_DOWN
2,101575,BA_SCROLL,2,SCROLL_DOWN
2,101630,BA_SCROLL,2,SCROLL_DOWN
2,101668,BA_SCROLL,2,SCROLL_DOWN
2,101696,BA_SCROLL,2,SCROLL_DOWN
2,101706,BA_SCROLL,2,SCROLL_DOWN
2,101766,BA_SCROLL,2,SCROLL_DOWN
2,101802,BA_SCROLL,2,SCROLL_DOWN
2,101833,BA_SCROLL,2,NONE
2,101839,BA_SCROLL,2,SCROLL_UP
2,101899,BA_SCROLL,2,SCROLL_UP
2,101935,BA_SCROLL,2,SCROLL_UP
2,101966,BA_SCROLL,2,SCROLL_UP
2,101973,BA_SCROLL,2,SCROLL_UP
2,102031,BA_SCROLL,2,SCROLL_UP
2,102068,BA_SCROLL,2,SCROLL_UP
2,102098,BA_SCROLL,2,SCROLL_UP
2,102116,BA_SCROLL,2,NONE
2,102164,BA_SCROLL,2,SCROLL_DOWN
2,102181,BA_SCROLL,2,SCROLL_DOWN
2,102230,BA_SCROLL,2,SCROLL_DOWN
2,102248,BA_SCROLL,2,SCROLL_DOWN
2,102297,BA_SCROLL,2,SCROLL_DOWN
2,102315,BA_SCROLL,2,SCROLL_DOWN
2,102364,BA_SCROLL,2,SCROLL_DOWN
2,102381,BA_SCROLL,2,SCROLL_DOWN
2,102430,BA_SCROLL,2,SCROLL_DOWN
2,102448,BA_SCROLL,2,SCROLL_DOWN
2,102498,BA_SCROLL,2,SCROLL_DOWN
2,102515,BA_SCROLL,2,SCROLL_DOWN
2,102562,BA_SCROLL,2,SCROLL_DOWN
2,102579,BA_SCROLL,2,SCROLL_DOWN
2,102631,BA_SCROLL,2,NONE
2,102647,BA_SCROLL,2,SCROLL_UP
2,102697,BA_SCROLL,2,SCROLL_UP
2,102714,BA_SCROLL,2,SCROLL_UP
2,102764,BA_SCROLL,2,SCROLL_UP
2,102783,BA_SCROLL,2,SCROLL_UP
2,102830,BA_SCROLL,2,SCROLL_UP
2,102849,BA_SCROLL,2,SCROLL_UP
2,102896,BA_SCROLL,2,SCROLL_UP
2,102915,BA_SCROLL,2,SCROLL_UP
2,102963,BA_SCROLL,2,NONE
2,102981,BA_SCROLL,2,SCROLL_DOWN
2,103031,BA_SCROLL,2,SCROLL_DOWN
2,103060,BA_SCROLL,2,SCROLL_DOWN
2,103073,BA_SCROLL,2,SCROLL_DOWN
2,103131,BA_SCROLL,2,SCROLL_DOWN
2,103168,BA_SCROLL,2,SCROLL_DOWN
2,103198,BA_SCROLL,2,SCROLL_DOWN
2,103204,BA_SCROLL,2,SCROLL_DOWN
2,103264,BA_SCROLL,2,SCROLL_DOWN
2,103301,BA_SCROLL,2,SCROLL_DOWN
2,103331,BA_SCROLL,2,SCROLL_DOWN
2,103337,BA_SCROLL,2,SCROLL_DOWN
2,103396,BA_SCROLL,2,SCROLL_DOWN
2,103434,BA_SCROLL,2,SCROLL_DOWN
2,103465,BA_SCROLL,2,SCROLL_DOWN
2,103532,BA_SCROLL,2,SCROLL_DOWN
2,103567,BA_SCROLL,2,SCROLL_DOWN
2,103600,BA_SCROLL,2,SCROLL_DOWN
2,103606,BA_SCROLL,2,SCROLL_DOWN
2,103662,BA_SCROLL,2,SCROLL_DOWN
2,103701,BA_SCROLL,2,SCROLL_DOWN
2,103734,BA_SCROLL,2,SCROLL_DOWN
2,103741,BA_SCROLL,2,SCROLL_DOWN
2,103797,BA_SCROLL,2,SCROLL_DOWN
2,103834,BA_SCROLL,2,SCROLL_DOWN
2,103866,BA_SCROLL,2,SCROLL_DOWN
2,104862,BA_SCROLL,3,SCROLL_UP
2,104880,BA_SCROLL,3,SCROLL_UP
2,104929,BA_SCROLL,3,SCROLL_UP
2,104957,BA_SCROLL,3,SCROLL_UP
2,104970,BA_SCROLL,3,SCROLL_DOWN
2,105030,BA_SCROLL,3,SCROLL_DOWN
2,105066,BA_SCROLL,3,SCROLL_DOWN
2,105099,BA_SCROLL,3,SCROLL_DOWN
2,105168,BA_SCROLL,3,SCROLL_DOWN
2,105200,BA_SCROLL,3,SCROLL_DOWN
2,105233,BA_SCROLL,3,SCROLL_DOWN
2,105239,BA_SCROLL,3,SCROLL_DOWN
2,105296,BA_SCROLL,3,NONE
2,105334,BA_SCROLL,3,NONE
2,105365,BA_SCROLL,3,NONE
2,105372,BA_SCROLL,3,NONE
2,105430,BA_SCROLL,3,NONE
2,105466,BA_SCROLL,3,NONE
2,105498,BA_SCROLL,3,NONE
2,105504,BA_SCROLL,3,SCROLL_UP
2,105564,BA_SCROLL,3,SCROLL_UP
2,105601,BA_SCROLL,3,SCROLL_UP
2,105630,BA_SCROLL,3,SCROLL_UP
2,105636,BA_SCROLL,3,SCROLL_UP
2,105697,BA_SCROLL,3,SCROLL_UP
2,105733,BA_SCROLL,3,SCROLL_UP
2,105764,BA_SCROLL,3,SCROLL_UP
2,105770,BA_SCROLL,3,NONE
2,105831,BA_SCROLL,3,NONE
2,105867,BA_SCROLL,3,NONE
2,105897,BA_SCROLL,3,NONE
2,105914,BA_SCROLL,3,NONE
2,105962,BA_SCROLL,3,NONE
2,105980,BA_SCROLL,3,SCROLL_DOWN
2,106029,BA_SCROLL,3,SCROLL_DOWN
2,106047,BA_SCROLL,3,SCROLL_DOWN
2,106095,BA_SCROLL,3,SCROLL_DOWN
2,106113,BA_SCROLL,3,NONE
2,106162,BA_SCROLL,3,NONE
2,106180,BA_SCROLL,3,NONE
2,106229,BA_SCROLL,3,NONE
2,106247,BA_SCROLL,3,NONE
2,106294,BA_SCROLL,3,SCROLL_DOWN
2,106312,BA_SCROLL,3,SCROLL_DOWN
2,106363,BA_SCROLL,3,SCROLL_DOWN
2,106380,BA_SCROLL,3,SCROLL_DOWN
2,106428,BA_SCROLL,3,SCROLL_DOWN
2,106447,BA_SCROLL,3,SCROLL_DOWN
2,106496,BA_SCROLL,3,SCROLL_DOWN
2,106514,BA_SCROLL,3,NONE
2,106561,BA_SCROLL,3,NONE
2,106579,BA_SCROLL,3,NONE
2,106629,BA_SCROLL,3,SCROLL_DOWN
2,106647,BA_SCROLL,3,SCROLL_DOWN
2,106696,BA_SCROLL,3,SCROLL_DOWN
2,106713,BA_SCROLL,3,SCROLL_DOWN
2,106762,BA_SCROLL,3,SCROLL_DOWN
2,106779,BA_SCROLL,3,NONE
2,106829,BA_SCROLL,3,SCROLL_UP
2,106858,BA_SCROLL,3,SCROLL_UP
2,106871,BA_SCROLL,3,SCROLL_UP
2,106928,BA_SCROLL,3,SCROLL_UP
2,106965,BA_SCROLL,3,SCROLL_UP
2,106994,BA_SCROLL,3,SCROLL_UP
2,107004,BA_SCROLL,3,SCROLL_UP
2,107062,BA_SCROLL,3,SCROLL_UP
2,107097,BA_SCROLL,3,SCROLL_UP
2,107126,BA_SCROLL,3,NONE
2,107135,BA_SCROLL,3,SCROLL_DOWN
2,107193,BA_SCROLL,3,SCROLL_DOWN
2,107232,BA_SCROLL,3,SCROLL_DOWN
2,107260,BA_SCROLL,3,SCROLL_DOWN
2,107270,BA_SCROLL,3,SCROLL_DOWN
2,107331,BA_SCROLL,3,SCROLL_DOWN
2,107367,BA_SCROLL,3,SCROLL_DOWN
2,107396,BA_SCROLL,3,SCROLL_DOWN
2,107402,BA_SCROLL,3,SCROLL_DOWN
2,107463,BA_SCROLL,3,SCROLL_DOWN
2,107499,BA_SCROLL,3,SCROLL_DOWN
2,107532,BA_SCROLL,3,NONE
2,107593,BA_SCROLL,3,SCROLL_UP
2,107633,BA_SCROLL,3,SCROLL_UP
2,107660,BA_SCROLL,3,SCROLL_UP
2,107668,BA_SCROLL,3,SCROLL_UP
2,107725,BA_SCROLL,3,SCROLL_UP
2,107767,BA_SCROLL,3,SCROLL_UP
2,107793,BA_SCROLL,3,SCROLL_UP
2,107810,BA_SCROLL,3,SCROLL_UP
2,107862,BA_SCROLL,3,SCROLL_UP
2,107880,BA_SCROLL,3,SCROLL_UP
2,107928,BA_SCROLL,3,NONE
2,107946,BA_SCROLL,3,SCROLL_DOWN
2,107996,BA_SCROLL,3,SCROLL_DOWN
2,108013,BA_SCROLL,3,SCROLL_DOWN
2,108062,BA_SCROLL,3,SCROLL_DOWN
2,108079,BA_SCROLL,3,SCROLL_DOWN
2,108129,BA_SCROLL,3,SCROLL_DOWN
2,108146,BA_SCROLL,3,SCROLL_DOWN
2,108195,BA_SCROLL,3,SCROLL_DOWN
2,108214,BA_SCROLL,3,SCROLL_DOWN
2,108262,BA_SCROLL,3,SCROLL_DOWN
2,108280,BA_SCROLL,3,SCROLL_DOWN
2,108327,BA_SCROLL,3,NONE
2,108345,BA_SCROLL,3,SCROLL_UP
2,108395,BA_SCROLL,3,SCROLL_UP
2,108413,BA_SCROLL,3,SCROLL_UP
2,108463,BA_SCROLL,3,SCROLL_UP
2,108480,BA_SCROLL,3,SCROLL_UP
2,108530,BA_SCROLL,3,SCROLL_UP
2,108548,BA_SCROLL,3,SCROLL_UP
2,108597,BA_SCROLL,3,SCROLL_UP
2,108615,BA_SCROLL,3,SCROLL_UP
2,108662,BA_SCROLL,3,SCROLL_UP
2,108680,BA_SCROLL,3,NONE
2,108728,BA_SCROLL,3,SCROLL_DOWN
2,108758,BA_SCROLL,3,SCROLL_DOWN
2,108770,BA_SCROLL,3,SCROLL_DOWN
2,108829,BA_SCROLL,3,SCROLL_DOWN
2,108867,BA_SCROLL,3,SCROLL_DOWN
2,108897,BA_SCROLL,3,SCROLL_DOWN
2,108903,BA_SCROLL,3,SCROLL_DOWN
2,108963,BA_SCROLL,3,SCROLL_DOWN
2,109000,BA_SCROLL,3,SCROLL_DOWN
2,109029,BA_SCROLL,3,SCROLL_DOWN
2,109034,BA_SCROLL,3,SCROLL_DOWN
2,109095,BA_SCROLL,3,SCROLL_DOWN
2,109133,BA_SCROLL,3,SCROLL_DOWN
2,109164,BA_SCROLL,3,SCROLL_DOWN
2,109235,BA_SCROLL,3,NONE
2,109265,BA_SCROLL,3,SCROLL_UP
2,109300,BA_SCROLL,3,SCROLL_UP
2,109318,BA_SCROLL,3,SCROLL_UP
2,109348,BA_SCROLL,3,SCROLL_UP
2,109370,BA_SCROLL,3,SCROLL_UP
2,109431,BA_SCROLL,3,SCROLL_UP
2,109464,BA_SCROLL,3,SCROLL_UP
2,109494,BA_SCROLL,3,SCROLL_UP
2,109503,BA_SCROLL,3,SCROLL_UP
2,109562,BA_SCROLL,3,NONE
2,109598,BA_SCROLL,3,SCROLL_DOWN
2,109626,BA_SCROLL,3,SCROLL_DOWN
2,109636,BA_SCROLL,3,SCROLL_DOWN
2,109695,BA_SCROLL,3,SCROLL_DOWN
2,109713,BA_SCROLL,3,SCROLL_DOWN
2,109760,BA_SCROLL,3,SCROLL_DOWN
2,109778,BA_SCROLL,3,SCROLL_DOWN
2,109827,BA_SCROLL,3,SCROLL_DOWN
2,109845,BA_SCROLL,3,SCROLL_DOWN
2,109895,BA_SCROLL,3,SCROLL_DOWN
2,109912,BA_SCROLL,3,SCROLL_DOWN
2,109961,BA_SCROLL,3,SCROLL_DOWN
2,109978,BA_SCROLL,3,NONE
2,110028,BA_SCROLL,3,SCROLL_UP
2,110045,BA_SCROLL,3,SCROLL_UP
2,110095,BA_SCROLL,3,SCROLL_UP
2,110111,BA_SCROLL,3,SCROLL_UP
2,110161,BA_SCROLL,3,SCROLL_UP
2,110178,BA_SCROLL,3,SCROLL_UP
2,110227,BA_SCROLL,3,SCROLL_UP
2,110244,BA_SCROLL,3,SCROLL_UP
2,110293,BA_SCROLL,3,SCROLL_UP
2,110310,BA_SCROLL,3,SCROLL_UP
2,110360,BA_SCROLL,3,SCROLL_UP
2,110377,BA_SCROLL,3,NONE
2,110428,BA_SCROLL,3,NONE
2,110445,BA_SCROLL,3,SCROLL_DOWN
2,110493,BA_SCROLL,3,SCROLL_DOWN
2,110509,BA_SCROLL,3,SCROLL_DOWN
2,110560,BA_SCROLL,3,SCROLL_DOWN
2,110577,BA_SCROLL,3,SCROLL_DOWN
2,110626,BA_SCROLL,3,SCROLL_DOWN
2,110656,BA_SCROLL,3,SCROLL_DOWN
2,110669,BA_SCROLL,3,SCROLL_DOWN
2,110727,BA_SCROLL,3,SCROLL_DOWN
2,110764,BA_SCROLL,3,SCROLL_DOWN
2,110792,BA_SCROLL,3,SCROLL_DOWN
2,110804,BA_SCROLL,3,SCROLL_DOWN
2,110858,BA_SCROLL,3,SCROLL_DOWN
2,110898,BA_SCROLL,3,SCROLL_DOWN
2,110926,BA_SCROLL,3,SCROLL_DOWN
2,110934,BA_SCROLL,3,SCROLL_DOWN
2,110994,BA_SCROLL,3,SCROLL_DOWN
2,111031,BA_SCROLL,3,NONE
2,111059,BA_SCROLL,3,NONE
2,111068,BA_SCROLL,3,NONE
2,111129,BA_SCROLL,3,NONE
2,111164,BA_SCROLL,3,NONE
2,111197,BA_SCROLL,3,NONE
2,111264,BA_SCROLL,3,NONE
2,111297,BA_SCROLL,3,NONE
2,112325,BA_SCROLL,4,NONE
2,112340,BA_SCROLL,4,NONE
2,112383,BA_SCROLL,4,NONE
2,112412,BA_SCROLL,4,NONE
2,112461,BA_SCROLL,4,SCROLL_UP
2,112478,BA_SCROLL,4,SCROLL_UP
2,112525,BA_SCROLL,4,SCROLL_UP
2,112553,BA_SCROLL,4,SCROLL_UP
2,112568,BA_SCROLL,4,SCROLL_UP
2,112626,BA_SCROLL,4,NONE
2,112663,BA_SCROLL,4,NONE
2,112692,BA_SCROLL,4,NONE
2,112702,BA_SCROLL,4,NONE
2,112759,BA_SCROLL,4,NONE
2,112797,BA_SCROLL,4,NONE
2,112825,BA_SCROLL,4,NONE
2,112834,BA_SCROLL,4,NONE
2,112893,BA_SCROLL,4,NONE
2,112931,BA_SCROLL,4,NONE
2,112959,BA_SCROLL,4,NONE
2,112968,BA_SCROLL,4,NONE
2,113026,BA_SCROLL,4,NONE
2,113064,BA_SCROLL,4,NONE
2,113092,BA_SCROLL,4,NONE
2,113102,BA_SCROLL,4,NONE
2,113162,BA_SCROLL,4,NONE
2,113197,BA_SCROLL,4,NONE
2,113225,BA_SCROLL,4,NONE
2,113236,BA_SCROLL,4,NONE
2,113294,BA_SCROLL,4,NONE
2,113330,BA_SCROLL,4,NONE
2,113359,BA_SCROLL,4,NONE
2,113368,BA_SCROLL,4,NONE
2,113427,BA_SCROLL,4,SCROLL_UP
2,113465,BA_SCROLL,4,SCROLL_UP
2,113492,BA_SCROLL,4,SCROLL_UP
2,113507,BA_SCROLL,4,SCROLL_UP
2,113561,BA_SCROLL,4,SCROLL_UP
2,113578,BA_SCROLL,4,SCROLL_UP
2,113626,BA_SCROLL,4,SCROLL_UP
2,113644,BA_SCROLL,4,SCROLL_UP
2,113693,BA_SCROLL,4,SCROLL_UP
2,113710,BA_SCROLL,4,SCROLL_UP
2,113760,BA_SCROLL,4,SCROLL_UP
2,113778,BA_SCROLL,4,SCROLL_UP
2,113826,BA_SCROLL,4,SCROLL_UP
2,113843,BA_SCROLL,4,NONE
2,113893,BA_SCROLL,4,SCROLL_DOWN
2,113910,BA_SCROLL,4,SCROLL_DOWN
2,113960,BA_SCROLL,4,SCROLL_DOWN
2,113977,BA_SCROLL,4,SCROLL_DOWN
2,114027,BA_SCROLL,4,SCROLL_DOWN
2,114043,BA_SCROLL,4,SCROLL_DOWN
2,114093,BA_SCROLL,4,SCROLL_DOWN
2,114109,BA_SCROLL,4,SCROLL_DOWN
2,114160,BA_SCROLL,4,SCROLL_DOWN
2,114178,BA_SCROLL,4,SCROLL_DOWN
2,114226,BA_SCROLL,4,SCROLL_DOWN
2,114243,BA_SCROLL,4,SCROLL_DOWN
2,114293,BA_SCROLL,4,SCROLL_DOWN
2,114310,BA_SCROLL,4,NONE
2,114360,BA_SCROLL,4,SCROLL_UP
2,114377,BA_SCROLL,4,SCROLL_UP
2,114426,BA_SCROLL,4,SCROLL_UP
2,114455,BA_SCROLL,4,SCROLL_UP
2,114468,BA_SCROLL,4,SCROLL_UP
2,114526,BA_SCROLL,4,SCROLL_UP
2,114563,BA_SCROLL,4,SCROLL_UP
2,114591,BA_SCROLL,4,SCROLL_UP
2,114601,BA_SCROLL,4,SCROLL_UP
2,114659,BA_SCROLL,4,SCROLL_UP
2,114697,BA_SCROLL,4,NONE
2,114725,BA_SCROLL,4,SCROLL_DOWN
2,114736,BA_SCROLL,4,SCROLL_DOWN
2,114793,BA_SCROLL,4,SCROLL_DOWN
2,114830,BA_SCROLL,4,SCROLL_DOWN
2,114858,BA_SCROLL,4,SCROLL_DOWN
2,114868,BA_SCROLL,4,SCROLL_DOWN
2,114929,BA_SCROLL,4,SCROLL_DOWN
2,114965,BA_SCROLL,4,SCROLL_DOWN
2,114993,BA_SCROLL,4,SCROLL_DOWN
2,115002,BA_SCROLL,4,SCROLL_DOWN
2,115060,BA_SCROLL,4,SCROLL_DOWN
2,115095,BA_SCROLL,4,SCROLL_DOWN
2,115124,BA_SCROLL,4,SCROLL_DOWN
2,115135,BA_SCROLL,4,SCROLL_DOWN
2,115194,BA_SCROLL,4,NONE
2,115229,BA_SCROLL,4,SCROLL_UP
2,115258,BA_SCROLL,4,SCROLL_UP
2,115268,BA_SCROLL,4,SCROLL_UP
2,115326,BA_SCROLL,4,SCROLL_UP
2,115363,BA_SCROLL,4,SCROLL_UP
2,115391,BA_SCROLL,4,SCROLL_UP
2,115407,BA_SCROLL,4,SCROLL_UP
2,115460,BA_SCROLL,4,SCROLL_UP
2,115478,BA_SCROLL,4,SCROLL_UP
2,115526,BA_SCROLL,4,SCROLL_UP
2,115543,BA_SCROLL,4,SCROLL_UP
2,115593,BA_SCROLL,4,NONE
2,115610,BA_SCROLL,4,SCROLL_DOWN
2,115659,BA_SCROLL,4,SCROLL_DOWN
2,115677,BA_SCROLL,4,SCROLL_DOWN
2,115726,BA_SCROLL,4,SCROLL_DOWN
2,115743,BA_SCROLL,4,SCROLL_DOWN
2,115792,BA_SCROLL,4,SCROLL_DOWN
2,115809,BA_SCROLL,4,SCROLL_DOWN
2,115859,BA_SCROLL,4,SCROLL_DOWN
2,115876,BA_SCROLL,4,SCROLL_DOWN
2,115926,BA_SCROLL,4,SCROLL_DOWN
2,115943,BA_SCROLL,4,SCROLL_DOWN
2,115992,BA_SCROLL,4,SCROLL_DOWN
2,116010,BA_SCROLL,4,NONE
2,116059,BA_SCROLL,4,NONE
2,116076,BA_SCROLL,4,SCROLL_UP
2,116127,BA_SCROLL,4,SCROLL_UP
2,116145,BA_SCROLL,4,SCROLL_UP
2,116192,BA_SCROLL,4,SCROLL_UP
2,116210,BA_SCROLL,4,SCROLL_UP
2,116258,BA_SCROLL,4,SCROLL_UP
2,116274,BA_SCROLL,4,SCROLL_UP
2,116326,BA_SCROLL,4,SCROLL_UP
2,116356,BA_SCROLL,4,SCROLL_UP
2,116369,BA_SCROLL,4,SCROLL_UP
2,116426,BA_SCROLL,4,SCROLL_UP
2,116465,BA_SCROLL,4,NONE
2,116490,BA_SCROLL,4,SCROLL_DOWN
2,116502,BA_SCROLL,4,SCROLL_DOWN
2,116559,BA_SCROLL,4,SCROLL_DOWN
2,116597,BA_SCROLL,4,SCROLL_DOWN
2,116624,BA_SCROLL,4,SCROLL_DOWN
2,116633,BA_SCROLL,4,SCROLL_DOWN
2,116691,BA_SCROLL,4,SCROLL_DOWN
2,116730,BA_SCROLL,4,SCROLL_DOWN
2,116754,BA_SCROLL,4,SCROLL_DOWN
2,116766,BA_SCROLL,4,SCROLL_DOWN
2,116824,BA_SCROLL,4,SCROLL_DOWN
2,116861,BA_SCROLL,4,NONE
2,116890,BA_SCROLL,4,NONE
2,116899,BA_SCROLL,4,SCROLL_UP
2,116958,BA_SCROLL,4,SCROLL_UP
2,116996,BA_SCROLL,4,SCROLL_UP
2,117024,BA_SCROLL,4,SCROLL_UP
2,117034,BA_SCROLL,4,SCROLL_UP
2,117092,BA_SCROLL,4,SCROLL_UP
2,117129,BA_SCROLL,4,SCROLL_UP
2,117157,BA_SCROLL,4,SCROLL_UP
2,117167,BA_SCROLL,4,SCROLL_UP
2,117226,BA_SCROLL,4,SCROLL_UP
2,117262,BA_SCROLL,4,SCROLL_UP
2,117291,BA_SCROLL,4,SCROLL_UP
2,117307,BA_SCROLL,4,NONE
2,117361,BA_SCROLL,4,NONE
2,117378,BA_SCROLL,4,SCROLL_DOWN
2,117425,BA_SCROLL,4,SCROLL_DOWN
2,117441,BA_SCROLL,4,SCROLL_DOWN
2,117492,BA_SCROLL,4,SCROLL_DOWN
2,117509,BA_SCROLL,4,SCROLL_DOWN
2,117558,BA_SCROLL,4,SCROLL_DOWN
2,117574,BA_SCROLL,4,SCROLL_DOWN
2,117626,BA_SCROLL,4,SCROLL_DOWN
2,117642,BA_SCROLL,4,SCROLL_DOWN
2,117692,BA_SCROLL,4,SCROLL_DOWN
2,117709,BA_SCROLL,4,SCROLL_DOWN
2,117759,BA_SCROLL,4,SCROLL_DOWN
2,117776,BA_SCROLL,4,SCROLL_DOWN
2,117825,BA_SCROLL,4,NONE
2,117842,BA_SCROLL,4,NONE
2,117893,BA_SCROLL,4,NONE
2,117910,BA_SCROLL,4,NONE
2,117959,BA_SCROLL,4,NONE
2,117975,BA_SCROLL,4,NONE
2,118025,BA_SCROLL,4,NONE
2,118043,BA_SCROLL,4,SCROLL_UP
2,118092,BA_SCROLL,4,SCROLL_UP
2,118110,BA_SCROLL,4,SCROLL_UP
2,118159,BA_SCROLL,4,SCROLL_UP
2,122794,POINT_N_CLICK,0,
2,122830,POINT_N_CLICK,0,
2,122857,POINT_N_CLICK,0,
2,122868,POINT_N_CLICK,0,
2,122927,POINT_N_CLICK,0,
2,122962,POINT_N_CLICK,0,
2,122991,POINT_N_CLICK,0,
2,123008,POINT_N_CLICK,0,
2,123059,POINT_N_CLICK,0,
2,123076,POINT_N_CLICK,0,
2,123125,POINT_N_CLICK,0,
2,123142,POINT_N_CLICK,0,
2,123194,POINT_N_CLICK,0,
2,123212,POINT_N_CLICK,0,
2,123260,POINT_N_CLICK,0,
2,123278,POINT_N_CLICK,0,
2,123323,POINT_N_CLICK,0,
2,123341,POINT_N_CLICK,0,
2,123392,POINT_N_CLICK,0,
2,123408,POINT_N_CLICK,0,
2,123459,POINT_N_CLICK,0,
2,123475,POINT_N_CLICK,0,
2,123525,POINT_N_CLICK,0,
2,123542,POINT_N_CLICK,0,
2,123591,POINT_N_CLICK,0,
2,123608,POINT_N_CLICK,0,
2,123658,POINT_N_CLICK,0,
2,123675,POINT_N_CLICK,0,
2,123724,POINT_N_CLICK,0,
2,123740,POINT_N_CLICK,0,
2,123792,POINT_N_CLICK,0,
2,123809,POINT_N_CLICK,0,
2,123858,POINT_N_CLICK,0,
2,123873,POINT_N_CLICK,0,
2,123925,POINT_N_CLICK,0,
2,123953,POINT_N_CLICK,0,
2,123968,POINT_N_CLICK,0,
2,124025,POINT_N_CLICK,0,
2,124063,POINT_N_CLICK,0,
2,124090,POINT_N_CLICK,0,
2,124102,POINT_N_CLICK,0,
2,124158,POINT_N_CLICK,0,
2,124193,POINT_N_CLICK,0,
2,124222,POINT_N_CLICK,0,
2,124233,POINT_N_CLICK,0,
2,124291,POINT_N_CLICK,0,
2,124326,POINT_N_CLICK,0,
2,124355,POINT_N_CLICK,0,
2,124367,POINT_N_CLICK,0,
2,124425,POINT_N_CLICK,0,
2,124460,POINT_N_CLICK,0,
2,124490,POINT_N_CLICK,0,
2,124500,POINT_N_CLICK,0,
2,124560,POINT_N_CLICK,0,
2,124597,POINT_N_CLICK,0,
2,124624,POINT_N_CLICK,0,
2,124634,POINT_N_CLICK,0,
2,124693,POINT_N_CLICK,0,
2,124730,POINT_N_CLICK,0,
2,124755,POINT_N_CLICK,0,
2,124766,POINT_N_CLICK,0,
2,124825,POINT_N_CLICK,0,
2,124859,POINT_N_CLICK,0,
2,124888,POINT_N_CLICK,0,
2,124904,POINT_N_CLICK,0,
2,124960,POINT_N_CLICK,0,
2,124977,POINT_N_CLICK,0,
2,125025,POINT_N_CLICK,0,
2,125041,POINT_N_CLICK,0,
2,125091,POINT_N_CLICK,0,
2,125108,POINT_N_CLICK,0,
2,125160,POINT_N_CLICK,0,
2,125177,POINT_N_CLICK,0,
2,125225,POINT_N_CLICK,0,
2,125243,POINT_N_CLICK,0,
2,125292,POINT_N_CLICK,0,
2,125310,POINT_N_CLICK,0,
2,125359,POINT_N_CLICK,0,
2,125376,POINT_N_CLICK,0,
2,125426,POINT_N_CLICK,0,
2,125443,POINT_N_CLICK,0,
2,125491,POINT_N_CLICK,0,
2,125509,POINT_N_CLICK,0,
2,125558,POINT_N_CLICK,0,
2,125575,POINT_N_CLICK,0,
2,125627,POINT_N_CLICK,0,
2,125644,POINT_N_CLICK,0,
2,125691,POINT_N_CLICK,0,
2,125710,POINT_N_CLICK,0,
2,125759,POINT_N_CLICK,0,
2,125776,POINT_N_CLICK,0,
2,125825,POINT_N_CLICK,0,
2,125853,POINT_N_CLICK,0,
2,125884,POINT_N_CLICK,0,
2,125927,POINT_N_CLICK,0,
2,125963,POINT_N_CLICK,0,
2,125991,POINT_N_CLICK,0,
2,126001,POINT_N_CLICK,0,
2,126061,POINT_N_CLICK,0,
2,126097,POINT_N_CLICK,0,
2,126123,POINT_N_CLICK,0,
2,126133,POINT_N_CLICK,0,
2,126193,POINT_N_CLICK,0,
2,126230,POINT_N_CLICK,0,
2,126256,POINT_N_CLICK,0,
2,126266,POINT_N_CLICK,0,
2,126326,POINT_N_CLICK,0,
2,126364,POINT_N_CLICK,0,
2,126390,POINT_N_CLICK,0,
2,126400,POINT_N_CLICK,0,
2,126459,POINT_N_CLICK,0,
2,126497,POINT_N_CLICK,0,
2,126524,POINT_N_CLICK,0,
2,126535,POINT_N_CLICK,0,
2,126595,POINT_N_CLICK,0,
2,126630,POINT_N_CLICK,0,
2,126657,POINT_N_CLICK,0,
2,126668,POINT_N_CLICK,0,
2,126729,POINT_N_CLICK,0,
2,126763,POINT_N_CLICK,0,
2,126792,POINT_N_CLICK,0,
2,126809,POINT_N_CLICK,0,
2,126860,POINT_N_CLICK,0,
2,126877,POINT_N_CLICK,0,
2,126925,POINT_N_CLICK,0,
2,126942,POINT_N_CLICK,0,
2,126992,POINT_N_CLICK,0,
2,127009,POINT_N_CLICK,0,
2,127058,POINT_N_CLICK,0,
2,127076,POINT_N_CLICK,0,
2,127125,POINT_N_CLICK,0,
2,127142,POINT_N_CLICK,0,
2,127192,POINT_N_CLICK,0,
2,127210,POINT_N_CLICK,0,
2,127257,POINT_N_CLICK,0,
2,127274,POINT_N_CLICK,0,
2,127326,POINT_N_CLICK,0,
2,127342,POINT_N_CLICK,0,
2,127392,POINT_N_CLICK,0,
2,127409,POINT_N_CLICK,0,
2,127458,POINT_N_CLICK,0,
2,127474,POINT_N_CLICK,0,
2,127527,POINT_N_CLICK,0,
2,127545,POINT_N_CLICK,0,
2,127588,POINT_N_CLICK,0,
2,127604,POINT_N_CLICK,0,
2,127660,POINT_N_CLICK,0,
2,127678,POINT_N_CLICK,0,
2,127724,POINT_N_CLICK,0,
2,127753,POINT_N_CLICK,0,
2,127783,POINT_N_CLICK,0,
2,127826,POINT_N_CLICK,0,
2,127864,POINT_N_CLICK,0,
2,127892,POINT_N_CLICK,0,
2,127913,POINT_N_CLICK,0,
2,127956,POINT_N_CLICK,0,
2,127995,POINT_N_CLICK,0,
2,128023,POINT_N_CLICK,0,
2,128032,POINT_N_CLICK,0,
2,128090,POINT_N_CLICK,0,
2,128126,POINT_N_CLICK,0,
2,128154,POINT_N_CLICK,0,
2,128167,POINT_N_CLICK,0,
2,128224,POINT_N_CLICK,0,
2,128261,POINT_N_CLICK,0,
2,128289,POINT_N_CLICK,0,
2,128302,POINT_N_CLICK,0,
2,128360,POINT_N_CLICK,0,
2,128393,POINT_N_CLICK,0,
2,128422,POINT_N_CLICK,0,
2,128435,POINT_N_CLICK,0,
2,128493,POINT_N_CLICK,0,
2,128527,POINT_N_CLICK,0,
2,128555,POINT_N_CLICK,0,
2,128567,POINT_N_CLICK,0,
2,128627,POINT_N_CLICK,0,
2,128659,POINT_N_CLICK,0,
2,128689,POINT_N_CLICK,0,
2,128704,POINT_N_CLICK,0,
2,128760,POINT_N_CLICK,0,
2,128776,POINT_N_CLICK,0,
2,128824,POINT_N_CLICK,0,
2,128839,POINT_N_CLICK,0,
2,128893,POINT_N_CLICK,0,
2,129622,POINT_N_CLICK,1,
2,129653,POINT_N_CLICK,1,
2,129697,POINT_N_CLICK,1,
2,129729,POINT_N_CLICK,1,
2,129735,POINT_N_CLICK,1,
2,129794,POINT_N_CLICK,1,
2,129829,POINT_N_CLICK,1,
2,129856,POINT_N_CLICK,1,
2,129865,POINT_N_CLICK,1,
2,129924,POINT_N_CLICK,1,
2,129960,POINT_N_CLICK,1,
2,129988,POINT_N_CLICK,1,
2,130000,POINT_N_CLICK,1,
2,130058,POINT_N_CLICK,1,
2,130092,POINT_N_CLICK,1,
2,130120,POINT_N_CLICK,1,
2,130134,POINT_N_CLICK,1,
2,130192,POINT_N_CLICK,1,
2,130228,POINT_N_CLICK,1,
2,130256,POINT_N_CLICK,1,
2,130282,POINT_N_CLICK,1,
2,130323,POINT_N_CLICK,1,
2,130364,POINT_N_CLICK,1,
2,130395,POINT_N_CLICK,1,
2,130413,POINT_N_CLICK,1,
2,130456,POINT_N_CLICK,1,
2,130494,POINT_N_CLICK,1,
2,130522,POINT_N_CLICK,1,
2,130533,POINT_N_CLICK,1,
2,130592,POINT_N_CLICK,1,
2,130609,POINT_N_CLICK,1,
2,130658,POINT_N_CLICK,1,
2,130676,POINT_N_CLICK,1,
2,130725,POINT_N_CLICK,1,
2,130742,POINT_N_CLICK,1,
2,130791,POINT_N_CLICK,1,
2,130807,POINT_N_CLICK,1,
2,130858,POINT_N_CLICK,1,
2,130875,POINT_N_CLICK,1,
2,130924,POINT_N_CLICK,1,
2,130940,POINT_N_CLICK,1,
2,130993,POINT_N_CLICK,1,
2,131009,POINT_N_CLICK,1,
2,131058,POINT_N_CLICK,1,
2,131075,POINT_N_CLICK,1,
2,131125,POINT_N_CLICK,1,
2,131143,POINT_N_CLICK,1,
2,131191,POINT_N_CLICK,1,
2,131209,POINT_N_CLICK,1,
2,131258,POINT_N_CLICK,1,
2,131275,POINT_N_CLICK,1,
2,131325,POINT_N_CLICK,1,
2,131342,POINT_N_CLICK,1,
2,131391,POINT_N_CLICK,1,
2,131409,POINT_N_CLICK,1,
2,131457,POINT_N_CLICK,1,
2,131475,POINT_N_CLICK,1,
2,131525,POINT_N_CLICK,1,
2,131554,POINT_N_CLICK,1,
2,131584,POINT_N_CLICK,1,
2,131627,POINT_N_CLICK,1,
2,131664,POINT_N_CLICK,1,
2,131691,POINT_N_CLICK,1,
2,131701,POINT_N_CLICK,1,
2,131761,POINT_N_CLICK,1,
2,131797,POINT_N_CLICK,1,
2,131823,POINT_N_CLICK,1,
2,131847,POINT_N_CLICK,1,
2,131889,POINT_N_CLICK,1,
2,131928,POINT_N_CLICK,1,
2,131955,POINT_N_CLICK,1,
2,131982,POINT_N_CLICK,1,
2,132025,POINT_N_CLICK,1,
2,132060,POINT_N_CLICK,1,
2,132088,POINT_N_CLICK,1,
2,132102,POINT_N_CLICK,1,
2,132161,POINT_N_CLICK,1,
2,132196,POINT_N_CLICK,1,
2,132222,POINT_N_CLICK,1,
2,132235,POINT_N_CLICK,1,
2,132294,POINT_N_CLICK,1,
2,132327,POINT_N_CLICK,1,
2,132355,POINT_N_CLICK,1,
2,132383,POINT_N_CLICK,1,
2,132424,POINT_N_CLICK,1,
2,132464,POINT_N_CLICK,1,
2,132492,POINT_N_CLICK,1,
2,132508,POINT_N_CLICK,1,
2,132558,POINT_N_CLICK,1,
2,132574,POINT_N_CLICK,1,
2,132624,POINT_N_CLICK,1,
2,132640,POINT_N_CLICK,1,
2,132692,POINT_N_CLICK,1,
2,132710,POINT_N_CLICK,1,
2,132758,POINT_N_CLICK,1,
2,132775,POINT_N_CLICK,1,
2,132824,POINT_N_CLICK,1,
2,132841,POINT_N_CLICK,1,
2,132892,POINT_N_CLICK,1,
2,132909,POINT_N_CLICK,1,
2,132958,POINT_N_CLICK,1,
2,132974,POINT_N_CLICK,1,
2,133025,POINT_N_CLICK,1,
2,133044,POINT_N_CLICK,1,
2,133090,POINT_N_CLICK,1,
2,133107,POINT_N_CLICK,1,
2,133159,POINT_N_CLICK,1,
2,133178,POINT_N_CLICK,1,
2,133224,POINT_N_CLICK,1,
2,133241,POINT_N_CLICK,1,
2,133291,POINT_N_CLICK,1,
2,133308,POINT_N_CLICK,1,
2,133358,POINT_N_CLICK,1,
2,133374,POINT_N_CLICK,1,
2,133425,POINT_N_CLICK,1,
2,133454,POINT_N_CLICK,1,
2,133484,POINT_N_CLICK,1,
2,133526,POINT_N_CLICK,1,
2,133563,POINT_N_CLICK,1,
2,133590,POINT_N_CLICK,1,
2,133600,POINT_N_CLICK,1,
2,133659,POINT_N_CLICK,1,
2,133693,POINT_N_CLICK,1,
2,133721,POINT_N_CLICK,1,
2,133735,POINT_N_CLICK,1,
2,133793,POINT_N_CLICK,1,
2,133826,POINT_N_CLICK,1,
2,133854,POINT_N_CLICK,1,
2,133882,POINT_N_CLICK,1,
2,133925,POINT_N_CLICK,1,
2,133959,POINT_N_CLICK,1,
2,133988,POINT_N_CLICK,1,
2,134015,POINT_N_CLICK,1,
2,134058,POINT_N_CLICK,1,
2,134093,POINT_N_CLICK,1,
2,134121,POINT_N_CLICK,1,
2,134162,POINT_N_CLICK,1,
2,134190,POINT_N_CLICK,1,
2,134214,POINT_N_CLICK,1,
2,134259,POINT_N_CLICK,1,
2,134293,POINT_N_CLICK,1,
2,134322,POINT_N_CLICK,1,
2,134365,POINT_N_CLICK,1,
2,134392,POINT_N_CLICK,1,
2,134409,POINT_N_CLICK,1,
2,134459,POINT_N_CLICK,1,
2,134476,POINT_N_CLICK,1,
2,134525,POINT_N_CLICK,1,
2,134541,POINT_N_CLICK,1,
2,134591,POINT_N_CLICK,1,
2,134607,POINT_N_CLICK,1,
2,134657,POINT_N_CLICK,1,
2,134673,POINT_N_CLICK,1,
2,134724,POINT_N_CLICK,1,
2,134740,POINT_N_CLICK,1,
2,134791,POINT_N_CLICK,1,
2,134807,POINT_N_CLICK,1,
2,134858,POINT_N_CLICK,1,
2,134874,POINT_N_CLICK,1,
2,134925,POINT_N_CLICK,1,
2,134941,POINT_N_CLICK,1,
2,134993,POINT_N_CLICK,1,
2,135009,POINT_N_CLICK,1,
2,135058,POINT_N_CLICK,1,
2,135076,POINT_N_CLICK,1,
2,135125,POINT_N_CLICK,1,
2,135143,POINT_N_CLICK,1,
2,135192,POINT_N_CLICK,1,
2,135209,POINT_N_CLICK,1,
2,135259,POINT_N_CLICK,1,
2,135276,POINT_N_CLICK,1,
2,135326,POINT_N_CLICK,1,
2,135355,POINT_N_CLICK,1,
2,135395,POINT_N_CLICK,1,
2,135424,POINT_N_CLICK,1,
2,135448,POINT_N_CLICK,1,
2,135491,POINT_N_CLICK,1,
2,135526,POINT_N_CLICK,1,
2,135554,POINT_N_CLICK,1,
2,135595,POINT_N_CLICK,1,
2,135624,POINT_N_CLICK,1,
2,135647,POINT_N_CLICK,1,
2,135690,POINT_N_CLICK,1,
2,135727,POINT_N_CLICK,1,
2,135755,POINT_N_CLICK,1,
2,135795,POINT_N_CLICK,1,
2,135824,POINT_N_CLICK,1,
2,135848,POINT_N_CLICK,1,
2,136688,POINT_N_CLICK,2,
2,136704,POINT_N_CLICK,2,
2,136758,POINT_N_CLICK,2,
2,136775,POINT_N_CLICK,2,
2,136824,POINT_N_CLICK,2,
2,136841,POINT_N_CLICK,2,
2,136893,POINT_N_CLICK,2,
2,136911,POINT_N_CLICK,2,
2,136958,POINT_N_CLICK,2,
2,136977,POINT_N_CLICK,2,
2,137026,POINT_N_CLICK,2,
2,137046,POINT_N_CLICK,2,
2,137090,POINT_N_CLICK,2,
2,137108,POINT_N_CLICK,2,
2,137157,POINT_N_CLICK,2,
2,137175,POINT_N_CLICK,2,
2,137226,POINT_N_CLICK,2,
2,137254,POINT_N_CLICK,2,
2,137282,POINT_N_CLICK,2,
2,137326,POINT_N_CLICK,2,
2,137361,POINT_N_CLICK,2,
2,137390,POINT_N_CLICK,2,
2,137414,POINT_N_CLICK,2,
2,137457,POINT_N_CLICK,2,
2,137493,POINT_N_CLICK,2,
2,137520,POINT_N_CLICK,2,
2,137560,POINT_N_CLICK,2,
2,137588,POINT_N_CLICK,2,
2,137600,POINT_N_CLICK,2,
2,137660,POINT_N_CLICK,2,
2,137693,POINT_N_CLICK,2,
2,137722,POINT_N_CLICK,2,
2,137748,POINT_N_CLICK,2,
2,137792,POINT_N_CLICK,2,
2,137827,POINT_N_CLICK,2,
2,137855,POINT_N_CLICK,2,
2,137882,POINT_N_CLICK,2,
2,137924,POINT_N_CLICK,2,
2,137961,POINT_N_CLICK,2,
2,137989,POINT_N_CLICK,2,
2,138015,POINT_N_CLICK,2,
2,138058,POINT_N_CLICK,2,
2,138092,POINT_N_CLICK,2,
2,138121,POINT_N_CLICK,2,
2,138162,POINT_N_CLICK,2,
2,138191,POINT_N_CLICK,2,
2,138207,POINT_N_CLICK,2,
2,138258,POINT_N_CLICK,2,
2,138274,POINT_N_CLICK,2,
2,138325,POINT_N_CLICK,2,
2,138342,POINT_N_CLICK,2,
2,138393,POINT_N_CLICK,2,
2,138408,POINT_N_CLICK,2,
2,138457,POINT_N_CLICK,2,
2,138475,POINT_N_CLICK,2,
2,138525,POINT_N_CLICK,2,
2,138542,POINT_N_CLICK,2,
2,138592,POINT_N_CLICK,2,
2,138608,POINT_N_CLICK,2,
2,138657,POINT_N_CLICK,2,
2,138673,POINT_N_CLICK,2,
2,138725,POINT_N_CLICK,2,
2,138742,POINT_N_CLICK,2,
2,138791,POINT_N_CLICK,2,
2,138809,POINT_N_CLICK,2,
2,138859,POINT_N_CLICK,2,
2,138876,POINT_N_CLICK,2,
2,138926,POINT_N_CLICK,2,
2,138945,POINT_N_CLICK,2,
2,138991,POINT_N_CLICK,2,
2,139009,POINT_N_CLICK,2,
2,139058,POINT_N_CLICK,2,
2,139076,POINT_N_CLICK,2,
2,139126,POINT_N_CLICK,2,
2,139155,POINT_N_CLICK,2,
2,139182,POINT_N_CLICK,2,
2,139223,POINT_N_CLICK,2,
2,139261,POINT_N_CLICK,2,
2,139289,POINT_N_CLICK,2,
2,139315,POINT_N_CLICK,2,
2,139358,POINT_N_CLICK,2,
2,139392,POINT_N_CLICK,2,
2,139421,POINT_N_CLICK,2,
2,139462,POINT_N_CLICK,2,
2,139491,POINT_N_CLICK,2,
2,139515,POINT_N_CLICK,2,
2,139558,POINT_N_CLICK,2,
2,139592,POINT_N_CLICK,2,
2,139621,POINT_N_CLICK,2,
2,139662,POINT_N_CLICK,2,
2,139690,POINT_N_CLICK,2,
2,139714,POINT_N_CLICK,2,
2,139758,POINT_N_CLICK,2,
2,139792,POINT_N_CLICK,2,
2,139821,POINT_N_CLICK,2,
2,139863,POINT_N_CLICK,2,
2,139892,POINT_N_CLICK,2,
2,139915,POINT_N_CLICK,2,
2,139959,POINT_N_CLICK,2,
2,139993,POINT_N_CLICK,2,
2,140021,POINT_N_CLICK,2,
2,140048,POINT_N_CLICK,2,
2,140092,POINT_N_CLICK,2,
2,140109,POINT_N_CLICK,2,
2,140159,POINT_N_CLICK,2,
2,140175,POINT_N_CLICK,2,
2,140225,POINT_N_CLICK,2,
2,140245,POINT_N_CLICK,2,
2,140290,POINT_N_CLICK,2,
2,140309,POINT_N_CLICK,2,
2,140357,POINT_N_CLICK,2,
2,140374,POINT_N_CLICK,2,
2,140425,POINT_N_CLICK,2,
2,140442,POINT_N_CLICK,2,
2,140491,POINT_N_CLICK,2,
2,140509,POINT_N_CLICK,2,
2,140558,POINT_N_CLICK,2,
2,140578,POINT_N_CLICK,2,
2,140625,POINT_N_CLICK,2,
2,140642,POINT_N_CLICK,2,
2,140691,POINT_N_CLICK,2,
2,140709,POINT_N_CLICK,2,
2,140759,POINT_N_CLICK,2,
2,140777,POINT_N_CLICK,2,
2,140825,POINT_N_CLICK,2,
2,140843,POINT_N_CLICK,2,
2,140891,POINT_N_CLICK,2,
2,140909,POINT_N_CLICK,2,
2,140957,POINT_N_CLICK,2,
2,140977,POINT_N_CLICK,2,
2,141025,POINT_N_CLICK,2,
2,141054,POINT_N_CLICK,2,
2,141095,POINT_N_CLICK,2,
2,141123,POINT_N_CLICK,2,
2,141147,POINT_N_CLICK,2,
2,141191,POINT_N_CLICK,2,
2,141226,POINT_N_CLICK,2,
2,141255,POINT_N_CLICK,2,
2,141294,POINT_N_CLICK,2,
2,141322,POINT_N_CLICK,2,
2,141348,POINT_N_CLICK,2,
2,141390,POINT_N_CLICK,2,
2,141426,POINT_N_CLICK,2,
2,141455,POINT_N_CLICK,2,
2,141494,POINT_N_CLICK,2,
2,141523,POINT_N_CLICK,2,
2,141561,POINT_N_CLICK,2,
2,141590,POINT_N_CLICK,2,
2,141612,POINT_N_CLICK,2,
2,141657,POINT_N_CLICK,2,
2,141693,POINT_N_CLICK,2,
2,141722,POINT_N_CLICK,2,
2,141762,POINT_N_CLICK,2,
2,141790,POINT_N_CLICK,2,
2,141827,POINT_N_CLICK,2,
2,141856,POINT_N_CLICK,2,
2,141882,POINT_N_CLICK,2,
2,141925,POINT_N_CLICK,2,
2,141959,POINT_N_CLICK,2,
2,141988,POINT_N_CLICK,2,
2,142004,POINT_N_CLICK,2,
2,142060,POINT_N_CLICK,2,
2,142077,POINT_N_CLICK,2,
2,142125,POINT_N_CLICK,2,
2,142143,POINT_N_CLICK,2,
2,142192,POINT_N_CLICK,2,
2,142208,POINT_N_CLICK,2,
2,142259,POINT_N_CLICK,2,
2,142276,POINT_N_CLICK,2,
2,142326,POINT_N_CLICK,2,
2,142342,POINT_N_CLICK,2,
2,142391,POINT_N_CLICK,2,
2,142409,POINT_N_CLICK,2,
2,142459,POINT_N_CLICK,2,
2,142479,POINT_N_CLICK,2,
2,142524,POINT_N_CLICK,2,
2,142544,POINT_N_CLICK,2,
2,142587,POINT_N_CLICK,2,
2,142603,POINT_N_CLICK,2,
2,142657,POINT_N_CLICK,2,
2,142674,POINT_N_CLICK,2,
2,142723,POINT_N_CLICK,2,
2,142740,POINT_N_CLICK,2,
2,142791,POINT_N_CLICK,2,
2,142808,POINT_N_CLICK,2,
2,142857,POINT_N_CLICK,2,
2,142874,POINT_N_CLICK,2,
2,143823,POINT_N_CLICK,3,
2,143853,POINT_N_CLICK,3,
2,143896,POINT_N_CLICK,3,
2,143913,POINT_N_CLICK,3,
2,143957,POINT_N_CLICK,3,
2,143975,POINT_N_CLICK,3,
2,144025,POINT_N_CLICK,3,
2,144043,POINT_N_CLICK,3,
2,144091,POINT_N_CLICK,3,
2,144107,POINT_N_CLICK,3,
2,144158,POINT_N_CLICK,3,
2,144177,POINT_N_CLICK,3,
2,144225,POINT_N_CLICK,3,
2,144243,POINT_N_CLICK,3,
2,144292,POINT_N_CLICK,3,
2,144311,POINT_N_CLICK,3,
2,144358,POINT_N_CLICK,3,
2,144376,POINT_N_CLICK,3,
2,144425,POINT_N_CLICK,3,
2,144441,POINT_N_CLICK,3,
2,144492,POINT_N_CLICK,3,
2,144509,POINT_N_CLICK,3,
2,144558,POINT_N_CLICK,3,
2,144577,POINT_N_CLICK,3,
2,144625,POINT_N_CLICK,3,
2,144643,POINT_N_CLICK,3,
2,144692,POINT_N_CLICK,3,
2,144709,POINT_N_CLICK,3,
2,144759,POINT_N_CLICK,3,
2,144777,POINT_N_CLICK,3,
2,144824,POINT_N_CLICK,3,
2,144853,POINT_N_CLICK,3,
2,144895,POINT_N_CLICK,3,
2,144924,POINT_N_CLICK,3,
2,144947,POINT_N_CLICK,3,
2,144991,POINT_N_CLICK,3,
2,145025,POINT_N_CLICK,3,
2,145054,POINT_N_CLICK,3,
2,145094,POINT_N_CLICK,3,
2,145121,POINT_N_CLICK,3,
2,145147,POINT_N_CLICK,3,
2,145192,POINT_N_CLICK,3,
2,145225,POINT_N_CLICK,3,
2,145253,POINT_N_CLICK,3,
2,145295,POINT_N_CLICK,3,
2,145323,POINT_N_CLICK,3,
2,145347,POINT_N_CLICK,3,
2,145391,POINT_N_CLICK,3,
2,145425,POINT_N_CLICK,3,
2,145455,POINT_N_CLICK,3,
2,145493,POINT_N_CLICK,3,
2,145522,POINT_N_CLICK,3,
2,145561,POINT_N_CLICK,3,
2,145589,POINT_N_CLICK,3,
2,145627,POINT_N_CLICK,3,
2,145656,POINT_N_CLICK,3,
2,145694,POINT_N_CLICK,3,
2,145723,POINT_N_CLICK,3,
2,145761,POINT_N_CLICK,3,
2,145789,POINT_N_CLICK,3,
2,145805,POINT_N_CLICK,3,
2,145860,POINT_N_CLICK,3,
2,145876,POINT_N_CLICK,3,
2,145925,POINT_N_CLICK,3,
2,145941,POINT_N_CLICK,3,
2,145991,POINT_N_CLICK,3,
2,146009,POINT_N_CLICK,3,
2,146059,POINT_N_CLICK,3,
2,146075,POINT_N_CLICK,3,
2,146120,POINT_N_CLICK,3,
2,146142,POINT_N_CLICK,3,
2,146188,POINT_N_CLICK,3,
2,146207,POINT_N_CLICK,3,
2,146257,POINT_N_CLICK,3,
2,146274,POINT_N_CLICK,3,
2,146325,POINT_N_CLICK,3,
2,146342,POINT_N_CLICK,3,
2,146391,POINT_N_CLICK,3,
2,146409,POINT_N_CLICK,3,
2,146458,POINT_N_CLICK,3,
2,146477,POINT_N_CLICK,3,
2,146526,POINT_N_CLICK,3,
2,146543,POINT_N_CLICK,3,
2,146592,POINT_N_CLICK,3,
2,146609,POINT_N_CLICK,3,
2,146658,POINT_N_CLICK,3,
2,146675,POINT_N_CLICK,3,
2,146724,POINT_N_CLICK,3,
2,146753,POINT_N_CLICK,3,
2,146795,POINT_N_CLICK,3,
2,146823,POINT_N_CLICK,3,
2,146848,POINT_N_CLICK,3,
2,146892,POINT_N_CLICK,3,
2,146925,POINT_N_CLICK,3,
2,146953,POINT_N_CLICK,3,
2,146994,POINT_N_CLICK,3,
2,147023,POINT_N_CLICK,3,
2,147060,POINT_N_CLICK,3,
2,147088,POINT_N_CLICK,3,
2,147128,POINT_N_CLICK,3,
2,147156,POINT_N_CLICK,3,
2,147194,POINT_N_CLICK,3,
2,147222,POINT_N_CLICK,3,
2,147261,POINT_N_CLICK,3,
2,147289,POINT_N_CLICK,3,
2,147328,POINT_N_CLICK,3,
2,147356,POINT_N_CLICK,3,
2,147394,POINT_N_CLICK,3,
2,147423,POINT_N_CLICK,3,
2,147461,POINT_N_CLICK,3,
2,147489,POINT_N_CLICK,3,
2,147514,POINT_N_CLICK,3,
2,147557,POINT_N_CLICK,3,
2,147592,POINT_N_CLICK,3,
2,147621,POINT_N_CLICK,3,
2,147661,POINT_N_CLICK,3,
2,147689,POINT_N_CLICK,3,
2,147705,POINT_N_CLICK,3,
2,147759,POINT_N_CLICK,3,
2,147775,POINT_N_CLICK,3,
2,147824,POINT_N_CLICK,3,
2,147842,POINT_N_CLICK,3,
2,147892,POINT_N_CLICK,3,
2,147910,POINT_N_CLICK,3,
2,147957,POINT_N_CLICK,3,
2,147975,POINT_N_CLICK,3,
2,148024,POINT_N_CLICK,3,
2,148040,POINT_N_CLICK,3,
2,148092,POINT_N_CLICK,3,
2,148109,POINT_N_CLICK,3,
2,148158,POINT_N_CLICK,3,
2,148177,POINT_N_CLICK,3,
2,148225,POINT_N_CLICK,3,
2,148245,POINT_N_CLICK,3,
2,148291,POINT_N_CLICK,3,
2,148311,POINT_N_CLICK,3,
2,148356,POINT_N_CLICK,3,
2,148374,POINT_N_CLICK,3,
2,148425,POINT_N_CLICK,3,
2,148443,POINT_N_CLICK,3,
2,148492,POINT_N_CLICK,3,
2,148509,POINT_N_CLICK,3,
2,148558,POINT_N_CLICK,3,
2,148575,POINT_N_CLICK,3,
2,148625,POINT_N_CLICK,3,
2,148655,POINT_N_CLICK,3,
2,148695,POINT_N_CLICK,3,
2,148724,POINT_N_CLICK,3,
2,148748,POINT_N_CLICK,3,
2,148790,POINT_N_CLICK,3,
2,148827,POINT_N_CLICK,3,
2,148856,POINT_N_CLICK,3,
2,148895,POINT_N_CLICK,3,
2,148924,POINT_N_CLICK,3,
2,148960,POINT_N_CLICK,3,
2,148989,POINT_N_CLICK,3,
2,149028,POINT_N_CLICK,3,
2,149057,POINT_N_CLICK,3,
2,149094,POINT_N_CLICK,3,
2,149122,POINT_N_CLICK,3,
2,149161,POINT_N_CLICK,3,
2,149189,POINT_N_CLICK,3,
2,149228,POINT_N_CLICK,3,
2,149256,POINT_N_CLICK,3,
2,149294,POINT_N_CLICK,3,
2,149322,POINT_N_CLICK,3,
2,149361,POINT_N_CLICK,3,
2,150390,POINT_N_CLICK,4,
2,150409,POINT_N_CLICK,4,
2,150458,POINT_N_CLICK,4,
2,150476,POINT_N_CLICK,4,
2,150525,POINT_N_CLICK,4,
2,150553,POINT_N_CLICK,4,
2,150594,POINT_N_CLICK,4,
2,150623,POINT_N_CLICK,4,
2,150661,POINT_N_CLICK,4,
2,150689,POINT_N_CLICK,4,
2,150727,POINT_N_CLICK,4,
2,150755,POINT_N_CLICK,4,
2,150794,POINT_N_CLICK,4,
2,150823,POINT_N_CLICK,4,
2,150861,POINT_N_CLICK,4,
2,150889,POINT_N_CLICK,4,
2,150928,POINT_N_CLICK,4,
2,150956,POINT_N_CLICK,4,
2,150994,POINT_N_CLICK,4,
2,151022,POINT_N_CLICK,4,
2,151048,POINT_N_CLICK,4,
2,151091,POINT_N_CLICK,4,
2,151125,POINT_N_CLICK,4,
2,151154,POINT_N_CLICK,4,
2,151194,POINT_N_CLICK,4,
2,151222,POINT_N_CLICK,4,
2,151262,POINT_N_CLICK,4,
2,151290,POINT_N_CLICK,4,
2,151328,POINT_N_CLICK,4,
2,151356,POINT_N_CLICK,4,
2,151394,POINT_N_CLICK,4,
2,151422,POINT_N_CLICK,4,
2,151461,POINT_N_CLICK,4,
2,151489,POINT_N_CLICK,4,
2,151505,POINT_N_CLICK,4,
2,151558,POINT_N_CLICK,4,
2,151575,POINT_N_CLICK,4,
2,151624,POINT_N_CLICK,4,
2,151641,POINT_N_CLICK,4,
2,151690,POINT_N_CLICK,4,
2,151709,POINT_N_CLICK,4,
2,151758,POINT_N_CLICK,4,
2,151776,POINT_N_CLICK,4,
2,151824,POINT_N_CLICK,4,
2,151842,POINT_N_CLICK,4,
2,151893,POINT_N_CLICK,4,
2,151910,POINT_N_CLICK,4,
2,151958,POINT_N_CLICK,4,
2,151975,POINT_N_CLICK,4,
2,152024,POINT_N_CLICK,4,
2,152041,POINT_N_CLICK,4,
2,152091,POINT_N_CLICK,4,
2,152108,POINT_N_CLICK,4,
2,152158,POINT_N_CLICK,4,
2,152177,POINT_N_CLICK,4,
2,152224,POINT_N_CLICK,4,
2,152244,POINT_N_CLICK,4,
2,152291,POINT_N_CLICK,4,
2,152309,POINT_N_CLICK,4,
2,152358,POINT_N_CLICK,4,
2,152376,POINT_N_CLICK,4,
2,152426,POINT_N_CLICK,4,
2,152455,POINT_N_CLICK,4,
2,152494,POINT_N_CLICK,4,
2,152523,POINT_N_CLICK,4,
2,152561,POINT_N_CLICK,4,
2,152588,POINT_N_CLICK,4,
2,152614,POINT_N_CLICK,4,
2,152658,POINT_N_CLICK,4,
2,152692,POINT_N_CLICK,4,
2,152721,POINT_N_CLICK,4,
2,152761,POINT_N_CLICK,4,
2,152789,POINT_N_CLICK,4,
2,152827,POINT_N_CLICK,4,
2,152855,POINT_N_CLICK,4,
2,152894,POINT_N_CLICK,4,
2,152922,POINT_N_CLICK,4,
2,152960,POINT_N_CLICK,4,
2,152989,POINT_N_CLICK,4,
2,153027,POINT_N_CLICK,4,
2,153056,POINT_N_CLICK,4,
2,153094,POINT_N_CLICK,4,
2,153121,POINT_N_CLICK,4,
2,153161,POINT_N_CLICK,4,
2,153190,POINT_N_CLICK,4,
2,153227,POINT_N_CLICK,4,
2,153255,POINT_N_CLICK,4,
2,153294,POINT_N_CLICK,4,
2,153323,POINT_N_CLICK,4,
2,153360,POINT_N_CLICK,4,
2,153389,POINT_N_CLICK,4,
2,153404,POINT_N_CLICK,4,
2,153459,POINT_N_CLICK,4,
2,153478,POINT_N_CLICK,4,
2,153525,POINT_N_CLICK,4,
2,153543,POINT_N_CLICK,4,
2,153592,POINT_N_CLICK,4,
2,153609,POINT_N_CLICK,4,
2,153658,POINT_N_CLICK,4,
2,153676,POINT_N_CLICK,4,
2,153725,POINT_N_CLICK,4,
2,153743,POINT_N_CLICK,4,
2,153792,POINT_N_CLICK,4,
2,153811,POINT_N_CLICK,4,
2,153858,POINT_N_CLICK,4,
2,153877,POINT_N_CLICK,4,
2,153926,POINT_N_CLICK,4,
2,153944,POINT_N_CLICK,4,
2,153991,POINT_N_CLICK,4,
2,154010,POINT_N_CLICK,4,
2,154058,POINT_N_CLICK,4,
2,154076,POINT_N_CLICK,4,
2,154124,POINT_N_CLICK,4,
2,154143,POINT_N_CLICK,4,
2,154191,POINT_N_CLICK,4,
2,154210,POINT_N_CLICK,4,
2,154259,POINT_N_CLICK,4,
2,154276,POINT_N_CLICK,4,
2,154324,POINT_N_CLICK,4,
2,154353,POINT_N_CLICK,4,
2,154395,POINT_N_CLICK,4,
2,154423,POINT_N_CLICK,4,
2,154460,POINT_N_CLICK,4,
2,154489,POINT_N_CLICK,4,
2,154527,POINT_N_CLICK,4,
2,154555,POINT_N_CLICK,4,
2,154595,POINT_N_CLICK,4,
2,154623,POINT_N_CLICK,4,
2,154661,POINT_N_CLICK,4,
2,154689,POINT_N_CLICK,4,
2,154727,POINT_N_CLICK,4,
2,154755,POINT_N_CLICK,4,
2,154794,POINT_N_CLICK,4,
2,154822,POINT_N_CLICK,4,
2,154861,POINT_N_CLICK,4,
2,154889,POINT_N_CLICK,4,
2,154927,POINT_N_CLICK,4,
2,154955,POINT_N_CLICK,4,
2,154994,POINT_N_CLICK,4,
2,155022,POINT_N_CLICK,4,
2,155061,POINT_N_CLICK,4,
2,155089,POINT_N_CLICK,4,
2,155128,POINT_N_CLICK,4,
2,155156,POINT_N_CLICK,4,
2,155193,POINT_N_CLICK,4,
2,155222,POINT_N_CLICK,4,
2,155260,POINT_N_CLICK,4,
2,155288,POINT_N_CLICK,4,
2,155304,POINT_N_CLICK,4,
2,155360,POINT_N_CLICK,4,
2,155377,POINT_N_CLICK,4,
2,155424,POINT_N_CLICK,4,
2,155441,POINT_N_CLICK,4,
2,155492,POINT_N_CLICK,4,
2,155512,POINT_N_CLICK,4,
2,155558,POINT_N_CLICK,4,
2,155575,POINT_N_CLICK,4,
2,155625,POINT_N_CLICK,4,
2,155644,POINT_N_CLICK,4,
2,155691,POINT_N_CLICK,4,
2,155710,POINT_N_CLICK,4,
2,155758,POINT_N_CLICK,4,
2,155778,POINT_N_CLICK,4,
2,155825,POINT_N_CLICK,4,
2,155842,POINT_N_CLICK,4,
2,155893,POINT_N_CLICK,4,
2,155912,POINT_N_CLICK,4,
2,155958,POINT_N_CLICK,4,
2,155978,POINT_N_CLICK,4,
2,156023,POINT_N_CLICK,4,
2,156041,POINT_N_CLICK,4,
2,156091,POINT_N_CLICK,4,
2,156108,POINT_N_CLICK,4,
2,156159,POINT_N_CLICK,4,
2,156177,POINT_N_CLICK,4,
2,156225,POINT_N_CLICK,4,
2,156254,POINT_N_CLICK,4,
2,156295,POINT_N_CLICK,4,
2,156323,POINT_N_CLICK,4,
2,156361,POINT_N_CLICK,4,
2,159910,MENU_NAVIGATION,0,
2,159959,MENU_NAVIGATION,0,
2,159977,MENU_NAVIGATION,0,
2,160025,MENU_NAVIGATION,0,
2,160054,MENU_NAVIGATION,0,
2,160094,MENU_NAVIGATION,0,
2,160123,MENU_NAVIGATION,0,
2,160161,MENU_NAVIGATION,0,
2,160189,MENU_NAVIGATION,0,
2,160228,MENU_NAVIGATION,0,
2,160257,MENU_NAVIGATION,0,
2,160294,MENU_NAVIGATION,0,
2,160323,MENU_NAVIGATION,0,
2,160361,MENU_NAVIGATION,0,
2,160389,MENU_NAVIGATION,0,
2,160425,MENU_NAVIGATION,0,
2,160454,MENU_NAVIGATION,0,
2,160494,MENU_NAVIGATION,0,
2,160522,MENU_NAVIGATION,0,
2,160560,MENU_NAVIGATION,0,
2,160588,MENU_NAVIGATION,0,
2,160627,MENU_NAVIGATION,0,
2,160655,MENU_NAVIGATION,0,
2,160694,MENU_NAVIGATION,0,
2,160721,MENU_NAVIGATION,0,
2,160760,MENU_NAVIGATION,0,
2,160789,MENU_NAVIGATION,0,
2,160826,MENU_NAVIGATION,0,
2,160855,MENU_NAVIGATION,0,
2,160893,MENU_NAVIGATION,0,
2,160922,MENU_NAVIGATION,0,
2,160960,MENU_NAVIGATION,0,
2,160988,MENU_NAVIGATION,0,
2,161004,MENU_NAVIGATION,0,
2,161059,MENU_NAVIGATION,0,
2,161076,MENU_NAVIGATION,0,
2,161124,MENU_NAVIGATION,0,
2,161142,MENU_NAVIGATION,0,
2,161192,MENU_NAVIGATION,0,
2,161210,MENU_NAVIGATION,0,
2,161258,MENU_NAVIGATION,0,
2,161277,MENU_NAVIGATION,0,
2,161325,MENU_NAVIGATION,0,
2,161344,MENU_NAVIGATION,0,
2,161392,MENU_NAVIGATION,0,
2,161409,MENU_NAVIGATION,0,
2,161459,MENU_NAVIGATION,0,
2,161478,MENU_NAVIGATION,0,
2,161524,MENU_NAVIGATION,0,
2,161542,MENU_NAVIGATION,0,
2,161592,MENU_NAVIGATION,0,
2,161612,MENU_NAVIGATION,0,
2,161658,MENU_NAVIGATION,0,
2,161678,MENU_NAVIGATION,0,
2,161725,MENU_NAVIGATION,0,
2,161744,MENU_NAVIGATION,0,
2,161792,MENU_NAVIGATION,0,
2,161809,MENU_NAVIGATION,0,
2,161859,MENU_NAVIGATION,0,
2,161878,MENU_NAVIGATION,0,
2,161923,MENU_NAVIGATION,0,
2,161954,MENU_NAVIGATION,0,
2,161994,MENU_NAVIGATION,0,
2,162023,MENU_NAVIGATION,0,
2,162059,MENU_NAVIGATION,0,
2,162089,MENU_NAVIGATION,0,
2,162126,MENU_NAVIGATION,0,
2,162153,MENU_NAVIGATION,0,
2,162193,MENU_NAVIGATION,0,
2,162223,MENU_NAVIGATION,0,
2,162260,MENU_NAVIGATION,0,
2,162288,MENU_NAVIGATION,0,
2,162327,MENU_NAVIGATION,0,
2,162355,MENU_NAVIGATION,0,
2,162395,MENU_NAVIGATION,0,
2,162423,MENU_NAVIGATION,0,
2,162459,MENU_NAVIGATION,0,
2,162488,MENU_NAVIGATION,0,
2,162528,MENU_NAVIGATION,0,
2,162556,MENU_NAVIGATION,0,
2,162591,MENU_NAVIGATION,0,
2,162620,MENU_NAVIGATION,0,
2,162661,MENU_NAVIGATION,0,
2,162689,MENU_NAVIGATION,0,
2,162727,MENU_NAVIGATION,0,
2,162756,MENU_NAVIGATION,0,
2,162794,MENU_NAVIGATION,0,
2,162822,MENU_NAVIGATION,0,
2,162860,MENU_NAVIGATION,0,
2,162888,MENU_NAVIGATION,0,
2,162904,MENU_NAVIGATION,0,
2,162960,MENU_NAVIGATION,0,
2,162977,MENU_NAVIGATION,0,
2,163022,MENU_NAVIGATION,0,
2,163041,MENU_NAVIGATION,0,
2,163091,MENU_NAVIGATION,0,
2,163108,MENU_NAVIGATION,0,
2,163152,MENU_NAVIGATION,0,
2,163171,MENU_NAVIGATION,0,
2,163226,MENU_NAVIGATION,0,
2,163242,MENU_NAVIGATION,0,
2,163290,MENU_NAVIGATION,0,
2,163309,MENU_NAVIGATION,0,
2,163356,MENU_NAVIGATION,0,
2,163376,MENU_NAVIGATION,0,
2,163425,MENU_NAVIGATION,0,
2,163443,MENU_NAVIGATION,0,
2,163491,MENU_NAVIGATION,0,
2,163510,MENU_NAVIGATION,0,
2,163558,MENU_NAVIGATION,0,
2,163577,MENU_NAVIGATION,0,
2,163624,MENU_NAVIGATION,0,
2,163642,MENU_NAVIGATION,0,
2,163691,MENU_NAVIGATION,0,
2,163710,MENU_NAVIGATION,0,
2,163759,MENU_NAVIGATION,0,
2,164760,MENU_NAVIGATION,1,
2,164788,MENU_NAVIGATION,1,
2,164806,MENU_NAVIGATION,1,
2,164858,MENU_NAVIGATION,1,
2,164877,MENU_NAVIGATION,1,
2,164922,MENU_NAVIGATION,1,
2,164942,MENU_NAVIGATION,1,
2,164991,MENU_NAVIGATION,1,
2,165009,MENU_NAVIGATION,1,
2,165058,MENU_NAVIGATION,1,
2,165077,MENU_NAVIGATION,1,
2,165123,MENU_NAVIGATION,1,
2,165142,MENU_NAVIGATION,1,
2,165190,MENU_NAVIGATION,1,
2,165205,MENU_NAVIGATION,1,
2,165258,MENU_NAVIGATION,1,
2,165276,MENU_NAVIGATION,1,
2,165324,MENU_NAVIGATION,1,
2,165343,MENU_NAVIGATION,1,
2,165390,MENU_NAVIGATION,1,
2,165409,MENU_NAVIGATION,1,
2,165457,MENU_NAVIGATION,1,
2,165476,MENU_NAVIGATION,1,
2,165525,MENU_NAVIGATION,1,
2,165543,MENU_NAVIGATION,1,
2,165591,MENU_NAVIGATION,1,
2,165610,MENU_NAVIGATION,1,
2,165656,MENU_NAVIGATION,1,
2,165675,MENU_NAVIGATION,1,
2,165724,MENU_NAVIGATION,1,
2,165755,MENU_NAVIGATION,1,
2,165794,MENU_NAVIGATION,1,
2,165822,MENU_NAVIGATION,1,
2,165859,MENU_NAVIGATION,1,
2,165888,MENU_NAVIGATION,1,
2,165926,MENU_NAVIGATION,1,
2,165955,MENU_NAVIGATION,1,
2,165993,MENU_NAVIGATION,1,
2,166022,MENU_NAVIGATION,1,
2,166060,MENU_NAVIGATION,1,
2,166088,MENU_NAVIGATION,1,
2,166126,MENU_NAVIGATION,1,
2,166156,MENU_NAVIGATION,1,
2,166193,MENU_NAVIGATION,1,
2,166221,MENU_NAVIGATION,1,
2,166260,MENU_NAVIGATION,1,
2,166289,MENU_NAVIGATION,1,
2,166327,MENU_NAVIGATION,1,
2,166355,MENU_NAVIGATION,1,
2,166394,MENU_NAVIGATION,1,
2,166422,MENU_NAVIGATION,1,
2,166460,MENU_NAVIGATION,1,
2,166489,MENU_NAVIGATION,1,
2,166527,MENU_NAVIGATION,1,
2,166555,MENU_NAVIGATION,1,
2,166594,MENU_NAVIGATION,1,
2,166622,MENU_NAVIGATION,1,
2,166660,MENU_NAVIGATION,1,
2,166689,MENU_NAVIGATION,1,
2,166705,MENU_NAVIGATION,1,
2,166757,MENU_NAVIGATION,1,
2,166776,MENU_NAVIGATION,1,
2,166824,MENU_NAVIGATION,1,
2,166843,MENU_NAVIGATION,1,
2,166892,MENU_NAVIGATION,1,
2,166910,MENU_NAVIGATION,1,
2,166957,MENU_NAVIGATION,1,
2,166976,MENU_NAVIGATION,1,
2,167024,MENU_NAVIGATION,1,
2,167043,MENU_NAVIGATION,1,
2,167091,MENU_NAVIGATION,1,
2,167108,MENU_NAVIGATION,1,
2,167158,MENU_NAVIGATION,1,
2,167177,MENU_NAVIGATION,1,
2,167225,MENU_NAVIGATION,1,
2,167243,MENU_NAVIGATION,1,
2,167291,MENU_NAVIGATION,1,
2,167310,MENU_NAVIGATION,1,
2,167357,MENU_NAVIGATION,1,
2,167376,MENU_NAVIGATION,1,
2,167424,MENU_NAVIGATION,1,
2,167443,MENU_NAVIGATION,1,
2,167491,MENU_NAVIGATION,1,
2,167510,MENU_NAVIGATION,1,
2,167557,MENU_NAVIGATION,1,
2,167577,MENU_NAVIGATION,1,
2,167623,MENU_NAVIGATION,1,
2,167653,MENU_NAVIGATION,1,
2,167694,MENU_NAVIGATION,1,
2,167722,MENU_NAVIGATION,1,
2,167760,MENU_NAVIGATION,1,
2,167789,MENU_NAVIGATION,1,
2,167826,MENU_NAVIGATION,1,
2,167855,MENU_NAVIGATION,1,
2,167893,MENU_NAVIGATION,1,
2,167922,MENU_NAVIGATION,1,
2,167960,MENU_NAVIGATION,1,
2,167988,MENU_NAVIGATION,1,
2,168027,MENU_NAVIGATION,1,
2,168055,MENU_NAVIGATION,1,
2,168092,MENU_NAVIGATION,1,
2,168122,MENU_NAVIGATION,1,
2,168160,MENU_NAVIGATION,1,
2,168188,MENU_NAVIGATION,1,
2,168227,MENU_NAVIGATION,1,
2,168255,MENU_NAVIGATION,1,
2,168294,MENU_NAVIGATION,1,
2,168322,MENU_NAVIGATION,1,
2,168361,MENU_NAVIGATION,1,
2,168389,MENU_NAVIGATION,1,
2,168426,MENU_NAVIGATION,1,
2,168455,MENU_NAVIGATION,1,
2,168494,MENU_NAVIGATION,1,
2,168522,MENU_NAVIGATION,1,
2,168560,MENU_NAVIGATION,1,
2,168588,MENU_NAVIGATION,1,
2,168604,MENU_NAVIGATION,1,
2,168658,MENU_NAVIGATION,1,
2,168677,MENU_NAVIGATION,1,
2,168724,MENU_NAVIGATION,1,
2,168743,MENU_NAVIGATION,1,
2,168792,MENU_NAVIGATION,1,
2,168811,MENU_NAVIGATION,1,
2,169822,MENU_NAVIGATION,2,
2,169860,MENU_NAVIGATION,2,
2,169889,MENU_NAVIGATION,2,
2,169927,MENU_NAVIGATION,2,
2,169955,MENU_NAVIGATION,2,
2,169991,MENU_NAVIGATION,2,
2,170021,MENU_NAVIGATION,2,
2,170060,MENU_NAVIGATION,2,
2,170089,MENU_NAVIGATION,2,
2,170126,MENU_NAVIGATION,2,
2,170155,MENU_NAVIGATION,2,
2,170193,MENU_NAVIGATION,2,
2,170222,MENU_NAVIGATION,2,
2,170260,MENU_NAVIGATION,2,
2,170289,MENU_NAVIGATION,2,
2,170327,MENU_NAVIGATION,2,
2,170355,MENU_NAVIGATION,2,
2,170394,MENU_NAVIGATION,2,
2,170422,MENU_NAVIGATION,2,
2,170460,MENU_NAVIGATION,2,
2,170488,MENU_NAVIGATION,2,
2,170505,MENU_NAVIGATION,2,
2,170558,MENU_NAVIGATION,2,
2,170576,MENU_NAVIGATION,2,
2,170624,MENU_NAVIGATION,2,
2,170642,MENU_NAVIGATION,2,
2,170691,MENU_NAVIGATION,2,
2,170709,MENU_NAVIGATION,2,
2,170758,MENU_NAVIGATION,2,
2,170777,MENU_NAVIGATION,2,
2,170823,MENU_NAVIGATION,2,
2,170842,MENU_NAVIGATION,2,
2,170891,MENU_NAVIGATION,2,
2,170911,MENU_NAVIGATION,2,
2,170957,MENU_NAVIGATION,2,
2,170976,MENU_NAVIGATION,2,
2,171024,MENU_NAVIGATION,2,
2,171043,MENU_NAVIGATION,2,
2,171091,MENU_NAVIGATION,2,
2,171109,MENU_NAVIGATION,2,
2,171158,MENU_NAVIGATION,2,
2,171176,MENU_NAVIGATION,2,
2,171224,MENU_NAVIGATION,2,
2,171244,MENU_NAVIGATION,2,
2,171290,MENU_NAVIGATION,2,
2,171309,MENU_NAVIGATION,2,
2,171357,MENU_NAVIGATION,2,
2,171374,MENU_NAVIGATION,2,
2,171423,MENU_NAVIGATION,2,
2,171454,MENU_NAVIGATION,2,
2,171493,MENU_NAVIGATION,2,
2,171521,MENU_NAVIGATION,2,
2,171559,MENU_NAVIGATION,2,
2,171588,MENU_NAVIGATION,2,
2,171627,MENU_NAVIGATION,2,
2,171655,MENU_NAVIGATION,2,
2,171693,MENU_NAVIGATION,2,
2,171723,MENU_NAVIGATION,2,
2,171760,MENU_NAVIGATION,2,
2,171788,MENU_NAVIGATION,2,
2,171827,MENU_NAVIGATION,2,
2,171856,MENU_NAVIGATION,2,
2,171894,MENU_NAVIGATION,2,
2,171922,MENU_NAVIGATION,2,
2,171959,MENU_NAVIGATION,2,
2,171988,MENU_NAVIGATION,2,
2,172027,MENU_NAVIGATION,2,
2,172055,MENU_NAVIGATION,2,
2,172093,MENU_NAVIGATION,2,
2,172121,MENU_NAVIGATION,2,
2,172160,MENU_NAVIGATION,2,
2,172188,MENU_NAVIGATION,2,
2,172227,MENU_NAVIGATION,2,
2,172255,MENU_NAVIGATION,2,
2,172293,MENU_NAVIGATION,2,
2,172322,MENU_NAVIGATION,2,
2,172357,MENU_NAVIGATION,2,
2,172387,MENU_NAVIGATION,2,
2,172406,MENU_NAVIGATION,2,
2,172456,MENU_NAVIGATION,2,
2,172476,MENU_NAVIGATION,2,
2,172524,MENU_NAVIGATION,2,
2,172543,MENU_NAVIGATION,2,
2,172586,MENU_NAVIGATION,2,
2,172603,MENU_NAVIGATION,2,
2,172660,MENU_NAVIGATION,2,
2,172678,MENU_NAVIGATION,2,
2,172724,MENU_NAVIGATION,2,
2,172743,MENU_NAVIGATION,2,
2,172791,MENU_NAVIGATION,2,
2,172810,MENU_NAVIGATION,2,
2,172859,MENU_NAVIGATION,2,
2,172878,MENU_NAVIGATION,2,
2,172925,MENU_NAVIGATION,2,
2,172944,MENU_NAVIGATION,2,
2,172992,MENU_NAVIGATION,2,
2,173012,MENU_NAVIGATION,2,
2,173060,MENU_NAVIGATION,2,
2,173080,MENU_NAVIGATION,2,
2,173129,MENU_NAVIGATION,2,
2,173148,MENU_NAVIGATION,2,
2,173194,MENU_NAVIGATION,2,
2,173213,MENU_NAVIGATION,2,
2,173261,MENU_NAVIGATION,2,
2,173279,MENU_NAVIGATION,2,
2,174156,MENU_NAVIGATION,3,
2,174192,MENU_NAVIGATION,3,
2,174222,MENU_NAVIGATION,3,
2,174260,MENU_NAVIGATION,3,
2,174289,MENU_NAVIGATION,3,
2,174305,MENU_NAVIGATION,3,
2,174358,MENU_NAVIGATION,3,
2,174377,MENU_NAVIGATION,3,
2,174423,MENU_NAVIGATION,3,
2,174440,MENU_NAVIGATION,3,
2,174491,MENU_NAVIGATION,3,
2,174510,MENU_NAVIGATION,3,
2,174558,MENU_NAVIGATION,3,
2,174577,MENU_NAVIGATION,3,
2,174624,MENU_NAVIGATION,3,
2,174642,MENU_NAVIGATION,3,
2,174691,MENU_NAVIGATION,3,
2,174710,MENU_NAVIGATION,3,
2,174758,MENU_NAVIGATION,3,
2,174777,MENU_NAVIGATION,3,
2,174824,MENU_NAVIGATION,3,
2,174842,MENU_NAVIGATION,3,
2,174891,MENU_NAVIGATION,3,
2,174910,MENU_NAVIGATION,3,
2,174957,MENU_NAVIGATION,3,
2,174977,MENU_NAVIGATION,3,
2,175024,MENU_NAVIGATION,3,
2,175045,MENU_NAVIGATION,3,
2,175090,MENU_NAVIGATION,3,
2,175109,MENU_NAVIGATION,3,
2,175158,MENU_NAVIGATION,3,
2,175177,MENU_NAVIGATION,3,
2,175224,MENU_NAVIGATION,3,
2,175254,MENU_NAVIGATION,3,
2,175294,MENU_NAVIGATION,3,
2,175322,MENU_NAVIGATION,3,
2,175360,MENU_NAVIGATION,3,
2,175389,MENU_NAVIGATION,3,
2,175427,MENU_NAVIGATION,3,
2,175455,MENU_NAVIGATION,3,
2,175493,MENU_NAVIGATION,3,
2,175524,MENU_NAVIGATION,3,
2,175560,MENU_NAVIGATION,3,
2,175588,MENU_NAVIGATION,3,
2,175627,MENU_NAVIGATION,3,
2,175656,MENU_NAVIGATION,3,
2,175694,MENU_NAVIGATION,3,
2,175722,MENU_NAVIGATION,3,
2,175760,MENU_NAVIGATION,3,
2,175790,MENU_NAVIGATION,3,
2,175827,MENU_NAVIGATION,3,
2,175855,MENU_NAVIGATION,3,
2,175893,MENU_NAVIGATION,3,
2,175923,MENU_NAVIGATION,3,
2,175960,MENU_NAVIGATION,3,
2,175989,MENU_NAVIGATION,3,
2,176027,MENU_NAVIGATION,3,
2,176055,MENU_NAVIGATION,3,
2,176093,MENU_NAVIGATION,3,
2,176121,MENU_NAVIGATION,3,
2,176160,MENU_NAVIGATION,3,
2,176189,MENU_NAVIGATION,3,
2,176205,MENU_NAVIGATION,3,
2,176258,MENU_NAVIGATION,3,
2,176277,MENU_NAVIGATION,3,
2,176324,MENU_NAVIGATION,3,
2,176342,MENU_NAVIGATION,3,
2,176391,MENU_NAVIGATION,3,
2,176410,MENU_NAVIGATION,3,
2,176457,MENU_NAVIGATION,3,
2,176477,MENU_NAVIGATION,3,
2,176524,MENU_NAVIGATION,3,
2,176544,MENU_NAVIGATION,3,
2,176590,MENU_NAVIGATION,3,
2,176609,MENU_NAVIGATION,3,
2,176656,MENU_NAVIGATION,3,
2,176674,MENU_NAVIGATION,3,
2,176724,MENU_NAVIGATION,3,
2,176742,MENU_NAVIGATION,3,
2,176790,MENU_NAVIGATION,3,
2,176810,MENU_NAVIGATION,3,
2,176858,MENU_NAVIGATION,3,
2,176878,MENU_NAVIGATION,3,
2,176923,MENU_NAVIGATION,3,
2,176943,MENU_NAVIGATION,3,
2,176990,MENU_NAVIGATION,3,
2,177010,MENU_NAVIGATION,3,
2,177057,MENU_NAVIGATION,3,
2,177073,MENU_NAVIGATION,3,
2,177125,MENU_NAVIGATION,3,
2,177155,MENU_NAVIGATION,3,
2,177193,MENU_NAVIGATION,3,
2,177223,MENU_NAVIGATION,3,
2,177260,MENU_NAVIGATION,3,
2,177289,MENU_NAVIGATION,3,
2,177327,MENU_NAVIGATION,3,
2,177358,MENU_NAVIGATION,3,
2,177394,MENU_NAVIGATION,3,
2,177423,MENU_NAVIGATION,3,
2,177461,MENU_NAVIGATION,3,
2,177489,MENU_NAVIGATION,3,
2,177527,MENU_NAVIGATION,3,
2,177556,MENU_NAVIGATION,3,
2,177591,MENU_NAVIGATION,3,
2,177621,MENU_NAVIGATION,3,
2,177660,MENU_NAVIGATION,3,
2,177691,MENU_NAVIGATION,3,
2,177727,MENU_NAVIGATION,3,
2,177758,MENU_NAVIGATION,3,
2,179121,MENU_NAVIGATION,4,
2,179161,MENU_NAVIGATION,4,
2,179192,MENU_NAVIGATION,4,
2,179226,MENU_NAVIGATION,4,
2,179257,MENU_NAVIGATION,4,
2,179294,MENU_NAVIGATION,4,
2,179324,MENU_NAVIGATION,4,
2,179361,MENU_NAVIGATION,4,
2,179389,MENU_NAVIGATION,4,
2,179426,MENU_NAVIGATION,4,
2,179457,MENU_NAVIGATION,4,
2,179494,MENU_NAVIGATION,4,
2,179523,MENU_NAVIGATION,4,
2,179560,MENU_NAVIGATION,4,
2,179590,MENU_NAVIGATION,4,
2,179627,MENU_NAVIGATION,4,
2,179656,MENU_NAVIGATION,4,
2,179694,MENU_NAVIGATION,4,
2,179722,MENU_NAVIGATION,4,
2,179761,MENU_NAVIGATION,4,
2,179789,MENU_NAVIGATION,4,
2,179826,MENU_NAVIGATION,4,
2,179856,MENU_NAVIGATION,4,
2,179893,MENU_NAVIGATION,4,
2,179922,MENU_NAVIGATION,4,
2,179961,MENU_NAVIGATION,4,
2,179989,MENU_NAVIGATION,4,
2,180005,MENU_NAVIGATION,4,
2,180058,MENU_NAVIGATION,4,
2,180077,MENU_NAVIGATION,4,
2,180125,MENU_NAVIGATION,4,
2,180143,MENU_NAVIGATION,4,
2,180190,MENU_NAVIGATION,4,
2,180210,MENU_NAVIGATION,4,
2,180258,MENU_NAVIGATION,4,
2,180277,MENU_NAVIGATION,4,
2,180323,MENU_NAVIGATION,4,
2,180342,MENU_NAVIGATION,4,
2,180390,MENU_NAVIGATION,4,
2,180410,MENU_NAVIGATION,4,
2,180458,MENU_NAVIGATION,4,
2,180477,MENU_NAVIGATION,4,
2,180524,MENU_NAVIGATION,4,
2,180544,MENU_NAVIGATION,4,
2,180591,MENU_NAVIGATION,4,
2,180609,MENU_NAVIGATION,4,
2,180658,MENU_NAVIGATION,4,
2,180677,MENU_NAVIGATION,4,
2,180723,MENU_NAVIGATION,4,
2,180742,MENU_NAVIGATION,4,
2,180790,MENU_NAVIGATION,4,
2,180809,MENU_NAVIGATION,4,
2,180858,MENU_NAVIGATION,4,
2,180877,MENU_NAVIGATION,4,
2,180924,MENU_NAVIGATION,4,
2,180954,MENU_NAVIGATION,4,
2,180993,MENU_NAVIGATION,4,
2,181022,MENU_NAVIGATION,4,
2,181060,MENU_NAVIGATION,4,
2,181089,MENU_NAVIGATION,4,
2,181127,MENU_NAVIGATION,4,
2,181155,MENU_NAVIGATION,4,
2,181193,MENU_NAVIGATION,4,
2,181223,MENU_NAVIGATION,4,
2,181260,MENU_NAVIGATION,4,
2,181289,MENU_NAVIGATION,4,
2,181326,MENU_NAVIGATION,4,
2,181356,MENU_NAVIGATION,4,
2,181394,MENU_NAVIGATION,4,
2,181422,MENU_NAVIGATION,4,
2,181459,MENU_NAVIGATION,4,
2,181490,MENU_NAVIGATION,4,
2,181526,MENU_NAVIGATION,4,
2,181556,MENU_NAVIGATION,4,
2,181594,MENU_NAVIGATION,4,
2,181622,MENU_NAVIGATION,4,
2,181659,MENU_NAVIGATION,4,
2,181689,MENU_NAVIGATION,4,
2,181727,MENU_NAVIGATION,4,
2,181756,MENU_NAVIGATION,4,
2,181794,MENU_NAVIGATION,4,
2,181822,MENU_NAVIGATION,4,
2,181860,MENU_NAVIGATION,4,
2,181890,MENU_NAVIGATION,4,
2,181906,MENU_NAVIGATION,4,
2,181958,MENU_NAVIGATION,4,
2,181977,MENU_NAVIGATION,4,
2,182023,MENU_NAVIGATION,4,
2,182040,MENU_NAVIGATION,4,
2,182090,MENU_NAVIGATION,4,
2,182109,MENU_NAVIGATION,4,
2,182158,MENU_NAVIGATION,4,
2,182177,MENU_NAVIGATION,4,
2,182223,MENU_NAVIGATION,4,
2,182242,MENU_NAVIGATION,4,
2,182290,MENU_NAVIGATION,4,
2,182309,MENU_NAVIGATION,4,
2,182358,MENU_NAVIGATION,4,
2,182377,MENU_NAVIGATION,4,
2,182425,MENU_NAVIGATION,4,
2,182444,MENU_NAVIGATION,4,
2,182490,MENU_NAVIGATION,4,
2,182509,MENU_NAVIGATION,4,
2,182557,MENU_NAVIGATION,4,
2,182577,MENU_NAVIGATION,4,
2,182621,MENU_NAVIGATION,4,
2,182642,MENU_NAVIGATION,4,
2,182691,MENU_NAVIGATION,4,
2,182711,MENU_NAVIGATION,4,
2,182772,MENU_NAVIGATION,4,
2,182781,MENU_NAVIGATION,4,
2,182825,MENU_NAVIGATION,4,
2,182855,MENU_NAVIGATION,4,
2,182894,MENU_NAVIGATION,4,
2,182925,MENU_NAVIGATION,4,
2,185221,DRAGGING,0,
2,185260,DRAGGING,0,
2,185290,DRAGGING,0,
2,185326,DRAGGING,0,
2,185355,DRAGGING,0,
2,185393,DRAGGING,0,
2,185422,DRAGGING,0,
2,185460,DRAGGING,0,
2,185489,DRAGGING,0,
2,185526,DRAGGING,0,
2,185557,DRAGGING,0,
2,185593,DRAGGING,0,
2,185623,DRAGGING,0,
2,185660,DRAGGING,0,
2,185689,DRAGGING,0,
2,185706,DRAGGING,0,
2,185757,DRAGGING,0,
2,185774,DRAGGING,0,
2,185824,DRAGGING,0,
2,185845,DRAGGING,0,
2,185890,DRAGGING,0,
2,185911,DRAGGING,0,
2,185957,DRAGGING,0,
2,185976,DRAGGING,0,
2,186024,DRAGGING,0,
2,186044,DRAGGING,0,
2,186089,DRAGGING,0,
2,186108,DRAGGING,0,
2,186161,DRAGGING,0,
2,186179,DRAGGING,0,
2,186227,DRAGGING,0,
2,186245,DRAGGING,0,
2,186294,DRAGGING,0,
2,186312,DRAGGING,0,
2,186359,DRAGGING,0,
2,186378,DRAGGING,0,
2,186427,DRAGGING,0,
2,186446,DRAGGING,0,
2,186493,DRAGGING,0,
2,186512,DRAGGING,0,
2,186559,DRAGGING,0,
2,186577,DRAGGING,0,
2,186626,DRAGGING,0,
2,186656,DRAGGING,0,
2,186693,DRAGGING,0,
2,186724,DRAGGING,0,
2,186763,DRAGGING,0,
2,186791,DRAGGING,0,
2,186827,DRAGGING,0,
2,186857,DRAGGING,0,
2,186896,DRAGGING,0,
2,186926,DRAGGING,0,
2,186961,DRAGGING,0,
2,186991,DRAGGING,0,
2,187027,DRAGGING,0,
2,187058,DRAGGING,0,
2,187093,DRAGGING,0,
2,187124,DRAGGING,0,
2,187160,DRAGGING,0,
2,187191,DRAGGING,0,
2,187227,DRAGGING,0,
2,187258,DRAGGING,0,
2,187293,DRAGGING,0,
2,187324,DRAGGING,0,
2,187360,DRAGGING,0,
2,187391,DRAGGING,0,
2,187427,DRAGGING,0,
2,187458,DRAGGING,0,
2,187494,DRAGGING,0,
2,187523,DRAGGING,0,
2,187562,DRAGGING,0,
2,187601,DRAGGING,0,
2,187606,DRAGGING,0,
2,187658,DRAGGING,0,
2,187677,DRAGGING,0,
2,187726,DRAGGING,0,
2,187746,DRAGGING,0,
2,187793,DRAGGING,0,
2,187812,DRAGGING,0,
2,187859,DRAGGING,0,
2,187877,DRAGGING,0,
2,187924,DRAGGING,0,
2,187944,DRAGGING,0,
2,187992,DRAGGING,0,
2,188011,DRAGGING,0,
2,188060,DRAGGING,0,
2,188078,DRAGGING,0,
2,188125,DRAGGING,0,
2,188144,DRAGGING,0,
2,188192,DRAGGING,0,
2,188211,DRAGGING,0,
2,188257,DRAGGING,0,
2,188278,DRAGGING,0,
2,188324,DRAGGING,0,
2,188342,DRAGGING,0,
2,188391,DRAGGING,0,
2,188412,DRAGGING,0,
2,188457,DRAGGING,0,
2,188476,DRAGGING,0,
2,188524,DRAGGING,0,
2,188555,DRAGGING,0,
2,188594,DRAGGING,0,
2,188623,DRAGGING,0,
2,188660,DRAGGING,0,
2,188690,DRAGGING,0,
2,188726,DRAGGING,0,
2,188756,DRAGGING,0,
2,188793,DRAGGING,0,
2,188824,DRAGGING,0,
2,188860,DRAGGING,0,
2,188890,DRAGGING,0,
2,188926,DRAGGING,0,
2,188957,DRAGGING,0,
2,188994,DRAGGING,0,
2,189023,DRAGGING,0,
2,189060,DRAGGING,0,
2,190245,DRAGGING,1,
2,190299,DRAGGING,1,
2,190312,DRAGGING,1,
2,190355,DRAGGING,1,
2,190374,DRAGGING,1,
2,190426,DRAGGING,1,
2,190455,DRAGGING,1,
2,190494,DRAGGING,1,
2,190524,DRAGGING,1,
2,190560,DRAGGING,1,
2,190590,DRAGGING,1,
2,190627,DRAGGING,1,
2,190656,DRAGGING,1,
2,190694,DRAGGING,1,
2,190723,DRAGGING,1,
2,190759,DRAGGING,1,
2,190789,DRAGGING,1,
2,190827,DRAGGING,1,
2,190856,DRAGGING,1,
2,190894,DRAGGING,1,
2,190923,DRAGGING,1,
2,190960,DRAGGING,1,
2,190989,DRAGGING,1,
2,191027,DRAGGING,1,
2,191056,DRAGGING,1,
2,191093,DRAGGING,1,
2,191123,DRAGGING,1,
2,191160,DRAGGING,1,
2,191189,DRAGGING,1,
2,191227,DRAGGING,1,
2,191257,DRAGGING,1,
2,191293,DRAGGING,1,
2,191324,DRAGGING,1,
2,191360,DRAGGING,1,
2,191389,DRAGGING,1,
2,191407,DRAGGING,1,
2,191458,DRAGGING,1,
2,191478,DRAGGING,1,
2,191524,DRAGGING,1,
2,191545,DRAGGING,1,
2,191591,DRAGGING,1,
2,191611,DRAGGING,1,
2,191657,DRAGGING,1,
2,191676,DRAGGING,1,
2,191724,DRAGGING,1,
2,191744,DRAGGING,1,
2,191791,DRAGGING,1,
2,191812,DRAGGING,1,
2,191858,DRAGGING,1,
2,191878,DRAGGING,1,
2,191924,DRAGGING,1,
2,191944,DRAGGING,1,
2,191992,DRAGGING,1,
2,192012,DRAGGING,1,
2,192058,DRAGGING,1,
2,192078,DRAGGING,1,
2,192125,DRAGGING,1,
2,192145,DRAGGING,1,
2,192191,DRAGGING,1,
2,192212,DRAGGING,1,
2,192258,DRAGGING,1,
2,192278,DRAGGING,1,
2,192324,DRAGGING,1,
2,192354,DRAGGING,1,
2,192393,DRAGGING,1,
2,192424,DRAGGING,1,
2,192460,DRAGGING,1,
2,192490,DRAGGING,1,
2,192526,DRAGGING,1,
2,192557,DRAGGING,1,
2,192591,DRAGGING,1,
2,192621,DRAGGING,1,
2,192660,DRAGGING,1,
2,192690,DRAGGING,1,
2,192726,DRAGGING,1,
2,192758,DRAGGING,1,
2,192793,DRAGGING,1,
2,192823,DRAGGING,1,
2,192860,DRAGGING,1,
2,192889,DRAGGING,1,
2,192926,DRAGGING,1,
2,192956,DRAGGING,1,
2,192993,DRAGGING,1,
2,193023,DRAGGING,1,
2,193060,DRAGGING,1,
2,193091,DRAGGING,1,
2,193127,DRAGGING,1,
2,193157,DRAGGING,1,
2,193193,DRAGGING,1,
2,193225,DRAGGING,1,
2,193260,DRAGGING,1,
2,193290,DRAGGING,1,
2,193308,DRAGGING,1,
2,193359,DRAGGING,1,
2,193378,DRAGGING,1,
2,193420,DRAGGING,1,
2,193440,DRAGGING,1,
2,193491,DRAGGING,1,
2,193511,DRAGGING,1,
2,193558,DRAGGING,1,
2,193580,DRAGGING,1,
2,193626,DRAGGING,1,
2,193645,DRAGGING,1,
2,193691,DRAGGING,1,
2,193712,DRAGGING,1,
2,193758,DRAGGING,1,
2,193778,DRAGGING,1,
2,193823,DRAGGING,1,
2,193842,DRAGGING,1,
2,193891,DRAGGING,1,
2,193912,DRAGGING,1,
2,193958,DRAGGING,1,
2,193978,DRAGGING,1,
2,194024,DRAGGING,1,
2,194044,DRAGGING,1,
2,194089,DRAGGING,1,
2,194108,DRAGGING,1,
2,194158,DRAGGING,1,
2,194179,DRAGGING,1,
2,195322,DRAGGING,2,
2,195343,DRAGGING,2,
2,195390,DRAGGING,2,
2,195412,DRAGGING,2,
2,195458,DRAGGING,2,
2,195479,DRAGGING,2,
2,195524,DRAGGING,2,
2,195545,DRAGGING,2,
2,195591,DRAGGING,2,
2,195610,DRAGGING,2,
2,195658,DRAGGING,2,
2,195679,DRAGGING,2,
2,195724,DRAGGING,2,
2,195746,DRAGGING,2,
2,195791,DRAGGING,2,
2,195811,DRAGGING,2,
2,195857,DRAGGING,2,
2,195876,DRAGGING,2,
2,195924,DRAGGING,2,
2,195944,DRAGGING,2,
2,195991,DRAGGING,2,
2,196012,DRAGGING,2,
2,196058,DRAGGING,2,
2,196078,DRAGGING,2,
2,196124,DRAGGING,2,
2,196155,DRAGGING,2,
2,196194,DRAGGING,2,
2,196224,DRAGGING,2,
2,196261,DRAGGING,2,
2,196291,DRAGGING,2,
2,196326,DRAGGING,2,
2,196355,DRAGGING,2,
2,196393,DRAGGING,2,
2,196424,DRAGGING,2,
2,196460,DRAGGING,2,
2,196490,DRAGGING,2,
2,196526,DRAGGING,2,
2,196557,DRAGGING,2,
2,196594,DRAGGING,2,
2,196624,DRAGGING,2,
2,196661,DRAGGING,2,
2,196690,DRAGGING,2,
2,196727,DRAGGING,2,
2,196757,DRAGGING,2,
2,196794,DRAGGING,2,
2,196824,DRAGGING,2,
2,196861,DRAGGING,2,
2,196891,DRAGGING,2,
2,196928,DRAGGING,2,
2,196958,DRAGGING,2,
2,196993,DRAGGING,2,
2,197024,DRAGGING,2,
2,197059,DRAGGING,2,
2,197104,DRAGGING,2,
2,197111,DRAGGING,2,
2,197155,DRAGGING,2,
2,197174,DRAGGING,2,
2,197224,DRAGGING,2,
2,197245,DRAGGING,2,
2,197291,DRAGGING,2,
2,197312,DRAGGING,2,
2,197358,DRAGGING,2,
2,197379,DRAGGING,2,
2,197425,DRAGGING,2,
2,197445,DRAGGING,2,
2,197492,DRAGGING,2,
2,197512,DRAGGING,2,
2,197558,DRAGGING,2,
2,197578,DRAGGING,2,
2,197622,DRAGGING,2,
2,197643,DRAGGING,2,
2,197691,DRAGGING,2,
2,197712,DRAGGING,2,
2,197759,DRAGGING,2,
2,197779,DRAGGING,2,
2,197826,DRAGGING,2,
2,197892,DRAGGING,2,
2,197911,DRAGGING,2,
2,197956,DRAGGING,2,
2,197975,DRAGGING,2,
2,198026,DRAGGING,2,
2,198055,DRAGGING,2,
2,198094,DRAGGING,2,
2,198124,DRAGGING,2,
2,198160,DRAGGING,2,
2,198191,DRAGGING,2,
2,198227,DRAGGING,2,
2,198257,DRAGGING,2,
2,198293,DRAGGING,2,
2,198325,DRAGGING,2,
2,198360,DRAGGING,2,
2,198391,DRAGGING,2,
2,198427,DRAGGING,2,
2,198457,DRAGGING,2,
2,198494,DRAGGING,2,
2,198524,DRAGGING,2,
2,198560,DRAGGING,2,
2,198591,DRAGGING,2,
2,198627,DRAGGING,2,
2,198658,DRAGGING,2,
2,198694,DRAGGING,2,
2,198724,DRAGGING,2,
2,198760,DRAGGING,2,
2,198791,DRAGGING,2,
2,198827,DRAGGING,2,
2,198858,DRAGGING,2,
2,198894,DRAGGING,2,
2,198924,DRAGGING,2,
2,198960,DRAGGING,2,
2,199005,DRAGGING,2,
2,199011,DRAGGING,2,
2,199070,DRAGGING,2,
2,199093,DRAGGING,2,
2,199123,DRAGGING,2,
2,199143,DRAGGING,2,
2,199191,DRAGGING,2,
2,199212,DRAGGING,2,
2,199257,DRAGGING,2,
2,199275,DRAGGING,2,
2,199324,DRAGGING,2,
2,199345,DRAGGING,2,
2,199391,DRAGGING,2,
2,199413,DRAGGING,2,
2,199459,DRAGGING,2,
2,199479,DRAGGING,2,
2,199524,DRAGGING,2,
2,199543,DRAGGING,2,
2,199591,DRAGGING,2,
2,199613,DRAGGING,2,
2,199658,DRAGGING,2,
2,199678,DRAGGING,2,
2,199736,DRAGGING,2,
2,199747,DRAGGING,2,
2,199792,DRAGGING,2,
2,199809,DRAGGING,2,
2,199858,DRAGGING,2,
2,199879,DRAGGING,2,
2,199925,DRAGGING,2,
2,199955,DRAGGING,2,
2,199993,DRAGGING,2,
2,200024,DRAGGING,2,
2,200060,DRAGGING,2,
2,200090,DRAGGING,2,
2,200127,DRAGGING,2,
2,200156,DRAGGING,2,
2,200193,DRAGGING,2,
2,200224,DRAGGING,2,
2,200260,DRAGGING,2,
2,200291,DRAGGING,2,
2,200327,DRAGGING,2,
2,200357,DRAGGING,2,
2,200393,DRAGGING,2,
2,200424,DRAGGING,2,
2,200460,DRAGGING,2,
2,200490,DRAGGING,2,
2,200527,DRAGGING,2,
2,200557,DRAGGING,2,
2,200593,DRAGGING,2,
2,200625,DRAGGING,2,
2,200661,DRAGGING,2,
2,200692,DRAGGING,2,
2,200726,DRAGGING,2,
2,200757,DRAGGING,2,
2,200793,DRAGGING,2,
2,200824,DRAGGING,2,
2,200860,DRAGGING,2,
2,200890,DRAGGING,2,
2,200909,DRAGGING,2,
2,200972,DRAGGING,2,
2,200980,DRAGGING,2,
2,201025,DRAGGING,2,
2,201044,DRAGGING,2,
2,201103,DRAGGING,2,
2,201113,DRAGGING,2,
2,201159,DRAGGING,2,
2,201178,DRAGGING,2,
2,201238,DRAGGING,2,
2,201260,DRAGGING,2,
2,201291,DRAGGING,2,
2,201309,DRAGGING,2,
2,201358,DRAGGING,2,
2,201379,DRAGGING,2,
2,201424,DRAGGING,2,
2,201446,DRAGGING,2,
2,201492,DRAGGING,2,
2,201512,DRAGGING,2,
2,201558,DRAGGING,2,
2,201578,DRAGGING,2,
2,201638,DRAGGING,2,
2,201648,DRAGGING,2,
2,201692,DRAGGING,2,
2,201710,DRAGGING,2,
2,201774,DRAGGING,2,
2,201780,DRAGGING,2,
2,201825,DRAGGING,2,
2,201855,DRAGGING,2,
2,201894,DRAGGING,2,
2,201924,DRAGGING,2,
2,201960,DRAGGING,2,
2,201991,DRAGGING,2,
2,202027,DRAGGING,2,
2,202058,DRAGGING,2,
2,202093,DRAGGING,2,
2,202123,DRAGGING,2,
2,202160,DRAGGING,2,
2,202190,DRAGGING,2,
2,202227,DRAGGING,2,
2,202257,DRAGGING,2,
2,202293,DRAGGING,2,
2,202324,DRAGGING,2,
2,202361,DRAGGING,2,
2,202391,DRAGGING,2,
2,202427,DRAGGING,2,
2,202459,DRAGGING,2,
2,202493,DRAGGING,2,
2,202524,DRAGGING,2,
2,202561,DRAGGING,2,
2,202590,DRAGGING,2,
2,202627,DRAGGING,2,
2,202657,DRAGGING,2,
2,202694,DRAGGING,2,
2,202724,DRAGGING,2,
2,202760,DRAGGING,2,
2,202805,DRAGGING,2,
2,202811,DRAGGING,2,
2,202870,DRAGGING,2,
2,202911,DRAGGING,2,
2,202927,DRAGGING,2,
2,202943,DRAGGING,2,
2,203001,DRAGGING,2,
2,203014,DRAGGING,2,
2,203059,DRAGGING,2,
2,203078,DRAGGING,2,
2,203136,DRAGGING,2,
2,203146,DRAGGING,2,
2,203191,DRAGGING,2,
2,203212,DRAGGING,2,
2,203269,DRAGGING,2,
2,203280,DRAGGING,2,
2,203325,DRAGGING,2,
2,203346,DRAGGING,2,
2,203403,DRAGGING,2,
2,203414,DRAGGING,2,
2,203457,DRAGGING,2,
2,203476,DRAGGING,2,
2,203537,DRAGGING,2,
2,203545,DRAGGING,2,
2,203591,DRAGGING,2,
2,203611,DRAGGING,2,
2,203672,DRAGGING,2,
2,203693,DRAGGING,2,
2,203724,DRAGGING,2,
2,203755,DRAGGING,2,
2,203794,DRAGGING,2,
2,203825,DRAGGING,2,
2,203860,DRAGGING,2,
2,203892,DRAGGING,2,
2,203927,DRAGGING,2,
2,203956,DRAGGING,2,
2,203993,DRAGGING,2,
2,204024,DRAGGING,2,
2,204060,DRAGGING,2,
2,204091,DRAGGING,2,
2,204127,DRAGGING,2,
2,204158,DRAGGING,2,
2,204194,DRAGGING,2,
2,204225,DRAGGING,2,
2,204260,DRAGGING,2,
2,204291,DRAGGING,2,
2,204327,DRAGGING,2,
2,204359,DRAGGING,2,
2,204393,DRAGGING,2,
2,204424,DRAGGING,2,
2,204460,DRAGGING,2,
2,204491,DRAGGING,2,
2,204527,DRAGGING,2,
2,204559,DRAGGING,2,
2,205501,DRAGGING,3,
2,205515,DRAGGING,3,
2,205559,DRAGGING,3,
2,205579,DRAGGING,3,
2,205638,DRAGGING,3,
2,205656,DRAGGING,3,
2,205692,DRAGGING,3,
2,205722,DRAGGING,3,
2,205760,DRAGGING,3,
2,205790,DRAGGING,3,
2,205827,DRAGGING,3,
2,205858,DRAGGING,3,
2,205893,DRAGGING,3,
2,205925,DRAGGING,3,
2,205961,DRAGGING,3,
2,205991,DRAGGING,3,
2,206027,DRAGGING,3,
2,206059,DRAGGING,3,
2,206094,DRAGGING,3,
2,206124,DRAGGING,3,
2,206160,DRAGGING,3,
2,206191,DRAGGING,3,
2,206227,DRAGGING,3,
2,206258,DRAGGING,3,
2,206293,DRAGGING,3,
2,206324,DRAGGING,3,
2,206360,DRAGGING,3,
2,206392,DRAGGING,3,
2,206426,DRAGGING,3,
2,206457,DRAGGING,3,
2,206493,DRAGGING,3,
2,206524,DRAGGING,3,
2,206560,DRAGGING,3,
2,206603,DRAGGING,3,
2,206612,DRAGGING,3,
2,206669,DRAGGING,3,
2,206711,DRAGGING,3,
2,206727,DRAGGING,3,
2,206744,DRAGGING,3,
2,206804,DRAGGING,3,
2,206828,DRAGGING,3,
2,206857,DRAGGING,3,
2,206876,DRAGGING,3,
2,206937,DRAGGING,3,
2,206947,DRAGGING,3,
2,206992,DRAGGING,3,
2,207012,DRAGGING,3,
2,207071,DRAGGING,3,
2,207093,DRAGGING,3,
2,207124,DRAGGING,3,
2,207142,DRAGGING,3,
2,207204,DRAGGING,3,
2,207227,DRAGGING,3,
2,207257,DRAGGING,3,
2,207277,DRAGGING,3,
2,207339,DRAGGING,3,
2,207360,DRAGGING,3,
2,207391,DRAGGING,3,
2,207409,DRAGGING,3,
2,207471,DRAGGING,3,
2,207480,DRAGGING,3,
2,207526,DRAGGING,3,
2,207556,DRAGGING,3,
2,207593,DRAGGING,3,
2,207621,DRAGGING,3,
2,207660,DRAGGING,3,
2,207692,DRAGGING,3,
2,207726,DRAGGING,3,
2,207758,DRAGGING,3,
2,207795,DRAGGING,3,
2,207825,DRAGGING,3,
2,207860,DRAGGING,3,
2,207891,DRAGGING,3,
2,207927,DRAGGING,3,
2,207958,DRAGGING,3,
2,207994,DRAGGING,3,
2,208025,DRAGGING,3,
2,208060,DRAGGING,3,
2,208091,DRAGGING,3,
2,208127,DRAGGING,3,
2,208159,DRAGGING,3,
2,208194,DRAGGING,3,
2,208225,DRAGGING,3,
2,208261,DRAGGING,3,
2,208292,DRAGGING,3,
2,208327,DRAGGING,3,
2,208358,DRAGGING,3,
2,208393,DRAGGING,3,
2,208425,DRAGGING,3,
2,208460,DRAGGING,3,
2,208503,DRAGGING,3,
2,208513,DRAGGING,3,
2,208572,DRAGGING,3,
2,208609,DRAGGING,3,
2,208625,DRAGGING,3,
2,208641,DRAGGING,3,
2,208695,DRAGGING,3,
2,208729,DRAGGING,3,
2,208772,DRAGGING,3,
2,208780,DRAGGING,3,
2,208825,DRAGGING,3,
2,208845,DRAGGING,3,
2,208892,DRAGGING,3,
2,208913,DRAGGING,3,
2,208958,DRAGGING,3,
2,208979,DRAGGING,3,
2,209026,DRAGGING,3,
2,209047,DRAGGING,3,
2,209093,DRAGGING,3,
2,209113,DRAGGING,3,
2,209176,DRAGGING,3,
2,209194,DRAGGING,3,
2,209223,DRAGGING,3,
2,209243,DRAGGING,3,
2,209293,DRAGGING,3,
2,209313,DRAGGING,3,
2,209359,DRAGGING,3,
2,209378,DRAGGING,3,
2,209437,DRAGGING,3,
2,209454,DRAGGING,3,
2,209492,DRAGGING,3,
2,209522,DRAGGING,3,
2,209560,DRAGGING,3,
2,209591,DRAGGING,3,
2,209627,DRAGGING,3,
2,209657,DRAGGING,3,
2,209694,DRAGGING,3,
2,209725,DRAGGING,3,
2,209760,DRAGGING,3,
2,209790,DRAGGING,3,
2,209827,DRAGGING,3,
2,209857,DRAGGING,3,
2,209893,DRAGGING,3,
2,209924,DRAGGING,3,
2,209960,DRAGGING,3,
2,209991,DRAGGING,3,
2,210027,DRAGGING,3,
2,210058,DRAGGING,3,
2,210093,DRAGGING,3,
2,210124,DRAGGING,3,
2,210160,DRAGGING,3,
2,210190,DRAGGING,3,
2,210227,DRAGGING,3,
2,210258,DRAGGING,3,
2,210294,DRAGGING,3,
2,210325,DRAGGING,3,
2,211356,DRAGGING,4,
2,211410,DRAGGING,4,
2,211426,DRAGGING,4,
2,211458,DRAGGING,4,
2,211488,DRAGGING,4,
2,211530,DRAGGING,4,
2,211559,DRAGGING,4,
2,211593,DRAGGING,4,
2,211625,DRAGGING,4,
2,211660,DRAGGING,4,
2,211691,DRAGGING,4,
2,211727,DRAGGING,4,
2,211757,DRAGGING,4,
2,211793,DRAGGING,4,
2,211824,DRAGGING,4,
2,211860,DRAGGING,4,
2,211891,DRAGGING,4,
2,211927,DRAGGING,4,
2,211957,DRAGGING,4,
2,211994,DRAGGING,4,
2,212024,DRAGGING,4,
2,212060,DRAGGING,4,
2,212091,DRAGGING,4,
2,212127,DRAGGING,4,
2,212158,DRAGGING,4,
2,212195,DRAGGING,4,
2,212225,DRAGGING,4,
2,212261,DRAGGING,4,
2,212304,DRAGGING,4,
2,212313,DRAGGING,4,
2,212372,DRAGGING,4,
2,212410,DRAGGING,4,
2,212438,DRAGGING,4,
2,212511,DRAGGING,4,
2,212529,DRAGGING,4,
2,212558,DRAGGING,4,
2,212577,DRAGGING,4,
2,212635,DRAGGING,4,
2,212660,DRAGGING,4,
2,212691,DRAGGING,4,
2,212712,DRAGGING,4,
2,212772,DRAGGING,4,
2,212793,DRAGGING,4,
2,212824,DRAGGING,4,
2,212843,DRAGGING,4,
2,212904,DRAGGING,4,
2,212944,DRAGGING,4,
2,212960,DRAGGING,4,
2,212976,DRAGGING,4,
2,213042,DRAGGING,4,
2,213076,DRAGGING,4,
2,213105,DRAGGING,4,
2,213111,DRAGGING,4,
2,213173,DRAGGING,4,
2,213210,DRAGGING,4,
2,213238,DRAGGING,4,
2,213257,DRAGGING,4,
2,213307,DRAGGING,4,
2,213325,DRAGGING,4,
2,213359,DRAGGING,4,
2,213389,DRAGGING,4,
2,213427,DRAGGING,4,
2,213458,DRAGGING,4,
2,213494,DRAGGING,4,
2,213524,DRAGGING,4,
2,213560,DRAGGING,4,
2,213590,DRAGGING,4,
2,213627,DRAGGING,4,
2,213657,DRAGGING,4,
2,213694,DRAGGING,4,
2,213725,DRAGGING,4,
2,213761,DRAGGING,4,
2,213790,DRAGGING,4,
2,213827,DRAGGING,4,
2,213858,DRAGGING,4,
2,213894,DRAGGING,4,
2,213925,DRAGGING,4,
2,213960,DRAGGING,4,
2,213990,DRAGGING,4,
2,214027,DRAGGING,4,
2,214058,DRAGGING,4,
2,214093,DRAGGING,4,
2,214124,DRAGGING,4,
2,214160,DRAGGING,4,
2,214203,DRAGGING,4,
2,214212,DRAGGING,4,
2,214269,DRAGGING,4,
2,214309,DRAGGING,4,
2,214326,DRAGGING,4,
2,214341,DRAGGING,4,
2,214405,DRAGGING,4,
2,214428,DRAGGING,4,
2,214458,DRAGGING,4,
2,214476,DRAGGING,4,
2,214538,DRAGGING,4,
2,214578,DRAGGING,4,
2,214607,DRAGGING,4,
2,214676,DRAGGING,4,
2,214710,DRAGGING,4,
2,214742,DRAGGING,4,
2,214747,DRAGGING,4,
2,214791,DRAGGING,4,
2,214813,DRAGGING,4,
2,214874,DRAGGING,4,
2,214910,DRAGGING,4,
2,214941,DRAGGING,4,
2,215012,DRAGGING,4,
2,215043,DRAGGING,4,
2,215074,DRAGGING,4,
2,215081,DRAGGING,4,
2,215140,DRAGGING,4,
2,215159,DRAGGING,4,
2,215193,DRAGGING,4,
2,215223,DRAGGING,4,
2,215261,DRAGGING,4,
2,215293,DRAGGING,4,
2,215327,DRAGGING,4,
2,215357,DRAGGING,4,
2,215394,DRAGGING,4,
2,215425,DRAGGING,4,
2,215460,DRAGGING,4,
2,215492,DRAGGING,4,
2,215527,DRAGGING,4,
2,215559,DRAGGING,4,
2,215593,DRAGGING,4,
2,215625,DRAGGING,4,
2,215660,DRAGGING,4,
2,215692,DRAGGING,4,
2,215728,DRAGGING,4,
2,215761,DRAGGING,4,
2,215810,DRAGGING,4,
2,215827,DRAGGING,4,
2,215859,DRAGGING,4,
2,215888,DRAGGING,4,
2,215930,DRAGGING,4,
2,215960,DRAGGING,4,
2,215995,DRAGGING,4,
3,18212,BA_LEFT_CLICK,0,LEFT_PRESS
3,18250,BA_LEFT_CLICK,0,LEFT_PRESS
3,18278,BA_LEFT_CLICK,0,LEFT_PRESS
3,18316,BA_LEFT_CLICK,0,LEFT_PRESS
3,18346,BA_LEFT_CLICK,0,NONE
3,18379,BA_LEFT_CLICK,0,NONE
3,18412,BA_LEFT_CLICK,0,NONE
3,18446,BA_LEFT_CLICK,0,NONE
3,18483,BA_LEFT_CLICK,0,NONE
3,18513,BA_LEFT_CLICK,0,NONE
3,18549,BA_LEFT_CLICK,0,NONE
3,18578,BA_LEFT_CLICK,0,NONE
3,18616,BA_LEFT_CLICK,0,NONE
3,18646,BA_LEFT_CLICK,0,NONE
3,18682,BA_LEFT_CLICK,0,NONE
3,18712,BA_LEFT_CLICK,0,NONE
3,18750,BA_LEFT_CLICK,0,NONE
3,18779,BA_LEFT_CLICK,0,NONE
3,18816,BA_LEFT_CLICK,0,NONE
3,18844,BA_LEFT_CLICK,0,NONE
3,18879,BA_LEFT_CLICK,0,NONE
3,18914,BA_LEFT_CLICK,0,NONE
3,18946,BA_LEFT_CLICK,0,NONE
3,18983,BA_LEFT_CLICK,0,NONE
3,19012,BA_LEFT_CLICK,0,NONE
3,19050,BA_LEFT_CLICK,0,NONE
3,19079,BA_LEFT_CLICK,0,NONE
3,19117,BA_LEFT_CLICK,0,NONE
3,19146,BA_LEFT_CLICK,0,NONE
3,19183,BA_LEFT_CLICK,0,NONE
3,19212,BA_LEFT_CLICK,0,NONE
3,19250,BA_LEFT_CLICK,0,NONE
3,19279,BA_LEFT_CLICK,0,NONE
3,19316,BA_LEFT_CLICK,0,NONE
3,19347,BA_LEFT_CLICK,0,NONE
3,19383,BA_LEFT_CLICK,0,LEFT_PRESS
3,19413,BA_LEFT_CLICK,0,LEFT_PRESS
3,19450,BA_LEFT_CLICK,0,LEFT_PRESS
3,19480,BA_LEFT_CLICK,0,LEFT_PRESS
3,19516,BA_LEFT_CLICK,0,LEFT_PRESS
3,19546,BA_LEFT_CLICK,0,LEFT_PRESS
3,19583,BA_LEFT_CLICK,0,LEFT_PRESS
3,19613,BA_LEFT_CLICK,0,LEFT_PRESS
3,19650,BA_LEFT_CLICK,0,LEFT_PRESS
3,19680,BA_LEFT_CLICK,0,LEFT_PRESS
3,19715,BA_LEFT_CLICK,0,LEFT_PRESS
3,19747,BA_LEFT_CLICK,0,LEFT_PRESS
3,19783,BA_LEFT_CLICK,0,LEFT_PRESS
3,19812,BA_LEFT_CLICK,0,LEFT_PRESS
3,19848,BA_LEFT_CLICK,0,LEFT_PRESS
3,19880,BA_LEFT_CLICK,0,LEFT_PRESS
3,19916,BA_LEFT_CLICK,0,LEFT_PRESS
3,19945,BA_LEFT_CLICK,0,LEFT_PRESS
3,19983,BA_LEFT_CLICK,0,LEFT_PRESS
3,20012,BA_LEFT_CLICK,0,LEFT_PRESS
3,20050,BA_LEFT_CLICK,0,LEFT_PRESS
3,20079,BA_LEFT_CLICK,0,LEFT_PRESS
3,20117,BA_LEFT_CLICK,0,LEFT_PRESS
3,20146,BA_LEFT_CLICK,0,LEFT_PRESS
3,20183,BA_LEFT_CLICK,0,LEFT_PRESS
3,20212,BA_LEFT_CLICK,0,LEFT_PRESS
3,20250,BA_LEFT_CLICK,0,LEFT_PRESS
3,20280,BA_LEFT_CLICK,0,LEFT_PRESS
3,20317,BA_LEFT_CLICK,0,LEFT_PRESS
3,20346,BA_LEFT_CLICK,0,LEFT_RELEASE
3,20383,BA_LEFT_CLICK,0,LEFT_RELEASE
3,20414,BA_LEFT_CLICK,0,LEFT_RELEASE
3,20450,BA_LEFT_CLICK,0,LEFT_RELEASE
3,20478,BA_LEFT_CLICK,0,LEFT_RELEASE
3,20516,BA_LEFT_CLICK,0,LEFT_RELEASE
3,20546,BA_LEFT_CLICK,0,LEFT_RELEASE
3,20583,BA_LEFT_CLICK,0,NONE
3,20613,BA_LEFT_CLICK,0,NONE
3,20649,BA_LEFT_CLICK,0,NONE
3,20679,BA_LEFT_CLICK,0,NONE
3,20717,BA_LEFT_CLICK,0,NONE
3,20746,BA_LEFT_CLICK,0,NONE
3,20783,BA_LEFT_CLICK,0,NONE
3,20813,BA_LEFT_CLICK,0,NONE
3,20850,BA_LEFT_CLICK,0,NONE
3,20879,BA_LEFT_CLICK,0,NONE
3,20917,BA_LEFT_CLICK,0,NONE
3,36615,BA_LEFT_CLICK,1,NONE
3,36649,BA_LEFT_CLICK,1,LEFT_RELEASE
3,36683,BA_LEFT_CLICK,1,NONE
3,36716,BA_LEFT_CLICK,1,NONE
3,36749,BA_LEFT_CLICK,1,NONE
3,36783,BA_LEFT_CLICK,1,NONE
3,36816,BA_LEFT_CLICK,1,NONE
3,36850,BA_LEFT_CLICK,1,NONE
3,36882,BA_LEFT_CLICK,1,NONE
3,36917,BA_LEFT_CLICK,1,NONE
3,36949,BA_LEFT_CLICK,1,NONE
3,36983,BA_LEFT_CLICK,1,NONE
3,37016,BA_LEFT_CLICK,1,NONE
3,37049,BA_LEFT_CLICK,1,NONE
3,37083,BA_LEFT_CLICK,1,NONE
3,37116,BA_LEFT_CLICK,1,NONE
3,37150,BA_LEFT_CLICK,1,NONE
3,37184,BA_LEFT_CLICK,1,NONE
3,37217,BA_LEFT_CLICK,1,NONE
3,37250,BA_LEFT_CLICK,1,NONE
3,37284,BA_LEFT_CLICK,1,NONE
3,37316,BA_LEFT_CLICK,1,NONE
3,37349,BA_LEFT_CLICK,1,NONE
3,37383,BA_LEFT_CLICK,1,NONE
3,37417,BA_LEFT_CLICK,1,NONE
3,37450,BA_LEFT_CLICK,1,NONE
3,37483,BA_LEFT_CLICK,1,NONE
3,37516,BA_LEFT_CLICK,1,NONE
3,37550,BA_LEFT_CLICK,1,NONE
3,37583,BA_LEFT_CLICK,1,NONE
3,37616,BA_LEFT_CLICK,1,NONE
3,37650,BA_LEFT_CLICK,1,NONE
3,37684,BA_LEFT_CLICK,1,NONE
3,37717,BA_LEFT_CLICK,1,NONE
3,37750,BA_LEFT_CLICK,1,LEFT_PRESS
3,37784,BA_LEFT_CLICK,1,LEFT_PRESS
3,37816,BA_LEFT_CLICK,1,LEFT_PRESS
3,37850,BA_LEFT_CLICK,1,LEFT_PRESS
3,37884,BA_LEFT_CLICK,1,LEFT_PRESS
3,37917,BA_LEFT_CLICK,1,LEFT_PRESS
3,37950,BA_LEFT_CLICK,1,LEFT_PRESS
3,37982,BA_LEFT_CLICK,1,LEFT_PRESS
3,38017,BA_LEFT_CLICK,1,LEFT_PRESS
3,38050,BA_LEFT_CLICK,1,LEFT_PRESS
3,38083,BA_LEFT_CLICK,1,LEFT_PRESS
3,38117,BA_LEFT_CLICK,1,LEFT_RELEASE
3,38150,BA_LEFT_CLICK,1,LEFT_RELEASE
3,38183,BA_LEFT_CLICK,1,LEFT_RELEASE
3,38217,BA_LEFT_CLICK,1,LEFT_RELEASE
3,38250,BA_LEFT_CLICK,1,LEFT_RELEASE
3,38283,BA_LEFT_CLICK,1,LEFT_RELEASE
3,38316,BA_LEFT_CLICK,1,NONE
3,38350,BA_LEFT_CLICK,1,NONE
3,38383,BA_LEFT_CLICK,1,NONE
3,38417,BA_LEFT_CLICK,1,NONE
3,38450,BA_LEFT_CLICK,1,NONE
3,38483,BA_LEFT_CLICK,1,NONE
3,38517,BA_LEFT_CLICK,1,NONE
3,38550,BA_LEFT_CLICK,1,NONE
3,39481,BA_LEFT_CLICK,2,NONE
3,39516,BA_LEFT_CLICK,2,LEFT_RELEASE
3,39549,BA_LEFT_CLICK,2,NONE
3,39582,BA_LEFT_CLICK,2,NONE
3,39617,BA_LEFT_CLICK,2,NONE
3,39650,BA_LEFT_CLICK,2,NONE
3,39683,BA_LEFT_CLICK,2,NONE
3,39717,BA_LEFT_CLICK,2,NONE
3,39749,BA_LEFT_CLICK,2,NONE
3,39783,BA_LEFT_CLICK,2,NONE
3,39817,BA_LEFT_CLICK,2,NONE
3,39849,BA_LEFT_CLICK,2,NONE
3,39883,BA_LEFT_CLICK,2,NONE
3,39918,BA_LEFT_CLICK,2,NONE
3,39950,BA_LEFT_CLICK,2,NONE
3,39983,BA_LEFT_CLICK,2,NONE
3,40016,BA_LEFT_CLICK,2,NONE
3,40050,BA_LEFT_CLICK,2,NONE
3,40084,BA_LEFT_CLICK,2,NONE
3,40117,BA_LEFT_CLICK,2,NONE
3,40150,BA_LEFT_CLICK,2,NONE
3,40184,BA_LEFT_CLICK,2,NONE
3,40216,BA_LEFT_CLICK,2,NONE
3,40250,BA_LEFT_CLICK,2,NONE
3,40284,BA_LEFT_CLICK,2,NONE
3,40316,BA_LEFT_CLICK,2,NONE
3,40350,BA_LEFT_CLICK,2,NONE
3,40383,BA_LEFT_CLICK,2,NONE
3,40416,BA_LEFT_CLICK,2,NONE
3,40450,BA_LEFT_CLICK,2,LEFT_PRESS
3,40483,BA_LEFT_CLICK,2,LEFT_PRESS
3,40517,BA_LEFT_CLICK,2,LEFT_PRESS
3,40550,BA_LEFT_CLICK,2,LEFT_PRESS
3,40583,BA_LEFT_CLICK,2,LEFT_PRESS
3,40617,BA_LEFT_CLICK,2,LEFT_PRESS
3,40650,BA_LEFT_CLICK,2,LEFT_PRESS
3,40683,BA_LEFT_CLICK,2,LEFT_PRESS
3,40717,BA_LEFT_CLICK,2,LEFT_RELEASE
3,40751,BA_LEFT_CLICK,2,LEFT_RELEASE
3,40783,BA_LEFT_CLICK,2,LEFT_RELEASE
3,40817,BA_LEFT_CLICK,2,LEFT_RELEASE
3,40850,BA_LEFT_CLICK,2,LEFT_RELEASE
3,40884,BA_LEFT_CLICK,2,LEFT_RELEASE
3,40917,BA_LEFT_CLICK,2,LEFT_RELEASE
3,40950,BA_LEFT_CLICK,2,NONE
3,40981,BA_LEFT_CLICK,2,NONE
3,41016,BA_LEFT_CLICK,2,NONE
3,41050,BA_LEFT_CLICK,2,NONE
3,41083,BA_LEFT_CLICK,2,NONE
3,41117,BA_LEFT_CLICK,2,NONE
3,41151,BA_LEFT_CLICK,2,NONE
3,41183,BA_LEFT_CLICK,2,NONE
3,41217,BA_LEFT_CLICK,2,NONE
3,41250,BA_LEFT_CLICK,2,NONE
3,41279,BA_LEFT_CLICK,2,NONE
3,41318,BA_LEFT_CLICK,2,NONE
3,41347,BA_LEFT_CLICK,2,NONE
3,41383,BA_LEFT_CLICK,2,NONE
3,41415,BA_LEFT_CLICK,2,NONE
3,41449,BA_LEFT_CLICK,2,NONE
3,41481,BA_LEFT_CLICK,2,NONE
3,41515,BA_LEFT_CLICK,2,NONE
3,41548,BA_LEFT_CLICK,2,NONE
3,41583,BA_LEFT_CLICK,2,NONE
3,41617,BA_LEFT_CLICK,2,NONE
3,41649,BA_LEFT_CLICK,2,NONE
3,41683,BA_LEFT_CLICK,2,NONE
3,41717,BA_LEFT_CLICK,2,NONE
3,41749,BA_LEFT_CLICK,2,NONE
3,41784,BA_LEFT_CLICK,2,NONE
3,41816,BA_LEFT_CLICK,2,NONE
3,41850,BA_LEFT_CLICK,2,NONE
3,41883,BA_LEFT_CLICK,2,NONE
3,41917,BA_LEFT_CLICK,2,NONE
3,41949,BA_LEFT_CLICK,2,NONE
3,41983,BA_LEFT_CLICK,2,NONE
3,42017,BA_LEFT_CLICK,2,NONE
3,42050,BA_LEFT_CLICK,2,NONE
3,42085,BA_LEFT_CLICK,2,NONE
3,42115,BA_LEFT_CLICK,2,NONE
3,42151,BA_LEFT_CLICK,2,NONE
3,42184,BA_LEFT_CLICK,2,NONE
3,42216,BA_LEFT_CLICK,2,NONE
3,42250,BA_LEFT_CLICK,2,NONE
3,42284,BA_LEFT_CLICK,2,NONE
3,42316,BA_LEFT_CLICK,2,NONE
3,42351,BA_LEFT_CLICK,2,NONE
3,42383,BA_LEFT_CLICK,2,NONE
3,42416,BA_LEFT_CLICK,2,NONE
3,42450,BA_LEFT_CLICK,2,NONE
3,42483,BA_LEFT_CLICK,2,NONE
3,42518,BA_LEFT_CLICK,2,NONE
3,42550,BA_LEFT_CLICK,2,NONE
3,42583,BA_LEFT_CLICK,2,NONE
3,42617,BA_LEFT_CLICK,2,NONE
3,42650,BA_LEFT_CLICK,2,NONE
3,42684,BA_LEFT_CLICK,2,NONE
3,42717,BA_LEFT_CLICK,2,NONE
3,42749,BA_LEFT_CLICK,2,NONE
3,42785,BA_LEFT_CLICK,2,NONE
3,42817,BA_LEFT_CLICK,2,NONE
3,42850,BA_LEFT_CLICK,2,NONE
3,42884,BA_LEFT_CLICK,2,NONE
3,42918,BA_LEFT_CLICK,2,NONE
3,42951,BA_LEFT_CLICK,2,NONE
3,42983,BA_LEFT_CLICK,2,NONE
3,43017,BA_LEFT_CLICK,2,NONE
3,43051,BA_LEFT_CLICK,2,NONE
3,43084,BA_LEFT_CLICK,2,NONE
3,43117,BA_LEFT_CLICK,2,NONE
3,43150,BA_LEFT_CLICK,2,NONE
3,43185,BA_LEFT_CLICK,2,NONE
3,43217,BA_LEFT_CLICK,2,NONE
3,43251,BA_LEFT_CLICK,2,NONE
3,43284,BA_LEFT_CLICK,2,NONE
3,43317,BA_LEFT_CLICK,2,NONE
3,43351,BA_LEFT_CLICK,2,NONE
3,43384,BA_LEFT_CLICK,2,NONE
3,43417,BA_LEFT_CLICK,2,NONE
3,43450,BA_LEFT_CLICK,2,NONE
3,43484,BA_LEFT_CLICK,2,NONE
3,43517,BA_LEFT_CLICK,2,NONE
3,43549,BA_LEFT_CLICK,2,NONE
3,43583,BA_LEFT_CLICK,2,NONE
3,44048,BA_LEFT_CLICK,3,LEFT_PRESS
3,44084,BA_LEFT_CLICK,3,LEFT_PRESS
3,44117,BA_LEFT_CLICK,3,NONE
3,44150,BA_LEFT_CLICK,3,NONE
3,44183,BA_LEFT_CLICK,3,NONE
3,44218,BA_LEFT_CLICK,3,NONE
3,44250,BA_LEFT_CLICK,3,NONE
3,44283,BA_LEFT_CLICK,3,NONE
3,44316,BA_LEFT_CLICK,3,NONE
3,44350,BA_LEFT_CLICK,3,NONE
3,44382,BA_LEFT_CLICK,3,NONE
3,44416,BA_LEFT_CLICK,3,NONE
3,44450,BA_LEFT_CLICK,3,NONE
3,44482,BA_LEFT_CLICK,3,NONE
3,44518,BA_LEFT_CLICK,3,NONE
3,44551,BA_LEFT_CLICK,3,NONE
3,44585,BA_LEFT_CLICK,3,NONE
3,44616,BA_LEFT_CLICK,3,NONE
3,44650,BA_LEFT_CLICK,3,NONE
3,44681,BA_LEFT_CLICK,3,NONE
3,44716,BA_LEFT_CLICK,3,NONE
3,44750,BA_LEFT_CLICK,3,NONE
3,44782,BA_LEFT_CLICK,3,NONE
3,44817,BA_LEFT_CLICK,3,NONE
3,44851,BA_LEFT_CLICK,3,NONE
3,44883,BA_LEFT_CLICK,3,NONE
3,44918,BA_LEFT_CLICK,3,NONE
3,44951,BA_LEFT_CLICK,3,NONE
3,44984,BA_LEFT_CLICK,3,NONE
3,45017,BA_LEFT_CLICK,3,NONE
3,45052,BA_LEFT_CLICK,3,NONE
3,45084,BA_LEFT_CLICK,3,NONE
3,45116,BA_LEFT_CLICK,3,NONE
3,45150,BA_LEFT_CLICK,3,NONE
3,45183,BA_LEFT_CLICK,3,NONE
3,45217,BA_LEFT_CLICK,3,NONE
3,45251,BA_LEFT_CLICK,3,NONE
3,45284,BA_LEFT_CLICK,3,NONE
3,45317,BA_LEFT_CLICK,3,NONE
3,45351,BA_LEFT_CLICK,3,LEFT_PRESS
3,45384,BA_LEFT_CLICK,3,NONE
3,45418,BA_LEFT_CLICK,3,NONE
3,45450,BA_LEFT_CLICK,3,NONE
3,45485,BA_LEFT_CLICK,3,NONE
3,45517,BA_LEFT_CLICK,3,NONE
3,45551,BA_LEFT_CLICK,3,NONE
3,45584,BA_LEFT_CLICK,3,LEFT_PRESS
3,45619,BA_LEFT_CLICK,3,LEFT_PRESS
3,45652,BA_LEFT_CLICK,3,LEFT_PRESS
3,45684,BA_LEFT_CLICK,3,LEFT_PRESS
3,45717,BA_LEFT_CLICK,3,LEFT_PRESS
3,45751,BA_LEFT_CLICK,3,LEFT_PRESS
3,45784,BA_LEFT_CLICK,3,LEFT_PRESS
3,45819,BA_LEFT_CLICK,3,LEFT_PRESS
3,45849,BA_LEFT_CLICK,3,LEFT_RELEASE
3,45883,BA_LEFT_CLICK,3,LEFT_RELEASE
3,45918,BA_LEFT_CLICK,3,LEFT_RELEASE
3,45951,BA_LEFT_CLICK,3,LEFT_RELEASE
3,45985,BA_LEFT_CLICK,3,LEFT_RELEASE
3,46018,BA_LEFT_CLICK,3,NONE
3,46051,BA_LEFT_CLICK,3,NONE
3,46083,BA_LEFT_CLICK,3,NONE
3,46117,BA_LEFT_CLICK,3,NONE
3,46150,BA_LEFT_CLICK,3,NONE
3,46183,BA_LEFT_CLICK,3,NONE
3,46215,BA_LEFT_CLICK,3,NONE
3,46918,BA_LEFT_CLICK,4,LEFT_RELEASE
3,46947,BA_LEFT_CLICK,4,LEFT_RELEASE
3,46980,BA_LEFT_CLICK,4,LEFT_RELEASE
3,47015,BA_LEFT_CLICK,4,NONE
3,47050,BA_LEFT_CLICK,4,NONE
3,47084,BA_LEFT_CLICK,4,NONE
3,47115,BA_LEFT_CLICK,4,NONE
3,47150,BA_LEFT_CLICK,4,NONE
3,47184,BA_LEFT_CLICK,4,NONE
3,47217,BA_LEFT_CLICK,4,NONE
3,47250,BA_LEFT_CLICK,4,NONE
3,47284,BA_LEFT_CLICK,4,NONE
3,47318,BA_LEFT_CLICK,4,NONE
3,47351,BA_LEFT_CLICK,4,NONE
3,47384,BA_LEFT_CLICK,4,NONE
3,47414,BA_LEFT_CLICK,4,NONE
3,47451,BA_LEFT_CLICK,4,NONE
3,47482,BA_LEFT_CLICK,4,NONE
3,47517,BA_LEFT_CLICK,4,NONE
3,47550,BA_LEFT_CLICK,4,NONE
3,47585,BA_LEFT_CLICK,4,NONE
3,47618,BA_LEFT_CLICK,4,NONE
3,47652,BA_LEFT_CLICK,4,NONE
3,47684,BA_LEFT_CLICK,4,NONE
3,47716,BA_LEFT_CLICK,4,NONE
3,47750,BA_LEFT_CLICK,4,NONE
3,47783,BA_LEFT_CLICK,4,NONE
3,47817,BA_LEFT_CLICK,4,NONE
3,47849,BA_LEFT_CLICK,4,NONE
3,47884,BA_LEFT_CLICK,4,NONE
3,47917,BA_LEFT_CLICK,4,NONE
3,47951,BA_LEFT_CLICK,4,NONE
3,47985,BA_LEFT_CLICK,4,NONE
3,48015,BA_LEFT_CLICK,4,NONE
3,48050,BA_LEFT_CLICK,4,NONE
3,48084,BA_LEFT_CLICK,4,NONE
3,48117,BA_LEFT_CLICK,4,NONE
3,48150,BA_LEFT_CLICK,4,NONE
3,48184,BA_LEFT_CLICK,4,NONE
3,48217,BA_LEFT_CLICK,4,NONE
3,48252,BA_LEFT_CLICK,4,NONE
3,48283,BA_LEFT_CLICK,4,NONE
3,48317,BA_LEFT_CLICK,4,LEFT_PRESS
3,48348,BA_LEFT_CLICK,4,LEFT_PRESS
3,48384,BA_LEFT_CLICK,4,LEFT_PRESS
3,48414,BA_LEFT_CLICK,4,LEFT_PRESS
3,48447,BA_LEFT_CLICK,4,LEFT_PRESS
3,48484,BA_LEFT_CLICK,4,LEFT_PRESS
3,48518,BA_LEFT_CLICK,4,LEFT_PRESS
3,48551,BA_LEFT_CLICK,4,LEFT_RELEASE
3,48584,BA_LEFT_CLICK,4,LEFT_RELEASE
3,48616,BA_LEFT_CLICK,4,LEFT_RELEASE
3,48650,BA_LEFT_CLICK,4,LEFT_RELEASE
3,48682,BA_LEFT_CLICK,4,LEFT_RELEASE
3,48718,BA_LEFT_CLICK,4,LEFT_RELEASE
3,48749,BA_LEFT_CLICK,4,LEFT_RELEASE
3,48784,BA_LEFT_CLICK,4,LEFT_RELEASE
3,48817,BA_LEFT_CLICK,4,NONE
3,48851,BA_LEFT_CLICK,4,NONE
3,48885,BA_LEFT_CLICK,4,NONE
3,48917,BA_LEFT_CLICK,4,NONE
3,48950,BA_LEFT_CLICK,4,NONE
3,48983,BA_LEFT_CLICK,4,NONE
3,49984,BA_LEFT_CLICK,5,LEFT_PRESS
3,50015,BA_LEFT_CLICK,5,LEFT_PRESS
3,50051,BA_LEFT_CLICK,5,LEFT_PRESS
3,50083,BA_LEFT_CLICK,5,LEFT_PRESS
3,50117,BA_LEFT_CLICK,5,LEFT_PRESS
3,50151,BA_LEFT_CLICK,5,LEFT_RELEASE
3,50184,BA_LEFT_CLICK,5,LEFT_RELEASE
3,50217,BA_LEFT_CLICK,5,LEFT_RELEASE
3,50250,BA_LEFT_CLICK,5,LEFT_RELEASE
3,50284,BA_LEFT_CLICK,5,LEFT_RELEASE
3,50318,BA_LEFT_CLICK,5,LEFT_RELEASE
3,50349,BA_LEFT_CLICK,5,LEFT_PRESS
3,50384,BA_LEFT_CLICK,5,LEFT_PRESS
3,50418,BA_LEFT_CLICK,5,LEFT_RELEASE
3,50451,BA_LEFT_CLICK,5,LEFT_RELEASE
3,50485,BA_LEFT_CLICK,5,LEFT_RELEASE
3,50517,BA_LEFT_CLICK,5,LEFT_RELEASE
3,50550,BA_LEFT_CLICK,5,LEFT_RELEASE
3,50584,BA_LEFT_CLICK,5,LEFT_RELEASE
3,50617,BA_LEFT_CLICK,5,LEFT_RELEASE
3,50652,BA_LEFT_CLICK,5,NONE
3,50685,BA_LEFT_CLICK,5,NONE
3,50717,BA_LEFT_CLICK,5,NONE
3,50751,BA_LEFT_CLICK,5,NONE
3,50785,BA_LEFT_CLICK,5,NONE
3,50817,BA_LEFT_CLICK,5,NONE
3,50850,BA_LEFT_CLICK,5,NONE
3,50883,BA_LEFT_CLICK,5,NONE
3,50916,BA_LEFT_CLICK,5,NONE
3,50951,BA_LEFT_CLICK,5,NONE
3,50984,BA_LEFT_CLICK,5,NONE
3,51018,BA_LEFT_CLICK,5,NONE
3,51051,BA_LEFT_CLICK,5,NONE
3,51084,BA_LEFT_CLICK,5,NONE
3,51117,BA_LEFT_CLICK,5,NONE
3,51151,BA_LEFT_CLICK,5,NONE
3,51182,BA_LEFT_CLICK,5,NONE
3,51219,BA_LEFT_CLICK,5,NONE
3,51250,BA_LEFT_CLICK,5,NONE
3,51280,BA_LEFT_CLICK,5,NONE
3,51319,BA_LEFT_CLICK,5,NONE
3,51351,BA_LEFT_CLICK,5,NONE
3,51383,BA_LEFT_CLICK,5,NONE
3,51418,BA_LEFT_CLICK,5,NONE
3,51451,BA_LEFT_CLICK,5,NONE
3,51484,BA_LEFT_CLICK,5,NONE
3,51517,BA_LEFT_CLICK,5,NONE
3,51552,BA_LEFT_CLICK,5,NONE
3,51584,BA_LEFT_CLICK,5,NONE
3,51619,BA_LEFT_CLICK,5,NONE
3,51652,BA_LEFT_CLICK,5,NONE
3,51684,BA_LEFT_CLICK,5,NONE
3,51716,BA_LEFT_CLICK,5,NONE
3,51751,BA_LEFT_CLICK,5,NONE
3,51784,BA_LEFT_CLICK,5,NONE
3,51817,BA_LEFT_CLICK,5,NONE
3,51852,BA_LEFT_CLICK,5,NONE
3,51884,BA_LEFT_CLICK,5,NONE
3,51917,BA_LEFT_CLICK,5,NONE
3,51952,BA_LEFT_CLICK,5,NONE
3,51983,BA_LEFT_CLICK,5,NONE
3,52017,BA_LEFT_CLICK,5,NONE
3,52051,BA_LEFT_CLICK,5,LEFT_PRESS
3,52084,BA_LEFT_CLICK,5,LEFT_PRESS
3,52118,BA_LEFT_CLICK,5,LEFT_PRESS
3,52152,BA_LEFT_CLICK,5,LEFT_PRESS
3,52184,BA_LEFT_CLICK,5,LEFT_PRESS
3,52218,BA_LEFT_CLICK,5,LEFT_PRESS
3,52248,BA_LEFT_CLICK,5,LEFT_PRESS
3,52284,BA_LEFT_CLICK,5,LEFT_PRESS
3,52316,BA_LEFT_CLICK,5,LEFT_RELEASE
3,52351,BA_LEFT_CLICK,5,LEFT_RELEASE
3,52385,BA_LEFT_CLICK,5,LEFT_RELEASE
3,52419,BA_LEFT_CLICK,5,LEFT_RELEASE
3,52450,BA_LEFT_CLICK,5,LEFT_RELEASE
3,52485,BA_LEFT_CLICK,5,LEFT_RELEASE
3,52518,BA_LEFT_CLICK,5,LEFT_RELEASE
3,52550,BA_LEFT_CLICK,5,NONE
3,52584,BA_LEFT_CLICK,5,NONE
3,52617,BA_LEFT_CLICK,5,NONE
3,52651,BA_LEFT_CLICK,5,NONE
3,52686,BA_LEFT_CLICK,5,NONE
3,53783,BA_LEFT_CLICK,6,LEFT_RELEASE
3,53818,BA_LEFT_CLICK,6,LEFT_RELEASE
3,53850,BA_LEFT_CLICK,6,LEFT_RELEASE
3,53884,BA_LEFT_CLICK,6,LEFT_RELEASE
3,53917,BA_LEFT_CLICK,6,NONE
3,53950,BA_LEFT_CLICK,6,NONE
3,53983,BA_LEFT_CLICK,6,NONE
3,54018,BA_LEFT_CLICK,6,NONE
3,54050,BA_LEFT_CLICK,6,NONE
3,54084,BA_LEFT_CLICK,6,NONE
3,54117,BA_LEFT_CLICK,6,NONE
3,54150,BA_LEFT_CLICK,6,NONE
3,54185,BA_LEFT_CLICK,6,NONE
3,54217,BA_LEFT_CLICK,6,NONE
3,54252,BA_LEFT_CLICK,6,NONE
3,54284,BA_LEFT_CLICK,6,NONE
3,54317,BA_LEFT_CLICK,6,NONE
3,54351,BA_LEFT_CLICK,6,NONE
3,54384,BA_LEFT_CLICK,6,NONE
3,54416,BA_LEFT_CLICK,6,NONE
3,54451,BA_LEFT_CLICK,6,NONE
3,54483,BA_LEFT_CLICK,6,NONE
3,54517,BA_LEFT_CLICK,6,NONE
3,54552,BA_LEFT_CLICK,6,NONE
3,54584,BA_LEFT_CLICK,6,NONE
3,54619,BA_LEFT_CLICK,6,NONE
3,54650,BA_LEFT_CLICK,6,NONE
3,54685,BA_LEFT_CLICK,6,NONE
3,54717,BA_LEFT_CLICK,6,NONE
3,54751,BA_LEFT_CLICK,6,NONE
3,54786,BA_LEFT_CLICK,6,NONE
3,54820,BA_LEFT_CLICK,6,NONE
3,54851,BA_LEFT_CLICK,6,NONE
3,54886,BA_LEFT_CLICK,6,NONE
3,54917,BA_LEFT_CLICK,6,NONE
3,54951,BA_LEFT_CLICK,6,NONE
3,54985,BA_LEFT_CLICK,6,NONE
3,55017,BA_LEFT_CLICK,6,NONE
3,55052,BA_LEFT_CLICK,6,NONE
3,55084,BA_LEFT_CLICK,6,NONE
3,55119,BA_LEFT_CLICK,6,NONE
3,55152,BA_LEFT_CLICK,6,NONE
3,55186,BA_LEFT_CLICK,6,NONE
3,55219,BA_LEFT_CLICK,6,NONE
3,55251,BA_LEFT_CLICK,6,NONE
3,55285,BA_LEFT_CLICK,6,NONE
3,55317,BA_LEFT_CLICK,6,NONE
3,55352,BA_LEFT_CLICK,6,NONE
3,55384,BA_LEFT_CLICK,6,NONE
3,55419,BA_LEFT_CLICK,6,NONE
3,55451,BA_LEFT_CLICK,6,NONE
3,55485,BA_LEFT_CLICK,6,NONE
3,55517,BA_LEFT_CLICK,6,NONE
3,55552,BA_LEFT_CLICK,6,NONE
3,55583,BA_LEFT_CLICK,6,NONE
3,55619,BA_LEFT_CLICK,6,NONE
3,55652,BA_LEFT_CLICK,6,NONE
3,55684,BA_LEFT_CLICK,6,NONE
3,55719,BA_LEFT_CLICK,6,NONE
3,55751,BA_LEFT_CLICK,6,NONE
3,55786,BA_LEFT_CLICK,6,NONE
3,55818,BA_LEFT_CLICK,6,NONE
3,55852,BA_LEFT_CLICK,6,NONE
3,55884,BA_LEFT_CLICK,6,NONE
3,55919,BA_LEFT_CLICK,6,NONE
3,55951,BA_LEFT_CLICK,6,NONE
3,55985,BA_LEFT_CLICK,6,NONE
3,56019,BA_LEFT_CLICK,6,NONE
3,56050,BA_LEFT_CLICK,6,NONE
3,56087,BA_LEFT_CLICK,6,NONE
3,56118,BA_LEFT_CLICK,6,LEFT_PRESS
3,56151,BA_LEFT_CLICK,6,LEFT_PRESS
3,56184,BA_LEFT_CLICK,6,LEFT_PRESS
3,56217,BA_LEFT_CLICK,6,LEFT_PRESS
3,56253,BA_LEFT_CLICK,6,LEFT_PRESS
3,56280,BA_LEFT_CLICK,6,NONE
3,56318,BA_LEFT_CLICK,6,NONE
3,56353,BA_LEFT_CLICK,6,NONE
3,56385,BA_LEFT_CLICK,6,NONE
3,56418,BA_LEFT_CLICK,6,NONE
3,56450,BA_LEFT_CLICK,6,NONE
3,56485,BA_LEFT_CLICK,6,NONE
3,56518,BA_LEFT_CLICK,6,NONE
3,56552,BA_LEFT_CLICK,6,NONE
3,56584,BA_LEFT_CLICK,6,NONE
3,56619,BA_LEFT_CLICK,6,NONE
3,56651,BA_LEFT_CLICK,6,NONE
3,56685,BA_LEFT_CLICK,6,NONE
3,56717,BA_LEFT_CLICK,6,LEFT_PRESS
3,56752,BA_LEFT_CLICK,6,LEFT_PRESS
3,56785,BA_LEFT_CLICK,6,LEFT_PRESS
3,56818,BA_LEFT_CLICK,6,LEFT_PRESS
3,56853,BA_LEFT_CLICK,6,LEFT_PRESS
3,56884,BA_LEFT_CLICK,6,LEFT_PRESS
3,56920,BA_LEFT_CLICK,6,LEFT_PRESS
3,56952,BA_LEFT_CLICK,6,LEFT_RELEASE
3,56985,BA_LEFT_CLICK,6,LEFT_RELEASE
3,57018,BA_LEFT_CLICK,6,LEFT_RELEASE
3,57050,BA_LEFT_CLICK,6,LEFT_RELEASE
3,57086,BA_LEFT_CLICK,6,LEFT_RELEASE
3,57117,BA_LEFT_CLICK,6,LEFT_RELEASE
3,57153,BA_LEFT_CLICK,6,LEFT_RELEASE
3,57186,BA_LEFT_CLICK,6,LEFT_RELEASE
3,57218,BA_LEFT_CLICK,6,LEFT_RELEASE
3,57252,BA_LEFT_CLICK,6,NONE
3,57284,BA_LEFT_CLICK,6,NONE
3,57319,BA_LEFT_CLICK,6,NONE
3,57352,BA_LEFT_CLICK,6,NONE
3,57386,BA_LEFT_CLICK,6,NONE
3,57419,BA_LEFT_CLICK,6,NONE
3,57452,BA_LEFT_CLICK,6,NONE
3,57486,BA_LEFT_CLICK,6,NONE
3,57519,BA_LEFT_CLICK,6,NONE
3,58319,BA_LEFT_CLICK,7,NONE
3,58350,BA_LEFT_CLICK,7,NONE
3,58386,BA_LEFT_CLICK,7,NONE
3,58418,BA_LEFT_CLICK,7,NONE
3,58452,BA_LEFT_CLICK,7,NONE
3,58486,BA_LEFT_CLICK,7,NONE
3,58517,BA_LEFT_CLICK,7,NONE
3,58552,BA_LEFT_CLICK,7,NONE
3,58583,BA_LEFT_CLICK,7,NONE
3,58617,BA_LEFT_CLICK,7,NONE
3,58653,BA_LEFT_CLICK,7,NONE
3,58685,BA_LEFT_CLICK,7,NONE
3,58719,BA_LEFT_CLICK,7,NONE
3,58754,BA_LEFT_CLICK,7,NONE
3,58783,BA_LEFT_CLICK,7,NONE
3,58818,BA_LEFT_CLICK,7,NONE
3,58852,BA_LEFT_CLICK,7,NONE
3,58886,BA_LEFT_CLICK,7,NONE
3,58917,BA_LEFT_CLICK,7,NONE
3,58952,BA_LEFT_CLICK,7,NONE
3,58986,BA_LEFT_CLICK,7,NONE
3,59018,BA_LEFT_CLICK,7,NONE
3,59054,BA_LEFT_CLICK,7,NONE
3,59083,BA_LEFT_CLICK,7,NONE
3,59119,BA_LEFT_CLICK,7,NONE
3,59151,BA_LEFT_CLICK,7,NONE
3,59186,BA_LEFT_CLICK,7,NONE
3,59219,BA_LEFT_CLICK,7,NONE
3,59251,BA_LEFT_CLICK,7,NONE
3,59286,BA_LEFT_CLICK,7,NONE
3,59317,BA_LEFT_CLICK,7,NONE
3,59352,BA_LEFT_CLICK,7,NONE
3,59387,BA_LEFT_CLICK,7,NONE
3,59417,BA_LEFT_CLICK,7,NONE
3,59450,BA_LEFT_CLICK,7,NONE
3,59485,BA_LEFT_CLICK,7,NONE
3,59518,BA_LEFT_CLICK,7,NONE
3,59552,BA_LEFT_CLICK,7,NONE
3,59584,BA_LEFT_CLICK,7,NONE
3,59619,BA_LEFT_CLICK,7,NONE
3,59651,BA_LEFT_CLICK,7,NONE
3,59686,BA_LEFT_CLICK,7,LEFT_PRESS
3,59717,BA_LEFT_CLICK,7,LEFT_PRESS
3,59752,BA_LEFT_CLICK,7,LEFT_PRESS
3,59786,BA_LEFT_CLICK,7,LEFT_PRESS
3,59818,BA_LEFT_CLICK,7,LEFT_PRESS
3,59852,BA_LEFT_CLICK,7,LEFT_PRESS
3,59884,BA_LEFT_CLICK,7,LEFT_PRESS
3,59920,BA_LEFT_CLICK,7,LEFT_PRESS
3,59952,BA_LEFT_CLICK,7,LEFT_RELEASE
3,59987,BA_LEFT_CLICK,7,LEFT_RELEASE
3,60017,BA_LEFT_CLICK,7,LEFT_RELEASE
3,60051,BA_LEFT_CLICK,7,LEFT_RELEASE
3,60085,BA_LEFT_CLICK,7,LEFT_RELEASE
3,60120,BA_LEFT_CLICK,7,LEFT_RELEASE
3,60151,BA_LEFT_CLICK,7,LEFT_RELEASE
3,60181,BA_LEFT_CLICK,7,LEFT_RELEASE
3,60217,BA_LEFT_CLICK,7,NONE
3,60253,BA_LEFT_CLICK,7,NONE
3,60286,BA_LEFT_CLICK,7,NONE
3,60319,BA_LEFT_CLICK,7,NONE
3,60353,BA_LEFT_CLICK,7,NONE
3,60387,BA_LEFT_CLICK,7,NONE
3,61384,BA_LEFT_CLICK,8,LEFT_RELEASE
3,61418,BA_LEFT_CLICK,8,LEFT_RELEASE
3,61451,BA_LEFT_CLICK,8,LEFT_RELEASE
3,61485,BA_LEFT_CLICK,8,LEFT_RELEASE
3,61518,BA_LEFT_CLICK,8,NONE
3,61551,BA_LEFT_CLICK,8,NONE
3,61586,BA_LEFT_CLICK,8,NONE
3,61619,BA_LEFT_CLICK,8,NONE
3,61652,BA_LEFT_CLICK,8,NONE
3,61686,BA_LEFT_CLICK,8,NONE
3,61719,BA_LEFT_CLICK,8,NONE
3,61752,BA_LEFT_CLICK,8,NONE
3,61787,BA_LEFT_CLICK,8,NONE
3,61817,BA_LEFT_CLICK,8,NONE
3,61851,BA_LEFT_CLICK,8,NONE
3,61886,BA_LEFT_CLICK,8,NONE
3,61918,BA_LEFT_CLICK,8,NONE
3,61952,BA_LEFT_CLICK,8,NONE
3,61986,BA_LEFT_CLICK,8,NONE
3,62019,BA_LEFT_CLICK,8,NONE
3,62053,BA_LEFT_CLICK,8,NONE
3,62086,BA_LEFT_CLICK,8,NONE
3,62120,BA_LEFT_CLICK,8,NONE
3,62152,BA_LEFT_CLICK,8,NONE
3,62186,BA_LEFT_CLICK,8,NONE
3,62220,BA_LEFT_CLICK,8,NONE
3,62250,BA_LEFT_CLICK,8,NONE
3,62284,BA_LEFT_CLICK,8,NONE
3,62319,BA_LEFT_CLICK,8,NONE
3,62352,BA_LEFT_CLICK,8,NONE
3,62384,BA_LEFT_CLICK,8,LEFT_PRESS
3,62419,BA_LEFT_CLICK,8,LEFT_PRESS
3,62451,BA_LEFT_CLICK,8,LEFT_PRESS
3,62484,BA_LEFT_CLICK,8,LEFT_PRESS
3,62519,BA_LEFT_CLICK,8,LEFT_PRESS
3,62553,BA_LEFT_CLICK,8,LEFT_PRESS
3,62585,BA_LEFT_CLICK,8,LEFT_PRESS
3,62620,BA_LEFT_CLICK,8,LEFT_PRESS
3,62651,BA_LEFT_CLICK,8,LEFT_RELEASE
3,62691,BA_LEFT_CLICK,8,LEFT_RELEASE
3,62717,BA_LEFT_CLICK,8,LEFT_RELEASE
3,62751,BA_LEFT_CLICK,8,LEFT_RELEASE
3,62785,BA_LEFT_CLICK,8,LEFT_RELEASE
3,62820,BA_LEFT_CLICK,8,LEFT_RELEASE
3,62851,BA_LEFT_CLICK,8,LEFT_RELEASE
3,62886,BA_LEFT_CLICK,8,NONE
3,62917,BA_LEFT_CLICK,8,NONE
3,62953,BA_LEFT_CLICK,8,NONE
3,62986,BA_LEFT_CLICK,8,NONE
3,63019,BA_LEFT_CLICK,8,NONE
3,63620,BA_LEFT_CLICK,9,LEFT_RELEASE
3,63652,BA_LEFT_CLICK,9,LEFT_RELEASE
3,63686,BA_LEFT_CLICK,9,LEFT_RELEASE
3,63719,BA_LEFT_CLICK,9,NONE
3,63753,BA_LEFT_CLICK,9,NONE
3,63786,BA_LEFT_CLICK,9,NONE
3,63819,BA_LEFT_CLICK,9,NONE
3,63851,BA_LEFT_CLICK,9,NONE
3,63887,BA_LEFT_CLICK,9,NONE
3,63919,BA_LEFT_CLICK,9,NONE
3,63954,BA_LEFT_CLICK,9,NONE
3,63986,BA_LEFT_CLICK,9,NONE
3,64020,BA_LEFT_CLICK,9,NONE
3,64053,BA_LEFT_CLICK,9,NONE
3,64086,BA_LEFT_CLICK,9,NONE
3,64119,BA_LEFT_CLICK,9,NONE
3,64154,BA_LEFT_CLICK,9,NONE
3,64186,BA_LEFT_CLICK,9,NONE
3,64219,BA_LEFT_CLICK,9,NONE
3,64252,BA_LEFT_CLICK,9,NONE
3,64286,BA_LEFT_CLICK,9,NONE
3,64320,BA_LEFT_CLICK,9,NONE
3,64352,BA_LEFT_CLICK,9,NONE
3,64387,BA_LEFT_CLICK,9,NONE
3,64420,BA_LEFT_CLICK,9,NONE
3,64453,BA_LEFT_CLICK,9,NONE
3,64486,BA_LEFT_CLICK,9,NONE
3,64521,BA_LEFT_CLICK,9,NONE
3,64550,BA_LEFT_CLICK,9,NONE
3,64585,BA_LEFT_CLICK,9,NONE
3,64619,BA_LEFT_CLICK,9,LEFT_PRESS
3,64652,BA_LEFT_CLICK,9,LEFT_PRESS
3,64685,BA_LEFT_CLICK,9,LEFT_PRESS
3,64719,BA_LEFT_CLICK,9,LEFT_PRESS
3,64752,BA_LEFT_CLICK,9,LEFT_PRESS
3,64785,BA_LEFT_CLICK,9,LEFT_PRESS
3,64820,BA_LEFT_CLICK,9,LEFT_PRESS
3,64852,BA_LEFT_CLICK,9,LEFT_RELEASE
3,64885,BA_LEFT_CLICK,9,LEFT_RELEASE
3,64919,BA_LEFT_CLICK,9,LEFT_RELEASE
3,64953,BA_LEFT_CLICK,9,LEFT_RELEASE
3,64986,BA_LEFT_CLICK,9,LEFT_RELEASE
3,65019,BA_LEFT_CLICK,9,LEFT_RELEASE
3,65053,BA_LEFT_CLICK,9,LEFT_RELEASE
3,65087,BA_LEFT_CLICK,9,LEFT_RELEASE
3,65117,BA_LEFT_CLICK,9,NONE
3,65153,BA_LEFT_CLICK,9,NONE
3,65185,BA_LEFT_CLICK,9,NONE
3,65219,BA_LEFT_CLICK,9,NONE
3,65252,BA_LEFT_CLICK,9,NONE
3,76653,BA_RIGHT_CLICK,0,RIGHT_RELEASE
3,76687,BA_RIGHT_CLICK,0,RIGHT_RELEASE
3,76722,BA_RIGHT_CLICK,0,RIGHT_RELEASE
3,76754,BA_RIGHT_CLICK,0,RIGHT_RELEASE
3,76787,BA_RIGHT_CLICK,0,NONE
3,76820,BA_RIGHT_CLICK,0,NONE
3,76855,BA_RIGHT_CLICK,0,NONE
3,76888,BA_RIGHT_CLICK,0,NONE
3,76921,BA_RIGHT_CLICK,0,NONE
3,76955,BA_RIGHT_CLICK,0,NONE
3,76988,BA_RIGHT_CLICK,0,NONE
3,77021,BA_RIGHT_CLICK,0,NONE
3,77055,BA_RIGHT_CLICK,0,NONE
3,77088,BA_RIGHT_CLICK,0,NONE
3,77122,BA_RIGHT_CLICK,0,NONE
3,77154,BA_RIGHT_CLICK,0,NONE
3,77188,BA_RIGHT_CLICK,0,NONE
3,77221,BA_RIGHT_CLICK,0,NONE
3,77254,BA_RIGHT_CLICK,0,NONE
3,77288,BA_RIGHT_CLICK,0,NONE
3,77321,BA_RIGHT_CLICK,0,NONE
3,77353,BA_RIGHT_CLICK,0,NONE
3,77388,BA_RIGHT_CLICK,0,NONE
3,77421,BA_RIGHT_CLICK,0,NONE
3,77455,BA_RIGHT_CLICK,0,NONE
3,77488,BA_RIGHT_CLICK,0,NONE
3,77521,BA_RIGHT_CLICK,0,NONE
3,77555,BA_RIGHT_CLICK,0,NONE
3,77588,BA_RIGHT_CLICK,0,NONE
3,77621,BA_RIGHT_CLICK,0,NONE
3,77654,BA_RIGHT_CLICK,0,NONE
3,77688,BA_RIGHT_CLICK,0,NONE
3,77722,BA_RIGHT_CLICK,0,NONE
3,77754,BA_RIGHT_CLICK,0,NONE
3,77790,BA_RIGHT_CLICK,0,NONE
3,77820,BA_RIGHT_CLICK,0,NONE
3,77857,BA_RIGHT_CLICK,0,NONE
3,77886,BA_RIGHT_CLICK,0,NONE
3,77924,BA_RIGHT_CLICK,0,NONE
3,77953,BA_RIGHT_CLICK,0,NONE
3,77991,BA_RIGHT_CLICK,0,NONE
3,78020,BA_RIGHT_CLICK,0,NONE
3,78057,BA_RIGHT_CLICK,0,NONE
3,78086,BA_RIGHT_CLICK,0,NONE
3,78124,BA_RIGHT_CLICK,0,NONE
3,78153,BA_RIGHT_CLICK,0,NONE
3,78191,BA_RIGHT_CLICK,0,NONE
3,78220,BA_RIGHT_CLICK,0,NONE
3,78257,BA_RIGHT_CLICK,0,NONE
3,78287,BA_RIGHT_CLICK,0,RIGHT_PRESS
3,78324,BA_RIGHT_CLICK,0,RIGHT_PRESS
3,78353,BA_RIGHT_CLICK,0,RIGHT_PRESS
3,78391,BA_RIGHT_CLICK,0,RIGHT_PRESS
3,78420,BA_RIGHT_CLICK,0,RIGHT_PRESS
3,78458,BA_RIGHT_CLICK,0,RIGHT_PRESS
3,78487,BA_RIGHT_CLICK,0,RIGHT_PRESS
3,78525,BA_RIGHT_CLICK,0,RIGHT_PRESS
3,78553,BA_RIGHT_CLICK,0,RIGHT_RELEASE
3,78590,BA_RIGHT_CLICK,0,RIGHT_RELEASE
3,78620,BA_RIGHT_CLICK,0,RIGHT_RELEASE
3,78657,BA_RIGHT_CLICK,0,RIGHT_RELEASE
3,78686,BA_RIGHT_CLICK,0,RIGHT_RELEASE
3,78724,BA_RIGHT_CLICK,0,RIGHT_RELEASE
3,78753,BA_RIGHT_CLICK,0,RIGHT_RELEASE
3,78791,BA_RIGHT_CLICK,0,RIGHT_RELEASE
3,78820,BA_RIGHT_CLICK,0,RIGHT_RELEASE
3,78857,BA_RIGHT_CLICK,0,RIGHT_RELEASE
3,78887,BA_RIGHT_CLICK,0,RIGHT_RELEASE
3,78924,BA_RIGHT_CLICK,0,RIGHT_RELEASE
3,78953,BA_RIGHT_CLICK,0,RIGHT_RELEASE
3,78990,BA_RIGHT_CLICK,0,NONE
3,79020,BA_RIGHT_CLICK,0,NONE
3,79057,BA_RIGHT_CLICK,0,NONE
3,79087,BA_RIGHT_CLICK,0,NONE
3,79124,BA_RIGHT_CLICK,0,NONE
3,79153,BA_RIGHT_CLICK,0,NONE
3,79191,BA_RIGHT_CLICK,0,NONE
3,79220,BA_RIGHT_CLICK,0,NONE
3,79257,BA_RIGHT_CLICK,0,NONE
3,79286,BA_RIGHT_CLICK,0,NONE
3,79786,BA_RIGHT_CLICK,1,RIGHT_RELEASE
3,79822,BA_RIGHT_CLICK,1,RIGHT_RELEASE
3,79854,BA_RIGHT_CLICK,1,RIGHT_RELEASE
3,79887,BA_RIGHT_CLICK,1,RIGHT_RELEASE
3,79921,BA_RIGHT_CLICK,1,NONE
3,79955,BA_RIGHT_CLICK,1,NONE
3,79989,BA_RIGHT_CLICK,1,NONE
3,80022,BA_RIGHT_CLICK,1,NONE
3,80055,BA_RIGHT_CLICK,1,NONE
3,80088,BA_RIGHT_CLICK,1,NONE
3,80122,BA_RIGHT_CLICK,1,NONE
3,80154,BA_RIGHT_CLICK,1,NONE
3,80190,BA_RIGHT_CLICK,1,NONE
3,80220,BA_RIGHT_CLICK,1,NONE
3,80255,BA_RIGHT_CLICK,1,NONE
3,80288,BA_RIGHT_CLICK,1,NONE
3,80321,BA_RIGHT_CLICK,1,NONE
3,80355,BA_RIGHT_CLICK,1,NONE
3,80388,BA_RIGHT_CLICK,1,NONE
3,80422,BA_RIGHT_CLICK,1,NONE
3,80455,BA_RIGHT_CLICK,1,NONE
3,80488,BA_RIGHT_CLICK,1,NONE
3,80524,BA_RIGHT_CLICK,1,NONE
3,80554,BA_RIGHT_CLICK,1,NONE
3,80591,BA_RIGHT_CLICK,1,RIGHT_PRESS
3,80620,BA_RIGHT_CLICK,1,RIGHT_PRESS
3,80655,BA_RIGHT_CLICK,1,RIGHT_PRESS
3,80688,BA_RIGHT_CLICK,1,RIGHT_PRESS
3,80722,BA_RIGHT_CLICK,1,RIGHT_PRESS
3,80755,BA_RIGHT_CLICK,1,RIGHT_PRESS
3,80788,BA_RIGHT_CLICK,1,RIGHT_PRESS
3,80822,BA_RIGHT_CLICK,1,RIGHT_RELEASE
3,80855,BA_RIGHT_CLICK,1,RIGHT_RELEASE
3,80888,BA_RIGHT_CLICK,1,RIGHT_RELEASE
3,80921,BA_RIGHT_CLICK,1,RIGHT_RELEASE
3,81455,BA_RIGHT_CLICK,2,RIGHT_RELEASE
3,81488,BA_RIGHT_CLICK,2,RIGHT_RELEASE
3,81521,BA_RIGHT_CLICK,2,NONE
3,81554,BA_RIGHT_CLICK,2,NONE
3,81588,BA_RIGHT_CLICK,2,NONE
3,81622,BA_RIGHT_CLICK,2,NONE
3,81655,BA_RIGHT_CLICK,2,NONE
3,81688,BA_RIGHT_CLICK,2,NONE
3,81722,BA_RIGHT_CLICK,2,NONE
3,81756,BA_RIGHT_CLICK,2,NONE
3,81788,BA_RIGHT_CLICK,2,NONE
3,81823,BA_RIGHT_CLICK,2,NONE
3,81855,BA_RIGHT_CLICK,2,NONE
3,81888,BA_RIGHT_CLICK,2,NONE
3,81921,BA_RIGHT_CLICK,2,NONE
3,81955,BA_RIGHT_CLICK,2,NONE
3,81988,BA_RIGHT_CLICK,2,NONE
3,82021,BA_RIGHT_CLICK,2,NONE
3,82055,BA_RIGHT_CLICK,2,NONE
3,82089,BA_RIGHT_CLICK,2,RIGHT_PRESS
3,82121,BA_RIGHT_CLICK,2,RIGHT_PRESS
3,82155,BA_RIGHT_CLICK,2,RIGHT_PRESS
3,82188,BA_RIGHT_CLICK,2,RIGHT_PRESS
3,82222,BA_RIGHT_CLICK,2,RIGHT_PRESS
3,82255,BA_RIGHT_CLICK,2,RIGHT_PRESS
3,82289,BA_RIGHT_CLICK,2,RIGHT_PRESS
3,82321,BA_RIGHT_CLICK,2,RIGHT_RELEASE
3,82358,BA_RIGHT_CLICK,2,RIGHT_RELEASE
3,82388,BA_RIGHT_CLICK,2,RIGHT_RELEASE
3,82422,BA_RIGHT_CLICK,2,RIGHT_RELEASE
3,82853,BA_RIGHT_CLICK,3,RIGHT_RELEASE
3,82890,BA_RIGHT_CLICK,3,RIGHT_RELEASE
3,82921,BA_RIGHT_CLICK,3,RIGHT_RELEASE
3,82954,BA_RIGHT_CLICK,3,RIGHT_RELEASE
3,82988,BA_RIGHT_CLICK,3,NONE
3,83022,BA_RIGHT_CLICK,3,NONE
3,83054,BA_RIGHT_CLICK,3,NONE
3,83090,BA_RIGHT_CLICK,3,NONE
3,83121,BA_RIGHT_CLICK,3,NONE
3,83156,BA_RIGHT_CLICK,3,NONE
3,83188,BA_RIGHT_CLICK,3,NONE
3,83223,BA_RIGHT_CLICK,3,NONE
3,83254,BA_RIGHT_CLICK,3,NONE
3,83288,BA_RIGHT_CLICK,3,NONE
3,83321,BA_RIGHT_CLICK,3,NONE
3,83357,BA_RIGHT_CLICK,3,NONE
3,83388,BA_RIGHT_CLICK,3,NONE
3,83422,BA_RIGHT_CLICK,3,NONE
3,83455,BA_RIGHT_CLICK,3,NONE
3,83489,BA_RIGHT_CLICK,3,NONE
3,83522,BA_RIGHT_CLICK,3,NONE
3,83555,BA_RIGHT_CLICK,3,NONE
3,83589,BA_RIGHT_CLICK,3,NONE
3,83621,BA_RIGHT_CLICK,3,NONE
3,83656,BA_RIGHT_CLICK,3,NONE
3,83689,BA_RIGHT_CLICK,3,NONE
3,83723,BA_RIGHT_CLICK,3,NONE
3,83757,BA_RIGHT_CLICK,3,NONE
3,83788,BA_RIGHT_CLICK,3,RIGHT_PRESS
3,83822,BA_RIGHT_CLICK,3,RIGHT_PRESS
3,83856,BA_RIGHT_CLICK,3,RIGHT_PRESS
3,83889,BA_RIGHT_CLICK,3,RIGHT_PRESS
3,83922,BA_RIGHT_CLICK,3,RIGHT_RELEASE
3,83956,BA_RIGHT_CLICK,3,RIGHT_RELEASE
3,83989,BA_RIGHT_CLICK,3,RIGHT_RELEASE
3,84022,BA_RIGHT_CLICK,3,RIGHT_RELEASE
3,84056,BA_RIGHT_CLICK,3,RIGHT_RELEASE
3,84089,BA_RIGHT_CLICK,3,RIGHT_RELEASE
3,84122,BA_RIGHT_CLICK,3,RIGHT_RELEASE
3,84156,BA_RIGHT_CLICK,3,RIGHT_RELEASE
3,84190,BA_RIGHT_CLICK,3,RIGHT_RELEASE
3,84222,BA_RIGHT_CLICK,3,RIGHT_RELEASE
3,84255,BA_RIGHT_CLICK,3,RIGHT_RELEASE
3,84289,BA_RIGHT_CLICK,3,RIGHT_PRESS
3,84322,BA_RIGHT_CLICK,3,RIGHT_PRESS
3,84356,BA_RIGHT_CLICK,3,RIGHT_PRESS
3,84388,BA_RIGHT_CLICK,3,RIGHT_PRESS
3,84422,BA_RIGHT_CLICK,3,RIGHT_PRESS
3,84457,BA_RIGHT_CLICK,3,RIGHT_RELEASE
3,84488,BA_RIGHT_CLICK,3,RIGHT_RELEASE
3,84522,BA_RIGHT_CLICK,3,RIGHT_RELEASE
3,84556,BA_RIGHT_CLICK,3,RIGHT_RELEASE
3,84589,BA_RIGHT_CLICK,3,RIGHT_RELEASE
3,84623,BA_RIGHT_CLICK,3,RIGHT_RELEASE
3,84654,BA_RIGHT_CLICK,3,RIGHT_RELEASE
3,85186,BA_RIGHT_CLICK,4,RIGHT_RELEASE
3,85223,BA_RIGHT_CLICK,4,RIGHT_RELEASE
3,85255,BA_RIGHT_CLICK,4,RIGHT_RELEASE
3,85288,BA_RIGHT_CLICK,4,RIGHT_RELEASE
3,85323,BA_RIGHT_CLICK,4,NONE
3,85356,BA_RIGHT_CLICK,4,NONE
3,85388,BA_RIGHT_CLICK,4,NONE
3,85422,BA_RIGHT_CLICK,4,NONE
3,85455,BA_RIGHT_CLICK,4,NONE
3,85489,BA_RIGHT_CLICK,4,NONE
3,85522,BA_RIGHT_CLICK,4,NONE
3,85557,BA_RIGHT_CLICK,4,NONE
3,85589,BA_RIGHT_CLICK,4,NONE
3,85621,BA_RIGHT_CLICK,4,NONE
3,85657,BA_RIGHT_CLICK,4,NONE
3,85688,BA_RIGHT_CLICK,4,NONE
3,85725,BA_RIGHT_CLICK,4,NONE
3,85755,BA_RIGHT_CLICK,4,NONE
3,85791,BA_RIGHT_CLICK,4,NONE
3,85821,BA_RIGHT_CLICK,4,NONE
3,85858,BA_RIGHT_CLICK,4,NONE
3,85887,BA_RIGHT_CLICK,4,NONE
3,85923,BA_RIGHT_CLICK,4,NONE
3,85955,BA_RIGHT_CLICK,4,NONE
3,85990,BA_RIGHT_CLICK,4,NONE
3,86022,BA_RIGHT_CLICK,4,NONE
3,86056,BA_RIGHT_CLICK,4,NONE
3,86088,BA_RIGHT_CLICK,4,NONE
3,86123,BA_RIGHT_CLICK,4,NONE
3,86154,BA_RIGHT_CLICK,4,NONE
3,86191,BA_RIGHT_CLICK,4,NONE
3,86220,BA_RIGHT_CLICK,4,NONE
3,86257,BA_RIGHT_CLICK,4,NONE
3,86284,BA_RIGHT_CLICK,4,NONE
3,86323,BA_RIGHT_CLICK,4,NONE
3,86354,BA_RIGHT_CLICK,4,NONE
3,86392,BA_RIGHT_CLICK,4,NONE
3,86420,BA_RIGHT_CLICK,4,NONE
3,86458,BA_RIGHT_CLICK,4,NONE
3,86488,BA_RIGHT_CLICK,4,NONE
3,86525,BA_RIGHT_CLICK,4,NONE
3,86555,BA_RIGHT_CLICK,4,NONE
3,86591,BA_RIGHT_CLICK,4,NONE
3,86622,BA_RIGHT_CLICK,4,RIGHT_PRESS
3,86657,BA_RIGHT_CLICK,4,RIGHT_PRESS
3,86687,BA_RIGHT_CLICK,4,RIGHT_PRESS
3,86722,BA_RIGHT_CLICK,4,RIGHT_PRESS
3,86753,BA_RIGHT_CLICK,4,RIGHT_PRESS
3,86787,BA_RIGHT_CLICK,4,RIGHT_PRESS
3,86821,BA_RIGHT_CLICK,4,RIGHT_PRESS
3,86854,BA_RIGHT_CLICK,4,RIGHT_RELEASE
3,86892,BA_RIGHT_CLICK,4,RIGHT_RELEASE
3,86921,BA_RIGHT_CLICK,4,RIGHT_RELEASE
3,86958,BA_RIGHT_CLICK,4,RIGHT_RELEASE
3,86988,BA_RIGHT_CLICK,4,RIGHT_RELEASE
3,87025,BA_RIGHT_CLICK,4,RIGHT_RELEASE
3,87753,BA_RIGHT_CLICK,5,RIGHT_RELEASE
3,87790,BA_RIGHT_CLICK,5,RIGHT_RELEASE
3,87822,BA_RIGHT_CLICK,5,RIGHT_RELEASE
3,87857,BA_RIGHT_CLICK,5,RIGHT_RELEASE
3,87888,BA_RIGHT_CLICK,5,NONE
3,87923,BA_RIGHT_CLICK,5,NONE
3,87954,BA_RIGHT_CLICK,5,NONE
3,87990,BA_RIGHT_CLICK,5,NONE
3,88021,BA_RIGHT_CLICK,5,NONE
3,88057,BA_RIGHT_CLICK,5,NONE
3,88088,BA_RIGHT_CLICK,5,NONE
3,88123,BA_RIGHT_CLICK,5,NONE
3,88155,BA_RIGHT_CLICK,5,NONE
3,88190,BA_RIGHT_CLICK,5,NONE
3,88221,BA_RIGHT_CLICK,5,NONE
3,88256,BA_RIGHT_CLICK,5,NONE
3,88288,BA_RIGHT_CLICK,5,NONE
3,88322,BA_RIGHT_CLICK,5,NONE
3,88357,BA_RIGHT_CLICK,5,NONE
3,88388,BA_RIGHT_CLICK,5,NONE
3,88421,BA_RIGHT_CLICK,5,NONE
3,88454,BA_RIGHT_CLICK,5,NONE
3,88488,BA_RIGHT_CLICK,5,NONE
3,88520,BA_RIGHT_CLICK,5,NONE
3,88555,BA_RIGHT_CLICK,5,NONE
3,88588,BA_RIGHT_CLICK,5,NONE
3,88621,BA_RIGHT_CLICK,5,NONE
3,88655,BA_RIGHT_CLICK,5,NONE
3,88688,BA_RIGHT_CLICK,5,NONE
3,88722,BA_RIGHT_CLICK,5,NONE
3,88755,BA_RIGHT_CLICK,5,NONE
3,88788,BA_RIGHT_CLICK,5,NONE
3,88822,BA_RIGHT_CLICK,5,NONE
3,88857,BA_RIGHT_CLICK,5,NONE
3,88888,BA_RIGHT_CLICK,5,NONE
3,88924,BA_RIGHT_CLICK,5,NONE
3,88955,BA_RIGHT_CLICK,5,NONE
3,88990,BA_RIGHT_CLICK,5,RIGHT_PRESS
3,89022,BA_RIGHT_CLICK,5,RIGHT_PRESS
3,89057,BA_RIGHT_CLICK,5,RIGHT_PRESS
3,89088,BA_RIGHT_CLICK,5,RIGHT_PRESS
3,89123,BA_RIGHT_CLICK,5,RIGHT_PRESS
3,89156,BA_RIGHT_CLICK,5,RIGHT_PRESS
3,89190,BA_RIGHT_CLICK,5,RIGHT_PRESS
3,89221,BA_RIGHT_CLICK,5,RIGHT_PRESS
3,89256,BA_RIGHT_CLICK,5,RIGHT_RELEASE
3,89288,BA_RIGHT_CLICK,5,RIGHT_RELEASE
3,89323,BA_RIGHT_CLICK,5,RIGHT_RELEASE
3,89355,BA_RIGHT_CLICK,5,RIGHT_RELEASE
3,89891,BA_RIGHT_CLICK,6,RIGHT_RELEASE
3,89920,BA_RIGHT_CLICK,6,RIGHT_RELEASE
3,89955,BA_RIGHT_CLICK,6,RIGHT_RELEASE
3,89987,BA_RIGHT_CLICK,6,RIGHT_RELEASE
3,90022,BA_RIGHT_CLICK,6,NONE
3,90055,BA_RIGHT_CLICK,6,NONE
3,90088,BA_RIGHT_CLICK,6,NONE
3,90122,BA_RIGHT_CLICK,6,NONE
3,90155,BA_RIGHT_CLICK,6,NONE
3,90189,BA_RIGHT_CLICK,6,NONE
3,90222,BA_RIGHT_CLICK,6,NONE
3,90256,BA_RIGHT_CLICK,6,NONE
3,90289,BA_RIGHT_CLICK,6,NONE
3,90323,BA_RIGHT_CLICK,6,NONE
3,90355,BA_RIGHT_CLICK,6,NONE
3,90389,BA_RIGHT_CLICK,6,NONE
3,90425,BA_RIGHT_CLICK,6,NONE
3,90455,BA_RIGHT_CLICK,6,NONE
3,90490,BA_RIGHT_CLICK,6,NONE
3,90522,BA_RIGHT_CLICK,6,NONE
3,90556,BA_RIGHT_CLICK,6,NONE
3,90590,BA_RIGHT_CLICK,6,NONE
3,90623,BA_RIGHT_CLICK,6,NONE
3,90655,BA_RIGHT_CLICK,6,NONE
3,90687,BA_RIGHT_CLICK,6,NONE
3,90722,BA_RIGHT_CLICK,6,NONE
3,90756,BA_RIGHT_CLICK,6,NONE
3,90789,BA_RIGHT_CLICK,6,NONE
3,90821,BA_RIGHT_CLICK,6,NONE
3,90854,BA_RIGHT_CLICK,6,NONE
3,90887,BA_RIGHT_CLICK,6,NONE
3,90920,BA_RIGHT_CLICK,6,NONE
3,90954,BA_RIGHT_CLICK,6,NONE
3,90988,BA_RIGHT_CLICK,6,NONE
3,91021,BA_RIGHT_CLICK,6,NONE
3,91056,BA_RIGHT_CLICK,6,NONE
3,91088,BA_RIGHT_CLICK,6,NONE
3,91123,BA_RIGHT_CLICK,6,NONE
3,91153,BA_RIGHT_CLICK,6,NONE
3,91191,BA_RIGHT_CLICK,6,NONE
3,91221,BA_RIGHT_CLICK,6,NONE
3,91258,BA_RIGHT_CLICK,6,RIGHT_PRESS
3,91286,BA_RIGHT_CLICK,6,RIGHT_PRESS
3,91325,BA_RIGHT_CLICK,6,RIGHT_PRESS
3,91354,BA_RIGHT_CLICK,6,RIGHT_PRESS
3,91392,BA_RIGHT_CLICK,6,RIGHT_PRESS
3,91421,BA_RIGHT_CLICK,6,RIGHT_PRESS
3,91458,BA_RIGHT_CLICK,6,RIGHT_RELEASE
3,91488,BA_RIGHT_CLICK,6,RIGHT_RELEASE
3,91524,BA_RIGHT_CLICK,6,RIGHT_RELEASE
3,91554,BA_RIGHT_CLICK,6,RIGHT_RELEASE
3,91592,BA_RIGHT_CLICK,6,RIGHT_RELEASE
3,91621,BA_RIGHT_CLICK,6,RIGHT_RELEASE
3,92223,BA_RIGHT_CLICK,7,NONE
3,92256,BA_RIGHT_CLICK,7,NONE
3,92288,BA_RIGHT_CLICK,7,NONE
3,92321,BA_RIGHT_CLICK,7,NONE
3,92354,BA_RIGHT_CLICK,7,NONE
3,92387,BA_RIGHT_CLICK,7,NONE
3,92421,BA_RIGHT_CLICK,7,NONE
3,92455,BA_RIGHT_CLICK,7,NONE
3,92487,BA_RIGHT_CLICK,7,NONE
3,92522,BA_RIGHT_CLICK,7,NONE
3,92555,BA_RIGHT_CLICK,7,NONE
3,92588,BA_RIGHT_CLICK,7,NONE
3,92621,BA_RIGHT_CLICK,7,NONE
3,92656,BA_RIGHT_CLICK,7,NONE
3,92689,BA_RIGHT_CLICK,7,NONE
3,92722,BA_RIGHT_CLICK,7,NONE
3,92758,BA_RIGHT_CLICK,7,NONE
3,92788,BA_RIGHT_CLICK,7,NONE
3,92825,BA_RIGHT_CLICK,7,NONE
3,92855,BA_RIGHT_CLICK,7,NONE
3,92891,BA_RIGHT_CLICK,7,NONE
3,92922,BA_RIGHT_CLICK,7,NONE
3,92958,BA_RIGHT_CLICK,7,NONE
3,92988,BA_RIGHT_CLICK,7,NONE
3,93026,BA_RIGHT_CLICK,7,NONE
3,93055,BA_RIGHT_CLICK,7,NONE
3,93092,BA_RIGHT_CLICK,7,RIGHT_RELEASE
3,93121,BA_RIGHT_CLICK,7,RIGHT_RELEASE
3,93158,BA_RIGHT_CLICK,7,RIGHT_RELEASE
3,93187,BA_RIGHT_CLICK,7,RIGHT_RELEASE
3,93226,BA_RIGHT_CLICK,7,RIGHT_RELEASE
3,93255,BA_RIGHT_CLICK,7,RIGHT_RELEASE
3,93289,BA_RIGHT_CLICK,7,RIGHT_RELEASE
3,93322,BA_RIGHT_CLICK,7,RIGHT_RELEASE
3,93356,BA_RIGHT_CLICK,7,RIGHT_PRESS
3,93392,BA_RIGHT_CLICK,7,RIGHT_PRESS
3,93421,BA_RIGHT_CLICK,7,RIGHT_PRESS
3,93458,BA_RIGHT_CLICK,7,RIGHT_PRESS
3,93488,BA_RIGHT_CLICK,7,RIGHT_PRESS
3,93524,BA_RIGHT_CLICK,7,RIGHT_PRESS
3,93555,BA_RIGHT_CLICK,7,RIGHT_PRESS
3,93591,BA_RIGHT_CLICK,7,RIGHT_RELEASE
3,93621,BA_RIGHT_CLICK,7,RIGHT_RELEASE
3,93659,BA_RIGHT_CLICK,7,RIGHT_RELEASE
3,93688,BA_RIGHT_CLICK,7,RIGHT_RELEASE
3,93723,BA_RIGHT_CLICK,7,RIGHT_RELEASE
3,93756,BA_RIGHT_CLICK,7,RIGHT_RELEASE
3,93788,BA_RIGHT_CLICK,7,RIGHT_RELEASE
3,94323,BA_RIGHT_CLICK,8,RIGHT_RELEASE
3,94356,BA_RIGHT_CLICK,8,RIGHT_RELEASE
3,94392,BA_RIGHT_CLICK,8,RIGHT_RELEASE
3,94422,BA_RIGHT_CLICK,8,RIGHT_RELEASE
3,94457,BA_RIGHT_CLICK,8,RIGHT_RELEASE
3,94488,BA_RIGHT_CLICK,8,RIGHT_RELEASE
3,94522,BA_RIGHT_CLICK,8,RIGHT_RELEASE
3,94556,BA_RIGHT_CLICK,8,RIGHT_RELEASE
3,94592,BA_RIGHT_CLICK,8,RIGHT_RELEASE
3,94621,BA_RIGHT_CLICK,8,RIGHT_RELEASE
3,94658,BA_RIGHT_CLICK,8,RIGHT_RELEASE
3,94688,BA_RIGHT_CLICK,8,RIGHT_RELEASE
3,94725,BA_RIGHT_CLICK,8,RIGHT_RELEASE
3,94754,BA_RIGHT_CLICK,8,NONE
3,94792,BA_RIGHT_CLICK,8,NONE
3,94821,BA_RIGHT_CLICK,8,NONE
3,94858,BA_RIGHT_CLICK,8,NONE
3,94888,BA_RIGHT_CLICK,8,NONE
3,94924,BA_RIGHT_CLICK,8,NONE
3,94955,BA_RIGHT_CLICK,8,NONE
3,94992,BA_RIGHT_CLICK,8,NONE
3,95021,BA_RIGHT_CLICK,8,NONE
3,95059,BA_RIGHT_CLICK,8,NONE
3,95088,BA_RIGHT_CLICK,8,NONE
3,95125,BA_RIGHT_CLICK,8,NONE
3,95155,BA_RIGHT_CLICK,8,NONE
3,95192,BA_RIGHT_CLICK,8,NONE
3,95222,BA_RIGHT_CLICK,8,NONE
3,95255,BA_RIGHT_CLICK,8,NONE
3,95292,BA_RIGHT_CLICK,8,NONE
3,95321,BA_RIGHT_CLICK,8,NONE
3,95359,BA_RIGHT_CLICK,8,RIGHT_PRESS
3,95388,BA_RIGHT_CLICK,8,RIGHT_PRESS
3,95423,BA_RIGHT_CLICK,8,RIGHT_PRESS
3,95455,BA_RIGHT_CLICK,8,RIGHT_PRESS
3,95489,BA_RIGHT_CLICK,8,RIGHT_PRESS
3,95524,BA_RIGHT_CLICK,8,RIGHT_PRESS
3,95555,BA_RIGHT_CLICK,8,RIGHT_PRESS
3,95591,BA_RIGHT_CLICK,8,RIGHT_RELEASE
3,95621,BA_RIGHT_CLICK,8,RIGHT_RELEASE
3,95658,BA_RIGHT_CLICK,8,RIGHT_RELEASE
3,95688,BA_RIGHT_CLICK,8,RIGHT_RELEASE
3,95724,BA_RIGHT_CLICK,8,RIGHT_RELEASE
3,95755,BA_RIGHT_CLICK,8,RIGHT_RELEASE
3,95791,BA_RIGHT_CLICK,8,RIGHT_RELEASE
3,95822,BA_RIGHT_CLICK,8,RIGHT_RELEASE
3,95856,BA_RIGHT_CLICK,8,RIGHT_RELEASE
3,95889,BA_RIGHT_CLICK,8,RIGHT_RELEASE
3,95922,BA_RIGHT_CLICK,8,RIGHT_RELEASE
3,95956,BA_RIGHT_CLICK,8,RIGHT_RELEASE
3,95989,BA_RIGHT_CLICK,8,RIGHT_RELEASE
3,96022,BA_RIGHT_CLICK,8,RIGHT_RELEASE
3,96056,BA_RIGHT_CLICK,8,RIGHT_RELEASE
3,96090,BA_RIGHT_CLICK,8,RIGHT_RELEASE
3,96123,BA_RIGHT_CLICK,8,NONE
3,96155,BA_RIGHT_CLICK,8,NONE
3,96755,BA_RIGHT_CLICK,9,NONE
3,96790,BA_RIGHT_CLICK,9,NONE
3,96822,BA_RIGHT_CLICK,9,NONE
3,96858,BA_RIGHT_CLICK,9,NONE
3,96889,BA_RIGHT_CLICK,9,RIGHT_RELEASE
3,96924,BA_RIGHT_CLICK,9,NONE
3,96954,BA_RIGHT_CLICK,9,NONE
3,96991,BA_RIGHT_CLICK,9,NONE
3,97022,BA_RIGHT_CLICK,9,NONE
3,97056,BA_RIGHT_CLICK,9,NONE
3,97092,BA_RIGHT_CLICK,9,RIGHT_RELEASE
3,97122,BA_RIGHT_CLICK,9,RIGHT_RELEASE
3,97156,BA_RIGHT_CLICK,9,NONE
3,97189,BA_RIGHT_CLICK,9,NONE
3,97223,BA_RIGHT_CLICK,9,RIGHT_RELEASE
3,97256,BA_RIGHT_CLICK,9,RIGHT_RELEASE
3,97289,BA_RIGHT_CLICK,9,RIGHT_RELEASE
3,97323,BA_RIGHT_CLICK,9,RIGHT_RELEASE
3,97356,BA_RIGHT_CLICK,9,RIGHT_RELEASE
3,97390,BA_RIGHT_CLICK,9,RIGHT_RELEASE
3,97422,BA_RIGHT_CLICK,9,RIGHT_RELEASE
3,97457,BA_RIGHT_CLICK,9,RIGHT_RELEASE
3,97489,BA_RIGHT_CLICK,9,RIGHT_RELEASE
3,97523,BA_RIGHT_CLICK,9,NONE
3,97556,BA_RIGHT_CLICK,9,NONE
3,97590,BA_RIGHT_CLICK,9,NONE
3,97622,BA_RIGHT_CLICK,9,NONE
3,97658,BA_RIGHT_CLICK,9,NONE
3,97688,BA_RIGHT_CLICK,9,NONE
3,97724,BA_RIGHT_CLICK,9,NONE
3,97755,BA_RIGHT_CLICK,9,NONE
3,97791,BA_RIGHT_CLICK,9,NONE
3,97821,BA_RIGHT_CLICK,9,NONE
3,97858,BA_RIGHT_CLICK,9,NONE
3,97888,BA_RIGHT_CLICK,9,NONE
3,97925,BA_RIGHT_CLICK,9,NONE
3,97954,BA_RIGHT_CLICK,9,NONE
3,97992,BA_RIGHT_CLICK,9,NONE
3,98022,BA_RIGHT_CLICK,9,NONE
3,98058,BA_RIGHT_CLICK,9,NONE
3,98088,BA_RIGHT_CLICK,9,NONE
3,98125,BA_RIGHT_CLICK,9,NONE
3,98155,BA_RIGHT_CLICK,9,NONE
3,98193,BA_RIGHT_CLICK,9,NONE
3,98222,BA_RIGHT_CLICK,9,NONE
3,98254,BA_RIGHT_CLICK,9,NONE
3,98291,BA_RIGHT_CLICK,9,RIGHT_PRESS
3,98322,BA_RIGHT_CLICK,9,RIGHT_PRESS
3,98359,BA_RIGHT_CLICK,9,RIGHT_PRESS
3,98388,BA_RIGHT_CLICK,9,RIGHT_PRESS
3,98425,BA_RIGHT_CLICK,9,RIGHT_PRESS
3,98455,BA_RIGHT_CLICK,9,RIGHT_PRESS
3,98491,BA_RIGHT_CLICK,9,RIGHT_PRESS
3,98522,BA_RIGHT_CLICK,9,RIGHT_RELEASE
3,98558,BA_RIGHT_CLICK,9,RIGHT_RELEASE
3,98588,BA_RIGHT_CLICK,9,RIGHT_RELEASE
3,98624,BA_RIGHT_CLICK,9,RIGHT_RELEASE
3,98656,BA_RIGHT_CLICK,9,RIGHT_RELEASE
3,98690,BA_RIGHT_CLICK,9,RIGHT_RELEASE
3,98722,BA_RIGHT_CLICK,9,RIGHT_RELEASE
3,98757,BA_RIGHT_CLICK,9,RIGHT_RELEASE
3,98790,BA_RIGHT_CLICK,9,RIGHT_RELEASE
3,98822,BA_RIGHT_CLICK,9,RIGHT_RELEASE
3,98858,BA_RIGHT_CLICK,9,RIGHT_RELEASE
3,98888,BA_RIGHT_CLICK,9,NONE
3,98925,BA_RIGHT_CLICK,9,NONE
3,98955,BA_RIGHT_CLICK,9,NONE
3,98992,BA_RIGHT_CLICK,9,NONE
3,99021,BA_RIGHT_CLICK,9,NONE
3,99058,BA_RIGHT_CLICK,9,NONE
3,99089,BA_RIGHT_CLICK,9,NONE
3,99123,BA_RIGHT_CLICK,9,NONE
3,99157,BA_RIGHT_CLICK,9,NONE
3,99189,BA_RIGHT_CLICK,9,NONE
3,99223,BA_RIGHT_CLICK,9,NONE
3,99256,BA_RIGHT_CLICK,9,NONE
3,99290,BA_RIGHT_CLICK,9,NONE
3,99322,BA_RIGHT_CLICK,9,NONE
3,99357,BA_RIGHT_CLICK,9,NONE
3,99389,BA_RIGHT_CLICK,9,NONE
3,99423,BA_RIGHT_CLICK,9,NONE
3,99457,BA_RIGHT_CLICK,9,NONE
3,99488,BA_RIGHT_CLICK,9,RIGHT_RELEASE
3,99524,BA_RIGHT_CLICK,9,RIGHT_RELEASE
3,99557,BA_RIGHT_CLICK,9,NONE
3,99589,BA_RIGHT_CLICK,9,NONE
3,99624,BA_RIGHT_CLICK,9,NONE
3,99657,BA_RIGHT_CLICK,9,NONE
3,99690,BA_RIGHT_CLICK,9,RIGHT_RELEASE
3,99723,BA_RIGHT_CLICK,9,RIGHT_RELEASE
3,99757,BA_RIGHT_CLICK,9,RIGHT_RELEASE
3,99790,BA_RIGHT_CLICK,9,RIGHT_RELEASE
3,99823,BA_RIGHT_CLICK,9,RIGHT_RELEASE
3,99856,BA_RIGHT_CLICK,9,RIGHT_RELEASE
3,99889,BA_RIGHT_CLICK,9,RIGHT_RELEASE
3,99924,BA_RIGHT_CLICK,9,RIGHT_RELEASE
3,99956,BA_RIGHT_CLICK,9,RIGHT_RELEASE
3,99990,BA_RIGHT_CLICK,9,RIGHT_RELEASE
3,100022,BA_RIGHT_CLICK,9,RIGHT_RELEASE
3,100057,BA_RIGHT_CLICK,9,RIGHT_RELEASE
3,100089,BA_RIGHT_CLICK,9,RIGHT_RELEASE
3,100124,BA_RIGHT_CLICK,9,RIGHT_RELEASE
3,100154,BA_RIGHT_CLICK,9,RIGHT_RELEASE
3,100192,BA_RIGHT_CLICK,9,RIGHT_RELEASE
3,100222,BA_RIGHT_CLICK,9,RIGHT_RELEASE
3,100257,BA_RIGHT_CLICK,9,RIGHT_RELEASE
3,100289,BA_RIGHT_CLICK,9,RIGHT_RELEASE
3,100324,BA_RIGHT_CLICK,9,RIGHT_RELEASE
3,100356,BA_RIGHT_CLICK,9,RIGHT_RELEASE
3,100390,BA_RIGHT_CLICK,9,RIGHT_RELEASE
3,100423,BA_RIGHT_CLICK,9,RIGHT_RELEASE
3,100457,BA_RIGHT_CLICK,9,RIGHT_RELEASE
3,100489,BA_RIGHT_CLICK,9,RIGHT_RELEASE
3,100524,BA_RIGHT_CLICK,9,RIGHT_RELEASE
3,100556,BA_RIGHT_CLICK,9,RIGHT_RELEASE
3,100590,BA_RIGHT_CLICK,9,RIGHT_RELEASE
3,100624,BA_RIGHT_CLICK,9,RIGHT_RELEASE
3,100657,BA_RIGHT_CLICK,9,RIGHT_RELEASE
3,121960,BA_SCROLL,0,SCROLL_DOWN
3,121993,BA_SCROLL,0,SCROLL_DOWN
3,122026,BA_SCROLL,0,SCROLL_DOWN
3,122060,BA_SCROLL,0,SCROLL_DOWN
3,122092,BA_SCROLL,0,NONE
3,122126,BA_SCROLL,0,NONE
3,122158,BA_SCROLL,0,NONE
3,122192,BA_SCROLL,0,NONE
3,122227,BA_SCROLL,0,NONE
3,122259,BA_SCROLL,0,NONE
3,122294,BA_SCROLL,0,NONE
3,122326,BA_SCROLL,0,SCROLL_UP
3,122359,BA_SCROLL,0,SCROLL_UP
3,122392,BA_SCROLL,0,SCROLL_UP
3,122426,BA_SCROLL,0,SCROLL_UP
3,122460,BA_SCROLL,0,SCROLL_UP
3,122493,BA_SCROLL,0,SCROLL_UP
3,122526,BA_SCROLL,0,SCROLL_UP
3,122561,BA_SCROLL,0,SCROLL_UP
3,122593,BA_SCROLL,0,SCROLL_UP
3,122625,BA_SCROLL,0,SCROLL_UP
3,122659,BA_SCROLL,0,SCROLL_UP
3,122692,BA_SCROLL,0,NONE
3,122727,BA_SCROLL,0,SCROLL_DOWN
3,122760,BA_SCROLL,0,SCROLL_DOWN
3,122792,BA_SCROLL,0,SCROLL_DOWN
3,122828,BA_SCROLL,0,SCROLL_DOWN
3,122859,BA_SCROLL,0,SCROLL_DOWN
3,122894,BA_SCROLL,0,SCROLL_DOWN
3,122924,BA_SCROLL,0,SCROLL_DOWN
3,122959,BA_SCROLL,0,SCROLL_DOWN
3,122993,BA_SCROLL,0,SCROLL_UP
3,123025,BA_SCROLL,0,SCROLL_UP
3,123060,BA_SCROLL,0,SCROLL_UP
3,123093,BA_SCROLL,0,SCROLL_UP
3,123127,BA_SCROLL,0,SCROLL_UP
3,123160,BA_SCROLL,0,SCROLL_UP
3,123193,BA_SCROLL,0,SCROLL_UP
3,123225,BA_SCROLL,0,SCROLL_UP
3,123260,BA_SCROLL,0,SCROLL_UP
3,123292,BA_SCROLL,0,SCROLL_UP
3,123326,BA_SCROLL,0,NONE
3,123359,BA_SCROLL,0,SCROLL_DOWN
3,123394,BA_SCROLL,0,SCROLL_DOWN
3,123427,BA_SCROLL,0,SCROLL_DOWN
3,123459,BA_SCROLL,0,SCROLL_DOWN
3,123494,BA_SCROLL,0,SCROLL_DOWN
3,123526,BA_SCROLL,0,SCROLL_DOWN
3,123559,BA_SCROLL,0,SCROLL_DOWN
3,123592,BA_SCROLL,0,SCROLL_DOWN
3,123626,BA_SCROLL,0,SCROLL_UP
3,123660,BA_SCROLL,0,SCROLL_UP
3,123694,BA_SCROLL,0,SCROLL_UP
3,123726,BA_SCROLL,0,SCROLL_UP
3,123761,BA_SCROLL,0,SCROLL_UP
3,123794,BA_SCROLL,0,SCROLL_UP
3,123825,BA_SCROLL,0,SCROLL_UP
3,123858,BA_SCROLL,0,SCROLL_UP
3,123893,BA_SCROLL,0,SCROLL_UP
3,123926,BA_SCROLL,0,SCROLL_UP
3,123959,BA_SCROLL,0,NONE
3,123994,BA_SCROLL,0,SCROLL_DOWN
3,124026,BA_SCROLL,0,SCROLL_DOWN
3,124060,BA_SCROLL,0,SCROLL_DOWN
3,124093,BA_SCROLL,0,SCROLL_DOWN
3,124126,BA_SCROLL,0,SCROLL_DOWN
3,124159,BA_SCROLL,0,SCROLL_DOWN
3,124194,BA_SCROLL,0,SCROLL_DOWN
3,124225,BA_SCROLL,0,NONE
3,124260,BA_SCROLL,0,SCROLL_UP
3,124294,BA_SCROLL,0,SCROLL_UP
3,124327,BA_SCROLL,0,SCROLL_UP
3,124361,BA_SCROLL,0,SCROLL_UP
3,124392,BA_SCROLL,0,SCROLL_UP
3,124427,BA_SCROLL,0,SCROLL_UP
3,124459,BA_SCROLL,0,SCROLL_UP
3,124492,BA_SCROLL,0,SCROLL_UP
3,124526,BA_SCROLL,0,SCROLL_UP
3,124561,BA_SCROLL,0,NONE
3,124593,BA_SCROLL,0,SCROLL_DOWN
3,124627,BA_SCROLL,0,SCROLL_DOWN
3,124659,BA_SCROLL,0,SCROLL_DOWN
3,124692,BA_SCROLL,0,SCROLL_DOWN
3,124726,BA_SCROLL,0,SCROLL_DOWN
3,124759,BA_SCROLL,0,SCROLL_DOWN
3,125359,BA_SCROLL,1,SCROLL_DOWN
3,125392,BA_SCROLL,1,SCROLL_DOWN
3,125422,BA_SCROLL,1,SCROLL_DOWN
3,125457,BA_SCROLL,1,SCROLL_DOWN
3,125492,BA_SCROLL,1,NONE
3,125526,BA_SCROLL,1,NONE
3,125560,BA_SCROLL,1,NONE
3,125594,BA_SCROLL,1,NONE
3,125625,BA_SCROLL,1,NONE
3,125661,BA_SCROLL,1,SCROLL_DOWN
3,125693,BA_SCROLL,1,SCROLL_DOWN
3,125727,BA_SCROLL,1,SCROLL_DOWN
3,125761,BA_SCROLL,1,SCROLL_DOWN
3,125792,BA_SCROLL,1,NONE
3,125827,BA_SCROLL,1,SCROLL_UP
3,125859,BA_SCROLL,1,SCROLL_UP
3,125891,BA_SCROLL,1,SCROLL_UP
3,125927,BA_SCROLL,1,SCROLL_UP
3,125959,BA_SCROLL,1,SCROLL_UP
3,125994,BA_SCROLL,1,SCROLL_UP
3,126026,BA_SCROLL,1,SCROLL_UP
3,126061,BA_SCROLL,1,SCROLL_UP
3,126092,BA_SCROLL,1,SCROLL_UP
3,126127,BA_SCROLL,1,NONE
3,126159,BA_SCROLL,1,SCROLL_DOWN
3,126194,BA_SCROLL,1,SCROLL_DOWN
3,126225,BA_SCROLL,1,SCROLL_DOWN
3,126260,BA_SCROLL,1,SCROLL_DOWN
3,126288,BA_SCROLL,1,SCROLL_DOWN
3,126327,BA_SCROLL,1,SCROLL_DOWN
3,126359,BA_SCROLL,1,SCROLL_DOWN
3,126394,BA_SCROLL,1,NONE
3,126425,BA_SCROLL,1,SCROLL_UP
3,126460,BA_SCROLL,1,SCROLL_UP
3,126494,BA_SCROLL,1,SCROLL_UP
3,126526,BA_SCROLL,1,SCROLL_UP
3,126561,BA_SCROLL,1,SCROLL_UP
3,126592,BA_SCROLL,1,SCROLL_UP
3,126627,BA_SCROLL,1,SCROLL_UP
3,126659,BA_SCROLL,1,SCROLL_UP
3,126693,BA_SCROLL,1,NONE
3,126727,BA_SCROLL,1,SCROLL_DOWN
3,126759,BA_SCROLL,1,SCROLL_DOWN
3,126794,BA_SCROLL,1,SCROLL_DOWN
3,126827,BA_SCROLL,1,SCROLL_DOWN
3,126860,BA_SCROLL,1,SCROLL_DOWN
3,126895,BA_SCROLL,1,SCROLL_DOWN
3,126926,BA_SCROLL,1,SCROLL_DOWN
3,126959,BA_SCROLL,1,SCROLL_DOWN
3,126993,BA_SCROLL,1,SCROLL_UP
3,127027,BA_SCROLL,1,SCROLL_UP
3,127061,BA_SCROLL,1,SCROLL_UP
3,127093,BA_SCROLL,1,SCROLL_UP
3,127128,BA_SCROLL,1,SCROLL_UP
3,127159,BA_SCROLL,1,SCROLL_UP
3,127196,BA_SCROLL,1,SCROLL_UP
3,127226,BA_SCROLL,1,SCROLL_UP
3,127260,BA_SCROLL,1,SCROLL_UP
3,127292,BA_SCROLL,1,NONE
3,127325,BA_SCROLL,1,SCROLL_DOWN
3,127361,BA_SCROLL,1,SCROLL_DOWN
3,127394,BA_SCROLL,1,SCROLL_DOWN
3,127427,BA_SCROLL,1,SCROLL_DOWN
3,127461,BA_SCROLL,1,SCROLL_DOWN
3,127493,BA_SCROLL,1,SCROLL_DOWN
3,127526,BA_SCROLL,1,SCROLL_DOWN
3,127560,BA_SCROLL,1,SCROLL_DOWN
3,127593,BA_SCROLL,1,SCROLL_DOWN
3,127626,BA_SCROLL,1,SCROLL_UP
3,127660,BA_SCROLL,1,SCROLL_UP
3,127692,BA_SCROLL,1,SCROLL_UP
3,127728,BA_SCROLL,1,SCROLL_UP
3,127760,BA_SCROLL,1,SCROLL_UP
3,127795,BA_SCROLL,1,SCROLL_UP
3,127826,BA_SCROLL,1,SCROLL_UP
3,127860,BA_SCROLL,1,SCROLL_UP
3,127894,BA_SCROLL,1,SCROLL_UP
3,127926,BA_SCROLL,1,SCROLL_UP
3,127959,BA_SCROLL,1,NONE
3,127992,BA_SCROLL,1,SCROLL_DOWN
3,128027,BA_SCROLL,1,SCROLL_DOWN
3,128061,BA_SCROLL,1,SCROLL_DOWN
3,128094,BA_SCROLL,1,SCROLL_DOWN
3,128129,BA_SCROLL,1,SCROLL_DOWN
3,128159,BA_SCROLL,1,SCROLL_DOWN
3,128194,BA_SCROLL,1,SCROLL_DOWN
3,128226,BA_SCROLL,1,NONE
3,128260,BA_SCROLL,1,NONE
3,128294,BA_SCROLL,1,SCROLL_UP
3,128327,BA_SCROLL,1,SCROLL_UP
3,128362,BA_SCROLL,1,SCROLL_UP
3,128393,BA_SCROLL,1,SCROLL_UP
3,128427,BA_SCROLL,1,SCROLL_UP
3,128461,BA_SCROLL,1,SCROLL_UP
3,128493,BA_SCROLL,1,SCROLL_UP
3,128526,BA_SCROLL,1,SCROLL_UP
3,128560,BA_SCROLL,1,SCROLL_UP
3,128594,BA_SCROLL,1,SCROLL_UP
3,129258,BA_SCROLL,2,SCROLL_UP
3,129293,BA_SCROLL,2,SCROLL_UP
3,129327,BA_SCROLL,2,SCROLL_UP
3,129361,BA_SCROLL,2,SCROLL_UP
3,129393,BA_SCROLL,2,SCROLL_DOWN
3,129427,BA_SCROLL,2,SCROLL_DOWN
3,129460,BA_SCROLL,2,SCROLL_DOWN
3,129492,BA_SCROLL,2,SCROLL_DOWN
3,129527,BA_SCROLL,2,SCROLL_DOWN
3,129561,BA_SCROLL,2,SCROLL_DOWN
3,129593,BA_SCROLL,2,SCROLL_DOWN
3,129627,BA_SCROLL,2,SCROLL_DOWN
3,129660,BA_SCROLL,2,NONE
3,129693,BA_SCROLL,2,SCROLL_UP
3,129726,BA_SCROLL,2,SCROLL_UP
3,129761,BA_SCROLL,2,SCROLL_UP
3,129793,BA_SCROLL,2,SCROLL_UP
3,129827,BA_SCROLL,2,SCROLL_UP
3,129861,BA_SCROLL,2,SCROLL_UP
3,129893,BA_SCROLL,2,SCROLL_UP
3,129927,BA_SCROLL,2,SCROLL_UP
3,129964,BA_SCROLL,2,SCROLL_UP
3,129993,BA_SCROLL,2,NONE
3,130027,BA_SCROLL,2,SCROLL_DOWN
3,130060,BA_SCROLL,2,SCROLL_DOWN
3,130094,BA_SCROLL,2,SCROLL_DOWN
3,130127,BA_SCROLL,2,SCROLL_DOWN
3,130160,BA_SCROLL,2,SCROLL_DOWN
3,130193,BA_SCROLL,2,SCROLL_DOWN
3,130227,BA_SCROLL,2,SCROLL_DOWN
3,130261,BA_SCROLL,2,SCROLL_DOWN
3,130293,BA_SCROLL,2,SCROLL_DOWN
3,130327,BA_SCROLL,2,NONE
3,130361,BA_SCROLL,2,SCROLL_UP
3,130394,BA_SCROLL,2,SCROLL_UP
3,130428,BA_SCROLL,2,SCROLL_UP
3,130459,BA_SCROLL,2,SCROLL_UP
3,130496,BA_SCROLL,2,SCROLL_UP
3,130527,BA_SCROLL,2,SCROLL_UP
3,130559,BA_SCROLL,2,SCROLL_UP
3,130593,BA_SCROLL,2,SCROLL_UP
3,130627,BA_SCROLL,2,SCROLL_UP
3,130660,BA_SCROLL,2,SCROLL_UP
3,130694,BA_SCROLL,2,SCROLL_DOWN
3,130727,BA_SCROLL,2,SCROLL_DOWN
3,130760,BA_SCROLL,2,SCROLL_DOWN
3,130794,BA_SCROLL,2,SCROLL_DOWN
3,130828,BA_SCROLL,2,SCROLL_DOWN
3,130859,BA_SCROLL,2,SCROLL_DOWN
3,130894,BA_SCROLL,2,SCROLL_DOWN
3,130927,BA_SCROLL,2,SCROLL_DOWN
3,130961,BA_SCROLL,2,SCROLL_DOWN
3,130993,BA_SCROLL,2,SCROLL_DOWN
3,131027,BA_SCROLL,2,NONE
3,131061,BA_SCROLL,2,SCROLL_UP
3,131093,BA_SCROLL,2,SCROLL_UP
3,131128,BA_SCROLL,2,SCROLL_UP
3,131160,BA_SCROLL,2,SCROLL_UP
3,131194,BA_SCROLL,2,SCROLL_UP
3,131227,BA_SCROLL,2,SCROLL_UP
3,131260,BA_SCROLL,2,SCROLL_UP
3,131290,BA_SCROLL,2,SCROLL_UP
3,131328,BA_SCROLL,2,SCROLL_UP
3,131361,BA_SCROLL,2,SCROLL_UP
3,131396,BA_SCROLL,2,NONE
3,131426,BA_SCROLL,2,SCROLL_DOWN
3,131460,BA_SCROLL,2,SCROLL_DOWN
3,131493,BA_SCROLL,2,SCROLL_DOWN
3,131527,BA_SCROLL,2,SCROLL_DOWN
3,131559,BA_SCROLL,2,SCROLL_DOWN
3,131594,BA_SCROLL,2,SCROLL_DOWN
3,131627,BA_SCROLL,2,SCROLL_DOWN
3,131661,BA_SCROLL,2,SCROLL_DOWN
3,131694,BA_SCROLL,2,SCROLL_DOWN
3,131727,BA_SCROLL,2,SCROLL_DOWN
3,131762,BA_SCROLL,2,NONE
3,131793,BA_SCROLL,2,SCROLL_UP
3,131828,BA_SCROLL,2,SCROLL_UP
3,131862,BA_SCROLL,2,SCROLL_UP
3,131893,BA_SCROLL,2,SCROLL_UP
3,131926,BA_SCROLL,2,SCROLL_UP
3,131961,BA_SCROLL,2,SCROLL_UP
3,131994,BA_SCROLL,2,SCROLL_UP
3,132027,BA_SCROLL,2,SCROLL_UP
3,132060,BA_SCROLL,2,SCROLL_UP
3,132094,BA_SCROLL,2,SCROLL_UP
3,132126,BA_SCROLL,2,NONE
3,132161,BA_SCROLL,2,SCROLL_DOWN
3,132194,BA_SCROLL,2,SCROLL_DOWN
3,132226,BA_SCROLL,2,SCROLL_DOWN
3,132261,BA_SCROLL,2,SCROLL_DOWN
3,132295,BA_SCROLL,2,SCROLL_DOWN
3,132327,BA_SCROLL,2,SCROLL_DOWN
3,132363,BA_SCROLL,2,SCROLL_DOWN
3,132394,BA_SCROLL,2,SCROLL_DOWN
3,132429,BA_SCROLL,2,SCROLL_DOWN
3,132460,BA_SCROLL,2,NONE
3,132494,BA_SCROLL,2,NONE
3,132527,BA_SCROLL,2,SCROLL_UP
3,132560,BA_SCROLL,2,SCROLL_UP
3,132594,BA_SCROLL,2,SCROLL_UP
3,132627,BA_SCROLL,2,SCROLL_UP
3,132660,BA_SCROLL,2,SCROLL_UP
3,132694,BA_SCROLL,2,SCROLL_UP
3,132727,BA_SCROLL,2,SCROLL_UP
3,132761,BA_SCROLL,2,SCROLL_UP
3,132794,BA_SCROLL,2,SCROLL_UP
3,132828,BA_SCROLL,2,SCROLL_UP
3,132860,BA_SCROLL,2,NONE
3,133692,BA_SCROLL,3,SCROLL_UP
3,133729,BA_SCROLL,3,SCROLL_UP
3,133759,BA_SCROLL,3,SCROLL_UP
3,133794,BA_SCROLL,3,NONE
3,133827,BA_SCROLL,3,NONE
3,133860,BA_SCROLL,3,NONE
3,133893,BA_SCROLL,3,NONE
3,133927,BA_SCROLL,3,NONE
3,133963,BA_SCROLL,3,NONE
3,133992,BA_SCROLL,3,SCROLL_UP
3,134028,BA_SCROLL,3,SCROLL_UP
3,134061,BA_SCROLL,3,SCROLL_UP
3,134094,BA_SCROLL,3,SCROLL_UP
3,134127,BA_SCROLL,3,SCROLL_UP
3,134162,BA_SCROLL,3,SCROLL_UP
3,134194,BA_SCROLL,3,SCROLL_UP
3,134227,BA_SCROLL,3,SCROLL_UP
3,134261,BA_SCROLL,3,SCROLL_UP
3,134295,BA_SCROLL,3,SCROLL_UP
3,134329,BA_SCROLL,3,SCROLL_UP
3,134359,BA_SCROLL,3,SCROLL_UP
3,134394,BA_SCROLL,3,NONE
3,134427,BA_SCROLL,3,SCROLL_DOWN
3,134460,BA_SCROLL,3,SCROLL_DOWN
3,134494,BA_SCROLL,3,SCROLL_DOWN
3,134527,BA_SCROLL,3,SCROLL_DOWN
3,134561,BA_SCROLL,3,SCROLL_DOWN
3,134594,BA_SCROLL,3,SCROLL_DOWN
3,134627,BA_SCROLL,3,SCROLL_DOWN
3,134661,BA_SCROLL,3,SCROLL_DOWN
3,134694,BA_SCROLL,3,SCROLL_DOWN
3,134727,BA_SCROLL,3,NONE
3,134763,BA_SCROLL,3,NONE
3,134794,BA_SCROLL,3,SCROLL_UP
3,134829,BA_SCROLL,3,SCROLL_UP
3,134861,BA_SCROLL,3,SCROLL_UP
3,134894,BA_SCROLL,3,SCROLL_UP
3,134930,BA_SCROLL,3,SCROLL_UP
3,134960,BA_SCROLL,3,SCROLL_UP
3,134994,BA_SCROLL,3,SCROLL_UP
3,135027,BA_SCROLL,3,SCROLL_UP
3,135061,BA_SCROLL,3,SCROLL_UP
3,135094,BA_SCROLL,3,NONE
3,135127,BA_SCROLL,3,SCROLL_DOWN
3,135159,BA_SCROLL,3,SCROLL_DOWN
3,135194,BA_SCROLL,3,SCROLL_DOWN
3,135227,BA_SCROLL,3,SCROLL_DOWN
3,135261,BA_SCROLL,3,SCROLL_DOWN
3,135294,BA_SCROLL,3,SCROLL_DOWN
3,135327,BA_SCROLL,3,SCROLL_DOWN
3,135361,BA_SCROLL,3,SCROLL_DOWN
3,135394,BA_SCROLL,3,SCROLL_DOWN
3,135427,BA_SCROLL,3,SCROLL_DOWN
3,135461,BA_SCROLL,3,SCROLL_DOWN
3,135494,BA_SCROLL,3,NONE
3,135528,BA_SCROLL,3,NONE
3,135562,BA_SCROLL,3,SCROLL_UP
3,135594,BA_SCROLL,3,SCROLL_UP
3,135629,BA_SCROLL,3,SCROLL_UP
3,135662,BA_SCROLL,3,SCROLL_UP
3,135694,BA_SCROLL,3,SCROLL_UP
3,135729,BA_SCROLL,3,SCROLL_UP
3,135762,BA_SCROLL,3,SCROLL_UP
3,135792,BA_SCROLL,3,SCROLL_UP
3,135828,BA_SCROLL,3,SCROLL_UP
3,135860,BA_SCROLL,3,NONE
3,135894,BA_SCROLL,3,SCROLL_DOWN
3,135927,BA_SCROLL,3,SCROLL_DOWN
3,135960,BA_SCROLL,3,SCROLL_DOWN
3,135993,BA_SCROLL,3,SCROLL_DOWN
3,136028,BA_SCROLL,3,SCROLL_DOWN
3,136060,BA_SCROLL,3,SCROLL_DOWN
3,136094,BA_SCROLL,3,SCROLL_DOWN
3,136127,BA_SCROLL,3,SCROLL_DOWN
3,136161,BA_SCROLL,3,SCROLL_DOWN
3,136194,BA_SCROLL,3,SCROLL_DOWN
3,136227,BA_SCROLL,3,SCROLL_DOWN
3,136260,BA_SCROLL,3,SCROLL_DOWN
3,136291,BA_SCROLL,3,NONE
3,136328,BA_SCROLL,3,SCROLL_UP
3,136361,BA_SCROLL,3,SCROLL_UP
3,136395,BA_SCROLL,3,SCROLL_UP
3,136428,BA_SCROLL,3,SCROLL_UP
3,136460,BA_SCROLL,3,SCROLL_UP
3,136495,BA_SCROLL,3,SCROLL_UP
3,136527,BA_SCROLL,3,SCROLL_UP
3,136561,BA_SCROLL,3,SCROLL_UP
3,136595,BA_SCROLL,3,SCROLL_UP
3,136626,BA_SCROLL,3,SCROLL_UP
3,136660,BA_SCROLL,3,NONE
3,136694,BA_SCROLL,3,SCROLL_DOWN
3,136726,BA_SCROLL,3,SCROLL_DOWN
3,136760,BA_SCROLL,3,SCROLL_DOWN
3,136793,BA_SCROLL,3,SCROLL_DOWN
3,136827,BA_SCROLL,3,SCROLL_DOWN
3,136860,BA_SCROLL,3,SCROLL_DOWN
3,136893,BA_SCROLL,3,SCROLL_DOWN
3,136926,BA_SCROLL,3,SCROLL_DOWN
3,136960,BA_SCROLL,3,SCROLL_DOWN
3,136994,BA_SCROLL,3,NONE
3,137027,BA_SCROLL,3,SCROLL_UP
3,137060,BA_SCROLL,3,SCROLL_UP
3,137094,BA_SCROLL,3,SCROLL_UP
3,137127,BA_SCROLL,3,SCROLL_UP
3,137161,BA_SCROLL,3,SCROLL_UP
3,137194,BA_SCROLL,3,SCROLL_UP
3,137227,BA_SCROLL,3,SCROLL_UP
3,137694,BA_SCROLL,4,SCROLL_UP
3,137727,BA_SCROLL,4,SCROLL_UP
3,137761,BA_SCROLL,4,SCROLL_UP
3,137794,BA_SCROLL,4,NONE
3,137827,BA_SCROLL,4,SCROLL_DOWN
3,137860,BA_SCROLL,4,SCROLL_DOWN
3,137894,BA_SCROLL,4,SCROLL_DOWN
3,137927,BA_SCROLL,4,SCROLL_DOWN
3,137961,BA_SCROLL,4,SCROLL_DOWN
3,137994,BA_SCROLL,4,SCROLL_DOWN
3,138028,BA_SCROLL,4,SCROLL_DOWN
3,138061,BA_SCROLL,4,NONE
3,138094,BA_SCROLL,4,NONE
3,138127,BA_SCROLL,4,NONE
3,138162,BA_SCROLL,4,SCROLL_UP
3,138193,BA_SCROLL,4,SCROLL_UP
3,138229,BA_SCROLL,4,SCROLL_UP
3,138262,BA_SCROLL,4,SCROLL_UP
3,138298,BA_SCROLL,4,SCROLL_UP
3,138328,BA_SCROLL,4,SCROLL_UP
3,138362,BA_SCROLL,4,SCROLL_UP
3,138395,BA_SCROLL,4,SCROLL_UP
3,138430,BA_SCROLL,4,SCROLL_UP
3,138461,BA_SCROLL,4,SCROLL_UP
3,138495,BA_SCROLL,4,NONE
3,138529,BA_SCROLL,4,SCROLL_DOWN
3,138563,BA_SCROLL,4,SCROLL_DOWN
3,138592,BA_SCROLL,4,SCROLL_DOWN
3,138627,BA_SCROLL,4,SCROLL_DOWN
3,138661,BA_SCROLL,4,SCROLL_DOWN
3,138693,BA_SCROLL,4,SCROLL_DOWN
3,138727,BA_SCROLL,4,SCROLL_DOWN
3,138760,BA_SCROLL,4,SCROLL_DOWN
3,138793,BA_SCROLL,4,SCROLL_DOWN
3,138827,BA_SCROLL,4,NONE
3,138860,BA_SCROLL,4,SCROLL_UP
3,138894,BA_SCROLL,4,SCROLL_UP
3,138927,BA_SCROLL,4,SCROLL_UP
3,138961,BA_SCROLL,4,SCROLL_UP
3,138994,BA_SCROLL,4,SCROLL_UP
3,139027,BA_SCROLL,4,SCROLL_UP
3,139061,BA_SCROLL,4,SCROLL_UP
3,139094,BA_SCROLL,4,SCROLL_UP
3,139127,BA_SCROLL,4,SCROLL_UP
3,139161,BA_SCROLL,4,NONE
3,139194,BA_SCROLL,4,SCROLL_DOWN
3,139228,BA_SCROLL,4,SCROLL_DOWN
3,139261,BA_SCROLL,4,SCROLL_DOWN
3,139294,BA_SCROLL,4,SCROLL_DOWN
3,139327,BA_SCROLL,4,SCROLL_DOWN
3,139362,BA_SCROLL,4,SCROLL_DOWN
3,139394,BA_SCROLL,4,SCROLL_DOWN
3,139430,BA_SCROLL,4,SCROLL_DOWN
3,139460,BA_SCROLL,4,SCROLL_DOWN
3,139498,BA_SCROLL,4,SCROLL_DOWN
3,139529,BA_SCROLL,4,NONE
3,139565,BA_SCROLL,4,SCROLL_UP
3,139595,BA_SCROLL,4,SCROLL_UP
3,139628,BA_SCROLL,4,SCROLL_UP
3,139662,BA_SCROLL,4,SCROLL_UP
3,139695,BA_SCROLL,4,SCROLL_UP
3,139728,BA_SCROLL,4,SCROLL_UP
3,139759,BA_SCROLL,4,SCROLL_UP
3,139796,BA_SCROLL,4,SCROLL_UP
3,139831,BA_SCROLL,4,SCROLL_UP
3,139861,BA_SCROLL,4,SCROLL_UP
3,139897,BA_SCROLL,4,SCROLL_UP
3,139927,BA_SCROLL,4,NONE
3,139965,BA_SCROLL,4,NONE
3,139995,BA_SCROLL,4,SCROLL_DOWN
3,140031,BA_SCROLL,4,SCROLL_DOWN
3,140060,BA_SCROLL,4,SCROLL_DOWN
3,140098,BA_SCROLL,4,SCROLL_DOWN
3,140128,BA_SCROLL,4,SCROLL_DOWN
3,140165,BA_SCROLL,4,SCROLL_DOWN
3,140194,BA_SCROLL,4,SCROLL_DOWN
3,140229,BA_SCROLL,4,SCROLL_DOWN
3,140265,BA_SCROLL,4,SCROLL_DOWN
3,140295,BA_SCROLL,4,SCROLL_DOWN
3,140329,BA_SCROLL,4,NONE
3,140365,BA_SCROLL,4,SCROLL_UP
3,140394,BA_SCROLL,4,SCROLL_UP
3,140432,BA_SCROLL,4,SCROLL_UP
3,140461,BA_SCROLL,4,SCROLL_UP
3,140499,BA_SCROLL,4,SCROLL_UP
3,140528,BA_SCROLL,4,SCROLL_UP
3,140565,BA_SCROLL,4,SCROLL_UP
3,140594,BA_SCROLL,4,SCROLL_UP
3,140632,BA_SCROLL,4,SCROLL_UP
3,140661,BA_SCROLL,4,SCROLL_UP
3,140698,BA_SCROLL,4,SCROLL_UP
3,140728,BA_SCROLL,4,NONE
3,158627,MENU_NAVIGATION,0,
3,158661,MENU_NAVIGATION,0,
3,158696,MENU_NAVIGATION,0,
3,158729,MENU_NAVIGATION,0,
3,158762,MENU_NAVIGATION,0,
3,158796,MENU_NAVIGATION,0,
3,158830,MENU_NAVIGATION,0,
3,158862,MENU_NAVIGATION,0,
3,158896,MENU_NAVIGATION,0,
3,158932,MENU_NAVIGATION,0,
3,158963,MENU_NAVIGATION,0,
3,158998,MENU_NAVIGATION,0,
3,159030,MENU_NAVIGATION,0,
3,159065,MENU_NAVIGATION,0,
3,159096,MENU_NAVIGATION,0,
3,159130,MENU_NAVIGATION,0,
3,159164,MENU_NAVIGATION,0,
3,159199,MENU_NAVIGATION,0,
3,159233,MENU_NAVIGATION,0,
3,159263,MENU_NAVIGATION,0,
3,159300,MENU_NAVIGATION,0,
3,159330,MENU_NAVIGATION,0,
3,159365,MENU_NAVIGATION,0,
3,159396,MENU_NAVIGATION,0,
3,159432,MENU_NAVIGATION,0,
3,159463,MENU_NAVIGATION,0,
3,159500,MENU_NAVIGATION,0,
3,159529,MENU_NAVIGATION,0,
3,159568,MENU_NAVIGATION,0,
3,159596,MENU_NAVIGATION,0,
3,159633,MENU_NAVIGATION,0,
3,159663,MENU_NAVIGATION,0,
3,159700,MENU_NAVIGATION,0,
3,159730,MENU_NAVIGATION,0,
3,159766,MENU_NAVIGATION,0,
3,159796,MENU_NAVIGATION,0,
3,159832,MENU_NAVIGATION,0,
3,159863,MENU_NAVIGATION,0,
3,159901,MENU_NAVIGATION,0,
3,159929,MENU_NAVIGATION,0,
3,159966,MENU_NAVIGATION,0,
3,159996,MENU_NAVIGATION,0,
3,160034,MENU_NAVIGATION,0,
3,160062,MENU_NAVIGATION,0,
3,160096,MENU_NAVIGATION,0,
3,160129,MENU_NAVIGATION,0,
3,160163,MENU_NAVIGATION,0,
3,160196,MENU_NAVIGATION,0,
3,160230,MENU_NAVIGATION,0,
3,160263,MENU_NAVIGATION,0,
3,160297,MENU_NAVIGATION,0,
3,160329,MENU_NAVIGATION,0,
3,160363,MENU_NAVIGATION,0,
3,160397,MENU_NAVIGATION,0,
3,160431,MENU_NAVIGATION,0,
3,160463,MENU_NAVIGATION,0,
3,160497,MENU_NAVIGATION,0,
3,160532,MENU_NAVIGATION,0,
3,160562,MENU_NAVIGATION,0,
3,160600,MENU_NAVIGATION,0,
3,160629,MENU_NAVIGATION,0,
3,160666,MENU_NAVIGATION,0,
3,160697,MENU_NAVIGATION,0,
3,160799,MENU_NAVIGATION,0,
3,161763,MENU_NAVIGATION,0,
3,161794,MENU_NAVIGATION,0,
3,161833,MENU_NAVIGATION,0,
3,161864,MENU_NAVIGATION,0,
3,161901,MENU_NAVIGATION,0,
3,161929,MENU_NAVIGATION,0,
3,161967,MENU_NAVIGATION,0,
3,161996,MENU_NAVIGATION,0,
3,162034,MENU_NAVIGATION,0,
3,162064,MENU_NAVIGATION,0,
3,162100,MENU_NAVIGATION,0,
3,162130,MENU_NAVIGATION,0,
3,162167,MENU_NAVIGATION,0,
3,162197,MENU_NAVIGATION,0,
3,162234,MENU_NAVIGATION,0,
3,162264,MENU_NAVIGATION,0,
3,162300,MENU_NAVIGATION,0,
3,162330,MENU_NAVIGATION,0,
3,162367,MENU_NAVIGATION,0,
3,162397,MENU_NAVIGATION,0,
3,162434,MENU_NAVIGATION,0,
3,162464,MENU_NAVIGATION,0,
3,162500,MENU_NAVIGATION,0,
3,162530,MENU_NAVIGATION,0,
3,162564,MENU_NAVIGATION,0,
3,162596,MENU_NAVIGATION,0,
3,162629,MENU_NAVIGATION,0,
3,162663,MENU_NAVIGATION,0,
3,162696,MENU_NAVIGATION,0,
3,162730,MENU_NAVIGATION,0,
3,162764,MENU_NAVIGATION,0,
3,162796,MENU_NAVIGATION,0,
3,162830,MENU_NAVIGATION,0,
3,162863,MENU_NAVIGATION,0,
3,162898,MENU_NAVIGATION,0,
3,162931,MENU_NAVIGATION,0,
3,162964,MENU_NAVIGATION,0,
3,162997,MENU_NAVIGATION,0,
3,163032,MENU_NAVIGATION,0,
3,163064,MENU_NAVIGATION,0,
3,163101,MENU_NAVIGATION,0,
3,163131,MENU_NAVIGATION,0,
3,163167,MENU_NAVIGATION,0,
3,163197,MENU_NAVIGATION,0,
3,163234,MENU_NAVIGATION,0,
3,163264,MENU_NAVIGATION,0,
3,163300,MENU_NAVIGATION,0,
3,163330,MENU_NAVIGATION,0,
3,163367,MENU_NAVIGATION,0,
3,163397,MENU_NAVIGATION,0,
3,163434,MENU_NAVIGATION,0,
3,163465,MENU_NAVIGATION,0,
3,163501,MENU_NAVIGATION,0,
3,163531,MENU_NAVIGATION,0,
3,163567,MENU_NAVIGATION,0,
3,163597,MENU_NAVIGATION,0,
3,163634,MENU_NAVIGATION,0,
3,163664,MENU_NAVIGATION,0,
3,163701,MENU_NAVIGATION,0,
3,163731,MENU_NAVIGATION,0,
3,163767,MENU_NAVIGATION,0,
3,163797,MENU_NAVIGATION,0,
3,163834,MENU_NAVIGATION,0,
3,163864,MENU_NAVIGATION,0,
3,163901,MENU_NAVIGATION,0,
3,163930,MENU_NAVIGATION,0,
3,163968,MENU_NAVIGATION,0,
3,163998,MENU_NAVIGATION,0,
3,164034,MENU_NAVIGATION,0,
3,164064,MENU_NAVIGATION,0,
3,164102,MENU_NAVIGATION,0,
3,164131,MENU_NAVIGATION,0,
3,164164,MENU_NAVIGATION,0,
3,164201,MENU_NAVIGATION,0,
3,164230,MENU_NAVIGATION,0,
3,164267,MENU_NAVIGATION,0,
3,164296,MENU_NAVIGATION,0,
3,164334,MENU_NAVIGATION,0,
3,164363,MENU_NAVIGATION,0,
3,164401,MENU_NAVIGATION,0,
3,164430,MENU_NAVIGATION,0,
3,164466,MENU_NAVIGATION,0,
3,164496,MENU_NAVIGATION,0,
3,164534,MENU_NAVIGATION,0,
3,164563,MENU_NAVIGATION,0,
3,164600,MENU_NAVIGATION,0,
3,164630,MENU_NAVIGATION,0,
3,164667,MENU_NAVIGATION,0,
3,164696,MENU_NAVIGATION,0,
3,164734,MENU_NAVIGATION,0,
3,164762,MENU_NAVIGATION,0,
3,164800,MENU_NAVIGATION,0,
3,164829,MENU_NAVIGATION,0,
3,164867,MENU_NAVIGATION,0,
3,164896,MENU_NAVIGATION,0,
3,164933,MENU_NAVIGATION,0,
3,164963,MENU_NAVIGATION,0,
3,165000,MENU_NAVIGATION,0,
3,165030,MENU_NAVIGATION,0,
3,165067,MENU_NAVIGATION,0,
3,165096,MENU_NAVIGATION,0,
3,165133,MENU_NAVIGATION,0,
3,165163,MENU_NAVIGATION,0,
3,165200,MENU_NAVIGATION,0,
3,165229,MENU_NAVIGATION,0,
3,165267,MENU_NAVIGATION,0,
3,179699,MENU_NAVIGATION,0,
3,179733,MENU_NAVIGATION,0,
3,179766,MENU_NAVIGATION,0,
3,179800,MENU_NAVIGATION,0,
3,179832,MENU_NAVIGATION,0,
3,179866,MENU_NAVIGATION,0,
3,179900,MENU_NAVIGATION,0,
3,179933,MENU_NAVIGATION,0,
3,179966,MENU_NAVIGATION,0,
3,180000,MENU_NAVIGATION,0,
3,180032,MENU_NAVIGATION,0,
3,180067,MENU_NAVIGATION,0,
3,180099,MENU_NAVIGATION,0,
3,180133,MENU_NAVIGATION,0,
3,180165,MENU_NAVIGATION,0,
3,180198,MENU_NAVIGATION,0,
3,180233,MENU_NAVIGATION,0,
3,180266,MENU_NAVIGATION,0,
3,180299,MENU_NAVIGATION,0,
3,180333,MENU_NAVIGATION,0,
3,180366,MENU_NAVIGATION,0,
3,180400,MENU_NAVIGATION,0,
3,180432,MENU_NAVIGATION,0,
3,180467,MENU_NAVIGATION,0,
3,180499,MENU_NAVIGATION,0,
3,180533,MENU_NAVIGATION,0,
3,180566,MENU_NAVIGATION,0,
3,180597,MENU_NAVIGATION,0,
3,180633,MENU_NAVIGATION,0,
3,180666,MENU_NAVIGATION,0,
3,180700,MENU_NAVIGATION,0,
3,180733,MENU_NAVIGATION,0,
3,180766,MENU_NAVIGATION,0,
3,180800,MENU_NAVIGATION,0,
3,180833,MENU_NAVIGATION,0,
3,180866,MENU_NAVIGATION,0,
3,180900,MENU_NAVIGATION,0,
3,180931,MENU_NAVIGATION,0,
3,180966,MENU_NAVIGATION,0,
3,180999,MENU_NAVIGATION,0,
3,181033,MENU_NAVIGATION,0,
3,181066,MENU_NAVIGATION,0,
3,181100,MENU_NAVIGATION,0,
3,181133,MENU_NAVIGATION,0,
3,181166,MENU_NAVIGATION,0,
3,181200,MENU_NAVIGATION,0,
3,181233,MENU_NAVIGATION,0,
3,181266,MENU_NAVIGATION,0,
3,181300,MENU_NAVIGATION,0,
3,181332,MENU_NAVIGATION,0,
3,181368,MENU_NAVIGATION,0,
3,181399,MENU_NAVIGATION,0,
3,181434,MENU_NAVIGATION,0,
3,181466,MENU_NAVIGATION,0,
3,181500,MENU_NAVIGATION,0,
3,181534,MENU_NAVIGATION,0,
3,181566,MENU_NAVIGATION,0,
3,181600,MENU_NAVIGATION,0,
3,181633,MENU_NAVIGATION,0,
3,181663,MENU_NAVIGATION,0,
3,181701,MENU_NAVIGATION,0,
3,181733,MENU_NAVIGATION,0,
3,181767,MENU_NAVIGATION,0,
3,181799,MENU_NAVIGATION,0,
3,181834,MENU_NAVIGATION,0,
3,181865,MENU_NAVIGATION,0,
3,181900,MENU_NAVIGATION,0,
3,181933,MENU_NAVIGATION,0,
3,181967,MENU_NAVIGATION,0,
3,182000,MENU_NAVIGATION,0,
3,182033,MENU_NAVIGATION,0,
3,182067,MENU_NAVIGATION,0,
3,182099,MENU_NAVIGATION,0,
3,182135,MENU_NAVIGATION,0,
3,182167,MENU_NAVIGATION,0,
3,182200,MENU_NAVIGATION,0,
3,182234,MENU_NAVIGATION,0,
3,182267,MENU_NAVIGATION,0,
3,182300,MENU_NAVIGATION,0,
3,182333,MENU_NAVIGATION,0,
3,182367,MENU_NAVIGATION,0,
3,182399,MENU_NAVIGATION,0,
3,182434,MENU_NAVIGATION,0,
3,182466,MENU_NAVIGATION,0,
3,182500,MENU_NAVIGATION,0,
3,182533,MENU_NAVIGATION,0,
3,182566,MENU_NAVIGATION,0,
3,182600,MENU_NAVIGATION,0,
3,182634,MENU_NAVIGATION,0,
3,182666,MENU_NAVIGATION,0,
3,182700,MENU_NAVIGATION,0,
3,182733,MENU_NAVIGATION,0,
3,182767,MENU_NAVIGATION,0,
3,182800,MENU_NAVIGATION,0,
3,184733,MENU_NAVIGATION,1,
3,184764,MENU_NAVIGATION,1,
3,184800,MENU_NAVIGATION,1,
3,184833,MENU_NAVIGATION,1,
3,184867,MENU_NAVIGATION,1,
3,184899,MENU_NAVIGATION,1,
3,184932,MENU_NAVIGATION,1,
3,184965,MENU_NAVIGATION,1,
3,185000,MENU_NAVIGATION,1,
3,185031,MENU_NAVIGATION,1,
3,185067,MENU_NAVIGATION,1,
3,185100,MENU_NAVIGATION,1,
3,185134,MENU_NAVIGATION,1,
3,185167,MENU_NAVIGATION,1,
3,185201,MENU_NAVIGATION,1,
3,185232,MENU_NAVIGATION,1,
3,185266,MENU_NAVIGATION,1,
3,185298,MENU_NAVIGATION,1,
3,185333,MENU_NAVIGATION,1,
3,185366,MENU_NAVIGATION,1,
3,185400,MENU_NAVIGATION,1,
3,185433,MENU_NAVIGATION,1,
3,185467,MENU_NAVIGATION,1,
3,185500,MENU_NAVIGATION,1,
3,185533,MENU_NAVIGATION,1,
3,185566,MENU_NAVIGATION,1,
3,185600,MENU_NAVIGATION,1,
3,185633,MENU_NAVIGATION,1,
3,185665,MENU_NAVIGATION,1,
3,185700,MENU_NAVIGATION,1,
3,185734,MENU_NAVIGATION,1,
3,185767,MENU_NAVIGATION,1,
3,185799,MENU_NAVIGATION,1,
3,185832,MENU_NAVIGATION,1,
3,185866,MENU_NAVIGATION,1,
3,185900,MENU_NAVIGATION,1,
3,185932,MENU_NAVIGATION,1,
3,185967,MENU_NAVIGATION,1,
3,186000,MENU_NAVIGATION,1,
3,186034,MENU_NAVIGATION,1,
3,186068,MENU_NAVIGATION,1,
3,186100,MENU_NAVIGATION,1,
3,186133,MENU_NAVIGATION,1,
3,186165,MENU_NAVIGATION,1,
3,186200,MENU_NAVIGATION,1,
3,186232,MENU_NAVIGATION,1,
3,186267,MENU_NAVIGATION,1,
3,186299,MENU_NAVIGATION,1,
3,186334,MENU_NAVIGATION,1,
3,186367,MENU_NAVIGATION,1,
3,186401,MENU_NAVIGATION,1,
3,186433,MENU_NAVIGATION,1,
3,186466,MENU_NAVIGATION,1,
3,186501,MENU_NAVIGATION,1,
3,186533,MENU_NAVIGATION,1,
3,186566,MENU_NAVIGATION,1,
3,186599,MENU_NAVIGATION,1,
3,186633,MENU_NAVIGATION,1,
3,186662,MENU_NAVIGATION,1,
3,186700,MENU_NAVIGATION,1,
3,186733,MENU_NAVIGATION,1,
3,186767,MENU_NAVIGATION,1,
3,186801,MENU_NAVIGATION,1,
3,186835,MENU_NAVIGATION,1,
3,186867,MENU_NAVIGATION,1,
3,186900,MENU_NAVIGATION,1,
3,186933,MENU_NAVIGATION,1,
3,186967,MENU_NAVIGATION,1,
3,187001,MENU_NAVIGATION,1,
3,187034,MENU_NAVIGATION,1,
3,187066,MENU_NAVIGATION,1,
3,187100,MENU_NAVIGATION,1,
3,187132,MENU_NAVIGATION,1,
3,187167,MENU_NAVIGATION,1,
3,187200,MENU_NAVIGATION,1,
3,187232,MENU_NAVIGATION,1,
3,187268,MENU_NAVIGATION,1,
3,187301,MENU_NAVIGATION,1,
3,187335,MENU_NAVIGATION,1,
3,187366,MENU_NAVIGATION,1,
3,187400,MENU_NAVIGATION,1,
3,187433,MENU_NAVIGATION,1,
3,187466,MENU_NAVIGATION,1,
3,187501,MENU_NAVIGATION,1,
3,187532,MENU_NAVIGATION,1,
3,187566,MENU_NAVIGATION,1,
3,187601,MENU_NAVIGATION,1,
3,187634,MENU_NAVIGATION,1,
3,187668,MENU_NAVIGATION,1,
3,187697,MENU_NAVIGATION,1,
3,187733,MENU_NAVIGATION,1,
3,187767,MENU_NAVIGATION,1,
3,187798,MENU_NAVIGATION,1,
3,187834,MENU_NAVIGATION,1,
3,187867,MENU_NAVIGATION,1,
3,187902,MENU_NAVIGATION,1,
3,187934,MENU_NAVIGATION,1,
3,187968,MENU_NAVIGATION,1,
3,188001,MENU_NAVIGATION,1,
3,188032,MENU_NAVIGATION,1,
3,188067,MENU_NAVIGATION,1,
3,188099,MENU_NAVIGATION,1,
3,188134,MENU_NAVIGATION,1,
3,188167,MENU_NAVIGATION,1,
3,188201,MENU_NAVIGATION,1,
3,188234,MENU_NAVIGATION,1,
3,188268,MENU_NAVIGATION,1,
3,188301,MENU_NAVIGATION,1,
3,188333,MENU_NAVIGATION,1,
3,188366,MENU_NAVIGATION,1,
3,188400,MENU_NAVIGATION,1,
3,188433,MENU_NAVIGATION,1,
3,188468,MENU_NAVIGATION,1,
3,188501,MENU_NAVIGATION,1,
3,188533,MENU_NAVIGATION,1,
3,188567,MENU_NAVIGATION,1,
3,188601,MENU_NAVIGATION,1,
3,188633,MENU_NAVIGATION,1,
3,188668,MENU_NAVIGATION,1,
3,188699,MENU_NAVIGATION,1,
3,188734,MENU_NAVIGATION,1,
3,188768,MENU_NAVIGATION,1,
3,188800,MENU_NAVIGATION,1,
3,188835,MENU_NAVIGATION,1,
3,188866,MENU_NAVIGATION,1,
3,188900,MENU_NAVIGATION,1,
3,188933,MENU_NAVIGATION,1,
3,188967,MENU_NAVIGATION,1,
3,190234,MENU_NAVIGATION,2,
3,190266,MENU_NAVIGATION,2,
3,190301,MENU_NAVIGATION,2,
3,190334,MENU_NAVIGATION,2,
3,190367,MENU_NAVIGATION,2,
3,190401,MENU_NAVIGATION,2,
3,190434,MENU_NAVIGATION,2,
3,190467,MENU_NAVIGATION,2,
3,190502,MENU_NAVIGATION,2,
3,190534,MENU_NAVIGATION,2,
3,190567,MENU_NAVIGATION,2,
3,190601,MENU_NAVIGATION,2,
3,190630,MENU_NAVIGATION,2,
3,190668,MENU_NAVIGATION,2,
3,190698,MENU_NAVIGATION,2,
3,190734,MENU_NAVIGATION,2,
3,190767,MENU_NAVIGATION,2,
3,190800,MENU_NAVIGATION,2,
3,190834,MENU_NAVIGATION,2,
3,190867,MENU_NAVIGATION,2,
3,190900,MENU_NAVIGATION,2,
3,190935,MENU_NAVIGATION,2,
3,190967,MENU_NAVIGATION,2,
3,190998,MENU_NAVIGATION,2,
3,191035,MENU_NAVIGATION,2,
3,191067,MENU_NAVIGATION,2,
3,191100,MENU_NAVIGATION,2,
3,191135,MENU_NAVIGATION,2,
3,191168,MENU_NAVIGATION,2,
3,191201,MENU_NAVIGATION,2,
3,191233,MENU_NAVIGATION,2,
3,191267,MENU_NAVIGATION,2,
3,191301,MENU_NAVIGATION,2,
3,191334,MENU_NAVIGATION,2,
3,191368,MENU_NAVIGATION,2,
3,191402,MENU_NAVIGATION,2,
3,191434,MENU_NAVIGATION,2,
3,191468,MENU_NAVIGATION,2,
3,191500,MENU_NAVIGATION,2,
3,191534,MENU_NAVIGATION,2,
3,191568,MENU_NAVIGATION,2,
3,191598,MENU_NAVIGATION,2,
3,191635,MENU_NAVIGATION,2,
3,191663,MENU_NAVIGATION,2,
3,191700,MENU_NAVIGATION,2,
3,191733,MENU_NAVIGATION,2,
3,191768,MENU_NAVIGATION,2,
3,191800,MENU_NAVIGATION,2,
3,191834,MENU_NAVIGATION,2,
3,191867,MENU_NAVIGATION,2,
3,191902,MENU_NAVIGATION,2,
3,191934,MENU_NAVIGATION,2,
3,191969,MENU_NAVIGATION,2,
3,192001,MENU_NAVIGATION,2,
3,192034,MENU_NAVIGATION,2,
3,192067,MENU_NAVIGATION,2,
3,192102,MENU_NAVIGATION,2,
3,192134,MENU_NAVIGATION,2,
3,192167,MENU_NAVIGATION,2,
3,192202,MENU_NAVIGATION,2,
3,192233,MENU_NAVIGATION,2,
3,192268,MENU_NAVIGATION,2,
3,192300,MENU_NAVIGATION,2,
3,192335,MENU_NAVIGATION,2,
3,192367,MENU_NAVIGATION,2,
3,192401,MENU_NAVIGATION,2,
3,192434,MENU_NAVIGATION,2,
3,192467,MENU_NAVIGATION,2,
3,192501,MENU_NAVIGATION,2,
3,192534,MENU_NAVIGATION,2,
3,192568,MENU_NAVIGATION,2,
3,192602,MENU_NAVIGATION,2,
3,192635,MENU_NAVIGATION,2,
3,192669,MENU_NAVIGATION,2,
3,192700,MENU_NAVIGATION,2,
3,192734,MENU_NAVIGATION,2,
3,192767,MENU_NAVIGATION,2,
3,192800,MENU_NAVIGATION,2,
3,192835,MENU_NAVIGATION,2,
3,192868,MENU_NAVIGATION,2,
3,192901,MENU_NAVIGATION,2,
3,192935,MENU_NAVIGATION,2,
3,192968,MENU_NAVIGATION,2,
3,193000,MENU_NAVIGATION,2,
3,193035,MENU_NAVIGATION,2,
3,193067,MENU_NAVIGATION,2,
3,193102,MENU_NAVIGATION,2,
3,193134,MENU_NAVIGATION,2,
3,193168,MENU_NAVIGATION,2,
3,193200,MENU_NAVIGATION,2,
3,193235,MENU_NAVIGATION,2,
3,193268,MENU_NAVIGATION,2,
3,193301,MENU_NAVIGATION,2,
3,193335,MENU_NAVIGATION,2,
3,193367,MENU_NAVIGATION,2,
3,193402,MENU_NAVIGATION,2,
3,193435,MENU_NAVIGATION,2,
3,193468,MENU_NAVIGATION,2,
3,193501,MENU_NAVIGATION,2,
3,194667,MENU_NAVIGATION,3,
3,194702,MENU_NAVIGATION,3,
3,194735,MENU_NAVIGATION,3,
3,194768,MENU_NAVIGATION,3,
3,194801,MENU_NAVIGATION,3,
3,194834,MENU_NAVIGATION,3,
3,194866,MENU_NAVIGATION,3,
3,194902,MENU_NAVIGATION,3,
3,194935,MENU_NAVIGATION,3,
3,194968,MENU_NAVIGATION,3,
3,195002,MENU_NAVIGATION,3,
3,195034,MENU_NAVIGATION,3,
3,195068,MENU_NAVIGATION,3,
3,195101,MENU_NAVIGATION,3,
3,195134,MENU_NAVIGATION,3,
3,195167,MENU_NAVIGATION,3,
3,195202,MENU_NAVIGATION,3,
3,195235,MENU_NAVIGATION,3,
3,195267,MENU_NAVIGATION,3,
3,195302,MENU_NAVIGATION,3,
3,195335,MENU_NAVIGATION,3,
3,195368,MENU_NAVIGATION,3,
3,195401,MENU_NAVIGATION,3,
3,195435,MENU_NAVIGATION,3,
3,195467,MENU_NAVIGATION,3,
3,195500,MENU_NAVIGATION,3,
3,195535,MENU_NAVIGATION,3,
3,195568,MENU_NAVIGATION,3,
3,195601,MENU_NAVIGATION,3,
3,195635,MENU_NAVIGATION,3,
3,195667,MENU_NAVIGATION,3,
3,195701,MENU_NAVIGATION,3,
3,195735,MENU_NAVIGATION,3,
3,195769,MENU_NAVIGATION,3,
3,195802,MENU_NAVIGATION,3,
3,195834,MENU_NAVIGATION,3,
3,195867,MENU_NAVIGATION,3,
3,195901,MENU_NAVIGATION,3,
3,195935,MENU_NAVIGATION,3,
3,195967,MENU_NAVIGATION,3,
3,196001,MENU_NAVIGATION,3,
3,196035,MENU_NAVIGATION,3,
3,196069,MENU_NAVIGATION,3,
3,196102,MENU_NAVIGATION,3,
3,196134,MENU_NAVIGATION,3,
3,196169,MENU_NAVIGATION,3,
3,196201,MENU_NAVIGATION,3,
3,196233,MENU_NAVIGATION,3,
3,196268,MENU_NAVIGATION,3,
3,196301,MENU_NAVIGATION,3,
3,196334,MENU_NAVIGATION,3,
3,196368,MENU_NAVIGATION,3,
3,196402,MENU_NAVIGATION,3,
3,196435,MENU_NAVIGATION,3,
3,196470,MENU_NAVIGATION,3,
3,196501,MENU_NAVIGATION,3,
3,196534,MENU_NAVIGATION,3,
3,196568,MENU_NAVIGATION,3,
3,196602,MENU_NAVIGATION,3,
3,196634,MENU_NAVIGATION,3,
3,196665,MENU_NAVIGATION,3,
3,196703,MENU_NAVIGATION,3,
3,196735,MENU_NAVIGATION,3,
3,196767,MENU_NAVIGATION,3,
3,196802,MENU_NAVIGATION,3,
3,196834,MENU_NAVIGATION,3,
3,196867,MENU_NAVIGATION,3,
3,196902,MENU_NAVIGATION,3,
3,196934,MENU_NAVIGATION,3,
3,196970,MENU_NAVIGATION,3,
3,197001,MENU_NAVIGATION,3,
3,197037,MENU_NAVIGATION,3,
3,197067,MENU_NAVIGATION,3,
3,197101,MENU_NAVIGATION,3,
3,197134,MENU_NAVIGATION,3,
3,197168,MENU_NAVIGATION,3,
3,197202,MENU_NAVIGATION,3,
3,197235,MENU_NAVIGATION,3,
3,197301,MENU_NAVIGATION,3,
3,197335,MENU_NAVIGATION,3,
3,197367,MENU_NAVIGATION,3,
3,197401,MENU_NAVIGATION,3,
3,197434,MENU_NAVIGATION,3,
3,197468,MENU_NAVIGATION,3,
3,197501,MENU_NAVIGATION,3,
3,197535,MENU_NAVIGATION,3,
3,197568,MENU_NAVIGATION,3,
3,197602,MENU_NAVIGATION,3,
3,197635,MENU_NAVIGATION,3,
3,197665,MENU_NAVIGATION,3,
3,197698,MENU_NAVIGATION,3,
3,197732,MENU_NAVIGATION,3,
3,197765,MENU_NAVIGATION,3,
3,197802,MENU_NAVIGATION,3,
3,197834,MENU_NAVIGATION,3,
3,197870,MENU_NAVIGATION,3,
3,197901,MENU_NAVIGATION,3,
3,197937,MENU_NAVIGATION,3,
3,197967,MENU_NAVIGATION,3,
3,198001,MENU_NAVIGATION,3,
3,198035,MENU_NAVIGATION,3,
3,198068,MENU_NAVIGATION,3,
3,198102,MENU_NAVIGATION,3,
3,198134,MENU_NAVIGATION,3,
3,198169,MENU_NAVIGATION,3,
3,198201,MENU_NAVIGATION,3,
3,198237,MENU_NAVIGATION,3,
3,198267,MENU_NAVIGATION,3,
3,198301,MENU_NAVIGATION,3,
3,198334,MENU_NAVIGATION,3,
3,198369,MENU_NAVIGATION,3,
3,198402,MENU_NAVIGATION,3,
3,198436,MENU_NAVIGATION,3,
3,198468,MENU_NAVIGATION,3,
3,198502,MENU_NAVIGATION,3,
3,198536,MENU_NAVIGATION,3,
3,198570,MENU_NAVIGATION,3,
3,198601,MENU_NAVIGATION,3,
3,199902,MENU_NAVIGATION,4,
3,199936,MENU_NAVIGATION,4,
3,199969,MENU_NAVIGATION,4,
3,200001,MENU_NAVIGATION,4,
3,200034,MENU_NAVIGATION,4,
3,200068,MENU_NAVIGATION,4,
3,200101,MENU_NAVIGATION,4,
3,200135,MENU_NAVIGATION,4,
3,200168,MENU_NAVIGATION,4,
3,200201,MENU_NAVIGATION,4,
3,200234,MENU_NAVIGATION,4,
3,200269,MENU_NAVIGATION,4,
3,200301,MENU_NAVIGATION,4,
3,200336,MENU_NAVIGATION,4,
3,200367,MENU_NAVIGATION,4,
3,200401,MENU_NAVIGATION,4,
3,200435,MENU_NAVIGATION,4,
3,200468,MENU_NAVIGATION,4,
3,200502,MENU_NAVIGATION,4,
3,200534,MENU_NAVIGATION,4,
3,200568,MENU_NAVIGATION,4,
3,200601,MENU_NAVIGATION,4,
3,200636,MENU_NAVIGATION,4,
3,200667,MENU_NAVIGATION,4,
3,200701,MENU_NAVIGATION,4,
3,200734,MENU_NAVIGATION,4,
3,200768,MENU_NAVIGATION,4,
3,200802,MENU_NAVIGATION,4,
3,200835,MENU_NAVIGATION,4,
3,200869,MENU_NAVIGATION,4,
3,200901,MENU_NAVIGATION,4,
3,200935,MENU_NAVIGATION,4,
3,200968,MENU_NAVIGATION,4,
3,201002,MENU_NAVIGATION,4,
3,201034,MENU_NAVIGATION,4,
3,201068,MENU_NAVIGATION,4,
3,201101,MENU_NAVIGATION,4,
3,201135,MENU_NAVIGATION,4,
3,201167,MENU_NAVIGATION,4,
3,201201,MENU_NAVIGATION,4,
3,201236,MENU_NAVIGATION,4,
3,201267,MENU_NAVIGATION,4,
3,201303,MENU_NAVIGATION,4,
3,201336,MENU_NAVIGATION,4,
3,201367,MENU_NAVIGATION,4,
3,201401,MENU_NAVIGATION,4,
3,201434,MENU_NAVIGATION,4,
3,201468,MENU_NAVIGATION,4,
3,201501,MENU_NAVIGATION,4,
3,201535,MENU_NAVIGATION,4,
3,201569,MENU_NAVIGATION,4,
3,201602,MENU_NAVIGATION,4,
3,201635,MENU_NAVIGATION,4,
3,201665,MENU_NAVIGATION,4,
3,201703,MENU_NAVIGATION,4,
3,201736,MENU_NAVIGATION,4,
3,201768,MENU_NAVIGATION,4,
3,201801,MENU_NAVIGATION,4,
3,201835,MENU_NAVIGATION,4,
3,201868,MENU_NAVIGATION,4,
3,201901,MENU_NAVIGATION,4,
3,201936,MENU_NAVIGATION,4,
3,201968,MENU_NAVIGATION,4,
3,202002,MENU_NAVIGATION,4,
3,202035,MENU_NAVIGATION,4,
3,202068,MENU_NAVIGATION,4,
3,202101,MENU_NAVIGATION,4,
3,202136,MENU_NAVIGATION,4,
3,202169,MENU_NAVIGATION,4,
3,202201,MENU_NAVIGATION,4,
3,202236,MENU_NAVIGATION,4,
3,202269,MENU_NAVIGATION,4,
3,202302,MENU_NAVIGATION,4,
3,202336,MENU_NAVIGATION,4,
3,202367,MENU_NAVIGATION,4,
3,202403,MENU_NAVIGATION,4,
3,202435,MENU_NAVIGATION,4,
3,202469,MENU_NAVIGATION,4,
3,202502,MENU_NAVIGATION,4,
3,202534,MENU_NAVIGATION,4,
3,202568,MENU_NAVIGATION,4,
3,202601,MENU_NAVIGATION,4,
3,202635,MENU_NAVIGATION,4,
3,202669,MENU_NAVIGATION,4,
3,202701,MENU_NAVIGATION,4,
3,202735,MENU_NAVIGATION,4,
3,202768,MENU_NAVIGATION,4,
3,202802,MENU_NAVIGATION,4,
3,202835,MENU_NAVIGATION,4,
3,202869,MENU_NAVIGATION,4,
3,202902,MENU_NAVIGATION,4,
3,202936,MENU_NAVIGATION,4,
3,202969,MENU_NAVIGATION,4,
3,203002,MENU_NAVIGATION,4,
3,203036,MENU_NAVIGATION,4,
3,203069,MENU_NAVIGATION,4,
3,203103,MENU_NAVIGATION,4,
3,203134,MENU_NAVIGATION,4,
3,203168,MENU_NAVIGATION,4,
3,203201,MENU_NAVIGATION,4,
3,213001,DRAGGING,0,
3,213037,DRAGGING,0,
3,213070,DRAGGING,0,
3,213103,DRAGGING,0,
3,213139,DRAGGING,0,
3,213170,DRAGGING,0,
3,213207,DRAGGING,0,
3,213237,DRAGGING,0,
3,213274,DRAGGING,0,
3,213303,DRAGGING,0,
3,213340,DRAGGING,0,
3,213370,DRAGGING,0,
3,213407,DRAGGING,0,
3,213436,DRAGGING,0,
3,213474,DRAGGING,0,
3,213503,DRAGGING,0,
3,213537,DRAGGING,0,
3,213573,DRAGGING,0,
3,213603,DRAGGING,0,
3,213640,DRAGGING,0,
3,213670,DRAGGING,0,
3,213707,DRAGGING,0,
3,213737,DRAGGING,0,
3,213769,DRAGGING,0,
3,213802,DRAGGING,0,
3,213836,DRAGGING,0,
3,213869,DRAGGING,0,
3,213902,DRAGGING,0,
3,213936,DRAGGING,0,
3,213969,DRAGGING,0,
3,214001,DRAGGING,0,
3,214035,DRAGGING,0,
3,214067,DRAGGING,0,
3,214100,DRAGGING,0,
3,214136,DRAGGING,0,
3,214171,DRAGGING,0,
3,214202,DRAGGING,0,
3,214235,DRAGGING,0,
3,214269,DRAGGING,0,
3,214303,DRAGGING,0,
3,214334,DRAGGING,0,
3,214367,DRAGGING,0,
3,214399,DRAGGING,0,
3,214435,DRAGGING,0,
3,214467,DRAGGING,0,
3,214499,DRAGGING,0,
3,214537,DRAGGING,0,
3,214568,DRAGGING,0,
3,214604,DRAGGING,0,
3,214634,DRAGGING,0,
3,214671,DRAGGING,0,
3,214703,DRAGGING,0,
3,214738,DRAGGING,0,
3,214770,DRAGGING,0,
3,214806,DRAGGING,0,
3,214837,DRAGGING,0,
3,214872,DRAGGING,0,
3,214905,DRAGGING,0,
3,214936,DRAGGING,0,
3,214974,DRAGGING,0,
3,215003,DRAGGING,0,
3,215040,DRAGGING,0,
3,215069,DRAGGING,0,
3,215107,DRAGGING,0,
3,215136,DRAGGING,0,
3,215173,DRAGGING,0,
3,215203,DRAGGING,0,
3,215241,DRAGGING,0,
3,215269,DRAGGING,0,
3,215307,DRAGGING,0,
3,215336,DRAGGING,0,
3,215374,DRAGGING,0,
3,215403,DRAGGING,0,
3,215440,DRAGGING,0,
3,215470,DRAGGING,0,
3,215506,DRAGGING,0,
3,215536,DRAGGING,0,
3,215574,DRAGGING,0,
3,215603,DRAGGING,0,
3,215640,DRAGGING,0,
3,215670,DRAGGING,0,
3,215707,DRAGGING,0,
3,215736,DRAGGING,0,
3,215773,DRAGGING,0,
3,215803,DRAGGING,0,
3,215840,DRAGGING,0,
3,215870,DRAGGING,0,
3,215905,DRAGGING,0,
3,215936,DRAGGING,0,
3,215974,DRAGGING,0,
3,216004,DRAGGING,0,
3,216040,DRAGGING,0,
3,216070,DRAGGING,0,
3,216107,DRAGGING,0,
3,216136,DRAGGING,0,
3,216174,DRAGGING,0,
3,216203,DRAGGING,0,
3,217807,DRAGGING,1,
3,217837,DRAGGING,1,
3,217874,DRAGGING,1,
3,217903,DRAGGING,1,
3,217938,DRAGGING,1,
3,217970,DRAGGING,1,
3,218004,DRAGGING,1,
3,218037,DRAGGING,1,
3,218070,DRAGGING,1,
3,218104,DRAGGING,1,
3,218138,DRAGGING,1,
3,218171,DRAGGING,1,
3,218205,DRAGGING,1,
3,218238,DRAGGING,1,
3,218272,DRAGGING,1,
3,218305,DRAGGING,1,
3,218338,DRAGGING,1,
3,218371,DRAGGING,1,
3,218405,DRAGGING,1,
3,218437,DRAGGING,1,
3,218471,DRAGGING,1,
3,218504,DRAGGING,1,
3,218537,DRAGGING,1,
3,218571,DRAGGING,1,
3,218605,DRAGGING,1,
3,218638,DRAGGING,1,
3,218670,DRAGGING,1,
3,218705,DRAGGING,1,
3,218737,DRAGGING,1,
3,218772,DRAGGING,1,
3,218804,DRAGGING,1,
3,218838,DRAGGING,1,
3,218871,DRAGGING,1,
3,218905,DRAGGING,1,
3,218940,DRAGGING,1,
3,218970,DRAGGING,1,
3,219007,DRAGGING,1,
3,219037,DRAGGING,1,
3,219074,DRAGGING,1,
3,219103,DRAGGING,1,
3,219141,DRAGGING,1,
3,219170,DRAGGING,1,
3,219207,DRAGGING,1,
3,219236,DRAGGING,1,
3,219274,DRAGGING,1,
3,219303,DRAGGING,1,
3,219341,DRAGGING,1,
3,219370,DRAGGING,1,
3,219407,DRAGGING,1,
3,219436,DRAGGING,1,
3,219474,DRAGGING,1,
3,219503,DRAGGING,1,
3,219540,DRAGGING,1,
3,219569,DRAGGING,1,
3,219608,DRAGGING,1,
3,219636,DRAGGING,1,
3,219673,DRAGGING,1,
3,219703,DRAGGING,1,
3,219740,DRAGGING,1,
3,219770,DRAGGING,1,
3,219807,DRAGGING,1,
3,219837,DRAGGING,1,
3,219874,DRAGGING,1,
3,219904,DRAGGING,1,
3,219940,DRAGGING,1,
3,219970,DRAGGING,1,
3,220007,DRAGGING,1,
3,220036,DRAGGING,1,
3,220074,DRAGGING,1,
3,220103,DRAGGING,1,
3,220140,DRAGGING,1,
3,220170,DRAGGING,1,
3,220207,DRAGGING,1,
3,220236,DRAGGING,1,
3,220274,DRAGGING,1,
3,220304,DRAGGING,1,
3,220340,DRAGGING,1,
3,220370,DRAGGING,1,
3,220407,DRAGGING,1,
3,220437,DRAGGING,1,
3,220474,DRAGGING,1,
3,220503,DRAGGING,1,
3,220540,DRAGGING,1,
3,220570,DRAGGING,1,
3,220607,DRAGGING,1,
3,220636,DRAGGING,1,
3,220674,DRAGGING,1,
3,220703,DRAGGING,1,
3,220740,DRAGGING,1,
3,220769,DRAGGING,1,
3,220807,DRAGGING,1,
3,220836,DRAGGING,1,
3,220874,DRAGGING,1,
3,220903,DRAGGING,1,
3,220941,DRAGGING,1,
3,220970,DRAGGING,1,
3,221007,DRAGGING,1,
3,221036,DRAGGING,1,
3,221074,DRAGGING,1,
3,221104,DRAGGING,1,
3,221140,DRAGGING,1,
3,221170,DRAGGING,1,
3,221207,DRAGGING,1,
3,221237,DRAGGING,1,
3,221274,DRAGGING,1,
3,221303,DRAGGING,1,
3,221340,DRAGGING,1,
3,221369,DRAGGING,1,
3,221407,DRAGGING,1,
3,221436,DRAGGING,1,
3,221474,DRAGGING,1,
3,221503,DRAGGING,1,
3,221541,DRAGGING,1,
3,223003,DRAGGING,2,
3,223040,DRAGGING,2,
3,223070,DRAGGING,2,
3,223105,DRAGGING,2,
3,223139,DRAGGING,2,
3,223172,DRAGGING,2,
3,223207,DRAGGING,2,
3,223240,DRAGGING,2,
3,223274,DRAGGING,2,
3,223303,DRAGGING,2,
3,223340,DRAGGING,2,
3,223370,DRAGGING,2,
3,223408,DRAGGING,2,
3,223437,DRAGGING,2,
3,223475,DRAGGING,2,
3,223504,DRAGGING,2,
3,223540,DRAGGING,2,
3,223571,DRAGGING,2,
3,223605,DRAGGING,2,
3,223639,DRAGGING,2,
3,223672,DRAGGING,2,
3,223704,DRAGGING,2,
3,223739,DRAGGING,2,
3,223770,DRAGGING,2,
3,223804,DRAGGING,2,
3,223836,DRAGGING,2,
3,223871,DRAGGING,2,
3,223904,DRAGGING,2,
3,223938,DRAGGING,2,
3,223971,DRAGGING,2,
3,224004,DRAGGING,2,
3,224037,DRAGGING,2,
3,224071,DRAGGING,2,
3,224104,DRAGGING,2,
3,224138,DRAGGING,2,
3,224171,DRAGGING,2,
3,224205,DRAGGING,2,
3,224238,DRAGGING,2,
3,224272,DRAGGING,2,
3,224305,DRAGGING,2,
3,224339,DRAGGING,2,
3,224371,DRAGGING,2,
3,224407,DRAGGING,2,
3,224437,DRAGGING,2,
3,224471,DRAGGING,2,
3,224503,DRAGGING,2,
3,224540,DRAGGING,2,
3,224571,DRAGGING,2,
3,224605,DRAGGING,2,
3,224636,DRAGGING,2,
3,224675,DRAGGING,2,
3,224704,DRAGGING,2,
3,224741,DRAGGING,2,
3,224769,DRAGGING,2,
3,224809,DRAGGING,2,
3,224838,DRAGGING,2,
3,224874,DRAGGING,2,
3,224903,DRAGGING,2,
3,224941,DRAGGING,2,
3,224971,DRAGGING,2,
3,225008,DRAGGING,2,
3,225037,DRAGGING,2,
3,225072,DRAGGING,2,
3,225106,DRAGGING,2,
3,225138,DRAGGING,2,
3,225171,DRAGGING,2,
3,225207,DRAGGING,2,
3,225236,DRAGGING,2,
3,225275,DRAGGING,2,
3,225304,DRAGGING,2,
3,225341,DRAGGING,2,
3,225370,DRAGGING,2,
3,225407,DRAGGING,2,
3,225437,DRAGGING,2,
3,225473,DRAGGING,2,
3,225504,DRAGGING,2,
3,225541,DRAGGING,2,
3,225570,DRAGGING,2,
3,225609,DRAGGING,2,
3,225637,DRAGGING,2,
3,225675,DRAGGING,2,
3,225704,DRAGGING,2,
3,225739,DRAGGING,2,
3,225772,DRAGGING,2,
3,225806,DRAGGING,2,
3,225839,DRAGGING,2,
3,225873,DRAGGING,2,
3,225905,DRAGGING,2,
3,225940,DRAGGING,2,
3,225971,DRAGGING,2,
3,226008,DRAGGING,2,
3,226037,DRAGGING,2,
3,226075,DRAGGING,2,
3,226104,DRAGGING,2,
3,226142,DRAGGING,2,
3,226171,DRAGGING,2,
3,226208,DRAGGING,2,
3,226237,DRAGGING,2,
3,226275,DRAGGING,2,
3,226304,DRAGGING,2,
3,226339,DRAGGING,2,
3,226373,DRAGGING,2,
3,226405,DRAGGING,2,
3,226439,DRAGGING,2,
3,226473,DRAGGING,2,
3,226505,DRAGGING,2,
3,226539,DRAGGING,2,
3,226573,DRAGGING,2,
3,226605,DRAGGING,2,
3,226637,DRAGGING,2,
3,226670,DRAGGING,2,
3,226707,DRAGGING,2,
3,226738,DRAGGING,2,
3,226773,DRAGGING,2,
3,226808,DRAGGING,2,
3,226838,DRAGGING,2,
3,226875,DRAGGING,2,
3,226904,DRAGGING,2,
3,226942,DRAGGING,2,
3,226971,DRAGGING,2,
3,227009,DRAGGING,2,
3,227038,DRAGGING,2,
3,227075,DRAGGING,2,
3,227104,DRAGGING,2,
3,227141,DRAGGING,2,
3,227171,DRAGGING,2,
3,227208,DRAGGING,2,
3,227238,DRAGGING,2,
3,227275,DRAGGING,2,
3,227304,DRAGGING,2,
3,227342,DRAGGING,2,
3,227371,DRAGGING,2,
3,227408,DRAGGING,2,
3,227438,DRAGGING,2,
3,227475,DRAGGING,2,
3,227504,DRAGGING,2,
3,227541,DRAGGING,2,
3,227571,DRAGGING,2,
3,227609,DRAGGING,2,
3,227638,DRAGGING,2,
3,227675,DRAGGING,2,
3,227705,DRAGGING,2,
3,227742,DRAGGING,2,
3,227771,DRAGGING,2,
3,227804,DRAGGING,2,
3,227837,DRAGGING,2,
3,227871,DRAGGING,2,
3,227904,DRAGGING,2,
3,227939,DRAGGING,2,
3,227971,DRAGGING,2,
3,228004,DRAGGING,2,
3,228038,DRAGGING,2,
3,228071,DRAGGING,2,
3,228104,DRAGGING,2,
3,228138,DRAGGING,2,
3,228171,DRAGGING,2,
3,228206,DRAGGING,2,
3,228240,DRAGGING,2,
3,228271,DRAGGING,2,
3,228306,DRAGGING,2,
3,228339,DRAGGING,2,
3,228374,DRAGGING,2,
3,228404,DRAGGING,2,
3,228440,DRAGGING,2,
3,228471,DRAGGING,2,
3,229571,DRAGGING,3,
3,229605,DRAGGING,3,
3,229640,DRAGGING,3,
3,229673,DRAGGING,3,
3,229706,DRAGGING,3,
3,229740,DRAGGING,3,
3,229773,DRAGGING,3,
3,229807,DRAGGING,3,
3,229841,DRAGGING,3,
3,229873,DRAGGING,3,
3,229907,DRAGGING,3,
3,229938,DRAGGING,3,
3,229973,DRAGGING,3,
3,230004,DRAGGING,3,
3,230041,DRAGGING,3,
3,230070,DRAGGING,3,
3,230108,DRAGGING,3,
3,230137,DRAGGING,3,
3,230174,DRAGGING,3,
3,230203,DRAGGING,3,
3,230241,DRAGGING,3,
3,230271,DRAGGING,3,
3,230308,DRAGGING,3,
3,230338,DRAGGING,3,
3,230374,DRAGGING,3,
3,230404,DRAGGING,3,
3,230440,DRAGGING,3,
3,230471,DRAGGING,3,
3,230508,DRAGGING,3,
3,230538,DRAGGING,3,
3,230571,DRAGGING,3,
3,230608,DRAGGING,3,
3,230638,DRAGGING,3,
3,230674,DRAGGING,3,
3,230704,DRAGGING,3,
3,230741,DRAGGING,3,
3,230771,DRAGGING,3,
3,230808,DRAGGING,3,
3,230838,DRAGGING,3,
3,230874,DRAGGING,3,
3,230904,DRAGGING,3,
3,230941,DRAGGING,3,
3,230971,DRAGGING,3,
3,231006,DRAGGING,3,
3,231039,DRAGGING,3,
3,231072,DRAGGING,3,
3,231107,DRAGGING,3,
3,231138,DRAGGING,3,
3,231174,DRAGGING,3,
3,231205,DRAGGING,3,
3,231239,DRAGGING,3,
3,231272,DRAGGING,3,
3,231309,DRAGGING,3,
3,231338,DRAGGING,3,
3,231373,DRAGGING,3,
3,231408,DRAGGING,3,
3,231439,DRAGGING,3,
3,231474,DRAGGING,3,
3,231504,DRAGGING,3,
3,231542,DRAGGING,3,
3,231571,DRAGGING,3,
3,231609,DRAGGING,3,
3,231638,DRAGGING,3,
3,231670,DRAGGING,3,
3,231708,DRAGGING,3,
3,231737,DRAGGING,3,
3,231772,DRAGGING,3,
3,231805,DRAGGING,3,
3,231838,DRAGGING,3,
3,231871,DRAGGING,3,
3,231905,DRAGGING,3,
3,231938,DRAGGING,3,
3,231970,DRAGGING,3,
3,232005,DRAGGING,3,
3,232038,DRAGGING,3,
3,232071,DRAGGING,3,
3,232105,DRAGGING,3,
3,232138,DRAGGING,3,
3,232171,DRAGGING,3,
3,232205,DRAGGING,3,
3,232240,DRAGGING,3,
3,232272,DRAGGING,3,
3,232309,DRAGGING,3,
3,232339,DRAGGING,3,
3,232374,DRAGGING,3,
3,232406,DRAGGING,3,
3,232439,DRAGGING,3,
3,232473,DRAGGING,3,
3,232504,DRAGGING,3,
3,232540,DRAGGING,3,
3,232573,DRAGGING,3,
3,232606,DRAGGING,3,
3,232638,DRAGGING,3,
3,232674,DRAGGING,3,
3,232704,DRAGGING,3,
3,232741,DRAGGING,3,
3,232771,DRAGGING,3,
3,232807,DRAGGING,3,
3,232838,DRAGGING,3,
3,232876,DRAGGING,3,
3,232906,DRAGGING,3,
3,232943,DRAGGING,3,
3,232972,DRAGGING,3,
3,233009,DRAGGING,3,
3,233038,DRAGGING,3,
3,233075,DRAGGING,3,
3,233105,DRAGGING,3,
3,233143,DRAGGING,3,
3,233171,DRAGGING,3,
3,233209,DRAGGING,3,
3,233238,DRAGGING,3,
3,233276,DRAGGING,3,
3,233304,DRAGGING,3,
3,233343,DRAGGING,3,
3,233371,DRAGGING,3,
3,233409,DRAGGING,3,
3,233438,DRAGGING,3,
3,233476,DRAGGING,3,
3,233505,DRAGGING,3,
3,233542,DRAGGING,3,
3,233571,DRAGGING,3,
3,233609,DRAGGING,3,
3,233638,DRAGGING,3,
3,233675,DRAGGING,3,
3,233705,DRAGGING,3,
3,233742,DRAGGING,3,
3,233772,DRAGGING,3,
3,233809,DRAGGING,3,
3,233838,DRAGGING,3,
3,233876,DRAGGING,3,
3,233905,DRAGGING,3,
3,233942,DRAGGING,3,
3,233972,DRAGGING,3,
3,234009,DRAGGING,3,
3,234038,DRAGGING,3,
3,234076,DRAGGING,3,
3,234105,DRAGGING,3,
3,234142,DRAGGING,3,
3,234172,DRAGGING,3,
3,234209,DRAGGING,3,
3,234239,DRAGGING,3,
3,234274,DRAGGING,3,
3,234306,DRAGGING,3,
3,234342,DRAGGING,3,
3,234372,DRAGGING,3,
3,234409,DRAGGING,3,
3,234439,DRAGGING,3,
3,234476,DRAGGING,3,
3,234505,DRAGGING,3,
3,235972,DRAGGING,4,
3,236005,DRAGGING,4,
3,236040,DRAGGING,4,
3,236073,DRAGGING,4,
3,236106,DRAGGING,4,
3,236140,DRAGGING,4,
3,236172,DRAGGING,4,
3,236206,DRAGGING,4,
3,236240,DRAGGING,4,
3,236272,DRAGGING,4,
3,236307,DRAGGING,4,
3,236339,DRAGGING,4,
3,236373,DRAGGING,4,
3,236407,DRAGGING,4,
3,236439,DRAGGING,4,
3,236473,DRAGGING,4,
3,236507,DRAGGING,4,
3,236538,DRAGGING,4,
3,236575,DRAGGING,4,
3,236605,DRAGGING,4,
3,236641,DRAGGING,4,
3,236669,DRAGGING,4,
3,236708,DRAGGING,4,
3,236738,DRAGGING,4,
3,236775,DRAGGING,4,
3,236804,DRAGGING,4,
3,236841,DRAGGING,4,
3,236871,DRAGGING,4,
3,236909,DRAGGING,4,
3,236939,DRAGGING,4,
3,236974,DRAGGING,4,
3,237005,DRAGGING,4,
3,237043,DRAGGING,4,
3,237072,DRAGGING,4,
3,237106,DRAGGING,4,
3,237139,DRAGGING,4,
3,237173,DRAGGING,4,
3,237206,DRAGGING,4,
3,237239,DRAGGING,4,
3,237273,DRAGGING,4,
3,237306,DRAGGING,4,
3,237340,DRAGGING,4,
3,237372,DRAGGING,4,
3,237407,DRAGGING,4,
3,237440,DRAGGING,4,
3,237472,DRAGGING,4,
3,237507,DRAGGING,4,
3,237538,DRAGGING,4,
3,237573,DRAGGING,4,
3,237606,DRAGGING,4,
3,237639,DRAGGING,4,
3,237673,DRAGGING,4,
3,237705,DRAGGING,4,
3,237741,DRAGGING,4,
3,237773,DRAGGING,4,
3,237806,DRAGGING,4,
3,237840,DRAGGING,4,
3,237872,DRAGGING,4,
3,237907,DRAGGING,4,
3,237939,DRAGGING,4,
3,237972,DRAGGING,4,
3,238007,DRAGGING,4,
3,238039,DRAGGING,4,
3,238073,DRAGGING,4,
3,238107,DRAGGING,4,
3,238140,DRAGGING,4,
3,238172,DRAGGING,4,
3,238208,DRAGGING,4,
3,238238,DRAGGING,4,
3,238274,DRAGGING,4,
3,238305,DRAGGING,4,
3,238340,DRAGGING,4,
3,238372,DRAGGING,4,
3,238405,DRAGGING,4,
3,238442,DRAGGING,4,
3,238472,DRAGGING,4,
3,238507,DRAGGING,4,
3,238540,DRAGGING,4,
3,238572,DRAGGING,4,
3,238607,DRAGGING,4,
3,238640,DRAGGING,4,
3,238672,DRAGGING,4,
3,238707,DRAGGING,4,
3,238739,DRAGGING,4,
3,238774,DRAGGING,4,
3,238805,DRAGGING,4,
3,238840,DRAGGING,4,
3,238873,DRAGGING,4,
3,238907,DRAGGING,4,
3,238940,DRAGGING,4,
3,238972,DRAGGING,4,
3,239004,DRAGGING,4,
3,239038,DRAGGING,4,
3,239073,DRAGGING,4,
3,239105,DRAGGING,4,
3,239139,DRAGGING,4,
3,239174,DRAGGING,4,
3,239205,DRAGGING,4,
3,239243,DRAGGING,4,
3,239272,DRAGGING,4,
3,239307,DRAGGING,4,
3,239340,DRAGGING,4,
3,239373,DRAGGING,4,
3,239406,DRAGGING,4,
3,239440,DRAGGING,4,
3,239473,DRAGGING,4,
3,239506,DRAGGING,4,
3,239540,DRAGGING,4,
3,239572,DRAGGING,4,
3,250975,POINT_N_CLICK,0,
3,251008,POINT_N_CLICK,0,
3,251041,POINT_N_CLICK,0,
3,251075,POINT_N_CLICK,0,
3,251109,POINT_N_CLICK,0,
3,251142,POINT_N_CLICK,0,
3,251174,POINT_N_CLICK,0,
3,251209,POINT_N_CLICK,0,
3,251241,POINT_N_CLICK,0,
3,251275,POINT_N_CLICK,0,
3,251308,POINT_N_CLICK,0,
3,251342,POINT_N_CLICK,0,
3,251374,POINT_N_CLICK,0,
3,251409,POINT_N_CLICK,0,
3,251439,POINT_N_CLICK,0,
3,251474,POINT_N_CLICK,0,
3,251506,POINT_N_CLICK,0,
3,251540,POINT_N_CLICK,0,
3,251574,POINT_N_CLICK,0,
3,251607,POINT_N_CLICK,0,
3,251640,POINT_N_CLICK,0,
3,251672,POINT_N_CLICK,0,
3,251709,POINT_N_CLICK,0,
3,251741,POINT_N_CLICK,0,
3,251775,POINT_N_CLICK,0,
3,251808,POINT_N_CLICK,0,
3,251841,POINT_N_CLICK,0,
3,251874,POINT_N_CLICK,0,
3,251908,POINT_N_CLICK,0,
3,251940,POINT_N_CLICK,0,
3,251973,POINT_N_CLICK,0,
3,252007,POINT_N_CLICK,0,
3,252040,POINT_N_CLICK,0,
3,252073,POINT_N_CLICK,0,
3,252107,POINT_N_CLICK,0,
3,252140,POINT_N_CLICK,0,
3,252174,POINT_N_CLICK,0,
3,252207,POINT_N_CLICK,0,
3,252239,POINT_N_CLICK,0,
3,252274,POINT_N_CLICK,0,
3,252307,POINT_N_CLICK,0,
3,252340,POINT_N_CLICK,0,
3,252374,POINT_N_CLICK,0,
3,252407,POINT_N_CLICK,0,
3,252441,POINT_N_CLICK,0,
3,252475,POINT_N_CLICK,0,
3,252508,POINT_N_CLICK,0,
3,252541,POINT_N_CLICK,0,
3,252575,POINT_N_CLICK,0,
3,252608,POINT_N_CLICK,0,
3,252639,POINT_N_CLICK,0,
3,252674,POINT_N_CLICK,0,
3,252706,POINT_N_CLICK,0,
3,252739,POINT_N_CLICK,0,
3,252771,POINT_N_CLICK,0,
3,252806,POINT_N_CLICK,0,
3,252840,POINT_N_CLICK,0,
3,252875,POINT_N_CLICK,0,
3,252908,POINT_N_CLICK,0,
3,252941,POINT_N_CLICK,0,
3,252973,POINT_N_CLICK,0,
3,253006,POINT_N_CLICK,0,
3,253041,POINT_N_CLICK,0,
3,253073,POINT_N_CLICK,0,
3,253108,POINT_N_CLICK,0,
3,253141,POINT_N_CLICK,0,
3,253175,POINT_N_CLICK,0,
3,253208,POINT_N_CLICK,0,
3,253241,POINT_N_CLICK,0,
3,253274,POINT_N_CLICK,0,
3,253308,POINT_N_CLICK,0,
3,253341,POINT_N_CLICK,0,
3,253374,POINT_N_CLICK,0,
3,253407,POINT_N_CLICK,0,
3,253442,POINT_N_CLICK,0,
3,253475,POINT_N_CLICK,0,
3,253504,POINT_N_CLICK,0,
3,253539,POINT_N_CLICK,0,
3,253575,POINT_N_CLICK,0,
3,253607,POINT_N_CLICK,0,
3,253637,POINT_N_CLICK,0,
3,253674,POINT_N_CLICK,0,
3,253707,POINT_N_CLICK,0,
3,253740,POINT_N_CLICK,0,
3,253775,POINT_N_CLICK,0,
3,253808,POINT_N_CLICK,0,
3,253842,POINT_N_CLICK,0,
3,253874,POINT_N_CLICK,0,
3,253908,POINT_N_CLICK,0,
3,253939,POINT_N_CLICK,0,
3,253975,POINT_N_CLICK,0,
3,254007,POINT_N_CLICK,0,
3,254041,POINT_N_CLICK,0,
3,254075,POINT_N_CLICK,0,
3,254108,POINT_N_CLICK,0,
3,254142,POINT_N_CLICK,0,
3,254175,POINT_N_CLICK,0,
3,254208,POINT_N_CLICK,0,
3,254241,POINT_N_CLICK,0,
3,254275,POINT_N_CLICK,0,
3,254306,POINT_N_CLICK,0,
3,254340,POINT_N_CLICK,0,
3,254373,POINT_N_CLICK,0,
3,254409,POINT_N_CLICK,0,
3,254441,POINT_N_CLICK,0,
3,254474,POINT_N_CLICK,0,
3,254508,POINT_N_CLICK,0,
3,254542,POINT_N_CLICK,0,
3,254573,POINT_N_CLICK,0,
3,254607,POINT_N_CLICK,0,
3,254641,POINT_N_CLICK,0,
3,254674,POINT_N_CLICK,0,
3,254707,POINT_N_CLICK,0,
3,254742,POINT_N_CLICK,0,
3,254775,POINT_N_CLICK,0,
3,254809,POINT_N_CLICK,0,
3,254842,POINT_N_CLICK,0,
3,254875,POINT_N_CLICK,0,
3,254910,POINT_N_CLICK,0,
3,254942,POINT_N_CLICK,0,
3,254975,POINT_N_CLICK,0,
3,255008,POINT_N_CLICK,0,
3,255041,POINT_N_CLICK,0,
3,255075,POINT_N_CLICK,0,
3,255109,POINT_N_CLICK,0,
3,255142,POINT_N_CLICK,0,
3,255175,POINT_N_CLICK,0,
3,255209,POINT_N_CLICK,0,
3,255242,POINT_N_CLICK,0,
3,255274,POINT_N_CLICK,0,
3,255308,POINT_N_CLICK,0,
3,255342,POINT_N_CLICK,0,
3,255375,POINT_N_CLICK,0,
3,255408,POINT_N_CLICK,0,
3,255442,POINT_N_CLICK,0,
3,255475,POINT_N_CLICK,0,
3,255509,POINT_N_CLICK,0,
3,255540,POINT_N_CLICK,0,
3,255575,POINT_N_CLICK,0,
3,255607,POINT_N_CLICK,0,
3,255641,POINT_N_CLICK,0,
3,255675,POINT_N_CLICK,0,
3,255709,POINT_N_CLICK,0,
3,255742,POINT_N_CLICK,0,
3,255776,POINT_N_CLICK,0,
3,256707,POINT_N_CLICK,1,
3,256742,POINT_N_CLICK,1,
3,256774,POINT_N_CLICK,1,
3,256809,POINT_N_CLICK,1,
3,256842,POINT_N_CLICK,1,
3,256876,POINT_N_CLICK,1,
3,256910,POINT_N_CLICK,1,
3,256942,POINT_N_CLICK,1,
3,256974,POINT_N_CLICK,1,
3,257008,POINT_N_CLICK,1,
3,257041,POINT_N_CLICK,1,
3,257076,POINT_N_CLICK,1,
3,257108,POINT_N_CLICK,1,
3,257142,POINT_N_CLICK,1,
3,257175,POINT_N_CLICK,1,
3,257209,POINT_N_CLICK,1,
3,257243,POINT_N_CLICK,1,
3,257276,POINT_N_CLICK,1,
3,257308,POINT_N_CLICK,1,
3,257341,POINT_N_CLICK,1,
3,257375,POINT_N_CLICK,1,
3,257408,POINT_N_CLICK,1,
3,257442,POINT_N_CLICK,1,
3,257475,POINT_N_CLICK,1,
3,257509,POINT_N_CLICK,1,
3,257542,POINT_N_CLICK,1,
3,257576,POINT_N_CLICK,1,
3,257609,POINT_N_CLICK,1,
3,257640,POINT_N_CLICK,1,
3,257675,POINT_N_CLICK,1,
3,257708,POINT_N_CLICK,1,
3,257742,POINT_N_CLICK,1,
3,257776,POINT_N_CLICK,1,
3,257809,POINT_N_CLICK,1,
3,257842,POINT_N_CLICK,1,
3,257876,POINT_N_CLICK,1,
3,257907,POINT_N_CLICK,1,
3,257942,POINT_N_CLICK,1,
3,257974,POINT_N_CLICK,1,
3,258009,POINT_N_CLICK,1,
3,258042,POINT_N_CLICK,1,
3,258075,POINT_N_CLICK,1,
3,258109,POINT_N_CLICK,1,
3,258142,POINT_N_CLICK,1,
3,258176,POINT_N_CLICK,1,
3,258208,POINT_N_CLICK,1,
3,258241,POINT_N_CLICK,1,
3,258275,POINT_N_CLICK,1,
3,258309,POINT_N_CLICK,1,
3,258342,POINT_N_CLICK,1,
3,258375,POINT_N_CLICK,1,
3,258410,POINT_N_CLICK,1,
3,258443,POINT_N_CLICK,1,
3,258476,POINT_N_CLICK,1,
3,258507,POINT_N_CLICK,1,
3,258541,POINT_N_CLICK,1,
3,258575,POINT_N_CLICK,1,
3,258609,POINT_N_CLICK,1,
3,258643,POINT_N_CLICK,1,
3,258675,POINT_N_CLICK,1,
3,258710,POINT_N_CLICK,1,
3,258742,POINT_N_CLICK,1,
3,258776,POINT_N_CLICK,1,
3,258809,POINT_N_CLICK,1,
3,258842,POINT_N_CLICK,1,
3,258874,POINT_N_CLICK,1,
3,258909,POINT_N_CLICK,1,
3,258942,POINT_N_CLICK,1,
3,258976,POINT_N_CLICK,1,
3,259009,POINT_N_CLICK,1,
3,259043,POINT_N_CLICK,1,
3,259076,POINT_N_CLICK,1,
3,259109,POINT_N_CLICK,1,
3,259142,POINT_N_CLICK,1,
3,259174,POINT_N_CLICK,1,
3,259209,POINT_N_CLICK,1,
3,259242,POINT_N_CLICK,1,
3,259275,POINT_N_CLICK,1,
3,259310,POINT_N_CLICK,1,
3,259341,POINT_N_CLICK,1,
3,259376,POINT_N_CLICK,1,
3,259408,POINT_N_CLICK,1,
3,259442,POINT_N_CLICK,1,
3,259475,POINT_N_CLICK,1,
3,259508,POINT_N_CLICK,1,
3,259542,POINT_N_CLICK,1,
3,259577,POINT_N_CLICK,1,
3,259607,POINT_N_CLICK,1,
3,259643,POINT_N_CLICK,1,
3,259675,POINT_N_CLICK,1,
3,259708,POINT_N_CLICK,1,
3,259742,POINT_N_CLICK,1,
3,259776,POINT_N_CLICK,1,
3,259807,POINT_N_CLICK,1,
3,259843,POINT_N_CLICK,1,
3,259876,POINT_N_CLICK,1,
3,259909,POINT_N_CLICK,1,
3,259941,POINT_N_CLICK,1,
3,259975,POINT_N_CLICK,1,
3,260009,POINT_N_CLICK,1,
3,260042,POINT_N_CLICK,1,
3,260075,POINT_N_CLICK,1,
3,260109,POINT_N_CLICK,1,
3,260143,POINT_N_CLICK,1,
3,260175,POINT_N_CLICK,1,
3,260208,POINT_N_CLICK,1,
3,260241,POINT_N_CLICK,1,
3,260275,POINT_N_CLICK,1,
3,260309,POINT_N_CLICK,1,
3,260342,POINT_N_CLICK,1,
3,260376,POINT_N_CLICK,1,
3,260409,POINT_N_CLICK,1,
3,260443,POINT_N_CLICK,1,
3,260474,POINT_N_CLICK,1,
3,260509,POINT_N_CLICK,1,
3,260542,POINT_N_CLICK,1,
3,260575,POINT_N_CLICK,1,
3,260609,POINT_N_CLICK,1,
3,260643,POINT_N_CLICK,1,
3,260675,POINT_N_CLICK,1,
3,260710,POINT_N_CLICK,1,
3,260740,POINT_N_CLICK,1,
3,260775,POINT_N_CLICK,1,
3,260809,POINT_N_CLICK,1,
3,260842,POINT_N_CLICK,1,
3,260877,POINT_N_CLICK,1,
3,260909,POINT_N_CLICK,1,
3,260943,POINT_N_CLICK,1,
3,260977,POINT_N_CLICK,1,
3,261010,POINT_N_CLICK,1,
3,261042,POINT_N_CLICK,1,
3,261073,POINT_N_CLICK,1,
3,261109,POINT_N_CLICK,1,
3,261141,POINT_N_CLICK,1,
3,261176,POINT_N_CLICK,1,
3,261208,POINT_N_CLICK,1,
3,261242,POINT_N_CLICK,1,
3,261275,POINT_N_CLICK,1,
3,261310,POINT_N_CLICK,1,
3,261341,POINT_N_CLICK,1,
3,261376,POINT_N_CLICK,1,
3,261408,POINT_N_CLICK,1,
3,261443,POINT_N_CLICK,1,
3,261476,POINT_N_CLICK,1,
3,261508,POINT_N_CLICK,1,
3,261543,POINT_N_CLICK,1,
3,261575,POINT_N_CLICK,1,
3,261609,POINT_N_CLICK,1,
3,261641,POINT_N_CLICK,1,
3,261671,POINT_N_CLICK,1,
3,261709,POINT_N_CLICK,1,
3,261742,POINT_N_CLICK,1,
3,261776,POINT_N_CLICK,1,
3,261810,POINT_N_CLICK,1,
3,261842,POINT_N_CLICK,1,
3,261876,POINT_N_CLICK,1,
3,261908,POINT_N_CLICK,1,
3,261942,POINT_N_CLICK,1,
3,261975,POINT_N_CLICK,1,
3,262009,POINT_N_CLICK,1,
3,262043,POINT_N_CLICK,1,
3,262076,POINT_N_CLICK,1,
3,262110,POINT_N_CLICK,1,
3,262143,POINT_N_CLICK,1,
3,262176,POINT_N_CLICK,1,
3,262209,POINT_N_CLICK,1,
3,262242,POINT_N_CLICK,1,
3,262276,POINT_N_CLICK,1,
3,262309,POINT_N_CLICK,1,
3,262343,POINT_N_CLICK,1,
3,262376,POINT_N_CLICK,1,
3,262410,POINT_N_CLICK,1,
3,262443,POINT_N_CLICK,1,
3,262474,POINT_N_CLICK,1,
3,262510,POINT_N_CLICK,1,
3,262541,POINT_N_CLICK,1,
3,262577,POINT_N_CLICK,1,
3,262610,POINT_N_CLICK,1,
3,262642,POINT_N_CLICK,1,
3,262675,POINT_N_CLICK,1,
3,262709,POINT_N_CLICK,1,
3,262740,POINT_N_CLICK,1,
3,262775,POINT_N_CLICK,1,
3,262809,POINT_N_CLICK,1,
3,262842,POINT_N_CLICK,1,
3,262876,POINT_N_CLICK,1,
3,262909,POINT_N_CLICK,1,
3,262943,POINT_N_CLICK,1,
3,262977,POINT_N_CLICK,1,
3,263010,POINT_N_CLICK,1,
3,263043,POINT_N_CLICK,1,
3,263075,POINT_N_CLICK,1,
3,263110,POINT_N_CLICK,1,
3,265741,POINT_N_CLICK,2,
3,265775,POINT_N_CLICK,2,
3,265809,POINT_N_CLICK,2,
3,265842,POINT_N_CLICK,2,
3,265875,POINT_N_CLICK,2,
3,265909,POINT_N_CLICK,2,
3,265943,POINT_N_CLICK,2,
3,265976,POINT_N_CLICK,2,
3,266011,POINT_N_CLICK,2,
3,266042,POINT_N_CLICK,2,
3,266076,POINT_N_CLICK,2,
3,266109,POINT_N_CLICK,2,
3,266143,POINT_N_CLICK,2,
3,266176,POINT_N_CLICK,2,
3,266209,POINT_N_CLICK,2,
3,266243,POINT_N_CLICK,2,
3,266277,POINT_N_CLICK,2,
3,266310,POINT_N_CLICK,2,
3,266344,POINT_N_CLICK,2,
3,266376,POINT_N_CLICK,2,
3,266409,POINT_N_CLICK,2,
3,266443,POINT_N_CLICK,2,
3,266476,POINT_N_CLICK,2,
3,266509,POINT_N_CLICK,2,
3,266543,POINT_N_CLICK,2,
3,266576,POINT_N_CLICK,2,
3,266611,POINT_N_CLICK,2,
3,266643,POINT_N_CLICK,2,
3,266673,POINT_N_CLICK,2,
3,266709,POINT_N_CLICK,2,
3,266743,POINT_N_CLICK,2,
3,266776,POINT_N_CLICK,2,
3,266809,POINT_N_CLICK,2,
3,266844,POINT_N_CLICK,2,
3,266876,POINT_N_CLICK,2,
3,266911,POINT_N_CLICK,2,
3,266942,POINT_N_CLICK,2,
3,266978,POINT_N_CLICK,2,
3,267009,POINT_N_CLICK,2,
3,267038,POINT_N_CLICK,2,
3,267074,POINT_N_CLICK,2,
3,267109,POINT_N_CLICK,2,
3,267143,POINT_N_CLICK,2,
3,267177,POINT_N_CLICK,2,
3,267210,POINT_N_CLICK,2,
3,267243,POINT_N_CLICK,2,
3,267276,POINT_N_CLICK,2,
3,267309,POINT_N_CLICK,2,
3,267343,POINT_N_CLICK,2,
3,267377,POINT_N_CLICK,2,
3,267409,POINT_N_CLICK,2,
3,267444,POINT_N_CLICK,2,
3,267475,POINT_N_CLICK,2,
3,267512,POINT_N_CLICK,2,
3,267542,POINT_N_CLICK,2,
3,267577,POINT_N_CLICK,2,
3,267611,POINT_N_CLICK,2,
3,267642,POINT_N_CLICK,2,
3,267676,POINT_N_CLICK,2,
3,267710,POINT_N_CLICK,2,
3,267743,POINT_N_CLICK,2,
3,267776,POINT_N_CLICK,2,
3,267810,POINT_N_CLICK,2,
3,267843,POINT_N_CLICK,2,
3,267876,POINT_N_CLICK,2,
3,267909,POINT_N_CLICK,2,
3,267943,POINT_N_CLICK,2,
3,267976,POINT_N_CLICK,2,
3,268010,POINT_N_CLICK,2,
3,268042,POINT_N_CLICK,2,
3,268076,POINT_N_CLICK,2,
3,268110,POINT_N_CLICK,2,
3,268145,POINT_N_CLICK,2,
3,268178,POINT_N_CLICK,2,
3,268209,POINT_N_CLICK,2,
3,268243,POINT_N_CLICK,2,
3,268276,POINT_N_CLICK,2,
3,268310,POINT_N_CLICK,2,
3,268344,POINT_N_CLICK,2,
3,268377,POINT_N_CLICK,2,
3,268410,POINT_N_CLICK,2,
3,268445,POINT_N_CLICK,2,
3,268476,POINT_N_CLICK,2,
3,268510,POINT_N_CLICK,2,
3,268543,POINT_N_CLICK,2,
3,268577,POINT_N_CLICK,2,
3,268609,POINT_N_CLICK,2,
3,268644,POINT_N_CLICK,2,
3,268677,POINT_N_CLICK,2,
3,268710,POINT_N_CLICK,2,
3,268744,POINT_N_CLICK,2,
3,268778,POINT_N_CLICK,2,
3,268810,POINT_N_CLICK,2,
3,268843,POINT_N_CLICK,2,
3,268877,POINT_N_CLICK,2,
3,268910,POINT_N_CLICK,2,
3,268943,POINT_N_CLICK,2,
3,268977,POINT_N_CLICK,2,
3,269010,POINT_N_CLICK,2,
3,269044,POINT_N_CLICK,2,
3,269075,POINT_N_CLICK,2,
3,269109,POINT_N_CLICK,2,
3,269142,POINT_N_CLICK,2,
3,269177,POINT_N_CLICK,2,
3,269210,POINT_N_CLICK,2,
3,269243,POINT_N_CLICK,2,
3,269277,POINT_N_CLICK,2,
3,269309,POINT_N_CLICK,2,
3,269343,POINT_N_CLICK,2,
3,269378,POINT_N_CLICK,2,
3,269410,POINT_N_CLICK,2,
3,269444,POINT_N_CLICK,2,
3,269478,POINT_N_CLICK,2,
3,269509,POINT_N_CLICK,2,
3,269543,POINT_N_CLICK,2,
3,269575,POINT_N_CLICK,2,
3,269610,POINT_N_CLICK,2,
3,269643,POINT_N_CLICK,2,
3,269676,POINT_N_CLICK,2,
3,269711,POINT_N_CLICK,2,
3,269742,POINT_N_CLICK,2,
3,269778,POINT_N_CLICK,2,
3,269809,POINT_N_CLICK,2,
3,269845,POINT_N_CLICK,2,
3,269875,POINT_N_CLICK,2,
3,269910,POINT_N_CLICK,2,
3,269943,POINT_N_CLICK,2,
3,269977,POINT_N_CLICK,2,
3,270009,POINT_N_CLICK,2,
3,270044,POINT_N_CLICK,2,
3,270076,POINT_N_CLICK,2,
3,270111,POINT_N_CLICK,2,
3,270142,POINT_N_CLICK,2,
3,270178,POINT_N_CLICK,2,
3,270211,POINT_N_CLICK,2,
3,270243,POINT_N_CLICK,2,
3,270276,POINT_N_CLICK,2,
3,270310,POINT_N_CLICK,2,
3,270343,POINT_N_CLICK,2,
3,270376,POINT_N_CLICK,2,
3,270410,POINT_N_CLICK,2,
3,270443,POINT_N_CLICK,2,
3,270476,POINT_N_CLICK,2,
3,270511,POINT_N_CLICK,2,
3,270544,POINT_N_CLICK,2,
3,270577,POINT_N_CLICK,2,
3,270611,POINT_N_CLICK,2,
3,270645,POINT_N_CLICK,2,
3,270676,POINT_N_CLICK,2,
3,270710,POINT_N_CLICK,2,
3,270743,POINT_N_CLICK,2,
3,270776,POINT_N_CLICK,2,
3,270809,POINT_N_CLICK,2,
3,270843,POINT_N_CLICK,2,
3,270877,POINT_N_CLICK,2,
3,270910,POINT_N_CLICK,2,
3,270945,POINT_N_CLICK,2,
3,270977,POINT_N_CLICK,2,
3,271011,POINT_N_CLICK,2,
3,271045,POINT_N_CLICK,2,
3,271076,POINT_N_CLICK,2,
3,271110,POINT_N_CLICK,2,
3,271143,POINT_N_CLICK,2,
3,271176,POINT_N_CLICK,2,
3,271209,POINT_N_CLICK,2,
3,271243,POINT_N_CLICK,2,
3,271276,POINT_N_CLICK,2,
3,271310,POINT_N_CLICK,2,
3,271343,POINT_N_CLICK,2,
3,271377,POINT_N_CLICK,2,
3,271410,POINT_N_CLICK,2,
3,271444,POINT_N_CLICK,2,
3,271478,POINT_N_CLICK,2,
3,271511,POINT_N_CLICK,2,
3,271544,POINT_N_CLICK,2,
3,271576,POINT_N_CLICK,2,
3,271609,POINT_N_CLICK,2,
3,271643,POINT_N_CLICK,2,
3,271673,POINT_N_CLICK,2,
3,271711,POINT_N_CLICK,2,
3,271743,POINT_N_CLICK,2,
3,271776,POINT_N_CLICK,2,
3,271811,POINT_N_CLICK,2,
3,271845,POINT_N_CLICK,2,
3,271876,POINT_N_CLICK,2,
3,271911,POINT_N_CLICK,2,
3,271945,POINT_N_CLICK,2,
3,271976,POINT_N_CLICK,2,
3,272009,POINT_N_CLICK,2,
3,272043,POINT_N_CLICK,2,
3,272076,POINT_N_CLICK,2,
3,272110,POINT_N_CLICK,2,
3,272143,POINT_N_CLICK,2,
3,272177,POINT_N_CLICK,2,
3,272210,POINT_N_CLICK,2,
3,272244,POINT_N_CLICK,2,
3,272277,POINT_N_CLICK,2,
3,272310,POINT_N_CLICK,2,
3,272344,POINT_N_CLICK,2,
3,272377,POINT_N_CLICK,2,
3,272411,POINT_N_CLICK,2,
3,272444,POINT_N_CLICK,2,
3,272477,POINT_N_CLICK,2,
3,272511,POINT_N_CLICK,2,
3,272542,POINT_N_CLICK,2,
3,272576,POINT_N_CLICK,2,
3,272610,POINT_N_CLICK,2,
3,272644,POINT_N_CLICK,2,
3,272676,POINT_N_CLICK,2,
3,272711,POINT_N_CLICK,2,
3,272743,POINT_N_CLICK,2,
3,272777,POINT_N_CLICK,2,
3,272810,POINT_N_CLICK,2,
3,272844,POINT_N_CLICK,2,
3,272877,POINT_N_CLICK,2,
3,272911,POINT_N_CLICK,2,
3,272944,POINT_N_CLICK,2,
3,272978,POINT_N_CLICK,2,
3,273011,POINT_N_CLICK,2,
3,273045,POINT_N_CLICK,2,
3,273078,POINT_N_CLICK,2,
3,273112,POINT_N_CLICK,2,
3,273143,POINT_N_CLICK,2,
3,273176,POINT_N_CLICK,2,
3,273209,POINT_N_CLICK,2,
3,273243,POINT_N_CLICK,2,
3,273276,POINT_N_CLICK,2,
3,273310,POINT_N_CLICK,2,
3,273344,POINT_N_CLICK,2,
3,273377,POINT_N_CLICK,2,
3,273409,POINT_N_CLICK,2,
3,273444,POINT_N_CLICK,2,
3,273478,POINT_N_CLICK,2,
3,273510,POINT_N_CLICK,2,
3,273544,POINT_N_CLICK,2,
3,273578,POINT_N_CLICK,2,
3,273609,POINT_N_CLICK,2,
3,273643,POINT_N_CLICK,2,
3,273676,POINT_N_CLICK,2,
3,273710,POINT_N_CLICK,2,
3,273743,POINT_N_CLICK,2,
3,273778,POINT_N_CLICK,2,
3,273810,POINT_N_CLICK,2,
3,273843,POINT_N_CLICK,2,
3,273876,POINT_N_CLICK,2,
3,273911,POINT_N_CLICK,2,
3,273944,POINT_N_CLICK,2,
3,273977,POINT_N_CLICK,2,
3,274011,POINT_N_CLICK,2,
3,274044,POINT_N_CLICK,2,
3,274078,POINT_N_CLICK,2,
3,274808,POINT_N_CLICK,3,
3,274843,POINT_N_CLICK,3,
3,274876,POINT_N_CLICK,3,
3,274910,POINT_N_CLICK,3,
3,274943,POINT_N_CLICK,3,
3,274977,POINT_N_CLICK,3,
3,275011,POINT_N_CLICK,3,
3,275043,POINT_N_CLICK,3,
3,275077,POINT_N_CLICK,3,
3,275111,POINT_N_CLICK,3,
3,275144,POINT_N_CLICK,3,
3,275178,POINT_N_CLICK,3,
3,275211,POINT_N_CLICK,3,
3,275245,POINT_N_CLICK,3,
3,275277,POINT_N_CLICK,3,
3,275311,POINT_N_CLICK,3,
3,275343,POINT_N_CLICK,3,
3,275376,POINT_N_CLICK,3,
3,275409,POINT_N_CLICK,3,
3,275443,POINT_N_CLICK,3,
3,275476,POINT_N_CLICK,3,
3,275510,POINT_N_CLICK,3,
3,275543,POINT_N_CLICK,3,
3,275577,POINT_N_CLICK,3,
3,275610,POINT_N_CLICK,3,
3,275644,POINT_N_CLICK,3,
3,275677,POINT_N_CLICK,3,
3,275710,POINT_N_CLICK,3,
3,275744,POINT_N_CLICK,3,
3,275778,POINT_N_CLICK,3,
3,275810,POINT_N_CLICK,3,
3,275844,POINT_N_CLICK,3,
3,275878,POINT_N_CLICK,3,
3,275911,POINT_N_CLICK,3,
3,275944,POINT_N_CLICK,3,
3,275978,POINT_N_CLICK,3,
3,276011,POINT_N_CLICK,3,
3,276043,POINT_N_CLICK,3,
3,276076,POINT_N_CLICK,3,
3,276110,POINT_N_CLICK,3,
3,276143,POINT_N_CLICK,3,
3,276177,POINT_N_CLICK,3,
3,276210,POINT_N_CLICK,3,
3,276244,POINT_N_CLICK,3,
3,276276,POINT_N_CLICK,3,
3,276310,POINT_N_CLICK,3,
3,276343,POINT_N_CLICK,3,
3,276377,POINT_N_CLICK,3,
3,276410,POINT_N_CLICK,3,
3,276444,POINT_N_CLICK,3,
3,276477,POINT_N_CLICK,3,
3,276511,POINT_N_CLICK,3,
3,276544,POINT_N_CLICK,3,
3,276578,POINT_N_CLICK,3,
3,276611,POINT_N_CLICK,3,
3,276645,POINT_N_CLICK,3,
3,276673,POINT_N_CLICK,3,
3,276712,POINT_N_CLICK,3,
3,276745,POINT_N_CLICK,3,
3,276776,POINT_N_CLICK,3,
3,276810,POINT_N_CLICK,3,
3,276843,POINT_N_CLICK,3,
3,276876,POINT_N_CLICK,3,
3,276910,POINT_N_CLICK,3,
3,276944,POINT_N_CLICK,3,
3,276977,POINT_N_CLICK,3,
3,277011,POINT_N_CLICK,3,
3,277044,POINT_N_CLICK,3,
3,277077,POINT_N_CLICK,3,
3,277111,POINT_N_CLICK,3,
3,277144,POINT_N_CLICK,3,
3,277177,POINT_N_CLICK,3,
3,277211,POINT_N_CLICK,3,
3,277244,POINT_N_CLICK,3,
3,277277,POINT_N_CLICK,3,
3,277311,POINT_N_CLICK,3,
3,277345,POINT_N_CLICK,3,
3,277378,POINT_N_CLICK,3,
3,277412,POINT_N_CLICK,3,
3,277445,POINT_N_CLICK,3,
3,277478,POINT_N_CLICK,3,
3,277512,POINT_N_CLICK,3,
3,277545,POINT_N_CLICK,3,
3,277579,POINT_N_CLICK,3,
3,277610,POINT_N_CLICK,3,
3,277643,POINT_N_CLICK,3,
3,277677,POINT_N_CLICK,3,
3,277710,POINT_N_CLICK,3,
3,277743,POINT_N_CLICK,3,
3,277777,POINT_N_CLICK,3,
3,277810,POINT_N_CLICK,3,
3,277844,POINT_N_CLICK,3,
3,277877,POINT_N_CLICK,3,
3,277910,POINT_N_CLICK,3,
3,277944,POINT_N_CLICK,3,
3,277978,POINT_N_CLICK,3,
3,278011,POINT_N_CLICK,3,
3,278044,POINT_N_CLICK,3,
3,278078,POINT_N_CLICK,3,
3,278110,POINT_N_CLICK,3,
3,278146,POINT_N_CLICK,3,
3,278179,POINT_N_CLICK,3,
3,278211,POINT_N_CLICK,3,
3,278246,POINT_N_CLICK,3,
3,278278,POINT_N_CLICK,3,
3,278312,POINT_N_CLICK,3,
3,278345,POINT_N_CLICK,3,
3,278379,POINT_N_CLICK,3,
3,278413,POINT_N_CLICK,3,
3,278443,POINT_N_CLICK,3,
3,278477,POINT_N_CLICK,3,
3,278510,POINT_N_CLICK,3,
3,278543,POINT_N_CLICK,3,
3,278577,POINT_N_CLICK,3,
3,278611,POINT_N_CLICK,3,
3,278644,POINT_N_CLICK,3,
3,278677,POINT_N_CLICK,3,
3,278711,POINT_N_CLICK,3,
3,278744,POINT_N_CLICK,3,
3,278777,POINT_N_CLICK,3,
3,278810,POINT_N_CLICK,3,
3,278844,POINT_N_CLICK,3,
3,278878,POINT_N_CLICK,3,
3,278911,POINT_N_CLICK,3,
3,278944,POINT_N_CLICK,3,
3,278977,POINT_N_CLICK,3,
3,279012,POINT_N_CLICK,3,
3,279045,POINT_N_CLICK,3,
3,279078,POINT_N_CLICK,3,
3,279110,POINT_N_CLICK,3,
3,279147,POINT_N_CLICK,3,
3,279176,POINT_N_CLICK,3,
3,279211,POINT_N_CLICK,3,
3,279244,POINT_N_CLICK,3,
3,279277,POINT_N_CLICK,3,
3,280079,POINT_N_CLICK,4,
3,280111,POINT_N_CLICK,4,
3,280144,POINT_N_CLICK,4,
3,280179,POINT_N_CLICK,4,
3,280211,POINT_N_CLICK,4,
3,280247,POINT_N_CLICK,4,
3,280281,POINT_N_CLICK,4,
3,280311,POINT_N_CLICK,4,
3,280348,POINT_N_CLICK,4,
3,280377,POINT_N_CLICK,4,
3,280414,POINT_N_CLICK,4,
3,280444,POINT_N_CLICK,4,
3,280481,POINT_N_CLICK,4,
3,280511,POINT_N_CLICK,4,
3,280545,POINT_N_CLICK,4,
3,280579,POINT_N_CLICK,4,
3,280612,POINT_N_CLICK,4,
3,280644,POINT_N_CLICK,4,
3,280679,POINT_N_CLICK,4,
3,280712,POINT_N_CLICK,4,
3,280745,POINT_N_CLICK,4,
3,280775,POINT_N_CLICK,4,
3,280813,POINT_N_CLICK,4,
3,280845,POINT_N_CLICK,4,
3,280879,POINT_N_CLICK,4,
3,280913,POINT_N_CLICK,4,
3,280945,POINT_N_CLICK,4,
3,280977,POINT_N_CLICK,4,
3,281013,POINT_N_CLICK,4,
3,281046,POINT_N_CLICK,4,
3,281079,POINT_N_CLICK,4,
3,281113,POINT_N_CLICK,4,
3,281145,POINT_N_CLICK,4,
3,281179,POINT_N_CLICK,4,
3,281212,POINT_N_CLICK,4,
3,281246,POINT_N_CLICK,4,
3,281279,POINT_N_CLICK,4,
3,281312,POINT_N_CLICK,4,
3,281346,POINT_N_CLICK,4,
3,281379,POINT_N_CLICK,4,
3,281413,POINT_N_CLICK,4,
3,281446,POINT_N_CLICK,4,
3,281479,POINT_N_CLICK,4,
3,281513,POINT_N_CLICK,4,
3,281546,POINT_N_CLICK,4,
3,281578,POINT_N_CLICK,4,
3,281613,POINT_N_CLICK,4,
3,281645,POINT_N_CLICK,4,
3,281674,POINT_N_CLICK,4,
3,281713,POINT_N_CLICK,4,
3,281746,POINT_N_CLICK,4,
3,281778,POINT_N_CLICK,4,
3,281813,POINT_N_CLICK,4,
3,281845,POINT_N_CLICK,4,
3,281879,POINT_N_CLICK,4,
3,281913,POINT_N_CLICK,4,
3,281945,POINT_N_CLICK,4,
3,281976,POINT_N_CLICK,4,
3,282013,POINT_N_CLICK,4,
3,282046,POINT_N_CLICK,4,
3,282078,POINT_N_CLICK,4,
3,282113,POINT_N_CLICK,4,
3,282146,POINT_N_CLICK,4,
3,282179,POINT_N_CLICK,4,
3,282212,POINT_N_CLICK,4,
3,282245,POINT_N_CLICK,4,
3,282279,POINT_N_CLICK,4,
3,282312,POINT_N_CLICK,4,
3,282345,POINT_N_CLICK,4,
3,282380,POINT_N_CLICK,4,
3,282412,POINT_N_CLICK,4,
3,282446,POINT_N_CLICK,4,
3,282479,POINT_N_CLICK,4,
3,282513,POINT_N_CLICK,4,
3,282546,POINT_N_CLICK,4,
3,282578,POINT_N_CLICK,4,
3,282614,POINT_N_CLICK,4,
3,282645,POINT_N_CLICK,4,
3,282675,POINT_N_CLICK,4,
3,282713,POINT_N_CLICK,4,
3,282745,POINT_N_CLICK,4,
3,282779,POINT_N_CLICK,4,
3,282813,POINT_N_CLICK,4,
3,282846,POINT_N_CLICK,4,
3,282879,POINT_N_CLICK,4,
3,282912,POINT_N_CLICK,4,
3,282945,POINT_N_CLICK,4,
3,282979,POINT_N_CLICK,4,
3,283012,POINT_N_CLICK,4,
3,283047,POINT_N_CLICK,4,
3,283078,POINT_N_CLICK,4,
3,283115,POINT_N_CLICK,4,
3,283145,POINT_N_CLICK,4,
3,283182,POINT_N_CLICK,4,
3,283211,POINT_N_CLICK,4,
3,283249,POINT_N_CLICK,4,
3,283278,POINT_N_CLICK,4,
3,283315,POINT_N_CLICK,4,
3,283344,POINT_N_CLICK,4,
3,283381,POINT_N_CLICK,4,
3,283412,POINT_N_CLICK,4,
3,283449,POINT_N_CLICK,4,
3,283478,POINT_N_CLICK,4,
3,283515,POINT_N_CLICK,4,
3,283544,POINT_N_CLICK,4,
3,283582,POINT_N_CLICK,4,
3,283612,POINT_N_CLICK,4,
3,283648,POINT_N_CLICK,4,
3,283678,POINT_N_CLICK,4,
3,283715,POINT_N_CLICK,4,
3,283744,POINT_N_CLICK,4,
3,283782,POINT_N_CLICK,4,
3,283811,POINT_N_CLICK,4,
3,283848,POINT_N_CLICK,4,
3,283878,POINT_N_CLICK,4,
3,283916,POINT_N_CLICK,4,
3,283945,POINT_N_CLICK,4,
3,283982,POINT_N_CLICK,4,
3,284011,POINT_N_CLICK,4,
3,284049,POINT_N_CLICK,4,
3,284078,POINT_N_CLICK,4,
3,284115,POINT_N_CLICK,4,
3,284144,POINT_N_CLICK,4,
3,284182,POINT_N_CLICK,4,
3,284211,POINT_N_CLICK,4,
3,284249,POINT_N_CLICK,4,
3,284278,POINT_N_CLICK,4,
3,284315,POINT_N_CLICK,4,
3,284344,POINT_N_CLICK,4,
3,284382,POINT_N_CLICK,4,
3,284411,POINT_N_CLICK,4,
3,284449,POINT_N_CLICK,4,
3,284478,POINT_N_CLICK,4,
