       participant_id  timestamp  ... label  row_id
0                   0      16836  ...             0
1                   0      16870  ...             1
2                   0      16904  ...             2
3                   0      16937  ...             3
4                   0      16969  ...             4
...               ...        ...  ...   ...     ...
18219               3     284344  ...         18219
18220               3     284382  ...         18220
18221               3     284411  ...         18221
18222               3     284449  ...         18222
18223               3     284478  ...         18223

[18224 rows x 19 columns]
+ Processing task: BA_LEFT_CLICK
> Predicted label: 4 NONE
> Predicted label: 5 NONE
> Predicted label: 6 NONE
> Predicted label: 7 NONE
> Predicted label: 8 NONE
> Predicted label: 9 NONE
> Predicted label: 10 NONE
> Predicted label: 11 NONE
> Predicted label: 12 NONE
> Predicted label: 13 NONE
> Predicted label: 14 NONE
> Predicted label: 15 NONE
> Predicted label: 16 NONE
> Predicted label: 17 NONE
> Predicted label: 18 NONE
> Predicted label: 19 NONE
> Predicted label: 20 NONE
> Predicted label: 21 NONE
> Predicted label: 22 NONE
> Predicted label: 23 NONE
> Predicted label: 24 NONE
> Predicted label: 25 NONE
> Predicted label: 26 NONE
> Predicted label: 27 NONE
> Predicted label: 28 NONE
> Predicted label: 29 NONE
> Predicted label: 30 NONE
> Predicted label: 31 NONE
> Predicted label: 32 NONE
> Predicted label: 33 NONE
> Predicted label: 34 NONE
> Predicted label: 35 NONE
> Predicted label: 36 NONE
> Predicted label: 37 LEFT_PRESS
> Predicted label: 38 LEFT_PRESS
> Predicted label: 39 LEFT_PRESS
> Predicted label: 40 LEFT_PRESS
> Predicted label: 41 LEFT_PRESS
> Predicted label: 42 LEFT_PRESS
> Predicted label: 43 LEFT_PRESS
> Predicted label: 44 LEFT_PRESS
> Predicted label: 45 LEFT_PRESS
> Predicted label: 46 LEFT_PRESS
> Predicted label: 47 LEFT_PRESS
> Predicted label: 48 LEFT_PRESS
> Predicted label: 49 LEFT_PRESS
> Predicted label: 50 LEFT_RELEASE
> Predicted label: 51 LEFT_RELEASE
> Predicted label: 52 LEFT_RELEASE
> Predicted label: 53 LEFT_RELEASE
> Predicted label: 54 LEFT_RELEASE
> Predicted label: 55 LEFT_RELEASE
> Predicted label: 56 LEFT_RELEASE
> Predicted label: 57 LEFT_RELEASE
> Predicted label: 58 LEFT_RELEASE
> Predicted label: 59 LEFT_RELEASE
> Predicted label: 60 LEFT_RELEASE
> Predicted label: 61 NONE
> Predicted label: 62 NONE
> Predicted label: 63 NONE
> Predicted label: 64 NONE
> Predicted label: 65 NONE
> Predicted label: 66 NONE
> Predicted label: 67 NONE
> Predicted label: 68 NONE
> Predicted label: 69 NONE
> Predicted label: 70 NONE
> Predicted label: 71 NONE
> Predicted label: 72 NONE
> Predicted label: 73 NONE
> Predicted label: 74 NONE
> Predicted label: 75 NONE
> Predicted label: 76 NONE
> Predicted label: 77 NONE
> Predicted label: 78 NONE
> Predicted label: 79 NONE
> Predicted label: 80 NONE
> Predicted label: 81 NONE
> Predicted label: 82 NONE
> Predicted label: 83 NONE
> Predicted label: 84 NONE
> Predicted label: 85 NONE
> Predicted label: 86 NONE
> Predicted label: 87 NONE
> Predicted label: 88 NONE
> Predicted label: 89 NONE
> Predicted label: 90 NONE
> Predicted label: 4829 NONE
> Predicted label: 4830 NONE
> Predicted label: 4831 NONE
> Predicted label: 4832 LEFT_PRESS
> Predicted label: 4833 LEFT_PRESS
> Predicted label: 4834 LEFT_PRESS
> Predicted label: 4835 LEFT_PRESS
> Predicted label: 4836 LEFT_PRESS
> Predicted label: 4837 LEFT_PRESS
> Predicted label: 4838 LEFT_PRESS
> Predicted label: 4839 LEFT_PRESS
> Predicted label: 4840 LEFT_PRESS
> Predicted label: 4841 LEFT_PRESS
> Predicted label: 4842 LEFT_PRESS
> Predicted label: 4843 LEFT_PRESS
> Predicted label: 4844 LEFT_PRESS
> Predicted label: 4845 LEFT_PRESS
> Predicted label: 4846 LEFT_PRESS
> Predicted label: 4847 LEFT_PRESS
> Predicted label: 4848 LEFT_PRESS
> Predicted label: 4849 LEFT_PRESS
> Predicted label: 4850 LEFT_PRESS
> Predicted label: 4851 LEFT_PRESS
> Predicted label: 4852 LEFT_PRESS
> Predicted label: 4853 LEFT_PRESS
> Predicted label: 4854 LEFT_PRESS
> Predicted label: 4855 LEFT_PRESS
> Predicted label: 4856 LEFT_PRESS
> Predicted label: 4857 LEFT_PRESS
> Predicted label: 4858 LEFT_PRESS
> Predicted label: 4859 LEFT_PRESS
> Predicted label: 4860 LEFT_PRESS
> Predicted label: 4861 LEFT_PRESS
> Predicted label: 4862 LEFT_PRESS
> Predicted label: 4863 LEFT_PRESS
> Predicted label: 4864 LEFT_PRESS
> Predicted label: 4865 LEFT_PRESS
> Predicted label: 4866 LEFT_PRESS
> Predicted label: 4867 LEFT_PRESS
> Predicted label: 4868 LEFT_PRESS
> Predicted label: 4869 LEFT_PRESS
> Predicted label: 4870 LEFT_PRESS
> Predicted label: 4871 LEFT_PRESS
> Predicted label: 4872 LEFT_PRESS
> Predicted label: 4873 LEFT_PRESS
> Predicted label: 4874 LEFT_PRESS
> Predicted label: 4875 LEFT_PRESS
> Predicted label: 4876 LEFT_PRESS
> Predicted label: 4877 LEFT_PRESS
> Predicted label: 4878 LEFT_PRESS
> Predicted label: 4879 LEFT_PRESS
> Predicted label: 4880 LEFT_PRESS
> Predicted label: 4881 LEFT_PRESS
> Predicted label: 4882 LEFT_PRESS
> Predicted label: 4883 LEFT_PRESS
> Predicted label: 4884 LEFT_PRESS
> Predicted label: 4885 LEFT_PRESS
> Predicted label: 4886 LEFT_PRESS
> Predicted label: 4887 LEFT_PRESS
> Predicted label: 4888 LEFT_PRESS
> Predicted label: 4889 LEFT_PRESS
> Predicted label: 4890 LEFT_PRESS
> Predicted label: 4891 LEFT_PRESS
> Predicted label: 4892 LEFT_PRESS
> Predicted label: 4893 LEFT_PRESS
> Predicted label: 4894 LEFT_PRESS
> Predicted label: 4895 LEFT_PRESS
> Predicted label: 4896 LEFT_PRESS
> Predicted label: 4897 LEFT_PRESS
> Predicted label: 4898 LEFT_PRESS
> Predicted label: 4899 LEFT_PRESS
> Predicted label: 4900 LEFT_PRESS
> Predicted label: 4901 LEFT_PRESS
> Predicted label: 4902 LEFT_PRESS
> Predicted label: 4903 LEFT_PRESS
> Predicted label: 4904 LEFT_PRESS
> Predicted label: 4905 LEFT_PRESS
> Predicted label: 4906 LEFT_PRESS
> Predicted label: 4907 LEFT_PRESS
> Predicted label: 4908 LEFT_PRESS
> Predicted label: 4909 LEFT_RELEASE
> Predicted label: 4910 LEFT_RELEASE
> Predicted label: 4911 LEFT_RELEASE
> Predicted label: 4912 LEFT_RELEASE
> Predicted label: 4913 LEFT_RELEASE
> Predicted label: 4914 LEFT_RELEASE
> Predicted label: 4915 LEFT_PRESS
> Predicted label: 4916 LEFT_PRESS
> Predicted label: 4917 LEFT_PRESS
> Predicted label: 4918 LEFT_PRESS
> Predicted label: 4919 LEFT_PRESS
> Predicted label: 4920 LEFT_PRESS
> Predicted label: 4921 LEFT_PRESS
> Predicted label: 4922 LEFT_PRESS
> Predicted label: 4923 LEFT_PRESS
> Predicted label: 4924 LEFT_PRESS
> Predicted label: 4925 LEFT_PRESS
> Predicted label: 4926 LEFT_PRESS
> Predicted label: 4927 LEFT_PRESS
> Predicted label: 9605 LEFT_PRESS
> Predicted label: 9606 LEFT_PRESS
> Predicted label: 9607 LEFT_PRESS
> Predicted label: 9608 LEFT_PRESS
> Predicted label: 9609 LEFT_PRESS
> Predicted label: 9610 LEFT_PRESS
> Predicted label: 9611 LEFT_PRESS
> Predicted label: 9612 LEFT_PRESS
> Predicted label: 9613 LEFT_PRESS
> Predicted label: 9614 LEFT_PRESS
> Predicted label: 9615 LEFT_PRESS
> Predicted label: 9616 LEFT_PRESS
> Predicted label: 9617 LEFT_PRESS
> Predicted label: 9618 LEFT_PRESS
> Predicted label: 9619 LEFT_PRESS
> Predicted label: 9620 LEFT_PRESS
> Predicted label: 9621 LEFT_PRESS
> Predicted label: 9622 LEFT_PRESS
> Predicted label: 9623 LEFT_PRESS
> Predicted label: 9624 NONE
> Predicted label: 9625 NONE
> Predicted label: 9626 NONE
> Predicted label: 9627 NONE
> Predicted label: 9628 NONE
> Predicted label: 9629 NONE
> Predicted label: 9630 NONE
> Predicted label: 9631 NONE
> Predicted label: 9632 NONE
> Predicted label: 9633 NONE
> Predicted label: 9634 NONE
> Predicted label: 9635 NONE
> Predicted label: 9636 NONE
> Predicted label: 9637 NONE
> Predicted label: 9638 LEFT_PRESS
> Predicted label: 9639 LEFT_PRESS
> Predicted label: 9640 LEFT_PRESS
> Predicted label: 9641 LEFT_PRESS
> Predicted label: 9642 LEFT_PRESS
> Predicted label: 9643 LEFT_PRESS
> Predicted label: 9644 LEFT_PRESS
> Predicted label: 9645 LEFT_PRESS
> Predicted label: 9646 LEFT_PRESS
> Predicted label: 9647 LEFT_PRESS
> Predicted label: 9648 LEFT_PRESS
> Predicted label: 9649 LEFT_PRESS
> Predicted label: 9650 LEFT_RELEASE
> Predicted label: 9651 LEFT_RELEASE
> Predicted label: 9652 LEFT_RELEASE
> Predicted label: 9653 LEFT_RELEASE
> Predicted label: 9654 LEFT_RELEASE
> Predicted label: 9655 LEFT_RELEASE
> Predicted label: 9656 LEFT_RELEASE
> Predicted label: 9657 LEFT_RELEASE
> Predicted label: 9658 LEFT_RELEASE
> Predicted label: 9659 LEFT_RELEASE
> Predicted label: 9660 NONE
> Predicted label: 9661 NONE
> Predicted label: 9662 NONE
> Predicted label: 9663 NONE
> Predicted label: 9664 NONE
> Predicted label: 9665 NONE
> Predicted label: 9666 NONE
> Predicted label: 9667 NONE
> Predicted label: 9668 NONE
> Predicted label: 9669 NONE
> Predicted label: 9670 NONE
> Predicted label: 14202 LEFT_PRESS
> Predicted label: 14203 LEFT_PRESS
> Predicted label: 14204 LEFT_PRESS
> Predicted label: 14205 LEFT_PRESS
> Predicted label: 14206 NONE
> Predicted label: 14207 NONE
> Predicted label: 14208 NONE
> Predicted label: 14209 NONE
> Predicted label: 14210 NONE
> Predicted label: 14211 NONE
> Predicted label: 14212 NONE
> Predicted label: 14213 NONE
> Predicted label: 14214 NONE
> Predicted label: 14215 NONE
> Predicted label: 14216 NONE
> Predicted label: 14217 NONE
> Predicted label: 14218 NONE
> Predicted label: 14219 NONE
> Predicted label: 14220 NONE
> Predicted label: 14221 NONE
> Predicted label: 14222 NONE
> Predicted label: 14223 NONE
> Predicted label: 14224 NONE
> Predicted label: 14225 NONE
> Predicted label: 14226 NONE
> Predicted label: 14227 NONE
> Predicted label: 14228 NONE
> Predicted label: 14229 NONE
> Predicted label: 14230 NONE
> Predicted label: 14231 NONE
> Predicted label: 14232 NONE
> Predicted label: 14233 NONE
> Predicted label: 14234 NONE
> Predicted label: 14235 NONE
> Predicted label: 14236 NONE
> Predicted label: 14237 LEFT_PRESS
> Predicted label: 14238 LEFT_PRESS
> Predicted label: 14239 LEFT_PRESS
> Predicted label: 14240 LEFT_PRESS
> Predicted label: 14241 LEFT_PRESS
> Predicted label: 14242 LEFT_PRESS
> Predicted label: 14243 LEFT_PRESS
> Predicted label: 14244 LEFT_PRESS
> Predicted label: 14245 LEFT_PRESS
> Predicted label: 14246 LEFT_PRESS
> Predicted label: 14247 LEFT_PRESS
> Predicted label: 14248 LEFT_PRESS
> Predicted label: 14249 LEFT_PRESS
> Predicted label: 14250 LEFT_PRESS
> Predicted label: 14251 LEFT_PRESS
> Predicted label: 14252 LEFT_PRESS
> Predicted label: 14253 LEFT_PRESS
> Predicted label: 14254 LEFT_PRESS
> Predicted label: 14255 LEFT_PRESS
> Predicted label: 14256 LEFT_PRESS
> Predicted label: 14257 LEFT_PRESS
> Predicted label: 14258 LEFT_PRESS
> Predicted label: 14259 LEFT_PRESS
> Predicted label: 14260 LEFT_PRESS
> Predicted label: 14261 LEFT_PRESS
> Predicted label: 14262 LEFT_PRESS
> Predicted label: 14263 LEFT_PRESS
> Predicted label: 14264 LEFT_PRESS
> Predicted label: 14265 LEFT_PRESS
> Predicted label: 14266 LEFT_RELEASE
> Predicted label: 14267 LEFT_RELEASE
> Predicted label: 14268 LEFT_RELEASE
> Predicted label: 14269 LEFT_RELEASE
> Predicted label: 14270 LEFT_RELEASE
> Predicted label: 14271 LEFT_RELEASE
> Predicted label: 14272 LEFT_RELEASE
> Predicted label: 14273 NONE
> Predicted label: 14274 NONE
> Predicted label: 14275 NONE
> Predicted label: 14276 NONE
> Predicted label: 14277 NONE
> Predicted label: 14278 NONE
> Predicted label: 14279 NONE
> Predicted label: 14280 NONE
> Predicted label: 14281 NONE
> Predicted label: 14282 NONE
> Predicted label: 14283 NONE
> Predicted label: 95 LEFT_PRESS
> Predicted label: 96 LEFT_PRESS
> Predicted label: 97 LEFT_PRESS
> Predicted label: 98 LEFT_PRESS
> Predicted label: 99 LEFT_PRESS
> Predicted label: 100 LEFT_PRESS
> Predicted label: 101 LEFT_PRESS
> Predicted label: 102 LEFT_PRESS
> Predicted label: 103 LEFT_PRESS
> Predicted label: 104 LEFT_PRESS
> Predicted label: 105 LEFT_PRESS
> Predicted label: 106 LEFT_PRESS
> Predicted label: 107 LEFT_PRESS
> Predicted label: 108 LEFT_PRESS
> Predicted label: 109 LEFT_PRESS
> Predicted label: 110 LEFT_PRESS
> Predicted label: 111 LEFT_PRESS
> Predicted label: 112 LEFT_PRESS
> Predicted label: 113 LEFT_PRESS
> Predicted label: 114 LEFT_PRESS
> Predicted label: 115 LEFT_PRESS
> Predicted label: 116 LEFT_PRESS
> Predicted label: 117 LEFT_PRESS
> Predicted label: 118 LEFT_PRESS
> Predicted label: 119 LEFT_PRESS
> Predicted label: 120 LEFT_PRESS
> Predicted label: 121 LEFT_PRESS
> Predicted label: 122 LEFT_PRESS
> Predicted label: 123 LEFT_PRESS
> Predicted label: 124 LEFT_PRESS
> Predicted label: 125 LEFT_PRESS
> Predicted label: 126 LEFT_PRESS
> Predicted label: 127 LEFT_PRESS
> Predicted label: 128 LEFT_PRESS
> Predicted label: 129 LEFT_PRESS
> Predicted label: 130 LEFT_PRESS
> Predicted label: 131 LEFT_PRESS
> Predicted label: 132 LEFT_PRESS
> Predicted label: 133 LEFT_PRESS
> Predicted label: 134 LEFT_PRESS
> Predicted label: 135 LEFT_PRESS
> Predicted label: 136 LEFT_PRESS
> Predicted label: 137 LEFT_PRESS
> Predicted label: 138 LEFT_PRESS
> Predicted label: 139 LEFT_RELEASE
> Predicted label: 140 LEFT_RELEASE
> Predicted label: 141 LEFT_RELEASE
> Predicted label: 142 LEFT_RELEASE
> Predicted label: 143 LEFT_RELEASE
> Predicted label: 144 LEFT_RELEASE
> Predicted label: 145 LEFT_RELEASE
> Predicted label: 146 LEFT_RELEASE
> Predicted label: 147 NONE
> Predicted label: 148 NONE
> Predicted label: 149 NONE
> Predicted label: 150 NONE
> Predicted label: 151 NONE
> Predicted label: 152 NONE
> Predicted label: 153 NONE
> Predicted label: 154 NONE
> Predicted label: 155 NONE
> Predicted label: 156 NONE
> Predicted label: 157 NONE
> Predicted label: 158 NONE
> Predicted label: 159 NONE
> Predicted label: 4928 NONE
> Predicted label: 4929 LEFT_RELEASE
> Predicted label: 4930 NONE
> Predicted label: 4931 NONE
> Predicted label: 4932 NONE
> Predicted label: 4933 NONE
> Predicted label: 4934 NONE
> Predicted label: 4935 NONE
> Predicted label: 4936 NONE
> Predicted label: 4937 NONE
> Predicted label: 4938 NONE
> Predicted label: 4939 NONE
> Predicted label: 4940 NONE
> Predicted label: 4941 NONE
> Predicted label: 4942 NONE
> Predicted label: 4943 NONE
> Predicted label: 4944 NONE
> Predicted label: 4945 NONE
> Predicted label: 4946 NONE
> Predicted label: 4947 NONE
> Predicted label: 4948 NONE
> Predicted label: 4949 NONE
> Predicted label: 4950 NONE
> Predicted label: 4951 NONE
> Predicted label: 4952 NONE
> Predicted label: 4953 NONE
> Predicted label: 4954 NONE
> Predicted label: 4955 NONE
> Predicted label: 4956 NONE
> Predicted label: 4957 NONE
> Predicted label: 4958 NONE
> Predicted label: 4959 NONE
> Predicted label: 4960 NONE
> Predicted label: 4961 NONE
> Predicted label: 4962 NONE
> Predicted label: 4963 NONE
> Predicted label: 4964 LEFT_PRESS
> Predicted label: 4965 LEFT_PRESS
> Predicted label: 4966 LEFT_PRESS
> Predicted label: 4967 LEFT_PRESS
> Predicted label: 4968 LEFT_PRESS
> Predicted label: 4969 LEFT_PRESS
> Predicted label: 4970 LEFT_PRESS
> Predicted label: 4971 LEFT_PRESS
> Predicted label: 4972 LEFT_PRESS
> Predicted label: 4973 LEFT_PRESS
> Predicted label: 4974 LEFT_PRESS
> Predicted label: 4975 LEFT_PRESS
> Predicted label: 4976 LEFT_PRESS
> Predicted label: 4977 LEFT_RELEASE
> Predicted label: 4978 LEFT_RELEASE
> Predicted label: 4979 LEFT_RELEASE
> Predicted label: 4980 LEFT_RELEASE
> Predicted label: 4981 LEFT_RELEASE
> Predicted label: 4982 LEFT_RELEASE
> Predicted label: 4983 LEFT_RELEASE
> Predicted label: 4984 LEFT_RELEASE
> Predicted label: 4985 LEFT_RELEASE
> Predicted label: 4986 NONE
> Predicted label: 4987 NONE
> Predicted label: 4988 NONE
> Predicted label: 4989 NONE
> Predicted label: 4990 NONE
> Predicted label: 4991 NONE
> Predicted label: 9671 LEFT_PRESS
> Predicted label: 9672 LEFT_PRESS
> Predicted label: 9673 LEFT_PRESS
> Predicted label: 9674 LEFT_PRESS
> Predicted label: 9675 LEFT_PRESS
> Predicted label: 9676 LEFT_PRESS
> Predicted label: 9677 LEFT_PRESS
> Predicted label: 9678 LEFT_PRESS
> Predicted label: 9679 LEFT_PRESS
> Predicted label: 9680 LEFT_PRESS
> Predicted label: 9681 LEFT_PRESS
> Predicted label: 9682 LEFT_PRESS
> Predicted label: 9683 LEFT_PRESS
> Predicted label: 9684 LEFT_PRESS
> Predicted label: 9685 LEFT_PRESS
> Predicted label: 9686 LEFT_PRESS
> Predicted label: 9687 LEFT_PRESS
> Predicted label: 9688 LEFT_PRESS
> Predicted label: 9689 LEFT_PRESS
> Predicted label: 9690 LEFT_PRESS
> Predicted label: 9691 LEFT_PRESS
> Predicted label: 9692 LEFT_PRESS
> Predicted label: 9693 LEFT_PRESS
> Predicted label: 9694 LEFT_PRESS
> Predicted label: 9695 LEFT_PRESS
> Predicted label: 9696 LEFT_PRESS
> Predicted label: 9697 LEFT_PRESS
> Predicted label: 9698 LEFT_PRESS
> Predicted label: 9699 LEFT_PRESS
> Predicted label: 9700 LEFT_PRESS
> Predicted label: 9701 LEFT_PRESS
> Predicted label: 9702 LEFT_PRESS
> Predicted label: 9703 LEFT_PRESS
> Predicted label: 9704 LEFT_PRESS
> Predicted label: 9705 LEFT_PRESS
> Predicted label: 9706 LEFT_PRESS
> Predicted label: 9707 LEFT_PRESS
> Predicted label: 9708 LEFT_PRESS
> Predicted label: 9709 LEFT_PRESS
> Predicted label: 9710 LEFT_PRESS
> Predicted label: 9711 LEFT_PRESS
> Predicted label: 9712 LEFT_PRESS
> Predicted label: 9713 LEFT_PRESS
> Predicted label: 9714 LEFT_RELEASE
> Predicted label: 9715 LEFT_RELEASE
> Predicted label: 9716 LEFT_RELEASE
> Predicted label: 9717 LEFT_RELEASE
> Predicted label: 9718 NONE
> Predicted label: 9719 NONE
> Predicted label: 9720 NONE
> Predicted label: 9721 LEFT_PRESS
> Predicted label: 9722 LEFT_PRESS
> Predicted label: 9723 LEFT_PRESS
> Predicted label: 9724 LEFT_PRESS
> Predicted label: 9725 LEFT_PRESS
> Predicted label: 9726 LEFT_PRESS
> Predicted label: 9727 LEFT_PRESS
> Predicted label: 9728 LEFT_PRESS
> Predicted label: 9729 LEFT_PRESS
> Predicted label: 9730 LEFT_PRESS
> Predicted label: 9731 LEFT_PRESS
> Predicted label: 9732 LEFT_PRESS
> Predicted label: 9733 LEFT_RELEASE
> Predicted label: 9734 LEFT_RELEASE
> Predicted label: 9735 LEFT_RELEASE
> Predicted label: 9736 LEFT_RELEASE
> Predicted label: 9737 LEFT_RELEASE
> Predicted label: 9738 LEFT_RELEASE
> Predicted label: 9739 LEFT_RELEASE
> Predicted label: 9740 LEFT_RELEASE
> Predicted label: 9741 LEFT_RELEASE
> Predicted label: 9742 LEFT_RELEASE
> Predicted label: 9743 LEFT_RELEASE
> Predicted label: 9744 LEFT_RELEASE
> Predicted label: 9745 LEFT_RELEASE
> Predicted label: 9746 NONE
> Predicted label: 9747 NONE
> Predicted label: 9748 NONE
> Predicted label: 9749 NONE
> Predicted label: 9750 NONE
> Predicted label: 9751 NONE
> Predicted label: 9752 NONE
> Predicted label: 14284 NONE
> Predicted label: 14285 LEFT_RELEASE
> Predicted label: 14286 NONE
> Predicted label: 14287 NONE
> Predicted label: 14288 NONE
> Predicted label: 14289 NONE
> Predicted label: 14290 NONE
> Predicted label: 14291 NONE
> Predicted label: 14292 NONE
> Predicted label: 14293 NONE
> Predicted label: 14294 NONE
> Predicted label: 14295 NONE
> Predicted label: 14296 NONE
> Predicted label: 14297 NONE
> Predicted label: 14298 NONE
> Predicted label: 14299 NONE
> Predicted label: 14300 NONE
> Predicted label: 14301 NONE
> Predicted label: 14302 NONE
> Predicted label: 14303 NONE
> Predicted label: 14304 NONE
> Predicted label: 14305 NONE
> Predicted label: 14306 NONE
> Predicted label: 14307 NONE
> Predicted label: 14308 NONE
> Predicted label: 14309 NONE
> Predicted label: 14310 NONE
> Predicted label: 14311 NONE
> Predicted label: 14312 NONE
> Predicted label: 14313 NONE
> Predicted label: 14314 NONE
> Predicted label: 14315 NONE
> Predicted label: 14316 NONE
> Predicted label: 14317 NONE
> Predicted label: 14318 LEFT_PRESS
> Predicted label: 14319 LEFT_PRESS
> Predicted label: 14320 LEFT_PRESS
> Predicted label: 14321 LEFT_PRESS
> Predicted label: 14322 LEFT_PRESS
> Predicted label: 14323 LEFT_PRESS
> Predicted label: 14324 LEFT_PRESS
> Predicted label: 14325 LEFT_PRESS
> Predicted label: 14326 LEFT_PRESS
> Predicted label: 14327 LEFT_PRESS
> Predicted label: 14328 LEFT_PRESS
> Predicted label: 14329 LEFT_RELEASE
> Predicted label: 14330 LEFT_RELEASE
> Predicted label: 14331 LEFT_RELEASE
> Predicted label: 14332 LEFT_RELEASE
> Predicted label: 14333 LEFT_RELEASE
> Predicted label: 14334 LEFT_RELEASE
> Predicted label: 14335 NONE
> Predicted label: 14336 NONE
> Predicted label: 14337 NONE
> Predicted label: 14338 NONE
> Predicted label: 14339 NONE
> Predicted label: 14340 NONE
> Predicted label: 14341 NONE
> Predicted label: 14342 NONE
> Predicted label: 164 NONE
> Predicted label: 165 NONE
> Predicted label: 166 NONE
> Predicted label: 167 NONE
> Predicted label: 168 NONE
> Predicted label: 169 NONE
> Predicted label: 170 NONE
> Predicted label: 171 NONE
> Predicted label: 172 NONE
> Predicted label: 173 NONE
> Predicted label: 174 NONE
> Predicted label: 175 NONE
> Predicted label: 176 NONE
> Predicted label: 177 NONE
> Predicted label: 178 NONE
> Predicted label: 179 NONE
> Predicted label: 180 NONE
> Predicted label: 181 NONE
> Predicted label: 182 NONE
> Predicted label: 183 NONE
> Predicted label: 184 NONE
> Predicted label: 185 NONE
> Predicted label: 186 NONE
> Predicted label: 187 NONE
> Predicted label: 188 NONE
> Predicted label: 189 NONE
> Predicted label: 190 NONE
> Predicted label: 191 NONE
> Predicted label: 192 NONE
> Predicted label: 193 NONE
> Predicted label: 194 NONE
> Predicted label: 195 NONE
> Predicted label: 196 NONE
> Predicted label: 197 NONE
> Predicted label: 198 NONE
> Predicted label: 199 NONE
> Predicted label: 200 NONE
> Predicted label: 201 NONE
> Predicted label: 202 NONE
> Predicted label: 203 NONE
> Predicted label: 204 NONE
> Predicted label: 205 NONE
> Predicted label: 206 NONE
> Predicted label: 207 NONE
> Predicted label: 208 NONE
> Predicted label: 209 NONE
> Predicted label: 210 LEFT_PRESS
> Predicted label: 211 LEFT_PRESS
> Predicted label: 212 LEFT_PRESS
> Predicted label: 213 LEFT_PRESS
> Predicted label: 214 LEFT_PRESS
> Predicted label: 215 LEFT_PRESS
> Predicted label: 216 LEFT_PRESS
> Predicted label: 217 LEFT_PRESS
> Predicted label: 218 LEFT_PRESS
> Predicted label: 219 LEFT_PRESS
> Predicted label: 220 LEFT_PRESS
> Predicted label: 221 LEFT_PRESS
> Predicted label: 222 LEFT_PRESS
> Predicted label: 223 LEFT_PRESS
> Predicted label: 224 LEFT_PRESS
> Predicted label: 225 LEFT_PRESS
> Predicted label: 226 LEFT_PRESS
> Predicted label: 227 LEFT_RELEASE
> Predicted label: 228 LEFT_RELEASE
> Predicted label: 229 LEFT_RELEASE
> Predicted label: 230 LEFT_RELEASE
> Predicted label: 231 LEFT_RELEASE
> Predicted label: 232 LEFT_RELEASE
> Predicted label: 233 LEFT_RELEASE
> Predicted label: 234 LEFT_RELEASE
> Predicted label: 235 NONE
> Predicted label: 236 NONE
> Predicted label: 237 NONE
> Predicted label: 238 NONE
> Predicted label: 239 NONE
> Predicted label: 240 NONE
> Predicted label: 241 NONE
> Predicted label: 242 NONE
> Predicted label: 243 NONE
> Predicted label: 244 NONE
> Predicted label: 245 NONE
> Predicted label: 246 NONE
> Predicted label: 247 NONE
> Predicted label: 248 NONE
> Predicted label: 249 NONE
> Predicted label: 250 NONE
> Predicted label: 251 NONE
> Predicted label: 4992 NONE
> Predicted label: 4993 LEFT_PRESS
> Predicted label: 4994 LEFT_PRESS
> Predicted label: 4995 LEFT_PRESS
> Predicted label: 4996 LEFT_PRESS
> Predicted label: 4997 LEFT_PRESS
> Predicted label: 4998 LEFT_PRESS
> Predicted label: 4999 LEFT_PRESS
> Predicted label: 5000 LEFT_PRESS
> Predicted label: 5001 LEFT_PRESS
> Predicted label: 5002 LEFT_PRESS
> Predicted label: 5003 LEFT_PRESS
> Predicted label: 5004 LEFT_PRESS
> Predicted label: 5005 LEFT_PRESS
> Predicted label: 5006 NONE
> Predicted label: 5007 NONE
> Predicted label: 5008 NONE
> Predicted label: 5009 NONE
> Predicted label: 5010 NONE
> Predicted label: 5011 NONE
> Predicted label: 5012 NONE
> Predicted label: 5013 NONE
> Predicted label: 5014 NONE
> Predicted label: 5015 NONE
> Predicted label: 5016 NONE
> Predicted label: 5017 NONE
> Predicted label: 5018 NONE
> Predicted label: 5019 NONE
> Predicted label: 5020 NONE
> Predicted label: 5021 NONE
> Predicted label: 5022 NONE
> Predicted label: 5023 NONE
> Predicted label: 5024 NONE
> Predicted label: 5025 NONE
> Predicted label: 5026 NONE
> Predicted label: 5027 NONE
> Predicted label: 5028 NONE
> Predicted label: 5029 NONE
> Predicted label: 5030 NONE
> Predicted label: 5031 NONE
> Predicted label: 5032 NONE
> Predicted label: 5033 NONE
> Predicted label: 5034 NONE
> Predicted label: 5035 NONE
> Predicted label: 5036 NONE
> Predicted label: 5037 NONE
> Predicted label: 5038 NONE
> Predicted label: 5039 NONE
> Predicted label: 5040 NONE
> Predicted label: 5041 NONE
> Predicted label: 5042 NONE
> Predicted label: 5043 NONE
> Predicted label: 5044 NONE
> Predicted label: 5045 NONE
> Predicted label: 5046 NONE
> Predicted label: 5047 NONE
> Predicted label: 5048 NONE
> Predicted label: 5049 NONE
> Predicted label: 5050 NONE
> Predicted label: 5051 NONE
> Predicted label: 5052 NONE
> Predicted label: 5053 LEFT_PRESS
> Predicted label: 5054 LEFT_PRESS
> Predicted label: 5055 LEFT_PRESS
> Predicted label: 5056 LEFT_PRESS
> Predicted label: 5057 LEFT_PRESS
> Predicted label: 5058 LEFT_PRESS
> Predicted label: 5059 LEFT_PRESS
> Predicted label: 5060 LEFT_PRESS
> Predicted label: 5061 LEFT_PRESS
> Predicted label: 5062 LEFT_RELEASE
> Predicted label: 5063 LEFT_RELEASE
> Predicted label: 5064 LEFT_RELEASE
> Predicted label: 5065 LEFT_RELEASE
> Predicted label: 5066 LEFT_RELEASE
> Predicted label: 5067 LEFT_RELEASE
> Predicted label: 5068 LEFT_RELEASE
> Predicted label: 5069 LEFT_RELEASE
> Predicted label: 5070 NONE
> Predicted label: 5071 NONE
> Predicted label: 5072 NONE
> Predicted label: 5073 NONE
> Predicted label: 5074 NONE
> Predicted label: 5075 NONE
> Predicted label: 5076 NONE
> Predicted label: 5077 NONE
> Predicted label: 5078 NONE
> Predicted label: 5079 NONE
> Predicted label: 5080 NONE
> Predicted label: 5081 NONE
> Predicted label: 9753 NONE
> Predicted label: 9754 NONE
> Predicted label: 9755 NONE
> Predicted label: 9756 NONE
> Predicted label: 9757 NONE
> Predicted label: 9758 NONE
> Predicted label: 9759 NONE
> Predicted label: 9760 NONE
> Predicted label: 9761 NONE
> Predicted label: 9762 NONE
> Predicted label: 9763 NONE
> Predicted label: 9764 LEFT_PRESS
> Predicted label: 9765 LEFT_PRESS
> Predicted label: 9766 LEFT_PRESS
> Predicted label: 9767 LEFT_PRESS
> Predicted label: 9768 LEFT_PRESS
> Predicted label: 9769 LEFT_PRESS
> Predicted label: 9770 LEFT_PRESS
> Predicted label: 9771 LEFT_PRESS
> Predicted label: 9772 LEFT_PRESS
> Predicted label: 9773 LEFT_PRESS
> Predicted label: 9774 LEFT_PRESS
> Predicted label: 9775 LEFT_PRESS
> Predicted label: 9776 LEFT_PRESS
> Predicted label: 9777 LEFT_PRESS
> Predicted label: 9778 LEFT_PRESS
> Predicted label: 9779 LEFT_PRESS
> Predicted label: 9780 LEFT_PRESS
> Predicted label: 9781 LEFT_PRESS
> Predicted label: 9782 LEFT_PRESS
> Predicted label: 9783 LEFT_PRESS
> Predicted label: 9784 LEFT_PRESS
> Predicted label: 9785 LEFT_PRESS
> Predicted label: 9786 LEFT_PRESS
> Predicted label: 9787 LEFT_PRESS
> Predicted label: 9788 LEFT_PRESS
> Predicted label: 9789 LEFT_PRESS
> Predicted label: 9790 LEFT_PRESS
> Predicted label: 9791 LEFT_PRESS
> Predicted label: 9792 LEFT_PRESS
> Predicted label: 9793 LEFT_PRESS
> Predicted label: 9794 LEFT_PRESS
> Predicted label: 9795 LEFT_PRESS
> Predicted label: 9796 LEFT_PRESS
> Predicted label: 9797 LEFT_PRESS
> Predicted label: 9798 LEFT_PRESS
> Predicted label: 9799 LEFT_PRESS
> Predicted label: 9800 LEFT_PRESS
> Predicted label: 9801 LEFT_PRESS
> Predicted label: 9802 LEFT_PRESS
> Predicted label: 9803 LEFT_PRESS
> Predicted label: 9804 LEFT_PRESS
> Predicted label: 9805 LEFT_PRESS
> Predicted label: 9806 LEFT_PRESS
> Predicted label: 9807 LEFT_PRESS
> Predicted label: 9808 LEFT_PRESS
> Predicted label: 9809 LEFT_PRESS
> Predicted label: 9810 LEFT_PRESS
> Predicted label: 9811 LEFT_PRESS
> Predicted label: 9812 LEFT_PRESS
> Predicted label: 9813 LEFT_PRESS
> Predicted label: 9814 LEFT_PRESS
> Predicted label: 9815 LEFT_PRESS
> Predicted label: 9816 LEFT_RELEASE
> Predicted label: 9817 LEFT_RELEASE
> Predicted label: 9818 LEFT_RELEASE
> Predicted label: 9819 LEFT_RELEASE
> Predicted label: 9820 LEFT_RELEASE
> Predicted label: 9821 LEFT_RELEASE
> Predicted label: 9822 LEFT_RELEASE
> Predicted label: 9823 LEFT_RELEASE
> Predicted label: 9824 LEFT_RELEASE
> Predicted label: 9825 LEFT_PRESS
> Predicted label: 9826 LEFT_PRESS
> Predicted label: 9827 LEFT_PRESS
> Predicted label: 9828 LEFT_PRESS
> Predicted label: 9829 LEFT_PRESS
> Predicted label: 9830 LEFT_PRESS
> Predicted label: 9831 LEFT_PRESS
> Predicted label: 9832 LEFT_PRESS
> Predicted label: 14343 NONE
> Predicted label: 14344 LEFT_RELEASE
> Predicted label: 14345 NONE
> Predicted label: 14346 NONE
> Predicted label: 14347 NONE
> Predicted label: 14348 NONE
> Predicted label: 14349 NONE
> Predicted label: 14350 NONE
> Predicted label: 14351 NONE
> Predicted label: 14352 NONE
> Predicted label: 14353 NONE
> Predicted label: 14354 NONE
> Predicted label: 14355 NONE
> Predicted label: 14356 NONE
> Predicted label: 14357 NONE
> Predicted label: 14358 NONE
> Predicted label: 14359 NONE
> Predicted label: 14360 NONE
> Predicted label: 14361 NONE
> Predicted label: 14362 NONE
> Predicted label: 14363 NONE
> Predicted label: 14364 NONE
> Predicted label: 14365 NONE
> Predicted label: 14366 NONE
> Predicted label: 14367 NONE
> Predicted label: 14368 NONE
> Predicted label: 14369 NONE
> Predicted label: 14370 NONE
> Predicted label: 14371 NONE
> Predicted label: 14372 LEFT_PRESS
> Predicted label: 14373 LEFT_PRESS
> Predicted label: 14374 LEFT_PRESS
> Predicted label: 14375 LEFT_PRESS
> Predicted label: 14376 LEFT_PRESS
> Predicted label: 14377 LEFT_PRESS
> Predicted label: 14378 LEFT_PRESS
> Predicted label: 14379 LEFT_PRESS
> Predicted label: 14380 LEFT_RELEASE
> Predicted label: 14381 LEFT_RELEASE
> Predicted label: 14382 LEFT_RELEASE
> Predicted label: 14383 LEFT_RELEASE
> Predicted label: 14384 LEFT_RELEASE
> Predicted label: 14385 LEFT_RELEASE
> Predicted label: 14386 LEFT_RELEASE
> Predicted label: 14387 NONE
> Predicted label: 14388 NONE
> Predicted label: 14389 NONE
> Predicted label: 14390 NONE
> Predicted label: 14391 NONE
> Predicted label: 14392 NONE
> Predicted label: 14393 NONE
> Predicted label: 14394 NONE
> Predicted label: 14395 NONE
> Predicted label: 14396 NONE
> Predicted label: 14397 NONE
> Predicted label: 14398 NONE
> Predicted label: 14399 NONE
> Predicted label: 14400 NONE
> Predicted label: 14401 NONE
> Predicted label: 14402 NONE
> Predicted label: 14403 NONE
> Predicted label: 14404 NONE
> Predicted label: 14405 NONE
> Predicted label: 14406 NONE
> Predicted label: 14407 NONE
> Predicted label: 14408 NONE
> Predicted label: 14409 NONE
> Predicted label: 14410 NONE
> Predicted label: 14411 NONE
> Predicted label: 14412 NONE
> Predicted label: 14413 NONE
> Predicted label: 14414 NONE
> Predicted label: 14415 NONE
> Predicted label: 14416 NONE
> Predicted label: 14417 NONE
> Predicted label: 14418 NONE
> Predicted label: 14419 NONE
> Predicted label: 14420 NONE
> Predicted label: 14421 NONE
> Predicted label: 14422 NONE
> Predicted label: 14423 NONE
> Predicted label: 14424 NONE
> Predicted label: 14425 NONE
> Predicted label: 14426 NONE
> Predicted label: 14427 NONE
> Predicted label: 14428 NONE
> Predicted label: 14429 NONE
> Predicted label: 14430 NONE
> Predicted label: 14431 NONE
> Predicted label: 14432 NONE
> Predicted label: 14433 NONE
> Predicted label: 14434 NONE
> Predicted label: 14435 NONE
> Predicted label: 14436 NONE
> Predicted label: 14437 NONE
> Predicted label: 14438 NONE
> Predicted label: 14439 NONE
> Predicted label: 14440 NONE
> Predicted label: 14441 NONE
> Predicted label: 14442 NONE
> Predicted label: 14443 NONE
> Predicted label: 14444 NONE
> Predicted label: 14445 NONE
> Predicted label: 14446 NONE
> Predicted label: 14447 NONE
> Predicted label: 14448 NONE
> Predicted label: 14449 NONE
> Predicted label: 14450 NONE
> Predicted label: 14451 NONE
> Predicted label: 14452 NONE
> Predicted label: 14453 NONE
> Predicted label: 14454 NONE
> Predicted label: 14455 NONE
> Predicted label: 14456 NONE
> Predicted label: 14457 NONE
> Predicted label: 14458 NONE
> Predicted label: 14459 NONE
> Predicted label: 14460 NONE
> Predicted label: 14461 NONE
> Predicted label: 14462 NONE
> Predicted label: 14463 NONE
> Predicted label: 14464 NONE
> Predicted label: 14465 NONE
> Predicted label: 14466 NONE
> Predicted label: 256 NONE
> Predicted label: 257 NONE
> Predicted label: 258 NONE
> Predicted label: 259 NONE
> Predicted label: 260 NONE
> Predicted label: 261 NONE
> Predicted label: 262 NONE
> Predicted label: 263 NONE
> Predicted label: 264 NONE
> Predicted label: 265 NONE
> Predicted label: 266 NONE
> Predicted label: 267 NONE
> Predicted label: 268 NONE
> Predicted label: 269 NONE
> Predicted label: 270 NONE
> Predicted label: 271 NONE
> Predicted label: 272 NONE
> Predicted label: 273 NONE
> Predicted label: 274 NONE
> Predicted label: 275 NONE
> Predicted label: 276 NONE
> Predicted label: 277 NONE
> Predicted label: 278 NONE
> Predicted label: 279 NONE
> Predicted label: 280 NONE
> Predicted label: 281 NONE
> Predicted label: 282 NONE
> Predicted label: 283 NONE
> Predicted label: 284 NONE
> Predicted label: 285 NONE
> Predicted label: 286 NONE
> Predicted label: 287 NONE
> Predicted label: 288 NONE
> Predicted label: 289 NONE
> Predicted label: 290 NONE
> Predicted label: 291 NONE
> Predicted label: 292 NONE
> Predicted label: 293 NONE
> Predicted label: 294 LEFT_PRESS
> Predicted label: 295 LEFT_PRESS
> Predicted label: 296 LEFT_PRESS
> Predicted label: 297 LEFT_PRESS
> Predicted label: 298 LEFT_PRESS
> Predicted label: 299 LEFT_PRESS
> Predicted label: 300 LEFT_PRESS
> Predicted label: 301 LEFT_PRESS
> Predicted label: 302 LEFT_PRESS
> Predicted label: 303 LEFT_PRESS
> Predicted label: 304 LEFT_PRESS
> Predicted label: 305 LEFT_PRESS
> Predicted label: 306 LEFT_PRESS
> Predicted label: 307 LEFT_PRESS
> Predicted label: 308 LEFT_RELEASE
> Predicted label: 309 LEFT_RELEASE
> Predicted label: 310 LEFT_RELEASE
> Predicted label: 311 LEFT_RELEASE
> Predicted label: 312 LEFT_RELEASE
> Predicted label: 313 LEFT_RELEASE
> Predicted label: 314 LEFT_RELEASE
> Predicted label: 315 LEFT_RELEASE
> Predicted label: 316 LEFT_RELEASE
> Predicted label: 317 LEFT_RELEASE
> Predicted label: 318 NONE
> Predicted label: 319 NONE
> Predicted label: 320 NONE
> Predicted label: 321 NONE
> Predicted label: 322 NONE
> Predicted label: 323 NONE
> Predicted label: 324 NONE
> Predicted label: 325 NONE
> Predicted label: 326 NONE
> Predicted label: 327 NONE
> Predicted label: 328 NONE
> Predicted label: 329 NONE
> Predicted label: 330 NONE
> Predicted label: 331 NONE
> Predicted label: 332 NONE
> Predicted label: 333 NONE
> Predicted label: 334 NONE
> Predicted label: 335 NONE
> Predicted label: 336 NONE
> Predicted label: 5082 NONE
> Predicted label: 5083 LEFT_PRESS
> Predicted label: 5084 LEFT_PRESS
> Predicted label: 5085 LEFT_PRESS
> Predicted label: 5086 NONE
> Predicted label: 5087 NONE
> Predicted label: 5088 NONE
> Predicted label: 5089 NONE
> Predicted label: 5090 NONE
> Predicted label: 5091 NONE
> Predicted label: 5092 NONE
> Predicted label: 5093 NONE
> Predicted label: 5094 NONE
> Predicted label: 5095 NONE
> Predicted label: 5096 NONE
> Predicted label: 5097 NONE
> Predicted label: 5098 NONE
> Predicted label: 5099 NONE
> Predicted label: 5100 NONE
> Predicted label: 5101 NONE
> Predicted label: 5102 NONE
> Predicted label: 5103 NONE
> Predicted label: 5104 NONE
> Predicted label: 5105 NONE
> Predicted label: 5106 NONE
> Predicted label: 5107 NONE
> Predicted label: 5108 NONE
> Predicted label: 5109 LEFT_PRESS
> Predicted label: 5110 LEFT_PRESS
> Predicted label: 5111 LEFT_PRESS
> Predicted label: 5112 LEFT_PRESS
> Predicted label: 5113 LEFT_PRESS
> Predicted label: 5114 LEFT_PRESS
> Predicted label: 5115 LEFT_PRESS
> Predicted label: 5116 LEFT_PRESS
> Predicted label: 5117 LEFT_PRESS
> Predicted label: 5118 LEFT_PRESS
> Predicted label: 5119 LEFT_PRESS
> Predicted label: 5120 LEFT_PRESS
> Predicted label: 5121 LEFT_PRESS
> Predicted label: 5122 LEFT_PRESS
> Predicted label: 5123 LEFT_PRESS
> Predicted label: 5124 LEFT_PRESS
> Predicted label: 5125 LEFT_PRESS
> Predicted label: 5126 LEFT_PRESS
> Predicted label: 5127 LEFT_PRESS
> Predicted label: 5128 LEFT_PRESS
> Predicted label: 5129 LEFT_PRESS
> Predicted label: 5130 LEFT_PRESS
> Predicted label: 5131 LEFT_RELEASE
> Predicted label: 5132 LEFT_RELEASE
> Predicted label: 5133 LEFT_RELEASE
> Predicted label: 5134 LEFT_RELEASE
> Predicted label: 5135 LEFT_RELEASE
> Predicted label: 5136 LEFT_RELEASE
> Predicted label: 5137 LEFT_RELEASE
> Predicted label: 5138 LEFT_RELEASE
> Predicted label: 5139 LEFT_RELEASE
> Predicted label: 5140 NONE
> Predicted label: 5141 NONE
> Predicted label: 5142 NONE
> Predicted label: 5143 NONE
> Predicted label: 5144 NONE
> Predicted label: 5145 NONE
> Predicted label: 5146 NONE
> Predicted label: 5147 NONE
> Predicted label: 5148 NONE
> Predicted label: 5149 NONE
> Predicted label: 5150 NONE
> Predicted label: 5151 NONE
> Predicted label: 5152 NONE
> Predicted label: 5153 NONE
> Predicted label: 5154 NONE
> Predicted label: 9833 NONE
> Predicted label: 9834 NONE
> Predicted label: 9835 NONE
> Predicted label: 9836 NONE
> Predicted label: 9837 NONE
> Predicted label: 9838 NONE
> Predicted label: 9839 NONE
> Predicted label: 9840 NONE
> Predicted label: 9841 NONE
> Predicted label: 9842 NONE
> Predicted label: 9843 NONE
> Predicted label: 9844 NONE
> Predicted label: 9845 NONE
> Predicted label: 9846 NONE
> Predicted label: 9847 NONE
> Predicted label: 9848 NONE
> Predicted label: 9849 NONE
> Predicted label: 9850 LEFT_PRESS
> Predicted label: 9851 LEFT_PRESS
> Predicted label: 9852 LEFT_PRESS
> Predicted label: 9853 LEFT_PRESS
> Predicted label: 9854 LEFT_PRESS
> Predicted label: 9855 LEFT_PRESS
> Predicted label: 9856 LEFT_PRESS
> Predicted label: 9857 LEFT_PRESS
> Predicted label: 9858 LEFT_PRESS
> Predicted label: 9859 LEFT_PRESS
> Predicted label: 9860 LEFT_PRESS
> Predicted label: 9861 LEFT_PRESS
> Predicted label: 9862 LEFT_PRESS
> Predicted label: 9863 LEFT_PRESS
> Predicted label: 9864 LEFT_PRESS
> Predicted label: 9865 LEFT_PRESS
> Predicted label: 9866 LEFT_PRESS
> Predicted label: 9867 LEFT_PRESS
> Predicted label: 9868 LEFT_PRESS
> Predicted label: 9869 LEFT_PRESS
> Predicted label: 9870 LEFT_PRESS
> Predicted label: 9871 LEFT_PRESS
> Predicted label: 9872 LEFT_PRESS
> Predicted label: 9873 LEFT_PRESS
> Predicted label: 9874 LEFT_PRESS
> Predicted label: 9875 LEFT_PRESS
> Predicted label: 9876 LEFT_PRESS
> Predicted label: 9877 LEFT_PRESS
> Predicted label: 9878 LEFT_PRESS
> Predicted label: 9879 LEFT_PRESS
> Predicted label: 9880 LEFT_PRESS
> Predicted label: 9881 LEFT_PRESS
> Predicted label: 9882 LEFT_PRESS
> Predicted label: 9883 LEFT_PRESS
> Predicted label: 9884 LEFT_PRESS
> Predicted label: 9885 LEFT_PRESS
> Predicted label: 9886 LEFT_PRESS
> Predicted label: 9887 LEFT_PRESS
> Predicted label: 9888 LEFT_PRESS
> Predicted label: 9889 LEFT_PRESS
> Predicted label: 9890 LEFT_RELEASE
> Predicted label: 9891 LEFT_RELEASE
> Predicted label: 9892 LEFT_RELEASE
> Predicted label: 9893 LEFT_RELEASE
> Predicted label: 9894 LEFT_RELEASE
> Predicted label: 9895 LEFT_RELEASE
> Predicted label: 9896 LEFT_RELEASE
> Predicted label: 9897 LEFT_RELEASE
> Predicted label: 9898 LEFT_PRESS
> Predicted label: 9899 LEFT_PRESS
> Predicted label: 9900 LEFT_PRESS
> Predicted label: 9901 LEFT_PRESS
> Predicted label: 9902 LEFT_PRESS
> Predicted label: 9903 LEFT_PRESS
> Predicted label: 9904 LEFT_PRESS
> Predicted label: 9905 LEFT_PRESS
> Predicted label: 9906 LEFT_PRESS
> Predicted label: 9907 LEFT_PRESS
> Predicted label: 9908 LEFT_PRESS
> Predicted label: 9909 LEFT_PRESS
> Predicted label: 14467 LEFT_PRESS
> Predicted label: 14468 LEFT_PRESS
> Predicted label: 14469 NONE
> Predicted label: 14470 NONE
> Predicted label: 14471 NONE
> Predicted label: 14472 NONE
> Predicted label: 14473 NONE
> Predicted label: 14474 NONE
> Predicted label: 14475 NONE
> Predicted label: 14476 NONE
> Predicted label: 14477 NONE
> Predicted label: 14478 NONE
> Predicted label: 14479 NONE
> Predicted label: 14480 NONE
> Predicted label: 14481 NONE
> Predicted label: 14482 NONE
> Predicted label: 14483 NONE
> Predicted label: 14484 NONE
> Predicted label: 14485 NONE
> Predicted label: 14486 NONE
> Predicted label: 14487 NONE
> Predicted label: 14488 NONE
> Predicted label: 14489 NONE
> Predicted label: 14490 NONE
> Predicted label: 14491 NONE
> Predicted label: 14492 NONE
> Predicted label: 14493 NONE
> Predicted label: 14494 NONE
> Predicted label: 14495 NONE
> Predicted label: 14496 NONE
> Predicted label: 14497 NONE
> Predicted label: 14498 NONE
> Predicted label: 14499 NONE
> Predicted label: 14500 NONE
> Predicted label: 14501 NONE
> Predicted label: 14502 NONE
> Predicted label: 14503 NONE
> Predicted label: 14504 NONE
> Predicted label: 14505 NONE
> Predicted label: 14506 LEFT_PRESS
> Predicted label: 14507 NONE
> Predicted label: 14508 NONE
> Predicted label: 14509 NONE
> Predicted label: 14510 NONE
> Predicted label: 14511 NONE
> Predicted label: 14512 NONE
> Predicted label: 14513 LEFT_PRESS
> Predicted label: 14514 LEFT_PRESS
> Predicted label: 14515 LEFT_PRESS
> Predicted label: 14516 LEFT_PRESS
> Predicted label: 14517 LEFT_PRESS
> Predicted label: 14518 LEFT_PRESS
> Predicted label: 14519 LEFT_PRESS
> Predicted label: 14520 LEFT_PRESS
> Predicted label: 14521 LEFT_RELEASE
> Predicted label: 14522 LEFT_RELEASE
> Predicted label: 14523 LEFT_RELEASE
> Predicted label: 14524 LEFT_RELEASE
> Predicted label: 14525 LEFT_RELEASE
> Predicted label: 14526 NONE
> Predicted label: 14527 NONE
> Predicted label: 14528 NONE
> Predicted label: 14529 NONE
> Predicted label: 14530 NONE
> Predicted label: 14531 NONE
> Predicted label: 14532 NONE
> Predicted label: 341 NONE
> Predicted label: 342 NONE
> Predicted label: 343 NONE
> Predicted label: 344 NONE
> Predicted label: 345 NONE
> Predicted label: 346 NONE
> Predicted label: 347 NONE
> Predicted label: 348 NONE
> Predicted label: 349 NONE
> Predicted label: 350 NONE
> Predicted label: 351 NONE
> Predicted label: 352 NONE
> Predicted label: 353 NONE
> Predicted label: 354 NONE
> Predicted label: 355 NONE
> Predicted label: 356 NONE
> Predicted label: 357 NONE
> Predicted label: 358 NONE
> Predicted label: 359 NONE
> Predicted label: 360 NONE
> Predicted label: 361 NONE
> Predicted label: 362 NONE
> Predicted label: 363 NONE
> Predicted label: 364 NONE
> Predicted label: 365 NONE
> Predicted label: 366 NONE
> Predicted label: 367 NONE
> Predicted label: 368 NONE
> Predicted label: 369 NONE
> Predicted label: 370 NONE
> Predicted label: 371 NONE
> Predicted label: 372 NONE
> Predicted label: 373 NONE
> Predicted label: 374 NONE
> Predicted label: 375 NONE
> Predicted label: 376 NONE
> Predicted label: 377 NONE
> Predicted label: 378 NONE
> Predicted label: 379 NONE
> Predicted label: 380 NONE
> Predicted label: 381 LEFT_PRESS
> Predicted label: 382 LEFT_PRESS
> Predicted label: 383 LEFT_PRESS
> Predicted label: 384 LEFT_PRESS
> Predicted label: 385 LEFT_PRESS
> Predicted label: 386 LEFT_PRESS
> Predicted label: 387 LEFT_PRESS
> Predicted label: 388 LEFT_PRESS
> Predicted label: 389 LEFT_PRESS
> Predicted label: 390 LEFT_PRESS
> Predicted label: 391 LEFT_PRESS
> Predicted label: 392 LEFT_RELEASE
> Predicted label: 393 LEFT_RELEASE
> Predicted label: 394 LEFT_RELEASE
> Predicted label: 395 LEFT_RELEASE
> Predicted label: 396 LEFT_RELEASE
> Predicted label: 397 LEFT_RELEASE
> Predicted label: 398 LEFT_RELEASE
> Predicted label: 399 LEFT_RELEASE
> Predicted label: 400 LEFT_RELEASE
> Predicted label: 401 LEFT_RELEASE
> Predicted label: 402 LEFT_RELEASE
> Predicted label: 403 NONE
> Predicted label: 404 NONE
> Predicted label: 405 NONE
> Predicted label: 406 NONE
> Predicted label: 407 NONE
> Predicted label: 408 NONE
> Predicted label: 409 NONE
> Predicted label: 410 NONE
> Predicted label: 411 NONE
> Predicted label: 412 NONE
> Predicted label: 5155 NONE
> Predicted label: 5156 LEFT_PRESS
> Predicted label: 5157 LEFT_PRESS
> Predicted label: 5158 LEFT_PRESS
> Predicted label: 5159 NONE
> Predicted label: 5160 NONE
> Predicted label: 5161 NONE
> Predicted label: 5162 NONE
> Predicted label: 5163 NONE
> Predicted label: 5164 NONE
> Predicted label: 5165 NONE
> Predicted label: 5166 NONE
> Predicted label: 5167 NONE
> Predicted label: 5168 NONE
> Predicted label: 5169 NONE
> Predicted label: 5170 NONE
> Predicted label: 5171 NONE
> Predicted label: 5172 NONE
> Predicted label: 5173 NONE
> Predicted label: 5174 NONE
> Predicted label: 5175 NONE
> Predicted label: 5176 NONE
> Predicted label: 5177 NONE
> Predicted label: 5178 NONE
> Predicted label: 5179 NONE
> Predicted label: 5180 NONE
> Predicted label: 5181 LEFT_PRESS
> Predicted label: 5182 LEFT_PRESS
> Predicted label: 5183 LEFT_PRESS
> Predicted label: 5184 LEFT_PRESS
> Predicted label: 5185 LEFT_PRESS
> Predicted label: 5186 LEFT_PRESS
> Predicted label: 5187 LEFT_PRESS
> Predicted label: 5188 LEFT_PRESS
> Predicted label: 5189 LEFT_PRESS
> Predicted label: 5190 LEFT_PRESS
> Predicted label: 5191 LEFT_RELEASE
> Predicted label: 5192 LEFT_RELEASE
> Predicted label: 5193 LEFT_RELEASE
> Predicted label: 5194 LEFT_RELEASE
> Predicted label: 5195 LEFT_RELEASE
> Predicted label: 5196 LEFT_RELEASE
> Predicted label: 5197 LEFT_RELEASE
> Predicted label: 5198 NONE
> Predicted label: 5199 NONE
> Predicted label: 5200 NONE
> Predicted label: 5201 NONE
> Predicted label: 5202 NONE
> Predicted label: 5203 NONE
> Predicted label: 5204 NONE
> Predicted label: 5205 NONE
> Predicted label: 5206 NONE
> Predicted label: 5207 NONE
> Predicted label: 5208 NONE
> Predicted label: 5209 NONE
> Predicted label: 5210 NONE
> Predicted label: 5211 NONE
> Predicted label: 5212 NONE
> Predicted label: 5213 NONE
> Predicted label: 5214 NONE
> Predicted label: 5215 NONE
> Predicted label: 5216 NONE
> Predicted label: 5217 NONE
> Predicted label: 5218 NONE
> Predicted label: 5219 NONE
> Predicted label: 5220 NONE
> Predicted label: 5221 NONE
> Predicted label: 9910 NONE
> Predicted label: 9911 NONE
> Predicted label: 9912 NONE
> Predicted label: 9913 NONE
> Predicted label: 9914 NONE
> Predicted label: 9915 NONE
> Predicted label: 9916 NONE
> Predicted label: 9917 NONE
> Predicted label: 9918 NONE
> Predicted label: 9919 NONE
> Predicted label: 9920 NONE
> Predicted label: 9921 NONE
> Predicted label: 9922 NONE
> Predicted label: 9923 NONE
> Predicted label: 9924 NONE
> Predicted label: 9925 NONE
> Predicted label: 9926 NONE
> Predicted label: 9927 NONE
> Predicted label: 9928 LEFT_PRESS
> Predicted label: 9929 LEFT_PRESS
> Predicted label: 9930 LEFT_PRESS
> Predicted label: 9931 LEFT_PRESS
> Predicted label: 9932 LEFT_PRESS
> Predicted label: 9933 LEFT_PRESS
> Predicted label: 9934 LEFT_PRESS
> Predicted label: 9935 LEFT_PRESS
> Predicted label: 9936 LEFT_PRESS
> Predicted label: 9937 LEFT_PRESS
> Predicted label: 9938 LEFT_PRESS
> Predicted label: 9939 LEFT_PRESS
> Predicted label: 9940 LEFT_PRESS
> Predicted label: 9941 LEFT_PRESS
> Predicted label: 9942 LEFT_PRESS
> Predicted label: 9943 LEFT_PRESS
> Predicted label: 9944 LEFT_PRESS
> Predicted label: 9945 LEFT_PRESS
> Predicted label: 9946 LEFT_PRESS
> Predicted label: 9947 LEFT_PRESS
> Predicted label: 9948 LEFT_PRESS
> Predicted label: 9949 LEFT_PRESS
> Predicted label: 9950 LEFT_PRESS
> Predicted label: 9951 LEFT_PRESS
> Predicted label: 9952 LEFT_PRESS
> Predicted label: 9953 LEFT_PRESS
> Predicted label: 9954 LEFT_PRESS
> Predicted label: 9955 LEFT_PRESS
> Predicted label: 9956 LEFT_PRESS
> Predicted label: 9957 LEFT_PRESS
> Predicted label: 9958 LEFT_PRESS
> Predicted label: 9959 LEFT_PRESS
> Predicted label: 9960 LEFT_PRESS
> Predicted label: 9961 LEFT_PRESS
> Predicted label: 9962 LEFT_PRESS
> Predicted label: 9963 LEFT_PRESS
> Predicted label: 9964 LEFT_PRESS
> Predicted label: 9965 LEFT_PRESS
> Predicted label: 9966 LEFT_PRESS
> Predicted label: 9967 LEFT_RELEASE
> Predicted label: 9968 LEFT_RELEASE
> Predicted label: 9969 LEFT_RELEASE
> Predicted label: 9970 LEFT_RELEASE
> Predicted label: 9971 LEFT_RELEASE
> Predicted label: 9972 LEFT_RELEASE
> Predicted label: 9973 LEFT_RELEASE
> Predicted label: 9974 LEFT_RELEASE
> Predicted label: 9975 LEFT_RELEASE
> Predicted label: 9976 LEFT_RELEASE
> Predicted label: 9977 LEFT_PRESS
> Predicted label: 9978 LEFT_PRESS
> Predicted label: 9979 LEFT_PRESS
> Predicted label: 9980 LEFT_PRESS
> Predicted label: 9981 LEFT_PRESS
> Predicted label: 9982 LEFT_PRESS
> Predicted label: 9983 LEFT_PRESS
> Predicted label: 9984 LEFT_PRESS
> Predicted label: 9985 LEFT_PRESS
> Predicted label: 9986 LEFT_PRESS
> Predicted label: 9987 LEFT_PRESS
> Predicted label: 9988 LEFT_PRESS
> Predicted label: 9989 LEFT_PRESS
> Predicted label: 9990 LEFT_PRESS
> Predicted label: 9991 LEFT_PRESS
> Predicted label: 9992 LEFT_PRESS
> Predicted label: 9993 LEFT_PRESS
> Predicted label: 9994 LEFT_PRESS
> Predicted label: 9995 LEFT_PRESS
> Predicted label: 9996 LEFT_PRESS
> Predicted label: 14533 LEFT_RELEASE
> Predicted label: 14534 LEFT_RELEASE
> Predicted label: 14535 LEFT_RELEASE
> Predicted label: 14536 NONE
> Predicted label: 14537 NONE
> Predicted label: 14538 NONE
> Predicted label: 14539 NONE
> Predicted label: 14540 NONE
> Predicted label: 14541 NONE
> Predicted label: 14542 NONE
> Predicted label: 14543 NONE
> Predicted label: 14544 NONE
> Predicted label: 14545 NONE
> Predicted label: 14546 NONE
> Predicted label: 14547 NONE
> Predicted label: 14548 NONE
> Predicted label: 14549 NONE
> Predicted label: 14550 NONE
> Predicted label: 14551 NONE
> Predicted label: 14552 NONE
> Predicted label: 14553 NONE
> Predicted label: 14554 NONE
> Predicted label: 14555 NONE
> Predicted label: 14556 NONE
> Predicted label: 14557 NONE
> Predicted label: 14558 NONE
> Predicted label: 14559 NONE
> Predicted label: 14560 NONE
> Predicted label: 14561 NONE
> Predicted label: 14562 NONE
> Predicted label: 14563 NONE
> Predicted label: 14564 NONE
> Predicted label: 14565 NONE
> Predicted label: 14566 NONE
> Predicted label: 14567 NONE
> Predicted label: 14568 NONE
> Predicted label: 14569 NONE
> Predicted label: 14570 NONE
> Predicted label: 14571 NONE
> Predicted label: 14572 NONE
> Predicted label: 14573 NONE
> Predicted label: 14574 NONE
> Predicted label: 14575 LEFT_PRESS
> Predicted label: 14576 LEFT_PRESS
> Predicted label: 14577 LEFT_PRESS
> Predicted label: 14578 LEFT_PRESS
> Predicted label: 14579 LEFT_PRESS
> Predicted label: 14580 LEFT_PRESS
> Predicted label: 14581 LEFT_PRESS
> Predicted label: 14582 LEFT_RELEASE
> Predicted label: 14583 LEFT_RELEASE
> Predicted label: 14584 LEFT_RELEASE
> Predicted label: 14585 LEFT_RELEASE
> Predicted label: 14586 LEFT_RELEASE
> Predicted label: 14587 LEFT_RELEASE
> Predicted label: 14588 LEFT_RELEASE
> Predicted label: 14589 LEFT_RELEASE
> Predicted label: 14590 NONE
> Predicted label: 14591 NONE
> Predicted label: 14592 NONE
> Predicted label: 14593 NONE
> Predicted label: 14594 NONE
> Predicted label: 14595 NONE
> Predicted label: 417 NONE
> Predicted label: 418 NONE
> Predicted label: 419 NONE
> Predicted label: 420 NONE
> Predicted label: 421 NONE
> Predicted label: 422 NONE
> Predicted label: 423 NONE
> Predicted label: 424 NONE
> Predicted label: 425 NONE
> Predicted label: 426 NONE
> Predicted label: 427 NONE
> Predicted label: 428 NONE
> Predicted label: 429 NONE
> Predicted label: 430 NONE
> Predicted label: 431 NONE
> Predicted label: 432 NONE
> Predicted label: 433 NONE
> Predicted label: 434 NONE
> Predicted label: 435 NONE
> Predicted label: 436 NONE
> Predicted label: 437 NONE
> Predicted label: 438 NONE
> Predicted label: 439 NONE
> Predicted label: 440 NONE
> Predicted label: 441 NONE
> Predicted label: 442 NONE
> Predicted label: 443 LEFT_PRESS
> Predicted label: 444 LEFT_PRESS
> Predicted label: 445 LEFT_PRESS
> Predicted label: 446 LEFT_PRESS
> Predicted label: 447 LEFT_PRESS
> Predicted label: 448 LEFT_PRESS
> Predicted label: 449 LEFT_PRESS
> Predicted label: 450 LEFT_PRESS
> Predicted label: 451 LEFT_PRESS
> Predicted label: 452 LEFT_PRESS
> Predicted label: 453 LEFT_PRESS
> Predicted label: 454 LEFT_PRESS
> Predicted label: 455 LEFT_PRESS
> Predicted label: 456 LEFT_PRESS
> Predicted label: 457 LEFT_PRESS
> Predicted label: 458 LEFT_PRESS
> Predicted label: 459 LEFT_PRESS
> Predicted label: 460 LEFT_PRESS
> Predicted label: 461 LEFT_PRESS
> Predicted label: 462 LEFT_PRESS
> Predicted label: 463 LEFT_PRESS
> Predicted label: 464 LEFT_PRESS
> Predicted label: 465 LEFT_PRESS
> Predicted label: 466 LEFT_PRESS
> Predicted label: 467 LEFT_PRESS
> Predicted label: 468 LEFT_PRESS
> Predicted label: 469 LEFT_PRESS
> Predicted label: 470 LEFT_PRESS
> Predicted label: 471 LEFT_PRESS
> Predicted label: 472 LEFT_PRESS
> Predicted label: 473 LEFT_PRESS
> Predicted label: 474 LEFT_PRESS
> Predicted label: 475 LEFT_PRESS
> Predicted label: 476 LEFT_PRESS
> Predicted label: 477 LEFT_PRESS
> Predicted label: 478 LEFT_PRESS
> Predicted label: 479 LEFT_RELEASE
> Predicted label: 480 LEFT_RELEASE
> Predicted label: 481 LEFT_RELEASE
> Predicted label: 482 LEFT_RELEASE
> Predicted label: 483 LEFT_RELEASE
> Predicted label: 484 LEFT_RELEASE
> Predicted label: 485 LEFT_RELEASE
> Predicted label: 486 LEFT_RELEASE
> Predicted label: 487 LEFT_RELEASE
> Predicted label: 488 LEFT_RELEASE
> Predicted label: 489 LEFT_RELEASE
> Predicted label: 490 NONE
> Predicted label: 491 NONE
> Predicted label: 492 NONE
> Predicted label: 493 NONE
> Predicted label: 494 NONE
> Predicted label: 495 NONE
> Predicted label: 496 NONE
> Predicted label: 497 NONE
> Predicted label: 5222 NONE
> Predicted label: 5223 NONE
> Predicted label: 5224 NONE
> Predicted label: 5225 NONE
> Predicted label: 5226 NONE
> Predicted label: 5227 NONE
> Predicted label: 5228 NONE
> Predicted label: 5229 NONE
> Predicted label: 5230 NONE
> Predicted label: 5231 NONE
> Predicted label: 5232 NONE
> Predicted label: 5233 NONE
> Predicted label: 5234 NONE
> Predicted label: 5235 NONE
> Predicted label: 5236 NONE
> Predicted label: 5237 NONE
> Predicted label: 5238 NONE
> Predicted label: 5239 NONE
> Predicted label: 5240 NONE
> Predicted label: 5241 NONE
> Predicted label: 5242 NONE
> Predicted label: 5243 NONE
> Predicted label: 5244 NONE
> Predicted label: 5245 NONE
> Predicted label: 5246 NONE
> Predicted label: 5247 NONE
> Predicted label: 5248 NONE
> Predicted label: 5249 NONE
> Predicted label: 5250 NONE
> Predicted label: 5251 NONE
> Predicted label: 5252 NONE
> Predicted label: 5253 NONE
> Predicted label: 5254 NONE
> Predicted label: 5255 NONE
> Predicted label: 5256 NONE
> Predicted label: 5257 LEFT_PRESS
> Predicted label: 5258 LEFT_PRESS
> Predicted label: 5259 LEFT_PRESS
> Predicted label: 5260 LEFT_PRESS
> Predicted label: 5261 LEFT_PRESS
> Predicted label: 5262 LEFT_PRESS
> Predicted label: 5263 LEFT_PRESS
> Predicted label: 5264 LEFT_PRESS
> Predicted label: 5265 LEFT_PRESS
> Predicted label: 5266 LEFT_PRESS
> Predicted label: 5267 LEFT_PRESS
> Predicted label: 5268 LEFT_PRESS
> Predicted label: 5269 LEFT_PRESS
> Predicted label: 5270 LEFT_PRESS
> Predicted label: 5271 LEFT_RELEASE
> Predicted label: 5272 LEFT_RELEASE
> Predicted label: 5273 LEFT_RELEASE
> Predicted label: 5274 LEFT_RELEASE
> Predicted label: 5275 LEFT_RELEASE
> Predicted label: 5276 LEFT_RELEASE
> Predicted label: 5277 LEFT_RELEASE
> Predicted label: 5278 LEFT_RELEASE
> Predicted label: 5279 LEFT_RELEASE
> Predicted label: 5280 LEFT_RELEASE
> Predicted label: 5281 LEFT_RELEASE
> Predicted label: 5282 LEFT_RELEASE
> Predicted label: 5283 LEFT_PRESS
> Predicted label: 5284 LEFT_PRESS
> Predicted label: 5285 LEFT_PRESS
> Predicted label: 5286 LEFT_PRESS
> Predicted label: 5287 LEFT_PRESS
> Predicted label: 9997 LEFT_RELEASE
> Predicted label: 9998 LEFT_RELEASE
> Predicted label: 9999 LEFT_RELEASE
> Predicted label: 10000 NONE
> Predicted label: 10001 NONE
> Predicted label: 10002 NONE
> Predicted label: 10003 NONE
> Predicted label: 10004 NONE
> Predicted label: 10005 NONE
> Predicted label: 10006 NONE
> Predicted label: 10007 NONE
> Predicted label: 10008 NONE
> Predicted label: 10009 NONE
> Predicted label: 10010 NONE
> Predicted label: 10011 NONE
> Predicted label: 10012 NONE
> Predicted label: 10013 NONE
> Predicted label: 10014 NONE
> Predicted label: 10015 NONE
> Predicted label: 10016 NONE
> Predicted label: 10017 NONE
> Predicted label: 10018 NONE
> Predicted label: 10019 LEFT_PRESS
> Predicted label: 10020 LEFT_PRESS
> Predicted label: 10021 LEFT_PRESS
> Predicted label: 10022 LEFT_PRESS
> Predicted label: 10023 LEFT_PRESS
> Predicted label: 10024 LEFT_PRESS
> Predicted label: 10025 LEFT_PRESS
> Predicted label: 10026 LEFT_PRESS
> Predicted label: 10027 LEFT_PRESS
> Predicted label: 10028 LEFT_PRESS
> Predicted label: 10029 LEFT_PRESS
> Predicted label: 10030 LEFT_PRESS
> Predicted label: 10031 LEFT_PRESS
> Predicted label: 10032 LEFT_PRESS
> Predicted label: 10033 LEFT_PRESS
> Predicted label: 10034 LEFT_PRESS
> Predicted label: 10035 LEFT_PRESS
> Predicted label: 10036 LEFT_PRESS
> Predicted label: 10037 LEFT_PRESS
> Predicted label: 10038 LEFT_PRESS
> Predicted label: 10039 LEFT_PRESS
> Predicted label: 10040 LEFT_PRESS
> Predicted label: 10041 LEFT_PRESS
> Predicted label: 10042 LEFT_PRESS
> Predicted label: 10043 LEFT_PRESS
> Predicted label: 10044 LEFT_PRESS
> Predicted label: 10045 LEFT_PRESS
> Predicted label: 10046 LEFT_PRESS
> Predicted label: 10047 LEFT_PRESS
> Predicted label: 10048 LEFT_PRESS
> Predicted label: 10049 LEFT_PRESS
> Predicted label: 10050 LEFT_PRESS
> Predicted label: 10051 LEFT_PRESS
> Predicted label: 10052 LEFT_PRESS
> Predicted label: 10053 LEFT_PRESS
> Predicted label: 10054 LEFT_PRESS
> Predicted label: 10055 LEFT_PRESS
> Predicted label: 10056 LEFT_PRESS
> Predicted label: 10057 LEFT_PRESS
> Predicted label: 10058 LEFT_PRESS
> Predicted label: 10059 LEFT_PRESS
> Predicted label: 10060 LEFT_PRESS
> Predicted label: 10061 LEFT_PRESS
> Predicted label: 10062 LEFT_PRESS
> Predicted label: 10063 LEFT_RELEASE
> Predicted label: 10064 LEFT_RELEASE
> Predicted label: 10065 LEFT_RELEASE
> Predicted label: 10066 LEFT_RELEASE
> Predicted label: 10067 LEFT_RELEASE
> Predicted label: 10068 LEFT_RELEASE
> Predicted label: 10069 NONE
> Predicted label: 10070 NONE
> Predicted label: 10071 NONE
> Predicted label: 10072 NONE
> Predicted label: 10073 NONE
> Predicted label: 10074 NONE
> Predicted label: 10075 NONE
> Predicted label: 10076 NONE
> Predicted label: 10077 NONE
> Predicted label: 10078 NONE
> Predicted label: 10079 NONE
> Predicted label: 10080 NONE
> Predicted label: 10081 NONE
> Predicted label: 10082 NONE
> Predicted label: 14596 LEFT_PRESS
> Predicted label: 14597 LEFT_PRESS
> Predicted label: 14598 LEFT_PRESS
> Predicted label: 14599 LEFT_PRESS
> Predicted label: 14600 LEFT_PRESS
> Predicted label: 14601 LEFT_RELEASE
> Predicted label: 14602 LEFT_RELEASE
> Predicted label: 14603 LEFT_RELEASE
> Predicted label: 14604 LEFT_RELEASE
> Predicted label: 14605 LEFT_RELEASE
> Predicted label: 14606 LEFT_RELEASE
> Predicted label: 14607 LEFT_PRESS
> Predicted label: 14608 LEFT_PRESS
> Predicted label: 14609 LEFT_RELEASE
> Predicted label: 14610 LEFT_RELEASE
> Predicted label: 14611 LEFT_RELEASE
> Predicted label: 14612 LEFT_RELEASE
> Predicted label: 14613 LEFT_RELEASE
> Predicted label: 14614 LEFT_RELEASE
> Predicted label: 14615 LEFT_RELEASE
> Predicted label: 14616 NONE
> Predicted label: 14617 NONE
> Predicted label: 14618 NONE
> Predicted label: 14619 NONE
> Predicted label: 14620 NONE
> Predicted label: 14621 NONE
> Predicted label: 14622 NONE
> Predicted label: 14623 NONE
> Predicted label: 14624 NONE
> Predicted label: 14625 NONE
> Predicted label: 14626 NONE
> Predicted label: 14627 NONE
> Predicted label: 14628 NONE
> Predicted label: 14629 NONE
> Predicted label: 14630 NONE
> Predicted label: 14631 NONE
> Predicted label: 14632 NONE
> Predicted label: 14633 NONE
> Predicted label: 14634 NONE
> Predicted label: 14635 NONE
> Predicted label: 14636 NONE
> Predicted label: 14637 NONE
> Predicted label: 14638 NONE
> Predicted label: 14639 NONE
> Predicted label: 14640 NONE
> Predicted label: 14641 NONE
> Predicted label: 14642 NONE
> Predicted label: 14643 NONE
> Predicted label: 14644 NONE
> Predicted label: 14645 NONE
> Predicted label: 14646 NONE
> Predicted label: 14647 NONE
> Predicted label: 14648 NONE
> Predicted label: 14649 NONE
> Predicted label: 14650 NONE
> Predicted label: 14651 NONE
> Predicted label: 14652 NONE
> Predicted label: 14653 NONE
> Predicted label: 14654 NONE
> Predicted label: 14655 NONE
> Predicted label: 14656 NONE
> Predicted label: 14657 NONE
> Predicted label: 14658 LEFT_PRESS
> Predicted label: 14659 LEFT_PRESS
> Predicted label: 14660 LEFT_PRESS
> Predicted label: 14661 LEFT_PRESS
> Predicted label: 14662 LEFT_PRESS
> Predicted label: 14663 LEFT_PRESS
> Predicted label: 14664 LEFT_PRESS
> Predicted label: 14665 LEFT_PRESS
> Predicted label: 14666 LEFT_RELEASE
> Predicted label: 14667 LEFT_RELEASE
> Predicted label: 14668 LEFT_RELEASE
> Predicted label: 14669 LEFT_RELEASE
> Predicted label: 14670 LEFT_RELEASE
> Predicted label: 14671 LEFT_RELEASE
> Predicted label: 14672 LEFT_RELEASE
> Predicted label: 14673 NONE
> Predicted label: 14674 NONE
> Predicted label: 14675 NONE
> Predicted label: 14676 NONE
> Predicted label: 14677 NONE
> Predicted label: 502 NONE
> Predicted label: 503 NONE
> Predicted label: 504 NONE
> Predicted label: 505 NONE
> Predicted label: 506 NONE
> Predicted label: 507 NONE
> Predicted label: 508 NONE
> Predicted label: 509 NONE
> Predicted label: 510 NONE
> Predicted label: 511 NONE
> Predicted label: 512 NONE
> Predicted label: 513 NONE
> Predicted label: 514 NONE
> Predicted label: 515 NONE
> Predicted label: 516 NONE
> Predicted label: 517 NONE
> Predicted label: 518 NONE
> Predicted label: 519 NONE
> Predicted label: 520 NONE
> Predicted label: 521 NONE
> Predicted label: 522 NONE
> Predicted label: 523 NONE
> Predicted label: 524 NONE
> Predicted label: 525 NONE
> Predicted label: 526 NONE
> Predicted label: 527 NONE
> Predicted label: 528 LEFT_PRESS
> Predicted label: 529 LEFT_PRESS
> Predicted label: 530 LEFT_PRESS
> Predicted label: 531 LEFT_PRESS
> Predicted label: 532 LEFT_PRESS
> Predicted label: 533 LEFT_PRESS
> Predicted label: 534 LEFT_PRESS
> Predicted label: 535 LEFT_PRESS
> Predicted label: 536 LEFT_PRESS
> Predicted label: 537 LEFT_PRESS
> Predicted label: 538 LEFT_PRESS
> Predicted label: 539 LEFT_PRESS
> Predicted label: 540 LEFT_RELEASE
> Predicted label: 541 LEFT_RELEASE
> Predicted label: 542 LEFT_RELEASE
> Predicted label: 543 LEFT_RELEASE
> Predicted label: 544 LEFT_RELEASE
> Predicted label: 545 LEFT_RELEASE
> Predicted label: 546 LEFT_RELEASE
> Predicted label: 547 LEFT_RELEASE
> Predicted label: 548 LEFT_RELEASE
> Predicted label: 549 LEFT_RELEASE
> Predicted label: 550 LEFT_RELEASE
> Predicted label: 551 LEFT_RELEASE
> Predicted label: 552 NONE
> Predicted label: 553 NONE
> Predicted label: 554 NONE
> Predicted label: 555 NONE
> Predicted label: 556 NONE
> Predicted label: 557 NONE
> Predicted label: 558 NONE
> Predicted label: 559 NONE
> Predicted label: 560 NONE
> Predicted label: 561 NONE
> Predicted label: 562 NONE
> Predicted label: 563 NONE
> Predicted label: 564 NONE
> Predicted label: 565 NONE
> Predicted label: 566 NONE
> Predicted label: 567 NONE
> Predicted label: 568 NONE
> Predicted label: 569 NONE
> Predicted label: 570 NONE
> Predicted label: 571 NONE
> Predicted label: 572 NONE
> Predicted label: 5288 NONE
> Predicted label: 5289 NONE
> Predicted label: 5290 NONE
> Predicted label: 5291 NONE
> Predicted label: 5292 NONE
> Predicted label: 5293 NONE
> Predicted label: 5294 NONE
> Predicted label: 5295 NONE
> Predicted label: 5296 NONE
> Predicted label: 5297 NONE
> Predicted label: 5298 NONE
> Predicted label: 5299 NONE
> Predicted label: 5300 NONE
> Predicted label: 5301 NONE
> Predicted label: 5302 NONE
> Predicted label: 5303 NONE
> Predicted label: 5304 NONE
> Predicted label: 5305 NONE
> Predicted label: 5306 NONE
> Predicted label: 5307 NONE
> Predicted label: 5308 NONE
> Predicted label: 5309 NONE
> Predicted label: 5310 NONE
> Predicted label: 5311 NONE
> Predicted label: 5312 NONE
> Predicted label: 5313 NONE
> Predicted label: 5314 NONE
> Predicted label: 5315 NONE
> Predicted label: 5316 NONE
> Predicted label: 5317 NONE
> Predicted label: 5318 NONE
> Predicted label: 5319 NONE
> Predicted label: 5320 NONE
> Predicted label: 5321 NONE
> Predicted label: 5322 NONE
> Predicted label: 5323 NONE
> Predicted label: 5324 LEFT_PRESS
> Predicted label: 5325 LEFT_PRESS
> Predicted label: 5326 LEFT_PRESS
> Predicted label: 5327 LEFT_PRESS
> Predicted label: 5328 LEFT_PRESS
> Predicted label: 5329 LEFT_PRESS
> Predicted label: 5330 LEFT_PRESS
> Predicted label: 5331 LEFT_PRESS
> Predicted label: 5332 LEFT_PRESS
> Predicted label: 5333 LEFT_PRESS
> Predicted label: 5334 LEFT_PRESS
> Predicted label: 5335 LEFT_RELEASE
> Predicted label: 5336 LEFT_RELEASE
> Predicted label: 5337 LEFT_RELEASE
> Predicted label: 5338 LEFT_RELEASE
> Predicted label: 5339 LEFT_RELEASE
> Predicted label: 5340 LEFT_RELEASE
> Predicted label: 5341 LEFT_RELEASE
> Predicted label: 5342 LEFT_RELEASE
> Predicted label: 5343 NONE
> Predicted label: 5344 NONE
> Predicted label: 5345 NONE
> Predicted label: 5346 NONE
> Predicted label: 5347 NONE
> Predicted label: 5348 NONE
> Predicted label: 5349 NONE
> Predicted label: 5350 NONE
> Predicted label: 10083 LEFT_PRESS
> Predicted label: 10084 LEFT_PRESS
> Predicted label: 10085 LEFT_PRESS
> Predicted label: 10086 LEFT_PRESS
> Predicted label: 10087 LEFT_PRESS
> Predicted label: 10088 LEFT_PRESS
> Predicted label: 10089 LEFT_PRESS
> Predicted label: 10090 LEFT_PRESS
> Predicted label: 10091 LEFT_PRESS
> Predicted label: 10092 LEFT_PRESS
> Predicted label: 10093 LEFT_PRESS
> Predicted label: 10094 LEFT_PRESS
> Predicted label: 10095 LEFT_PRESS
> Predicted label: 10096 LEFT_PRESS
> Predicted label: 10097 LEFT_PRESS
> Predicted label: 10098 LEFT_PRESS
> Predicted label: 10099 LEFT_PRESS
> Predicted label: 10100 LEFT_PRESS
> Predicted label: 10101 LEFT_PRESS
> Predicted label: 10102 LEFT_PRESS
> Predicted label: 10103 LEFT_PRESS
> Predicted label: 10104 LEFT_PRESS
> Predicted label: 10105 LEFT_PRESS
> Predicted label: 10106 LEFT_PRESS
> Predicted label: 10107 LEFT_PRESS
> Predicted label: 10108 LEFT_PRESS
> Predicted label: 10109 LEFT_PRESS
> Predicted label: 10110 LEFT_PRESS
> Predicted label: 10111 LEFT_PRESS
> Predicted label: 10112 LEFT_PRESS
> Predicted label: 10113 LEFT_PRESS
> Predicted label: 10114 LEFT_PRESS
> Predicted label: 10115 LEFT_PRESS
> Predicted label: 10116 LEFT_PRESS
> Predicted label: 10117 LEFT_PRESS
> Predicted label: 10118 LEFT_PRESS
> Predicted label: 10119 LEFT_PRESS
> Predicted label: 10120 LEFT_PRESS
> Predicted label: 10121 LEFT_PRESS
> Predicted label: 10122 LEFT_PRESS
> Predicted label: 10123 LEFT_PRESS
> Predicted label: 10124 LEFT_PRESS
> Predicted label: 10125 LEFT_PRESS
> Predicted label: 10126 LEFT_PRESS
> Predicted label: 10127 LEFT_PRESS
> Predicted label: 10128 LEFT_PRESS
> Predicted label: 10129 LEFT_PRESS
> Predicted label: 10130 LEFT_PRESS
> Predicted label: 10131 LEFT_PRESS
> Predicted label: 10132 LEFT_PRESS
> Predicted label: 10133 LEFT_PRESS
> Predicted label: 10134 LEFT_RELEASE
> Predicted label: 10135 LEFT_RELEASE
> Predicted label: 10136 LEFT_RELEASE
> Predicted label: 10137 LEFT_RELEASE
> Predicted label: 10138 LEFT_RELEASE
> Predicted label: 10139 LEFT_RELEASE
> Predicted label: 10140 LEFT_RELEASE
> Predicted label: 10141 LEFT_RELEASE
> Predicted label: 10142 LEFT_RELEASE
> Predicted label: 10143 LEFT_PRESS
> Predicted label: 10144 LEFT_PRESS
> Predicted label: 10145 LEFT_PRESS
> Predicted label: 10146 LEFT_PRESS
> Predicted label: 10147 LEFT_PRESS
> Predicted label: 10148 LEFT_PRESS
> Predicted label: 10149 LEFT_PRESS
> Predicted label: 10150 LEFT_PRESS
> Predicted label: 10151 LEFT_PRESS
> Predicted label: 10152 LEFT_PRESS
> Predicted label: 10153 LEFT_PRESS
> Predicted label: 10154 LEFT_PRESS
> Predicted label: 10155 LEFT_PRESS
> Predicted label: 10156 LEFT_PRESS
> Predicted label: 14678 LEFT_RELEASE
> Predicted label: 14679 LEFT_RELEASE
> Predicted label: 14680 LEFT_RELEASE
> Predicted label: 14681 LEFT_RELEASE
> Predicted label: 14682 NONE
> Predicted label: 14683 NONE
> Predicted label: 14684 NONE
> Predicted label: 14685 NONE
> Predicted label: 14686 NONE
> Predicted label: 14687 NONE
> Predicted label: 14688 NONE
> Predicted label: 14689 NONE
> Predicted label: 14690 NONE
> Predicted label: 14691 NONE
> Predicted label: 14692 NONE
> Predicted label: 14693 NONE
> Predicted label: 14694 NONE
> Predicted label: 14695 NONE
> Predicted label: 14696 NONE
> Predicted label: 14697 NONE
> Predicted label: 14698 NONE
> Predicted label: 14699 NONE
> Predicted label: 14700 NONE
> Predicted label: 14701 NONE
> Predicted label: 14702 NONE
> Predicted label: 14703 NONE
> Predicted label: 14704 NONE
> Predicted label: 14705 NONE
> Predicted label: 14706 NONE
> Predicted label: 14707 NONE
> Predicted label: 14708 NONE
> Predicted label: 14709 NONE
> Predicted label: 14710 NONE
> Predicted label: 14711 NONE
> Predicted label: 14712 NONE
> Predicted label: 14713 NONE
> Predicted label: 14714 NONE
> Predicted label: 14715 NONE
> Predicted label: 14716 NONE
> Predicted label: 14717 NONE
> Predicted label: 14718 NONE
> Predicted label: 14719 NONE
> Predicted label: 14720 NONE
> Predicted label: 14721 NONE
> Predicted label: 14722 NONE
> Predicted label: 14723 NONE
> Predicted label: 14724 NONE
> Predicted label: 14725 NONE
> Predicted label: 14726 NONE
> Predicted label: 14727 NONE
> Predicted label: 14728 NONE
> Predicted label: 14729 NONE
> Predicted label: 14730 NONE
> Predicted label: 14731 NONE
> Predicted label: 14732 NONE
> Predicted label: 14733 NONE
> Predicted label: 14734 NONE
> Predicted label: 14735 NONE
> Predicted label: 14736 NONE
> Predicted label: 14737 NONE
> Predicted label: 14738 NONE
> Predicted label: 14739 NONE
> Predicted label: 14740 NONE
> Predicted label: 14741 NONE
> Predicted label: 14742 NONE
> Predicted label: 14743 NONE
> Predicted label: 14744 NONE
> Predicted label: 14745 NONE
> Predicted label: 14746 NONE
> Predicted label: 14747 NONE
> Predicted label: 14748 LEFT_PRESS
> Predicted label: 14749 LEFT_PRESS
> Predicted label: 14750 LEFT_PRESS
> Predicted label: 14751 LEFT_PRESS
> Predicted label: 14752 LEFT_PRESS
> Predicted label: 14753 NONE
> Predicted label: 14754 NONE
> Predicted label: 14755 NONE
> Predicted label: 14756 NONE
> Predicted label: 14757 NONE
> Predicted label: 14758 NONE
> Predicted label: 14759 NONE
> Predicted label: 14760 NONE
> Predicted label: 14761 NONE
> Predicted label: 14762 NONE
> Predicted label: 14763 NONE
> Predicted label: 14764 NONE
> Predicted label: 14765 NONE
> Predicted label: 14766 LEFT_PRESS
> Predicted label: 14767 LEFT_PRESS
> Predicted label: 14768 LEFT_PRESS
> Predicted label: 14769 LEFT_PRESS
> Predicted label: 14770 LEFT_PRESS
> Predicted label: 14771 LEFT_PRESS
> Predicted label: 14772 LEFT_PRESS
> Predicted label: 14773 LEFT_RELEASE
> Predicted label: 14774 LEFT_RELEASE
> Predicted label: 14775 LEFT_RELEASE
> Predicted label: 14776 LEFT_RELEASE
> Predicted label: 14777 LEFT_RELEASE
> Predicted label: 14778 LEFT_RELEASE
> Predicted label: 14779 LEFT_RELEASE
> Predicted label: 14780 LEFT_RELEASE
> Predicted label: 14781 LEFT_RELEASE
> Predicted label: 14782 NONE
> Predicted label: 14783 NONE
> Predicted label: 14784 NONE
> Predicted label: 14785 NONE
> Predicted label: 14786 NONE
> Predicted label: 14787 NONE
> Predicted label: 14788 NONE
> Predicted label: 14789 NONE
> Predicted label: 14790 NONE
> Predicted label: 577 NONE
> Predicted label: 578 NONE
> Predicted label: 579 NONE
> Predicted label: 580 NONE
> Predicted label: 581 NONE
> Predicted label: 582 NONE
> Predicted label: 583 NONE
> Predicted label: 584 NONE
> Predicted label: 585 NONE
> Predicted label: 586 NONE
> Predicted label: 587 NONE
> Predicted label: 588 NONE
> Predicted label: 589 NONE
> Predicted label: 590 NONE
> Predicted label: 591 NONE
> Predicted label: 592 NONE
> Predicted label: 593 NONE
> Predicted label: 594 NONE
> Predicted label: 595 NONE
> Predicted label: 596 NONE
> Predicted label: 597 NONE
> Predicted label: 598 NONE
> Predicted label: 599 NONE
> Predicted label: 600 NONE
> Predicted label: 601 NONE
> Predicted label: 602 NONE
> Predicted label: 603 NONE
> Predicted label: 604 LEFT_PRESS
> Predicted label: 605 LEFT_PRESS
> Predicted label: 606 LEFT_PRESS
> Predicted label: 607 LEFT_PRESS
> Predicted label: 608 LEFT_PRESS
> Predicted label: 609 LEFT_PRESS
> Predicted label: 610 LEFT_PRESS
> Predicted label: 611 LEFT_PRESS
> Predicted label: 612 LEFT_PRESS
> Predicted label: 613 LEFT_PRESS
> Predicted label: 614 LEFT_PRESS
> Predicted label: 615 LEFT_PRESS
> Predicted label: 616 LEFT_RELEASE
> Predicted label: 617 LEFT_RELEASE
> Predicted label: 618 LEFT_RELEASE
> Predicted label: 619 LEFT_RELEASE
> Predicted label: 620 LEFT_RELEASE
> Predicted label: 621 LEFT_RELEASE
> Predicted label: 622 LEFT_RELEASE
> Predicted label: 623 LEFT_RELEASE
> Predicted label: 624 LEFT_RELEASE
> Predicted label: 625 LEFT_RELEASE
> Predicted label: 626 LEFT_RELEASE
> Predicted label: 627 NONE
> Predicted label: 628 NONE
> Predicted label: 629 NONE
> Predicted label: 5351 NONE
> Predicted label: 5352 NONE
> Predicted label: 5353 NONE
> Predicted label: 5354 NONE
> Predicted label: 5355 NONE
> Predicted label: 5356 NONE
> Predicted label: 5357 NONE
> Predicted label: 5358 NONE
> Predicted label: 5359 NONE
> Predicted label: 5360 NONE
> Predicted label: 5361 NONE
> Predicted label: 5362 NONE
> Predicted label: 5363 NONE
> Predicted label: 5364 NONE
> Predicted label: 5365 NONE
> Predicted label: 5366 NONE
> Predicted label: 5367 NONE
> Predicted label: 5368 NONE
> Predicted label: 5369 NONE
> Predicted label: 5370 NONE
> Predicted label: 5371 NONE
> Predicted label: 5372 NONE
> Predicted label: 5373 NONE
> Predicted label: 5374 NONE
> Predicted label: 5375 NONE
> Predicted label: 5376 NONE
> Predicted label: 5377 NONE
> Predicted label: 5378 NONE
> Predicted label: 5379 NONE
> Predicted label: 5380 NONE
> Predicted label: 5381 NONE
> Predicted label: 5382 NONE
> Predicted label: 5383 NONE
> Predicted label: 5384 NONE
> Predicted label: 5385 NONE
> Predicted label: 5386 NONE
> Predicted label: 5387 LEFT_PRESS
> Predicted label: 5388 LEFT_PRESS
> Predicted label: 5389 LEFT_PRESS
> Predicted label: 5390 LEFT_PRESS
> Predicted label: 5391 LEFT_PRESS
> Predicted label: 5392 LEFT_PRESS
> Predicted label: 5393 NONE
> Predicted label: 5394 NONE
> Predicted label: 5395 NONE
> Predicted label: 5396 NONE
> Predicted label: 5397 NONE
> Predicted label: 5398 NONE
> Predicted label: 5399 LEFT_PRESS
> Predicted label: 5400 LEFT_PRESS
> Predicted label: 5401 LEFT_PRESS
> Predicted label: 5402 LEFT_PRESS
> Predicted label: 5403 LEFT_PRESS
> Predicted label: 5404 LEFT_PRESS
> Predicted label: 5405 LEFT_PRESS
> Predicted label: 5406 LEFT_PRESS
> Predicted label: 5407 LEFT_PRESS
> Predicted label: 5408 LEFT_PRESS
> Predicted label: 5409 LEFT_PRESS
> Predicted label: 5410 LEFT_RELEASE
> Predicted label: 5411 LEFT_RELEASE
> Predicted label: 5412 LEFT_RELEASE
> Predicted label: 5413 LEFT_RELEASE
> Predicted label: 5414 LEFT_RELEASE
> Predicted label: 5415 LEFT_RELEASE
> Predicted label: 5416 LEFT_RELEASE
> Predicted label: 5417 LEFT_RELEASE
> Predicted label: 5418 LEFT_RELEASE
> Predicted label: 5419 NONE
> Predicted label: 5420 NONE
> Predicted label: 5421 NONE
> Predicted label: 5422 NONE
> Predicted label: 5423 NONE
> Predicted label: 5424 NONE
> Predicted label: 5425 NONE
> Predicted label: 5426 NONE
> Predicted label: 5427 NONE
> Predicted label: 5428 NONE
> Predicted label: 5429 NONE
> Predicted label: 5430 NONE
> Predicted label: 10157 NONE
> Predicted label: 10158 NONE
> Predicted label: 10159 NONE
> Predicted label: 10160 NONE
> Predicted label: 10161 NONE
> Predicted label: 10162 NONE
> Predicted label: 10163 NONE
> Predicted label: 10164 NONE
> Predicted label: 10165 NONE
> Predicted label: 10166 NONE
> Predicted label: 10167 NONE
> Predicted label: 10168 NONE
> Predicted label: 10169 NONE
> Predicted label: 10170 NONE
> Predicted label: 10171 NONE
> Predicted label: 10172 NONE
> Predicted label: 10173 NONE
> Predicted label: 10174 NONE
> Predicted label: 10175 NONE
> Predicted label: 10176 NONE
> Predicted label: 10177 NONE
> Predicted label: 10178 NONE
> Predicted label: 10179 NONE
> Predicted label: 10180 NONE
> Predicted label: 10181 NONE
> Predicted label: 10182 NONE
> Predicted label: 10183 NONE
> Predicted label: 10184 NONE
> Predicted label: 10185 NONE
> Predicted label: 10186 NONE
> Predicted label: 10187 NONE
> Predicted label: 10188 NONE
> Predicted label: 10189 NONE
> Predicted label: 10190 NONE
> Predicted label: 10191 NONE
> Predicted label: 10192 NONE
> Predicted label: 10193 NONE
> Predicted label: 10194 NONE
> Predicted label: 10195 NONE
> Predicted label: 10196 NONE
> Predicted label: 10197 NONE
> Predicted label: 10198 NONE
> Predicted label: 10199 NONE
> Predicted label: 10200 NONE
> Predicted label: 10201 NONE
> Predicted label: 10202 NONE
> Predicted label: 10203 NONE
> Predicted label: 10204 NONE
> Predicted label: 10205 LEFT_PRESS
> Predicted label: 10206 LEFT_PRESS
> Predicted label: 10207 LEFT_PRESS
> Predicted label: 10208 LEFT_PRESS
> Predicted label: 10209 LEFT_PRESS
> Predicted label: 10210 LEFT_PRESS
> Predicted label: 10211 LEFT_PRESS
> Predicted label: 10212 LEFT_PRESS
> Predicted label: 10213 LEFT_PRESS
> Predicted label: 10214 LEFT_PRESS
> Predicted label: 10215 LEFT_PRESS
> Predicted label: 10216 LEFT_PRESS
> Predicted label: 10217 LEFT_RELEASE
> Predicted label: 10218 LEFT_RELEASE
> Predicted label: 10219 LEFT_RELEASE
> Predicted label: 10220 LEFT_RELEASE
> Predicted label: 10221 LEFT_RELEASE
> Predicted label: 10222 LEFT_RELEASE
> Predicted label: 10223 LEFT_RELEASE
> Predicted label: 10224 LEFT_RELEASE
> Predicted label: 10225 LEFT_RELEASE
> Predicted label: 10226 LEFT_RELEASE
> Predicted label: 10227 LEFT_RELEASE
> Predicted label: 10228 LEFT_RELEASE
> Predicted label: 10229 LEFT_RELEASE
> Predicted label: 10230 LEFT_RELEASE
> Predicted label: 10231 LEFT_RELEASE
> Predicted label: 10232 LEFT_RELEASE
> Predicted label: 10233 NONE
> Predicted label: 10234 NONE
> Predicted label: 10235 NONE
> Predicted label: 10236 NONE
> Predicted label: 10237 NONE
> Predicted label: 10238 NONE
> Predicted label: 14791 NONE
> Predicted label: 14792 NONE
> Predicted label: 14793 NONE
> Predicted label: 14794 NONE
> Predicted label: 14795 NONE
> Predicted label: 14796 NONE
> Predicted label: 14797 NONE
> Predicted label: 14798 NONE
> Predicted label: 14799 NONE
> Predicted label: 14800 NONE
> Predicted label: 14801 NONE
> Predicted label: 14802 NONE
> Predicted label: 14803 NONE
> Predicted label: 14804 NONE
> Predicted label: 14805 NONE
> Predicted label: 14806 NONE
> Predicted label: 14807 NONE
> Predicted label: 14808 NONE
> Predicted label: 14809 NONE
> Predicted label: 14810 NONE
> Predicted label: 14811 NONE
> Predicted label: 14812 NONE
> Predicted label: 14813 NONE
> Predicted label: 14814 NONE
> Predicted label: 14815 NONE
> Predicted label: 14816 NONE
> Predicted label: 14817 NONE
> Predicted label: 14818 NONE
> Predicted label: 14819 NONE
> Predicted label: 14820 NONE
> Predicted label: 14821 NONE
> Predicted label: 14822 NONE
> Predicted label: 14823 NONE
> Predicted label: 14824 NONE
> Predicted label: 14825 NONE
> Predicted label: 14826 NONE
> Predicted label: 14827 NONE
> Predicted label: 14828 NONE
> Predicted label: 14829 NONE
> Predicted label: 14830 NONE
> Predicted label: 14831 NONE
> Predicted label: 14832 LEFT_PRESS
> Predicted label: 14833 LEFT_PRESS
> Predicted label: 14834 LEFT_PRESS
> Predicted label: 14835 LEFT_PRESS
> Predicted label: 14836 LEFT_PRESS
> Predicted label: 14837 LEFT_PRESS
> Predicted label: 14838 LEFT_PRESS
> Predicted label: 14839 LEFT_PRESS
> Predicted label: 14840 LEFT_RELEASE
> Predicted label: 14841 LEFT_RELEASE
> Predicted label: 14842 LEFT_RELEASE
> Predicted label: 14843 LEFT_RELEASE
> Predicted label: 14844 LEFT_RELEASE
> Predicted label: 14845 LEFT_RELEASE
> Predicted label: 14846 LEFT_RELEASE
> Predicted label: 14847 LEFT_RELEASE
> Predicted label: 14848 NONE
> Predicted label: 14849 NONE
> Predicted label: 14850 NONE
> Predicted label: 14851 NONE
> Predicted label: 14852 NONE
> Predicted label: 14853 NONE
> Predicted label: 634 NONE
> Predicted label: 635 NONE
> Predicted label: 636 NONE
> Predicted label: 637 NONE
> Predicted label: 638 NONE
> Predicted label: 639 NONE
> Predicted label: 640 NONE
> Predicted label: 641 NONE
> Predicted label: 642 NONE
> Predicted label: 643 NONE
> Predicted label: 644 NONE
> Predicted label: 645 NONE
> Predicted label: 646 NONE
> Predicted label: 647 NONE
> Predicted label: 648 NONE
> Predicted label: 649 NONE
> Predicted label: 650 NONE
> Predicted label: 651 NONE
> Predicted label: 652 NONE
> Predicted label: 653 NONE
> Predicted label: 654 NONE
> Predicted label: 655 NONE
> Predicted label: 656 NONE
> Predicted label: 657 NONE
> Predicted label: 658 NONE
> Predicted label: 659 NONE
> Predicted label: 660 NONE
> Predicted label: 661 LEFT_PRESS
> Predicted label: 662 LEFT_PRESS
> Predicted label: 663 LEFT_PRESS
> Predicted label: 664 LEFT_PRESS
> Predicted label: 665 LEFT_PRESS
> Predicted label: 666 LEFT_PRESS
> Predicted label: 667 LEFT_PRESS
> Predicted label: 668 LEFT_PRESS
> Predicted label: 669 LEFT_PRESS
> Predicted label: 670 LEFT_PRESS
> Predicted label: 671 LEFT_PRESS
> Predicted label: 672 LEFT_PRESS
> Predicted label: 673 LEFT_PRESS
> Predicted label: 674 LEFT_RELEASE
> Predicted label: 675 LEFT_RELEASE
> Predicted label: 676 LEFT_RELEASE
> Predicted label: 677 LEFT_RELEASE
> Predicted label: 678 LEFT_RELEASE
> Predicted label: 679 LEFT_RELEASE
> Predicted label: 680 LEFT_RELEASE
> Predicted label: 681 LEFT_RELEASE
> Predicted label: 682 LEFT_RELEASE
> Predicted label: 683 LEFT_RELEASE
> Predicted label: 684 LEFT_RELEASE
> Predicted label: 685 LEFT_RELEASE
> Predicted label: 686 LEFT_RELEASE
> Predicted label: 687 LEFT_RELEASE
> Predicted label: 688 LEFT_RELEASE
> Predicted label: 689 LEFT_RELEASE
> Predicted label: 690 LEFT_RELEASE
> Predicted label: 691 LEFT_RELEASE
> Predicted label: 692 LEFT_RELEASE
> Predicted label: 693 LEFT_RELEASE
> Predicted label: 694 LEFT_RELEASE
> Predicted label: 695 NONE
> Predicted label: 696 NONE
> Predicted label: 697 NONE
> Predicted label: 5431 LEFT_RELEASE
> Predicted label: 5432 LEFT_RELEASE
> Predicted label: 5433 NONE
> Predicted label: 5434 NONE
> Predicted label: 5435 NONE
> Predicted label: 5436 NONE
> Predicted label: 5437 NONE
> Predicted label: 5438 NONE
> Predicted label: 5439 NONE
> Predicted label: 5440 NONE
> Predicted label: 5441 NONE
> Predicted label: 5442 NONE
> Predicted label: 5443 NONE
> Predicted label: 5444 NONE
> Predicted label: 5445 NONE
> Predicted label: 5446 NONE
> Predicted label: 5447 NONE
> Predicted label: 5448 NONE
> Predicted label: 5449 NONE
> Predicted label: 5450 NONE
> Predicted label: 5451 NONE
> Predicted label: 5452 NONE
> Predicted label: 5453 NONE
> Predicted label: 5454 NONE
> Predicted label: 5455 NONE
> Predicted label: 5456 NONE
> Predicted label: 5457 NONE
> Predicted label: 5458 NONE
> Predicted label: 5459 NONE
> Predicted label: 5460 NONE
> Predicted label: 5461 NONE
> Predicted label: 5462 NONE
> Predicted label: 5463 NONE
> Predicted label: 5464 NONE
> Predicted label: 5465 LEFT_PRESS
> Predicted label: 5466 NONE
> Predicted label: 5467 NONE
> Predicted label: 5468 NONE
> Predicted label: 5469 NONE
> Predicted label: 5470 NONE
> Predicted label: 5471 NONE
> Predicted label: 5472 LEFT_PRESS
> Predicted label: 5473 LEFT_PRESS
> Predicted label: 5474 LEFT_PRESS
> Predicted label: 5475 LEFT_PRESS
> Predicted label: 5476 LEFT_PRESS
> Predicted label: 5477 LEFT_PRESS
> Predicted label: 5478 LEFT_PRESS
> Predicted label: 5479 LEFT_PRESS
> Predicted label: 5480 LEFT_PRESS
> Predicted label: 5481 LEFT_PRESS
> Predicted label: 5482 LEFT_PRESS
> Predicted label: 5483 LEFT_PRESS
> Predicted label: 5484 LEFT_PRESS
> Predicted label: 5485 LEFT_PRESS
> Predicted label: 5486 LEFT_RELEASE
> Predicted label: 5487 LEFT_RELEASE
> Predicted label: 5488 LEFT_RELEASE
> Predicted label: 5489 LEFT_PRESS
> Predicted label: 5490 LEFT_PRESS
> Predicted label: 5491 LEFT_PRESS
> Predicted label: 5492 LEFT_PRESS
> Predicted label: 5493 LEFT_PRESS
> Predicted label: 5494 LEFT_PRESS
> Predicted label: 5495 LEFT_PRESS
> Predicted label: 5496 LEFT_PRESS
> Predicted label: 5497 LEFT_PRESS
> Predicted label: 5498 LEFT_PRESS
> Predicted label: 5499 LEFT_PRESS
> Predicted label: 5500 LEFT_RELEASE
> Predicted label: 5501 LEFT_RELEASE
> Predicted label: 5502 LEFT_RELEASE
> Predicted label: 5503 LEFT_RELEASE
> Predicted label: 5504 NONE
> Predicted label: 5505 NONE
> Predicted label: 5506 NONE
> Predicted label: 5507 NONE
> Predicted label: 5508 NONE
> Predicted label: 5509 NONE
> Predicted label: 5510 NONE
> Predicted label: 5511 NONE
> Predicted label: 10239 NONE
> Predicted label: 10240 LEFT_PRESS
> Predicted label: 10241 LEFT_PRESS
> Predicted label: 10242 LEFT_PRESS
> Predicted label: 10243 NONE
> Predicted label: 10244 NONE
> Predicted label: 10245 NONE
> Predicted label: 10246 NONE
> Predicted label: 10247 NONE
> Predicted label: 10248 NONE
> Predicted label: 10249 NONE
> Predicted label: 10250 NONE
> Predicted label: 10251 NONE
> Predicted label: 10252 NONE
> Predicted label: 10253 NONE
> Predicted label: 10254 NONE
> Predicted label: 10255 NONE
> Predicted label: 10256 NONE
> Predicted label: 10257 LEFT_PRESS
> Predicted label: 10258 LEFT_PRESS
> Predicted label: 10259 LEFT_PRESS
> Predicted label: 10260 LEFT_PRESS
> Predicted label: 10261 LEFT_PRESS
> Predicted label: 10262 LEFT_PRESS
> Predicted label: 10263 LEFT_PRESS
> Predicted label: 10264 LEFT_PRESS
> Predicted label: 10265 LEFT_PRESS
> Predicted label: 10266 LEFT_PRESS
> Predicted label: 10267 LEFT_PRESS
> Predicted label: 10268 LEFT_PRESS
> Predicted label: 10269 LEFT_PRESS
> Predicted label: 10270 LEFT_PRESS
> Predicted label: 10271 LEFT_PRESS
> Predicted label: 10272 LEFT_PRESS
> Predicted label: 10273 LEFT_PRESS
> Predicted label: 10274 LEFT_PRESS
> Predicted label: 10275 LEFT_PRESS
> Predicted label: 10276 LEFT_PRESS
> Predicted label: 10277 LEFT_PRESS
> Predicted label: 10278 LEFT_PRESS
> Predicted label: 10279 LEFT_PRESS
> Predicted label: 10280 LEFT_PRESS
> Predicted label: 10281 LEFT_PRESS
> Predicted label: 10282 LEFT_PRESS
> Predicted label: 10283 LEFT_PRESS
> Predicted label: 10284 LEFT_PRESS
> Predicted label: 10285 LEFT_PRESS
> Predicted label: 10286 LEFT_PRESS
> Predicted label: 10287 LEFT_PRESS
> Predicted label: 10288 LEFT_PRESS
> Predicted label: 10289 LEFT_PRESS
> Predicted label: 10290 LEFT_PRESS
> Predicted label: 10291 LEFT_PRESS
> Predicted label: 10292 LEFT_PRESS
> Predicted label: 10293 LEFT_PRESS
> Predicted label: 10294 LEFT_PRESS
> Predicted label: 10295 LEFT_PRESS
> Predicted label: 10296 LEFT_RELEASE
> Predicted label: 10297 LEFT_RELEASE
> Predicted label: 10298 LEFT_RELEASE
> Predicted label: 10299 LEFT_RELEASE
> Predicted label: 10300 LEFT_RELEASE
> Predicted label: 10301 LEFT_PRESS
> Predicted label: 10302 LEFT_PRESS
> Predicted label: 10303 LEFT_PRESS
> Predicted label: 10304 LEFT_PRESS
> Predicted label: 10305 LEFT_PRESS
> Predicted label: 10306 LEFT_PRESS
> Predicted label: 10307 LEFT_PRESS
> Predicted label: 10308 LEFT_PRESS
> Predicted label: 10309 LEFT_PRESS
> Predicted label: 10310 LEFT_PRESS
> Predicted label: 10311 LEFT_PRESS
> Predicted label: 10312 LEFT_PRESS
> Predicted label: 10313 LEFT_PRESS
> Predicted label: 10314 LEFT_PRESS
> Predicted label: 10315 LEFT_PRESS
> Predicted label: 14854 LEFT_RELEASE
> Predicted label: 14855 LEFT_RELEASE
> Predicted label: 14856 LEFT_RELEASE
> Predicted label: 14857 LEFT_RELEASE
> Predicted label: 14858 NONE
> Predicted label: 14859 NONE
> Predicted label: 14860 NONE
> Predicted label: 14861 NONE
> Predicted label: 14862 NONE
> Predicted label: 14863 NONE
> Predicted label: 14864 NONE
> Predicted label: 14865 NONE
> Predicted label: 14866 NONE
> Predicted label: 14867 NONE
> Predicted label: 14868 NONE
> Predicted label: 14869 NONE
> Predicted label: 14870 NONE
> Predicted label: 14871 NONE
> Predicted label: 14872 NONE
> Predicted label: 14873 NONE
> Predicted label: 14874 NONE
> Predicted label: 14875 NONE
> Predicted label: 14876 NONE
> Predicted label: 14877 NONE
> Predicted label: 14878 NONE
> Predicted label: 14879 NONE
> Predicted label: 14880 NONE
> Predicted label: 14881 NONE
> Predicted label: 14882 NONE
> Predicted label: 14883 NONE
> Predicted label: 14884 LEFT_PRESS
> Predicted label: 14885 LEFT_PRESS
> Predicted label: 14886 LEFT_PRESS
> Predicted label: 14887 LEFT_PRESS
> Predicted label: 14888 LEFT_PRESS
> Predicted label: 14889 LEFT_PRESS
> Predicted label: 14890 LEFT_PRESS
> Predicted label: 14891 LEFT_PRESS
> Predicted label: 14892 LEFT_RELEASE
> Predicted label: 14893 LEFT_RELEASE
> Predicted label: 14894 LEFT_RELEASE
> Predicted label: 14895 LEFT_RELEASE
> Predicted label: 14896 LEFT_RELEASE
> Predicted label: 14897 LEFT_RELEASE
> Predicted label: 14898 LEFT_RELEASE
> Predicted label: 14899 NONE
> Predicted label: 14900 NONE
> Predicted label: 14901 NONE
> Predicted label: 14902 NONE
> Predicted label: 14903 NONE
> Predicted label: 702 NONE
> Predicted label: 703 NONE
> Predicted label: 704 NONE
> Predicted label: 705 NONE
> Predicted label: 706 NONE
> Predicted label: 707 NONE
> Predicted label: 708 NONE
> Predicted label: 709 NONE
> Predicted label: 710 NONE
> Predicted label: 711 NONE
> Predicted label: 712 NONE
> Predicted label: 713 NONE
> Predicted label: 714 NONE
> Predicted label: 715 NONE
> Predicted label: 716 NONE
> Predicted label: 717 NONE
> Predicted label: 718 NONE
> Predicted label: 719 NONE
> Predicted label: 720 NONE
> Predicted label: 721 NONE
> Predicted label: 722 NONE
> Predicted label: 723 NONE
> Predicted label: 724 NONE
> Predicted label: 725 NONE
> Predicted label: 726 NONE
> Predicted label: 727 NONE
> Predicted label: 728 LEFT_PRESS
> Predicted label: 729 LEFT_PRESS
> Predicted label: 730 LEFT_PRESS
> Predicted label: 731 LEFT_PRESS
> Predicted label: 732 LEFT_PRESS
> Predicted label: 733 LEFT_PRESS
> Predicted label: 734 LEFT_PRESS
> Predicted label: 735 LEFT_PRESS
> Predicted label: 736 LEFT_PRESS
> Predicted label: 737 LEFT_PRESS
> Predicted label: 738 LEFT_RELEASE
> Predicted label: 739 LEFT_RELEASE
> Predicted label: 740 LEFT_RELEASE
> Predicted label: 741 LEFT_RELEASE
> Predicted label: 742 LEFT_RELEASE
> Predicted label: 743 LEFT_RELEASE
> Predicted label: 744 LEFT_RELEASE
> Predicted label: 745 LEFT_RELEASE
> Predicted label: 746 LEFT_RELEASE
> Predicted label: 747 NONE
> Predicted label: 748 NONE
> Predicted label: 749 NONE
> Predicted label: 750 NONE
> Predicted label: 751 NONE
> Predicted label: 752 NONE
> Predicted label: 753 NONE
> Predicted label: 754 NONE
> Predicted label: 755 NONE
> Predicted label: 756 NONE
> Predicted label: 757 NONE
> Predicted label: 758 NONE
> Predicted label: 759 NONE
> Predicted label: 760 NONE
> Predicted label: 761 NONE
> Predicted label: 5512 NONE
> Predicted label: 5513 LEFT_RELEASE
> Predicted label: 5514 LEFT_RELEASE
> Predicted label: 5515 NONE
> Predicted label: 5516 NONE
> Predicted label: 5517 NONE
> Predicted label: 5518 NONE
> Predicted label: 5519 NONE
> Predicted label: 5520 NONE
> Predicted label: 5521 NONE
> Predicted label: 5522 NONE
> Predicted label: 5523 NONE
> Predicted label: 5524 NONE
> Predicted label: 5525 NONE
> Predicted label: 5526 NONE
> Predicted label: 5527 NONE
> Predicted label: 5528 NONE
> Predicted label: 5529 NONE
> Predicted label: 5530 NONE
> Predicted label: 5531 NONE
> Predicted label: 5532 NONE
> Predicted label: 5533 NONE
> Predicted label: 5534 NONE
> Predicted label: 5535 NONE
> Predicted label: 5536 NONE
> Predicted label: 5537 NONE
> Predicted label: 5538 NONE
> Predicted label: 5539 NONE
> Predicted label: 5540 NONE
> Predicted label: 5541 NONE
> Predicted label: 5542 NONE
> Predicted label: 5543 NONE
> Predicted label: 5544 NONE
> Predicted label: 5545 NONE
> Predicted label: 5546 NONE
> Predicted label: 5547 NONE
> Predicted label: 5548 NONE
> Predicted label: 5549 LEFT_PRESS
> Predicted label: 5550 LEFT_PRESS
> Predicted label: 5551 LEFT_PRESS
> Predicted label: 5552 LEFT_PRESS
> Predicted label: 5553 LEFT_PRESS
> Predicted label: 5554 LEFT_PRESS
> Predicted label: 5555 LEFT_PRESS
> Predicted label: 5556 LEFT_PRESS
> Predicted label: 5557 LEFT_PRESS
> Predicted label: 5558 LEFT_PRESS
> Predicted label: 5559 LEFT_PRESS
> Predicted label: 5560 LEFT_RELEASE
> Predicted label: 5561 LEFT_RELEASE
> Predicted label: 5562 LEFT_RELEASE
> Predicted label: 5563 LEFT_RELEASE
> Predicted label: 5564 LEFT_RELEASE
> Predicted label: 5565 LEFT_RELEASE
> Predicted label: 5566 LEFT_RELEASE
> Predicted label: 5567 LEFT_RELEASE
> Predicted label: 5568 LEFT_RELEASE
> Predicted label: 5569 NONE
> Predicted label: 5570 NONE
> Predicted label: 5571 NONE
> Predicted label: 5572 NONE
> Predicted label: 5573 NONE
> Predicted label: 5574 NONE
> Predicted label: 5575 NONE
> Predicted label: 5576 NONE
> Predicted label: 5577 NONE
> Predicted label: 5578 NONE
> Predicted label: 5579 NONE
> Predicted label: 10316 LEFT_PRESS
> Predicted label: 10317 LEFT_PRESS
> Predicted label: 10318 LEFT_PRESS
> Predicted label: 10319 LEFT_PRESS
> Predicted label: 10320 LEFT_PRESS
> Predicted label: 10321 LEFT_PRESS
> Predicted label: 10322 LEFT_PRESS
> Predicted label: 10323 LEFT_PRESS
> Predicted label: 10324 LEFT_PRESS
> Predicted label: 10325 LEFT_PRESS
> Predicted label: 10326 LEFT_PRESS
> Predicted label: 10327 LEFT_PRESS
> Predicted label: 10328 LEFT_PRESS
> Predicted label: 10329 LEFT_PRESS
> Predicted label: 10330 LEFT_PRESS
> Predicted label: 10331 LEFT_PRESS
> Predicted label: 10332 LEFT_PRESS
> Predicted label: 10333 LEFT_PRESS
> Predicted label: 10334 LEFT_PRESS
> Predicted label: 10335 LEFT_PRESS
> Predicted label: 10336 LEFT_PRESS
> Predicted label: 10337 LEFT_PRESS
> Predicted label: 10338 LEFT_PRESS
> Predicted label: 10339 LEFT_PRESS
> Predicted label: 10340 LEFT_PRESS
> Predicted label: 10341 LEFT_PRESS
> Predicted label: 10342 LEFT_PRESS
> Predicted label: 10343 LEFT_PRESS
> Predicted label: 10344 LEFT_PRESS
> Predicted label: 10345 LEFT_PRESS
> Predicted label: 10346 LEFT_PRESS
> Predicted label: 10347 LEFT_PRESS
> Predicted label: 10348 LEFT_PRESS
> Predicted label: 10349 LEFT_PRESS
> Predicted label: 10350 LEFT_PRESS
> Predicted label: 10351 LEFT_PRESS
> Predicted label: 10352 LEFT_PRESS
> Predicted label: 10353 LEFT_PRESS
> Predicted label: 10354 LEFT_PRESS
> Predicted label: 10355 LEFT_PRESS
> Predicted label: 10356 LEFT_PRESS
> Predicted label: 10357 LEFT_PRESS
> Predicted label: 10358 LEFT_PRESS
> Predicted label: 10359 LEFT_PRESS
> Predicted label: 10360 LEFT_PRESS
> Predicted label: 10361 LEFT_RELEASE
> Predicted label: 10362 LEFT_RELEASE
> Predicted label: 10363 LEFT_RELEASE
> Predicted label: 10364 LEFT_RELEASE
> Predicted label: 10365 LEFT_RELEASE
> Predicted label: 10366 LEFT_RELEASE
> Predicted label: 10367 LEFT_RELEASE
> Predicted label: 10368 LEFT_RELEASE
> Predicted label: 10369 LEFT_RELEASE
> Predicted label: 10370 LEFT_RELEASE
> Predicted label: 10371 LEFT_RELEASE
> Predicted label: 10372 NONE
> Predicted label: 10373 NONE
> Predicted label: 10374 NONE
> Predicted label: 10375 NONE
> Predicted label: 10376 NONE
> Predicted label: 10377 NONE
> Predicted label: 10378 NONE
> Predicted label: 10379 NONE
> Predicted label: 14904 LEFT_RELEASE
> Predicted label: 14905 LEFT_RELEASE
> Predicted label: 14906 LEFT_RELEASE
> Predicted label: 14907 NONE
> Predicted label: 14908 NONE
> Predicted label: 14909 NONE
> Predicted label: 14910 NONE
> Predicted label: 14911 NONE
> Predicted label: 14912 NONE
> Predicted label: 14913 NONE
> Predicted label: 14914 NONE
> Predicted label: 14915 NONE
> Predicted label: 14916 NONE
> Predicted label: 14917 NONE
> Predicted label: 14918 NONE
> Predicted label: 14919 NONE
> Predicted label: 14920 NONE
> Predicted label: 14921 NONE
> Predicted label: 14922 NONE
> Predicted label: 14923 NONE
> Predicted label: 14924 NONE
> Predicted label: 14925 NONE
> Predicted label: 14926 NONE
> Predicted label: 14927 NONE
> Predicted label: 14928 NONE
> Predicted label: 14929 NONE
> Predicted label: 14930 NONE
> Predicted label: 14931 NONE
> Predicted label: 14932 NONE
> Predicted label: 14933 NONE
> Predicted label: 14934 LEFT_PRESS
> Predicted label: 14935 LEFT_PRESS
> Predicted label: 14936 LEFT_PRESS
> Predicted label: 14937 LEFT_PRESS
> Predicted label: 14938 LEFT_PRESS
> Predicted label: 14939 LEFT_PRESS
> Predicted label: 14940 LEFT_PRESS
> Predicted label: 14941 LEFT_RELEASE
> Predicted label: 14942 LEFT_RELEASE
> Predicted label: 14943 LEFT_RELEASE
> Predicted label: 14944 LEFT_RELEASE
> Predicted label: 14945 LEFT_RELEASE
> Predicted label: 14946 LEFT_RELEASE
> Predicted label: 14947 LEFT_RELEASE
> Predicted label: 14948 LEFT_RELEASE
> Predicted label: 14949 NONE
> Predicted label: 14950 NONE
> Predicted label: 14951 NONE
> Predicted label: 14952 NONE
> Predicted label: 14953 NONE
+ Processing task: BA_RIGHT_CLICK
> Predicted label: 766 NONE
> Predicted label: 767 NONE
> Predicted label: 768 NONE
> Predicted label: 769 NONE
> Predicted label: 770 NONE
> Predicted label: 771 NONE
> Predicted label: 772 NONE
> Predicted label: 773 NONE
> Predicted label: 774 NONE
> Predicted label: 775 NONE
> Predicted label: 776 NONE
> Predicted label: 777 NONE
> Predicted label: 778 NONE
> Predicted label: 779 NONE
> Predicted label: 780 NONE
> Predicted label: 781 NONE
> Predicted label: 782 NONE
> Predicted label: 783 NONE
> Predicted label: 784 NONE
> Predicted label: 785 NONE
> Predicted label: 786 NONE
> Predicted label: 787 NONE
> Predicted label: 788 NONE
> Predicted label: 789 NONE
> Predicted label: 790 NONE
> Predicted label: 791 NONE
> Predicted label: 792 NONE
> Predicted label: 793 NONE
> Predicted label: 794 NONE
> Predicted label: 795 NONE
> Predicted label: 796 NONE
> Predicted label: 797 NONE
> Predicted label: 798 NONE
> Predicted label: 799 NONE
> Predicted label: 800 NONE
> Predicted label: 801 NONE
> Predicted label: 802 NONE
> Predicted label: 803 NONE
> Predicted label: 804 NONE
> Predicted label: 805 RIGHT_PRESS
> Predicted label: 806 RIGHT_PRESS
> Predicted label: 807 RIGHT_PRESS
> Predicted label: 808 RIGHT_PRESS
> Predicted label: 809 RIGHT_PRESS
> Predicted label: 810 RIGHT_PRESS
> Predicted label: 811 RIGHT_PRESS
> Predicted label: 812 RIGHT_PRESS
> Predicted label: 813 RIGHT_PRESS
> Predicted label: 814 RIGHT_PRESS
> Predicted label: 815 RIGHT_RELEASE
> Predicted label: 816 RIGHT_RELEASE
> Predicted label: 817 RIGHT_RELEASE
> Predicted label: 818 RIGHT_RELEASE
> Predicted label: 819 RIGHT_RELEASE
> Predicted label: 820 RIGHT_RELEASE
> Predicted label: 821 RIGHT_RELEASE
> Predicted label: 822 RIGHT_RELEASE
> Predicted label: 823 RIGHT_RELEASE
> Predicted label: 824 RIGHT_RELEASE
> Predicted label: 825 RIGHT_RELEASE
> Predicted label: 826 RIGHT_RELEASE
> Predicted label: 827 RIGHT_RELEASE
> Predicted label: 828 RIGHT_RELEASE
> Predicted label: 829 RIGHT_RELEASE
> Predicted label: 830 NONE
> Predicted label: 831 NONE
> Predicted label: 832 NONE
> Predicted label: 833 NONE
> Predicted label: 834 NONE
> Predicted label: 835 NONE
> Predicted label: 836 NONE
> Predicted label: 837 NONE
> Predicted label: 838 NONE
> Predicted label: 839 NONE
> Predicted label: 840 NONE
> Predicted label: 841 NONE
> Predicted label: 5580 NONE
> Predicted label: 5581 NONE
> Predicted label: 5582 NONE
> Predicted label: 5583 NONE
> Predicted label: 5584 NONE
> Predicted label: 5585 NONE
> Predicted label: 5586 NONE
> Predicted label: 5587 NONE
> Predicted label: 5588 NONE
> Predicted label: 5589 NONE
> Predicted label: 5590 NONE
> Predicted label: 5591 NONE
> Predicted label: 5592 NONE
> Predicted label: 5593 NONE
> Predicted label: 5594 NONE
> Predicted label: 5595 NONE
> Predicted label: 5596 NONE
> Predicted label: 5597 NONE
> Predicted label: 5598 NONE
> Predicted label: 5599 NONE
> Predicted label: 5600 NONE
> Predicted label: 5601 NONE
> Predicted label: 5602 NONE
> Predicted label: 5603 NONE
> Predicted label: 5604 NONE
> Predicted label: 5605 NONE
> Predicted label: 5606 NONE
> Predicted label: 5607 NONE
> Predicted label: 5608 NONE
> Predicted label: 5609 NONE
> Predicted label: 5610 NONE
> Predicted label: 5611 NONE
> Predicted label: 5612 NONE
> Predicted label: 5613 NONE
> Predicted label: 5614 NONE
> Predicted label: 5615 NONE
> Predicted label: 5616 NONE
> Predicted label: 5617 NONE
> Predicted label: 5618 NONE
> Predicted label: 5619 NONE
> Predicted label: 5620 NONE
> Predicted label: 5621 NONE
> Predicted label: 5622 NONE
> Predicted label: 5623 NONE
> Predicted label: 5624 RIGHT_PRESS
> Predicted label: 5625 RIGHT_PRESS
> Predicted label: 5626 RIGHT_PRESS
> Predicted label: 5627 RIGHT_PRESS
> Predicted label: 5628 RIGHT_PRESS
> Predicted label: 5629 RIGHT_PRESS
> Predicted label: 5630 RIGHT_PRESS
> Predicted label: 5631 RIGHT_PRESS
> Predicted label: 5632 RIGHT_RELEASE
> Predicted label: 5633 RIGHT_RELEASE
> Predicted label: 5634 RIGHT_RELEASE
> Predicted label: 5635 RIGHT_RELEASE
> Predicted label: 5636 RIGHT_RELEASE
> Predicted label: 5637 RIGHT_RELEASE
> Predicted label: 5638 RIGHT_RELEASE
> Predicted label: 5639 RIGHT_RELEASE
> Predicted label: 5640 RIGHT_RELEASE
> Predicted label: 5641 RIGHT_RELEASE
> Predicted label: 5642 RIGHT_RELEASE
> Predicted label: 5643 RIGHT_RELEASE
> Predicted label: 5644 RIGHT_RELEASE
> Predicted label: 5645 RIGHT_RELEASE
> Predicted label: 5646 RIGHT_RELEASE
> Predicted label: 5647 RIGHT_RELEASE
> Predicted label: 5648 RIGHT_RELEASE
> Predicted label: 5649 RIGHT_RELEASE
> Predicted label: 10380 RIGHT_RELEASE
> Predicted label: 10381 RIGHT_RELEASE
> Predicted label: 10382 RIGHT_RELEASE
> Predicted label: 10383 NONE
> Predicted label: 10384 NONE
> Predicted label: 10385 NONE
> Predicted label: 10386 NONE
> Predicted label: 10387 NONE
> Predicted label: 10388 NONE
> Predicted label: 10389 NONE
> Predicted label: 10390 NONE
> Predicted label: 10391 NONE
> Predicted label: 10392 NONE
> Predicted label: 10393 NONE
> Predicted label: 10394 NONE
> Predicted label: 10395 NONE
> Predicted label: 10396 NONE
> Predicted label: 10397 NONE
> Predicted label: 10398 NONE
> Predicted label: 10399 NONE
> Predicted label: 10400 NONE
> Predicted label: 10401 NONE
> Predicted label: 10402 NONE
> Predicted label: 10403 NONE
> Predicted label: 10404 NONE
> Predicted label: 10405 NONE
> Predicted label: 10406 NONE
> Predicted label: 10407 NONE
> Predicted label: 10408 NONE
> Predicted label: 10409 NONE
> Predicted label: 10410 NONE
> Predicted label: 10411 NONE
> Predicted label: 10412 NONE
> Predicted label: 10413 NONE
> Predicted label: 10414 RIGHT_PRESS
> Predicted label: 10415 RIGHT_PRESS
> Predicted label: 10416 RIGHT_PRESS
> Predicted label: 10417 RIGHT_PRESS
> Predicted label: 10418 RIGHT_PRESS
> Predicted label: 10419 RIGHT_PRESS
> Predicted label: 10420 RIGHT_PRESS
> Predicted label: 10421 RIGHT_PRESS
> Predicted label: 10422 RIGHT_RELEASE
> Predicted label: 10423 RIGHT_RELEASE
> Predicted label: 10424 RIGHT_RELEASE
> Predicted label: 10425 RIGHT_RELEASE
> Predicted label: 10426 RIGHT_RELEASE
> Predicted label: 10427 RIGHT_RELEASE
> Predicted label: 10428 RIGHT_RELEASE
> Predicted label: 10429 RIGHT_RELEASE
> Predicted label: 10430 RIGHT_RELEASE
> Predicted label: 10431 RIGHT_RELEASE
> Predicted label: 10432 RIGHT_RELEASE
> Predicted label: 10433 RIGHT_RELEASE
> Predicted label: 10434 RIGHT_RELEASE
> Predicted label: 10435 RIGHT_RELEASE
> Predicted label: 10436 RIGHT_RELEASE
> Predicted label: 10437 RIGHT_RELEASE
> Predicted label: 10438 RIGHT_RELEASE
> Predicted label: 10439 NONE
> Predicted label: 10440 NONE
> Predicted label: 10441 NONE
> Predicted label: 10442 NONE
> Predicted label: 10443 NONE
> Predicted label: 14954 RIGHT_RELEASE
> Predicted label: 14955 RIGHT_RELEASE
> Predicted label: 14956 RIGHT_RELEASE
> Predicted label: 14957 RIGHT_RELEASE
> Predicted label: 14958 NONE
> Predicted label: 14959 NONE
> Predicted label: 14960 NONE
> Predicted label: 14961 NONE
> Predicted label: 14962 NONE
> Predicted label: 14963 NONE
> Predicted label: 14964 NONE
> Predicted label: 14965 NONE
> Predicted label: 14966 NONE
> Predicted label: 14967 NONE
> Predicted label: 14968 NONE
> Predicted label: 14969 NONE
> Predicted label: 14970 NONE
> Predicted label: 14971 NONE
> Predicted label: 14972 NONE
> Predicted label: 14973 NONE
> Predicted label: 14974 NONE
> Predicted label: 14975 NONE
> Predicted label: 14976 NONE
> Predicted label: 14977 NONE
> Predicted label: 14978 NONE
> Predicted label: 14979 NONE
> Predicted label: 14980 NONE
> Predicted label: 14981 NONE
> Predicted label: 14982 NONE
> Predicted label: 14983 NONE
> Predicted label: 14984 NONE
> Predicted label: 14985 NONE
> Predicted label: 14986 NONE
> Predicted label: 14987 NONE
> Predicted label: 14988 NONE
> Predicted label: 14989 NONE
> Predicted label: 14990 NONE
> Predicted label: 14991 NONE
> Predicted label: 14992 NONE
> Predicted label: 14993 NONE
> Predicted label: 14994 NONE
> Predicted label: 14995 NONE
> Predicted label: 14996 NONE
> Predicted label: 14997 NONE
> Predicted label: 14998 NONE
> Predicted label: 14999 NONE
> Predicted label: 15000 NONE
> Predicted label: 15001 NONE
> Predicted label: 15002 NONE
> Predicted label: 15003 RIGHT_PRESS
> Predicted label: 15004 RIGHT_PRESS
> Predicted label: 15005 RIGHT_PRESS
> Predicted label: 15006 RIGHT_PRESS
> Predicted label: 15007 RIGHT_PRESS
> Predicted label: 15008 RIGHT_PRESS
> Predicted label: 15009 RIGHT_PRESS
> Predicted label: 15010 RIGHT_PRESS
> Predicted label: 15011 RIGHT_RELEASE
> Predicted label: 15012 RIGHT_RELEASE
> Predicted label: 15013 RIGHT_RELEASE
> Predicted label: 15014 RIGHT_RELEASE
> Predicted label: 15015 RIGHT_RELEASE
> Predicted label: 15016 RIGHT_RELEASE
> Predicted label: 15017 RIGHT_RELEASE
> Predicted label: 15018 RIGHT_RELEASE
> Predicted label: 15019 RIGHT_RELEASE
> Predicted label: 15020 RIGHT_RELEASE
> Predicted label: 15021 RIGHT_RELEASE
> Predicted label: 15022 RIGHT_RELEASE
> Predicted label: 15023 RIGHT_RELEASE
> Predicted label: 15024 NONE
> Predicted label: 15025 NONE
> Predicted label: 15026 NONE
> Predicted label: 15027 NONE
> Predicted label: 15028 NONE
> Predicted label: 15029 NONE
> Predicted label: 15030 NONE
> Predicted label: 15031 NONE
> Predicted label: 15032 NONE
> Predicted label: 15033 NONE
> Predicted label: 846 NONE
> Predicted label: 847 NONE
> Predicted label: 848 NONE
> Predicted label: 849 NONE
> Predicted label: 850 NONE
> Predicted label: 851 NONE
> Predicted label: 852 NONE
> Predicted label: 853 NONE
> Predicted label: 854 NONE
> Predicted label: 855 NONE
> Predicted label: 856 NONE
> Predicted label: 857 NONE
> Predicted label: 858 NONE
> Predicted label: 859 NONE
> Predicted label: 860 NONE
> Predicted label: 861 NONE
> Predicted label: 862 NONE
> Predicted label: 863 NONE
> Predicted label: 864 NONE
> Predicted label: 865 NONE
> Predicted label: 866 NONE
> Predicted label: 867 NONE
> Predicted label: 868 NONE
> Predicted label: 869 NONE
> Predicted label: 870 NONE
> Predicted label: 871 NONE
> Predicted label: 872 NONE
> Predicted label: 873 NONE
> Predicted label: 874 NONE
> Predicted label: 875 NONE
> Predicted label: 876 NONE
> Predicted label: 877 NONE
> Predicted label: 878 RIGHT_PRESS
> Predicted label: 879 RIGHT_PRESS
> Predicted label: 880 RIGHT_PRESS
> Predicted label: 881 RIGHT_PRESS
> Predicted label: 882 RIGHT_PRESS
> Predicted label: 883 RIGHT_PRESS
> Predicted label: 884 RIGHT_PRESS
> Predicted label: 885 RIGHT_PRESS
> Predicted label: 886 RIGHT_PRESS
> Predicted label: 887 RIGHT_PRESS
> Predicted label: 888 RIGHT_RELEASE
> Predicted label: 889 RIGHT_RELEASE
> Predicted label: 890 RIGHT_RELEASE
> Predicted label: 891 RIGHT_RELEASE
> Predicted label: 892 RIGHT_RELEASE
> Predicted label: 893 RIGHT_RELEASE
> Predicted label: 894 RIGHT_RELEASE
> Predicted label: 895 RIGHT_RELEASE
> Predicted label: 896 RIGHT_RELEASE
> Predicted label: 897 RIGHT_RELEASE
> Predicted label: 898 RIGHT_RELEASE
> Predicted label: 899 RIGHT_RELEASE
> Predicted label: 900 RIGHT_RELEASE
> Predicted label: 901 RIGHT_RELEASE
> Predicted label: 902 RIGHT_RELEASE
> Predicted label: 5650 RIGHT_RELEASE
> Predicted label: 5651 NONE
> Predicted label: 5652 NONE
> Predicted label: 5653 NONE
> Predicted label: 5654 NONE
> Predicted label: 5655 NONE
> Predicted label: 5656 NONE
> Predicted label: 5657 NONE
> Predicted label: 5658 NONE
> Predicted label: 5659 NONE
> Predicted label: 5660 NONE
> Predicted label: 5661 RIGHT_RELEASE
> Predicted label: 5662 RIGHT_RELEASE
> Predicted label: 5663 RIGHT_RELEASE
> Predicted label: 5664 RIGHT_RELEASE
> Predicted label: 5665 RIGHT_RELEASE
> Predicted label: 5666 RIGHT_RELEASE
> Predicted label: 5667 RIGHT_RELEASE
> Predicted label: 5668 NONE
> Predicted label: 5669 NONE
> Predicted label: 5670 NONE
> Predicted label: 5671 NONE
> Predicted label: 5672 NONE
> Predicted label: 5673 NONE
> Predicted label: 5674 NONE
> Predicted label: 5675 NONE
> Predicted label: 5676 NONE
> Predicted label: 5677 NONE
> Predicted label: 5678 NONE
> Predicted label: 5679 NONE
> Predicted label: 5680 NONE
> Predicted label: 5681 NONE
> Predicted label: 5682 NONE
> Predicted label: 5683 NONE
> Predicted label: 5684 NONE
> Predicted label: 5685 NONE
> Predicted label: 5686 NONE
> Predicted label: 5687 NONE
> Predicted label: 5688 NONE
> Predicted label: 5689 NONE
> Predicted label: 5690 NONE
> Predicted label: 5691 NONE
> Predicted label: 5692 NONE
> Predicted label: 5693 NONE
> Predicted label: 5694 NONE
> Predicted label: 5695 NONE
> Predicted label: 5696 RIGHT_PRESS
> Predicted label: 5697 RIGHT_PRESS
> Predicted label: 5698 RIGHT_PRESS
> Predicted label: 5699 RIGHT_PRESS
> Predicted label: 5700 RIGHT_PRESS
> Predicted label: 5701 RIGHT_PRESS
> Predicted label: 5702 RIGHT_PRESS
> Predicted label: 5703 RIGHT_PRESS
> Predicted label: 5704 RIGHT_PRESS
> Predicted label: 5705 RIGHT_PRESS
> Predicted label: 5706 RIGHT_RELEASE
> Predicted label: 5707 RIGHT_RELEASE
> Predicted label: 5708 RIGHT_RELEASE
> Predicted label: 5709 RIGHT_RELEASE
> Predicted label: 5710 RIGHT_RELEASE
> Predicted label: 5711 RIGHT_RELEASE
> Predicted label: 5712 RIGHT_RELEASE
> Predicted label: 5713 RIGHT_RELEASE
> Predicted label: 5714 RIGHT_RELEASE
> Predicted label: 5715 RIGHT_RELEASE
> Predicted label: 5716 RIGHT_RELEASE
> Predicted label: 5717 RIGHT_RELEASE
> Predicted label: 5718 RIGHT_RELEASE
> Predicted label: 5719 RIGHT_RELEASE
> Predicted label: 5720 NONE
> Predicted label: 10444 NONE
> Predicted label: 10445 NONE
> Predicted label: 10446 NONE
> Predicted label: 10447 NONE
> Predicted label: 10448 NONE
> Predicted label: 10449 NONE
> Predicted label: 10450 NONE
> Predicted label: 10451 NONE
> Predicted label: 10452 NONE
> Predicted label: 10453 NONE
> Predicted label: 10454 NONE
> Predicted label: 10455 NONE
> Predicted label: 10456 NONE
> Predicted label: 10457 NONE
> Predicted label: 10458 NONE
> Predicted label: 10459 NONE
> Predicted label: 10460 NONE
> Predicted label: 10461 NONE
> Predicted label: 10462 NONE
> Predicted label: 10463 NONE
> Predicted label: 10464 NONE
> Predicted label: 10465 NONE
> Predicted label: 10466 NONE
> Predicted label: 10467 NONE
> Predicted label: 10468 NONE
> Predicted label: 10469 NONE
> Predicted label: 10470 NONE
> Predicted label: 10471 NONE
> Predicted label: 10472 NONE
> Predicted label: 10473 NONE
> Predicted label: 10474 NONE
> Predicted label: 10475 NONE
> Predicted label: 10476 NONE
> Predicted label: 10477 NONE
> Predicted label: 10478 NONE
> Predicted label: 10479 NONE
> Predicted label: 10480 NONE
> Predicted label: 10481 NONE
> Predicted label: 10482 NONE
> Predicted label: 10483 NONE
> Predicted label: 10484 NONE
> Predicted label: 10485 NONE
> Predicted label: 10486 RIGHT_PRESS
> Predicted label: 10487 RIGHT_PRESS
> Predicted label: 10488 RIGHT_PRESS
> Predicted label: 10489 RIGHT_PRESS
> Predicted label: 10490 RIGHT_PRESS
> Predicted label: 10491 RIGHT_PRESS
> Predicted label: 10492 RIGHT_PRESS
> Predicted label: 10493 RIGHT_PRESS
> Predicted label: 10494 RIGHT_PRESS
> Predicted label: 10495 RIGHT_PRESS
> Predicted label: 10496 RIGHT_PRESS
> Predicted label: 10497 RIGHT_PRESS
> Predicted label: 10498 RIGHT_PRESS
> Predicted label: 10499 RIGHT_PRESS
> Predicted label: 10500 RIGHT_RELEASE
> Predicted label: 10501 RIGHT_RELEASE
> Predicted label: 10502 RIGHT_RELEASE
> Predicted label: 10503 RIGHT_RELEASE
> Predicted label: 10504 RIGHT_RELEASE
> Predicted label: 10505 RIGHT_RELEASE
> Predicted label: 10506 RIGHT_RELEASE
> Predicted label: 10507 RIGHT_RELEASE
> Predicted label: 10508 RIGHT_RELEASE
> Predicted label: 10509 RIGHT_RELEASE
> Predicted label: 10510 RIGHT_RELEASE
> Predicted label: 10511 RIGHT_RELEASE
> Predicted label: 10512 RIGHT_RELEASE
> Predicted label: 10513 RIGHT_RELEASE
> Predicted label: 10514 RIGHT_RELEASE
> Predicted label: 10515 RIGHT_RELEASE
> Predicted label: 10516 RIGHT_RELEASE
> Predicted label: 15034 RIGHT_RELEASE
> Predicted label: 15035 RIGHT_RELEASE
> Predicted label: 15036 RIGHT_RELEASE
> Predicted label: 15037 RIGHT_RELEASE
> Predicted label: 15038 NONE
> Predicted label: 15039 NONE
> Predicted label: 15040 NONE
> Predicted label: 15041 NONE
> Predicted label: 15042 NONE
> Predicted label: 15043 NONE
> Predicted label: 15044 NONE
> Predicted label: 15045 NONE
> Predicted label: 15046 NONE
> Predicted label: 15047 NONE
> Predicted label: 15048 NONE
> Predicted label: 15049 NONE
> Predicted label: 15050 NONE
> Predicted label: 15051 NONE
> Predicted label: 15052 NONE
> Predicted label: 15053 NONE
> Predicted label: 15054 NONE
> Predicted label: 15055 NONE
> Predicted label: 15056 NONE
> Predicted label: 15057 NONE
> Predicted label: 15058 RIGHT_PRESS
> Predicted label: 15059 RIGHT_PRESS
> Predicted label: 15060 RIGHT_PRESS
> Predicted label: 15061 RIGHT_PRESS
> Predicted label: 15062 RIGHT_PRESS
> Predicted label: 15063 RIGHT_PRESS
> Predicted label: 15064 RIGHT_PRESS
> Predicted label: 15065 RIGHT_RELEASE
> Predicted label: 15066 RIGHT_RELEASE
> Predicted label: 15067 RIGHT_RELEASE
> Predicted label: 15068 RIGHT_RELEASE
> Predicted label: 907 NONE
> Predicted label: 908 NONE
> Predicted label: 909 NONE
> Predicted label: 910 NONE
> Predicted label: 911 NONE
> Predicted label: 912 NONE
> Predicted label: 913 NONE
> Predicted label: 914 NONE
> Predicted label: 915 NONE
> Predicted label: 916 NONE
> Predicted label: 917 NONE
> Predicted label: 918 NONE
> Predicted label: 919 NONE
> Predicted label: 920 NONE
> Predicted label: 921 NONE
> Predicted label: 922 NONE
> Predicted label: 923 NONE
> Predicted label: 924 NONE
> Predicted label: 925 NONE
> Predicted label: 926 NONE
> Predicted label: 927 NONE
> Predicted label: 928 NONE
> Predicted label: 929 NONE
> Predicted label: 930 NONE
> Predicted label: 931 NONE
> Predicted label: 932 NONE
> Predicted label: 933 NONE
> Predicted label: 934 NONE
> Predicted label: 935 NONE
> Predicted label: 936 NONE
> Predicted label: 937 NONE
> Predicted label: 938 NONE
> Predicted label: 939 NONE
> Predicted label: 940 NONE
> Predicted label: 941 NONE
> Predicted label: 942 NONE
> Predicted label: 943 NONE
> Predicted label: 944 NONE
> Predicted label: 945 NONE
> Predicted label: 946 NONE
> Predicted label: 947 NONE
> Predicted label: 948 NONE
> Predicted label: 949 NONE
> Predicted label: 950 NONE
> Predicted label: 951 NONE
> Predicted label: 952 NONE
> Predicted label: 953 NONE
> Predicted label: 954 NONE
> Predicted label: 955 RIGHT_PRESS
> Predicted label: 956 RIGHT_PRESS
> Predicted label: 957 RIGHT_PRESS
> Predicted label: 958 RIGHT_PRESS
> Predicted label: 959 RIGHT_PRESS
> Predicted label: 960 RIGHT_PRESS
> Predicted label: 961 RIGHT_PRESS
> Predicted label: 962 RIGHT_RELEASE
> Predicted label: 963 RIGHT_RELEASE
> Predicted label: 964 RIGHT_RELEASE
> Predicted label: 965 RIGHT_RELEASE
> Predicted label: 966 RIGHT_RELEASE
> Predicted label: 967 RIGHT_RELEASE
> Predicted label: 968 RIGHT_RELEASE
> Predicted label: 969 RIGHT_RELEASE
> Predicted label: 970 RIGHT_RELEASE
> Predicted label: 971 RIGHT_RELEASE
> Predicted label: 972 RIGHT_RELEASE
> Predicted label: 973 RIGHT_RELEASE
> Predicted label: 974 NONE
> Predicted label: 975 NONE
> Predicted label: 976 NONE
> Predicted label: 977 NONE
> Predicted label: 978 NONE
> Predicted label: 979 NONE
> Predicted label: 980 NONE
> Predicted label: 981 NONE
> Predicted label: 982 NONE
> Predicted label: 983 NONE
> Predicted label: 984 NONE
> Predicted label: 985 NONE
> Predicted label: 986 NONE
> Predicted label: 987 NONE
> Predicted label: 988 NONE
> Predicted label: 989 NONE
> Predicted label: 990 NONE
> Predicted label: 991 NONE
> Predicted label: 992 NONE
> Predicted label: 993 NONE
> Predicted label: 994 NONE
> Predicted label: 995 NONE
> Predicted label: 996 NONE
> Predicted label: 997 NONE
> Predicted label: 998 NONE
> Predicted label: 999 NONE
> Predicted label: 1000 NONE
> Predicted label: 1001 NONE
> Predicted label: 1002 NONE
> Predicted label: 5721 NONE
> Predicted label: 5722 NONE
> Predicted label: 5723 NONE
> Predicted label: 5724 NONE
> Predicted label: 5725 NONE
> Predicted label: 5726 NONE
> Predicted label: 5727 NONE
> Predicted label: 5728 NONE
> Predicted label: 5729 NONE
> Predicted label: 5730 NONE
> Predicted label: 5731 NONE
> Predicted label: 5732 NONE
> Predicted label: 5733 NONE
> Predicted label: 5734 NONE
> Predicted label: 5735 NONE
> Predicted label: 5736 NONE
> Predicted label: 5737 NONE
> Predicted label: 5738 NONE
> Predicted label: 5739 NONE
> Predicted label: 5740 NONE
> Predicted label: 5741 NONE
> Predicted label: 5742 NONE
> Predicted label: 5743 NONE
> Predicted label: 5744 NONE
> Predicted label: 5745 NONE
> Predicted label: 5746 NONE
> Predicted label: 5747 NONE
> Predicted label: 5748 NONE
> Predicted label: 5749 NONE
> Predicted label: 5750 NONE
> Predicted label: 5751 NONE
> Predicted label: 5752 NONE
> Predicted label: 5753 NONE
> Predicted label: 5754 NONE
> Predicted label: 5755 NONE
> Predicted label: 5756 NONE
> Predicted label: 5757 NONE
> Predicted label: 5758 NONE
> Predicted label: 5759 NONE
> Predicted label: 5760 NONE
> Predicted label: 5761 NONE
> Predicted label: 5762 NONE
> Predicted label: 5763 NONE
> Predicted label: 5764 NONE
> Predicted label: 5765 NONE
> Predicted label: 5766 NONE
> Predicted label: 5767 NONE
> Predicted label: 5768 NONE
> Predicted label: 5769 NONE
> Predicted label: 5770 NONE
> Predicted label: 5771 NONE
> Predicted label: 5772 NONE
> Predicted label: 5773 NONE
> Predicted label: 5774 NONE
> Predicted label: 5775 NONE
> Predicted label: 5776 NONE
> Predicted label: 5777 NONE
> Predicted label: 5778 RIGHT_PRESS
> Predicted label: 5779 RIGHT_PRESS
> Predicted label: 5780 RIGHT_PRESS
> Predicted label: 5781 RIGHT_PRESS
> Predicted label: 5782 RIGHT_PRESS
> Predicted label: 5783 RIGHT_PRESS
> Predicted label: 5784 RIGHT_PRESS
> Predicted label: 5785 RIGHT_PRESS
> Predicted label: 5786 RIGHT_PRESS
> Predicted label: 5787 RIGHT_PRESS
> Predicted label: 5788 RIGHT_RELEASE
> Predicted label: 5789 RIGHT_RELEASE
> Predicted label: 5790 RIGHT_RELEASE
> Predicted label: 5791 RIGHT_RELEASE
> Predicted label: 5792 RIGHT_RELEASE
> Predicted label: 5793 RIGHT_RELEASE
> Predicted label: 5794 RIGHT_RELEASE
> Predicted label: 5795 RIGHT_RELEASE
> Predicted label: 5796 RIGHT_RELEASE
> Predicted label: 5797 RIGHT_RELEASE
> Predicted label: 5798 RIGHT_RELEASE
> Predicted label: 5799 RIGHT_RELEASE
> Predicted label: 5800 RIGHT_RELEASE
> Predicted label: 5801 RIGHT_RELEASE
> Predicted label: 5802 RIGHT_RELEASE
> Predicted label: 10517 RIGHT_RELEASE
> Predicted label: 10518 RIGHT_RELEASE
> Predicted label: 10519 NONE
> Predicted label: 10520 NONE
> Predicted label: 10521 NONE
> Predicted label: 10522 NONE
> Predicted label: 10523 NONE
> Predicted label: 10524 NONE
> Predicted label: 10525 NONE
> Predicted label: 10526 NONE
> Predicted label: 10527 NONE
> Predicted label: 10528 NONE
> Predicted label: 10529 NONE
> Predicted label: 10530 NONE
> Predicted label: 10531 NONE
> Predicted label: 10532 NONE
> Predicted label: 10533 NONE
> Predicted label: 10534 NONE
> Predicted label: 10535 NONE
> Predicted label: 10536 NONE
> Predicted label: 10537 NONE
> Predicted label: 10538 NONE
> Predicted label: 10539 NONE
> Predicted label: 10540 NONE
> Predicted label: 10541 NONE
> Predicted label: 10542 NONE
> Predicted label: 10543 NONE
> Predicted label: 10544 NONE
> Predicted label: 10545 NONE
> Predicted label: 10546 NONE
> Predicted label: 10547 NONE
> Predicted label: 10548 NONE
> Predicted label: 10549 NONE
> Predicted label: 10550 NONE
> Predicted label: 10551 NONE
> Predicted label: 10552 NONE
> Predicted label: 10553 NONE
> Predicted label: 10554 NONE
> Predicted label: 10555 NONE
> Predicted label: 10556 NONE
> Predicted label: 10557 NONE
> Predicted label: 10558 NONE
> Predicted label: 10559 RIGHT_PRESS
> Predicted label: 10560 RIGHT_PRESS
> Predicted label: 10561 RIGHT_PRESS
> Predicted label: 10562 RIGHT_PRESS
> Predicted label: 10563 RIGHT_PRESS
> Predicted label: 10564 RIGHT_PRESS
> Predicted label: 10565 RIGHT_PRESS
> Predicted label: 10566 RIGHT_PRESS
> Predicted label: 10567 RIGHT_PRESS
> Predicted label: 10568 RIGHT_PRESS
> Predicted label: 10569 RIGHT_RELEASE
> Predicted label: 10570 RIGHT_RELEASE
> Predicted label: 10571 RIGHT_RELEASE
> Predicted label: 10572 RIGHT_RELEASE
> Predicted label: 10573 RIGHT_RELEASE
> Predicted label: 10574 RIGHT_RELEASE
> Predicted label: 10575 RIGHT_RELEASE
> Predicted label: 10576 RIGHT_RELEASE
> Predicted label: 10577 RIGHT_RELEASE
> Predicted label: 10578 RIGHT_RELEASE
> Predicted label: 10579 RIGHT_RELEASE
> Predicted label: 10580 RIGHT_RELEASE
> Predicted label: 10581 RIGHT_RELEASE
> Predicted label: 10582 RIGHT_RELEASE
> Predicted label: 10583 RIGHT_RELEASE
> Predicted label: 10584 RIGHT_RELEASE
> Predicted label: 10585 RIGHT_RELEASE
> Predicted label: 10586 NONE
> Predicted label: 10587 NONE
> Predicted label: 10588 NONE
> Predicted label: 15069 RIGHT_RELEASE
> Predicted label: 15070 RIGHT_RELEASE
> Predicted label: 15071 NONE
> Predicted label: 15072 NONE
> Predicted label: 15073 NONE
> Predicted label: 15074 NONE
> Predicted label: 15075 NONE
> Predicted label: 15076 NONE
> Predicted label: 15077 NONE
> Predicted label: 15078 NONE
> Predicted label: 15079 NONE
> Predicted label: 15080 NONE
> Predicted label: 15081 NONE
> Predicted label: 15082 NONE
> Predicted label: 15083 NONE
> Predicted label: 15084 NONE
> Predicted label: 15085 NONE
> Predicted label: 15086 NONE
> Predicted label: 15087 NONE
> Predicted label: 15088 RIGHT_PRESS
> Predicted label: 15089 RIGHT_PRESS
> Predicted label: 15090 RIGHT_PRESS
> Predicted label: 15091 RIGHT_PRESS
> Predicted label: 15092 RIGHT_PRESS
> Predicted label: 15093 RIGHT_PRESS
> Predicted label: 15094 RIGHT_PRESS
> Predicted label: 15095 RIGHT_RELEASE
> Predicted label: 15096 RIGHT_RELEASE
> Predicted label: 15097 RIGHT_RELEASE
> Predicted label: 15098 RIGHT_RELEASE
> Predicted label: 1007 NONE
> Predicted label: 1008 NONE
> Predicted label: 1009 NONE
> Predicted label: 1010 NONE
> Predicted label: 1011 NONE
> Predicted label: 1012 NONE
> Predicted label: 1013 NONE
> Predicted label: 1014 NONE
> Predicted label: 1015 NONE
> Predicted label: 1016 NONE
> Predicted label: 1017 NONE
> Predicted label: 1018 NONE
> Predicted label: 1019 NONE
> Predicted label: 1020 NONE
> Predicted label: 1021 NONE
> Predicted label: 1022 NONE
> Predicted label: 1023 NONE
> Predicted label: 1024 NONE
> Predicted label: 1025 NONE
> Predicted label: 1026 NONE
> Predicted label: 1027 NONE
> Predicted label: 1028 NONE
> Predicted label: 1029 NONE
> Predicted label: 1030 NONE
> Predicted label: 1031 NONE
> Predicted label: 1032 NONE
> Predicted label: 1033 NONE
> Predicted label: 1034 NONE
> Predicted label: 1035 NONE
> Predicted label: 1036 NONE
> Predicted label: 1037 NONE
> Predicted label: 1038 NONE
> Predicted label: 1039 NONE
> Predicted label: 1040 NONE
> Predicted label: 1041 NONE
> Predicted label: 1042 NONE
> Predicted label: 1043 NONE
> Predicted label: 1044 NONE
> Predicted label: 1045 NONE
> Predicted label: 1046 NONE
> Predicted label: 1047 RIGHT_PRESS
> Predicted label: 1048 RIGHT_PRESS
> Predicted label: 1049 RIGHT_PRESS
> Predicted label: 1050 RIGHT_PRESS
> Predicted label: 1051 RIGHT_PRESS
> Predicted label: 1052 RIGHT_PRESS
> Predicted label: 1053 NONE
> Predicted label: 1054 RIGHT_RELEASE
> Predicted label: 1055 RIGHT_RELEASE
> Predicted label: 1056 RIGHT_RELEASE
> Predicted label: 1057 RIGHT_RELEASE
> Predicted label: 1058 NONE
> Predicted label: 1059 NONE
> Predicted label: 1060 NONE
> Predicted label: 1061 NONE
> Predicted label: 1062 NONE
> Predicted label: 1063 NONE
> Predicted label: 1064 NONE
> Predicted label: 1065 NONE
> Predicted label: 1066 NONE
> Predicted label: 1067 NONE
> Predicted label: 1068 NONE
> Predicted label: 1069 NONE
> Predicted label: 1070 NONE
> Predicted label: 1071 NONE
> Predicted label: 1072 NONE
> Predicted label: 1073 NONE
> Predicted label: 1074 NONE
> Predicted label: 1075 NONE
> Predicted label: 1076 NONE
> Predicted label: 1077 NONE
> Predicted label: 1078 NONE
> Predicted label: 1079 NONE
> Predicted label: 1080 NONE
> Predicted label: 1081 NONE
> Predicted label: 1082 NONE
> Predicted label: 1083 NONE
> Predicted label: 1084 NONE
> Predicted label: 1085 NONE
> Predicted label: 1086 NONE
> Predicted label: 1087 RIGHT_PRESS
> Predicted label: 1088 RIGHT_PRESS
> Predicted label: 1089 RIGHT_PRESS
> Predicted label: 1090 RIGHT_PRESS
> Predicted label: 1091 RIGHT_PRESS
> Predicted label: 1092 RIGHT_PRESS
> Predicted label: 1093 RIGHT_PRESS
> Predicted label: 1094 RIGHT_PRESS
> Predicted label: 1095 RIGHT_PRESS
> Predicted label: 1096 RIGHT_PRESS
> Predicted label: 1097 RIGHT_RELEASE
> Predicted label: 1098 RIGHT_RELEASE
> Predicted label: 1099 RIGHT_RELEASE
> Predicted label: 1100 RIGHT_RELEASE
> Predicted label: 1101 RIGHT_RELEASE
> Predicted label: 1102 RIGHT_RELEASE
> Predicted label: 1103 RIGHT_RELEASE
> Predicted label: 1104 RIGHT_RELEASE
> Predicted label: 1105 RIGHT_RELEASE
> Predicted label: 1106 RIGHT_RELEASE
> Predicted label: 1107 RIGHT_RELEASE
> Predicted label: 1108 RIGHT_RELEASE
> Predicted label: 1109 RIGHT_RELEASE
> Predicted label: 1110 RIGHT_RELEASE
> Predicted label: 1111 RIGHT_RELEASE
> Predicted label: 1112 RIGHT_RELEASE
> Predicted label: 1113 NONE
> Predicted label: 1114 NONE
> Predicted label: 5803 RIGHT_RELEASE
> Predicted label: 5804 RIGHT_RELEASE
> Predicted label: 5805 RIGHT_RELEASE
> Predicted label: 5806 RIGHT_RELEASE
> Predicted label: 5807 NONE
> Predicted label: 5808 NONE
> Predicted label: 5809 NONE
> Predicted label: 5810 NONE
> Predicted label: 5811 NONE
> Predicted label: 5812 NONE
> Predicted label: 5813 NONE
> Predicted label: 5814 NONE
> Predicted label: 5815 NONE
> Predicted label: 5816 NONE
> Predicted label: 5817 NONE
> Predicted label: 5818 NONE
> Predicted label: 5819 NONE
> Predicted label: 5820 NONE
> Predicted label: 5821 NONE
> Predicted label: 5822 NONE
> Predicted label: 5823 NONE
> Predicted label: 5824 NONE
> Predicted label: 5825 NONE
> Predicted label: 5826 NONE
> Predicted label: 5827 NONE
> Predicted label: 5828 NONE
> Predicted label: 5829 NONE
> Predicted label: 5830 NONE
> Predicted label: 5831 NONE
> Predicted label: 5832 NONE
> Predicted label: 5833 NONE
> Predicted label: 5834 NONE
> Predicted label: 5835 NONE
> Predicted label: 5836 NONE
> Predicted label: 5837 NONE
> Predicted label: 5838 NONE
> Predicted label: 5839 NONE
> Predicted label: 5840 NONE
> Predicted label: 5841 NONE
> Predicted label: 5842 NONE
> Predicted label: 5843 NONE
> Predicted label: 5844 RIGHT_PRESS
> Predicted label: 5845 RIGHT_PRESS
> Predicted label: 5846 RIGHT_PRESS
> Predicted label: 5847 RIGHT_PRESS
> Predicted label: 5848 RIGHT_PRESS
> Predicted label: 5849 RIGHT_PRESS
> Predicted label: 5850 RIGHT_PRESS
> Predicted label: 5851 RIGHT_PRESS
> Predicted label: 5852 RIGHT_PRESS
> Predicted label: 5853 RIGHT_RELEASE
> Predicted label: 5854 RIGHT_RELEASE
> Predicted label: 5855 RIGHT_RELEASE
> Predicted label: 5856 RIGHT_RELEASE
> Predicted label: 5857 RIGHT_RELEASE
> Predicted label: 5858 RIGHT_RELEASE
> Predicted label: 5859 RIGHT_RELEASE
> Predicted label: 5860 RIGHT_RELEASE
> Predicted label: 5861 RIGHT_RELEASE
> Predicted label: 5862 RIGHT_RELEASE
> Predicted label: 5863 RIGHT_RELEASE
> Predicted label: 5864 RIGHT_RELEASE
> Predicted label: 5865 RIGHT_RELEASE
> Predicted label: 5866 RIGHT_RELEASE
> Predicted label: 5867 RIGHT_RELEASE
> Predicted label: 5868 NONE
> Predicted label: 5869 NONE
> Predicted label: 5870 NONE
> Predicted label: 5871 NONE
> Predicted label: 5872 NONE
> Predicted label: 5873 NONE
> Predicted label: 5874 NONE
> Predicted label: 5875 NONE
> Predicted label: 5876 NONE
> Predicted label: 10589 NONE
> Predicted label: 10590 NONE
> Predicted label: 10591 NONE
> Predicted label: 10592 NONE
> Predicted label: 10593 NONE
> Predicted label: 10594 NONE
> Predicted label: 10595 NONE
> Predicted label: 10596 NONE
> Predicted label: 10597 NONE
> Predicted label: 10598 NONE
> Predicted label: 10599 NONE
> Predicted label: 10600 NONE
> Predicted label: 10601 NONE
> Predicted label: 10602 NONE
> Predicted label: 10603 NONE
> Predicted label: 10604 NONE
> Predicted label: 10605 NONE
> Predicted label: 10606 NONE
> Predicted label: 10607 NONE
> Predicted label: 10608 NONE
> Predicted label: 10609 NONE
> Predicted label: 10610 NONE
> Predicted label: 10611 NONE
> Predicted label: 10612 NONE
> Predicted label: 10613 NONE
> Predicted label: 10614 NONE
> Predicted label: 10615 NONE
> Predicted label: 10616 NONE
> Predicted label: 10617 NONE
> Predicted label: 10618 NONE
> Predicted label: 10619 NONE
> Predicted label: 10620 NONE
> Predicted label: 10621 NONE
> Predicted label: 10622 NONE
> Predicted label: 10623 NONE
> Predicted label: 10624 NONE
> Predicted label: 10625 NONE
> Predicted label: 10626 NONE
> Predicted label: 10627 NONE
> Predicted label: 10628 NONE
> Predicted label: 10629 NONE
> Predicted label: 10630 NONE
> Predicted label: 10631 NONE
> Predicted label: 10632 RIGHT_PRESS
> Predicted label: 10633 RIGHT_PRESS
> Predicted label: 10634 RIGHT_PRESS
> Predicted label: 10635 RIGHT_PRESS
> Predicted label: 10636 RIGHT_PRESS
> Predicted label: 10637 RIGHT_PRESS
> Predicted label: 10638 RIGHT_PRESS
> Predicted label: 10639 RIGHT_PRESS
> Predicted label: 10640 RIGHT_PRESS
> Predicted label: 10641 RIGHT_PRESS
> Predicted label: 10642 RIGHT_RELEASE
> Predicted label: 10643 RIGHT_RELEASE
> Predicted label: 10644 RIGHT_RELEASE
> Predicted label: 10645 RIGHT_RELEASE
> Predicted label: 10646 RIGHT_RELEASE
> Predicted label: 10647 RIGHT_RELEASE
> Predicted label: 10648 RIGHT_RELEASE
> Predicted label: 10649 RIGHT_RELEASE
> Predicted label: 10650 RIGHT_RELEASE
> Predicted label: 10651 RIGHT_RELEASE
> Predicted label: 10652 RIGHT_RELEASE
> Predicted label: 10653 RIGHT_RELEASE
> Predicted label: 10654 RIGHT_RELEASE
> Predicted label: 10655 RIGHT_RELEASE
> Predicted label: 10656 RIGHT_RELEASE
> Predicted label: 15099 RIGHT_RELEASE
> Predicted label: 15100 RIGHT_RELEASE
> Predicted label: 15101 RIGHT_RELEASE
> Predicted label: 15102 RIGHT_RELEASE
> Predicted label: 15103 NONE
> Predicted label: 15104 NONE
> Predicted label: 15105 NONE
> Predicted label: 15106 NONE
> Predicted label: 15107 NONE
> Predicted label: 15108 NONE
> Predicted label: 15109 NONE
> Predicted label: 15110 NONE
> Predicted label: 15111 NONE
> Predicted label: 15112 NONE
> Predicted label: 15113 NONE
> Predicted label: 15114 NONE
> Predicted label: 15115 NONE
> Predicted label: 15116 NONE
> Predicted label: 15117 NONE
> Predicted label: 15118 NONE
> Predicted label: 15119 NONE
> Predicted label: 15120 NONE
> Predicted label: 15121 NONE
> Predicted label: 15122 NONE
> Predicted label: 15123 NONE
> Predicted label: 15124 NONE
> Predicted label: 15125 NONE
> Predicted label: 15126 NONE
> Predicted label: 15127 RIGHT_PRESS
> Predicted label: 15128 RIGHT_PRESS
> Predicted label: 15129 RIGHT_PRESS
> Predicted label: 15130 RIGHT_PRESS
> Predicted label: 15131 RIGHT_RELEASE
> Predicted label: 15132 RIGHT_RELEASE
> Predicted label: 15133 RIGHT_RELEASE
> Predicted label: 15134 RIGHT_RELEASE
> Predicted label: 15135 RIGHT_RELEASE
> Predicted label: 15136 RIGHT_RELEASE
> Predicted label: 15137 RIGHT_RELEASE
> Predicted label: 15138 RIGHT_RELEASE
> Predicted label: 15139 RIGHT_RELEASE
> Predicted label: 15140 RIGHT_RELEASE
> Predicted label: 15141 RIGHT_RELEASE
> Predicted label: 15142 RIGHT_PRESS
> Predicted label: 15143 RIGHT_PRESS
> Predicted label: 15144 RIGHT_PRESS
> Predicted label: 15145 RIGHT_PRESS
> Predicted label: 15146 RIGHT_PRESS
> Predicted label: 15147 RIGHT_RELEASE
> Predicted label: 15148 RIGHT_RELEASE
> Predicted label: 15149 RIGHT_RELEASE
> Predicted label: 15150 RIGHT_RELEASE
> Predicted label: 15151 RIGHT_RELEASE
> Predicted label: 15152 RIGHT_RELEASE
> Predicted label: 15153 RIGHT_RELEASE
> Predicted label: 1119 NONE
> Predicted label: 1120 NONE
> Predicted label: 1121 NONE
> Predicted label: 1122 NONE
> Predicted label: 1123 NONE
> Predicted label: 1124 NONE
> Predicted label: 1125 NONE
> Predicted label: 1126 NONE
> Predicted label: 1127 NONE
> Predicted label: 1128 NONE
> Predicted label: 1129 NONE
> Predicted label: 1130 NONE
> Predicted label: 1131 NONE
> Predicted label: 1132 NONE
> Predicted label: 1133 NONE
> Predicted label: 1134 NONE
> Predicted label: 1135 NONE
> Predicted label: 1136 NONE
> Predicted label: 1137 NONE
> Predicted label: 1138 NONE
> Predicted label: 1139 NONE
> Predicted label: 1140 NONE
> Predicted label: 1141 NONE
> Predicted label: 1142 NONE
> Predicted label: 1143 NONE
> Predicted label: 1144 NONE
> Predicted label: 1145 NONE
> Predicted label: 1146 NONE
> Predicted label: 1147 NONE
> Predicted label: 1148 NONE
> Predicted label: 1149 NONE
> Predicted label: 1150 NONE
> Predicted label: 1151 NONE
> Predicted label: 1152 NONE
> Predicted label: 1153 NONE
> Predicted label: 1154 NONE
> Predicted label: 1155 NONE
> Predicted label: 1156 NONE
> Predicted label: 1157 NONE
> Predicted label: 1158 NONE
> Predicted label: 1159 NONE
> Predicted label: 1160 NONE
> Predicted label: 1161 NONE
> Predicted label: 1162 NONE
> Predicted label: 1163 NONE
> Predicted label: 1164 NONE
> Predicted label: 1165 NONE
> Predicted label: 1166 NONE
> Predicted label: 1167 NONE
> Predicted label: 1168 NONE
> Predicted label: 1169 RIGHT_PRESS
> Predicted label: 1170 RIGHT_PRESS
> Predicted label: 1171 RIGHT_PRESS
> Predicted label: 1172 RIGHT_PRESS
> Predicted label: 1173 RIGHT_PRESS
> Predicted label: 1174 RIGHT_PRESS
> Predicted label: 1175 RIGHT_PRESS
> Predicted label: 1176 RIGHT_PRESS
> Predicted label: 1177 RIGHT_PRESS
> Predicted label: 1178 RIGHT_PRESS
> Predicted label: 1179 RIGHT_RELEASE
> Predicted label: 1180 RIGHT_RELEASE
> Predicted label: 1181 RIGHT_RELEASE
> Predicted label: 1182 RIGHT_RELEASE
> Predicted label: 1183 RIGHT_RELEASE
> Predicted label: 1184 RIGHT_RELEASE
> Predicted label: 1185 RIGHT_RELEASE
> Predicted label: 1186 RIGHT_RELEASE
> Predicted label: 1187 RIGHT_RELEASE
> Predicted label: 1188 RIGHT_RELEASE
> Predicted label: 1189 RIGHT_RELEASE
> Predicted label: 1190 RIGHT_RELEASE
> Predicted label: 1191 RIGHT_RELEASE
> Predicted label: 1192 RIGHT_RELEASE
> Predicted label: 1193 RIGHT_RELEASE
> Predicted label: 1194 RIGHT_RELEASE
> Predicted label: 1195 NONE
> Predicted label: 1196 NONE
> Predicted label: 1197 NONE
> Predicted label: 1198 NONE
> Predicted label: 1199 NONE
> Predicted label: 5877 NONE
> Predicted label: 5878 RIGHT_RELEASE
> Predicted label: 5879 RIGHT_RELEASE
> Predicted label: 5880 NONE
> Predicted label: 5881 NONE
> Predicted label: 5882 NONE
> Predicted label: 5883 NONE
> Predicted label: 5884 NONE
> Predicted label: 5885 NONE
> Predicted label: 5886 NONE
> Predicted label: 5887 NONE
> Predicted label: 5888 NONE
> Predicted label: 5889 NONE
> Predicted label: 5890 NONE
> Predicted label: 5891 NONE
> Predicted label: 5892 NONE
> Predicted label: 5893 NONE
> Predicted label: 5894 NONE
> Predicted label: 5895 NONE
> Predicted label: 5896 NONE
> Predicted label: 5897 NONE
> Predicted label: 5898 NONE
> Predicted label: 5899 NONE
> Predicted label: 5900 NONE
> Predicted label: 5901 NONE
> Predicted label: 5902 NONE
> Predicted label: 5903 NONE
> Predicted label: 5904 NONE
> Predicted label: 5905 NONE
> Predicted label: 5906 NONE
> Predicted label: 5907 NONE
> Predicted label: 5908 NONE
> Predicted label: 5909 NONE
> Predicted label: 5910 NONE
> Predicted label: 5911 NONE
> Predicted label: 5912 NONE
> Predicted label: 5913 NONE
> Predicted label: 5914 NONE
> Predicted label: 5915 NONE
> Predicted label: 5916 NONE
> Predicted label: 5917 NONE
> Predicted label: 5918 NONE
> Predicted label: 5919 NONE
> Predicted label: 5920 NONE
> Predicted label: 5921 NONE
> Predicted label: 5922 NONE
> Predicted label: 5923 NONE
> Predicted label: 5924 NONE
> Predicted label: 5925 NONE
> Predicted label: 5926 NONE
> Predicted label: 5927 NONE
> Predicted label: 5928 NONE
> Predicted label: 5929 NONE
> Predicted label: 5930 NONE
> Predicted label: 5931 NONE
> Predicted label: 5932 RIGHT_PRESS
> Predicted label: 5933 RIGHT_PRESS
> Predicted label: 5934 RIGHT_PRESS
> Predicted label: 5935 RIGHT_PRESS
> Predicted label: 5936 RIGHT_PRESS
> Predicted label: 5937 RIGHT_PRESS
> Predicted label: 5938 RIGHT_PRESS
> Predicted label: 5939 RIGHT_PRESS
> Predicted label: 5940 RIGHT_PRESS
> Predicted label: 5941 RIGHT_PRESS
> Predicted label: 5942 RIGHT_PRESS
> Predicted label: 5943 RIGHT_RELEASE
> Predicted label: 5944 RIGHT_RELEASE
> Predicted label: 5945 RIGHT_RELEASE
> Predicted label: 5946 RIGHT_RELEASE
> Predicted label: 5947 RIGHT_RELEASE
> Predicted label: 5948 RIGHT_RELEASE
> Predicted label: 5949 RIGHT_RELEASE
> Predicted label: 5950 RIGHT_RELEASE
> Predicted label: 5951 RIGHT_RELEASE
> Predicted label: 5952 RIGHT_RELEASE
> Predicted label: 5953 RIGHT_RELEASE
> Predicted label: 5954 RIGHT_RELEASE
> Predicted label: 5955 RIGHT_RELEASE
> Predicted label: 5956 RIGHT_RELEASE
> Predicted label: 5957 RIGHT_RELEASE
> Predicted label: 5958 RIGHT_RELEASE
> Predicted label: 10657 RIGHT_RELEASE
> Predicted label: 10658 RIGHT_RELEASE
> Predicted label: 10659 NONE
> Predicted label: 10660 NONE
> Predicted label: 10661 NONE
> Predicted label: 10662 NONE
> Predicted label: 10663 NONE
> Predicted label: 10664 NONE
> Predicted label: 10665 NONE
> Predicted label: 10666 NONE
> Predicted label: 10667 NONE
> Predicted label: 10668 NONE
> Predicted label: 10669 NONE
> Predicted label: 10670 NONE
> Predicted label: 10671 NONE
> Predicted label: 10672 NONE
> Predicted label: 10673 NONE
> Predicted label: 10674 NONE
> Predicted label: 10675 NONE
> Predicted label: 10676 NONE
> Predicted label: 10677 NONE
> Predicted label: 10678 NONE
> Predicted label: 10679 NONE
> Predicted label: 10680 NONE
> Predicted label: 10681 NONE
> Predicted label: 10682 NONE
> Predicted label: 10683 NONE
> Predicted label: 10684 NONE
> Predicted label: 10685 NONE
> Predicted label: 10686 NONE
> Predicted label: 10687 NONE
> Predicted label: 10688 NONE
> Predicted label: 10689 NONE
> Predicted label: 10690 NONE
> Predicted label: 10691 NONE
> Predicted label: 10692 NONE
> Predicted label: 10693 NONE
> Predicted label: 10694 NONE
> Predicted label: 10695 NONE
> Predicted label: 10696 NONE
> Predicted label: 10697 NONE
> Predicted label: 10698 NONE
> Predicted label: 10699 NONE
> Predicted label: 10700 NONE
> Predicted label: 10701 NONE
> Predicted label: 10702 NONE
> Predicted label: 10703 NONE
> Predicted label: 10704 NONE
> Predicted label: 10705 NONE
> Predicted label: 10706 NONE
> Predicted label: 10707 NONE
> Predicted label: 10708 NONE
> Predicted label: 10709 NONE
> Predicted label: 10710 NONE
> Predicted label: 10711 NONE
> Predicted label: 10712 NONE
> Predicted label: 10713 NONE
> Predicted label: 10714 NONE
> Predicted label: 10715 RIGHT_PRESS
> Predicted label: 10716 RIGHT_PRESS
> Predicted label: 10717 RIGHT_PRESS
> Predicted label: 10718 RIGHT_PRESS
> Predicted label: 10719 RIGHT_PRESS
> Predicted label: 10720 RIGHT_PRESS
> Predicted label: 10721 RIGHT_PRESS
> Predicted label: 10722 RIGHT_RELEASE
> Predicted label: 10723 RIGHT_RELEASE
> Predicted label: 10724 RIGHT_RELEASE
> Predicted label: 10725 RIGHT_RELEASE
> Predicted label: 10726 RIGHT_RELEASE
> Predicted label: 10727 RIGHT_RELEASE
> Predicted label: 10728 RIGHT_RELEASE
> Predicted label: 10729 RIGHT_RELEASE
> Predicted label: 10730 RIGHT_RELEASE
> Predicted label: 10731 RIGHT_RELEASE
> Predicted label: 10732 RIGHT_RELEASE
> Predicted label: 10733 RIGHT_RELEASE
> Predicted label: 10734 RIGHT_RELEASE
> Predicted label: 10735 RIGHT_RELEASE
> Predicted label: 10736 RIGHT_RELEASE
> Predicted label: 10737 RIGHT_RELEASE
> Predicted label: 10738 RIGHT_RELEASE
> Predicted label: 10739 RIGHT_RELEASE
> Predicted label: 15154 RIGHT_RELEASE
> Predicted label: 15155 RIGHT_RELEASE
> Predicted label: 15156 RIGHT_RELEASE
> Predicted label: 15157 RIGHT_RELEASE
> Predicted label: 15158 NONE
> Predicted label: 15159 NONE
> Predicted label: 15160 NONE
> Predicted label: 15161 NONE
> Predicted label: 15162 NONE
> Predicted label: 15163 NONE
> Predicted label: 15164 NONE
> Predicted label: 15165 NONE
> Predicted label: 15166 NONE
> Predicted label: 15167 NONE
> Predicted label: 15168 NONE
> Predicted label: 15169 NONE
> Predicted label: 15170 NONE
> Predicted label: 15171 NONE
> Predicted label: 15172 NONE
> Predicted label: 15173 NONE
> Predicted label: 15174 NONE
> Predicted label: 15175 NONE
> Predicted label: 15176 NONE
> Predicted label: 15177 NONE
> Predicted label: 15178 NONE
> Predicted label: 15179 NONE
> Predicted label: 15180 NONE
> Predicted label: 15181 NONE
> Predicted label: 15182 NONE
> Predicted label: 15183 NONE
> Predicted label: 15184 NONE
> Predicted label: 15185 NONE
> Predicted label: 15186 NONE
> Predicted label: 15187 NONE
> Predicted label: 15188 NONE
> Predicted label: 15189 NONE
> Predicted label: 15190 NONE
> Predicted label: 15191 NONE
> Predicted label: 15192 NONE
> Predicted label: 15193 NONE
> Predicted label: 15194 NONE
> Predicted label: 15195 NONE
> Predicted label: 15196 NONE
> Predicted label: 15197 RIGHT_PRESS
> Predicted label: 15198 RIGHT_PRESS
> Predicted label: 15199 RIGHT_PRESS
> Predicted label: 15200 RIGHT_PRESS
> Predicted label: 15201 RIGHT_PRESS
> Predicted label: 15202 RIGHT_PRESS
> Predicted label: 15203 RIGHT_PRESS
> Predicted label: 15204 RIGHT_RELEASE
> Predicted label: 15205 RIGHT_RELEASE
> Predicted label: 15206 RIGHT_RELEASE
> Predicted label: 15207 RIGHT_RELEASE
> Predicted label: 15208 RIGHT_RELEASE
> Predicted label: 15209 RIGHT_RELEASE
> Predicted label: 1204 NONE
> Predicted label: 1205 NONE
> Predicted label: 1206 NONE
> Predicted label: 1207 NONE
> Predicted label: 1208 NONE
> Predicted label: 1209 NONE
> Predicted label: 1210 NONE
> Predicted label: 1211 NONE
> Predicted label: 1212 NONE
> Predicted label: 1213 NONE
> Predicted label: 1214 NONE
> Predicted label: 1215 NONE
> Predicted label: 1216 NONE
> Predicted label: 1217 NONE
> Predicted label: 1218 NONE
> Predicted label: 1219 NONE
> Predicted label: 1220 NONE
> Predicted label: 1221 NONE
> Predicted label: 1222 NONE
> Predicted label: 1223 NONE
> Predicted label: 1224 NONE
> Predicted label: 1225 NONE
> Predicted label: 1226 NONE
> Predicted label: 1227 NONE
> Predicted label: 1228 NONE
> Predicted label: 1229 NONE
> Predicted label: 1230 NONE
> Predicted label: 1231 NONE
> Predicted label: 1232 NONE
> Predicted label: 1233 NONE
> Predicted label: 1234 NONE
> Predicted label: 1235 NONE
> Predicted label: 1236 NONE
> Predicted label: 1237 NONE
> Predicted label: 1238 RIGHT_PRESS
> Predicted label: 1239 RIGHT_PRESS
> Predicted label: 1240 RIGHT_PRESS
> Predicted label: 1241 RIGHT_PRESS
> Predicted label: 1242 RIGHT_PRESS
> Predicted label: 1243 RIGHT_PRESS
> Predicted label: 1244 RIGHT_PRESS
> Predicted label: 1245 RIGHT_PRESS
> Predicted label: 1246 RIGHT_PRESS
> Predicted label: 1247 RIGHT_PRESS
> Predicted label: 1248 RIGHT_RELEASE
> Predicted label: 1249 RIGHT_RELEASE
> Predicted label: 1250 RIGHT_RELEASE
> Predicted label: 1251 RIGHT_RELEASE
> Predicted label: 1252 RIGHT_RELEASE
> Predicted label: 1253 RIGHT_RELEASE
> Predicted label: 1254 RIGHT_RELEASE
> Predicted label: 1255 RIGHT_RELEASE
> Predicted label: 1256 RIGHT_RELEASE
> Predicted label: 1257 RIGHT_RELEASE
> Predicted label: 1258 RIGHT_RELEASE
> Predicted label: 1259 RIGHT_RELEASE
> Predicted label: 1260 RIGHT_RELEASE
> Predicted label: 1261 RIGHT_RELEASE
> Predicted label: 1262 RIGHT_RELEASE
> Predicted label: 1263 RIGHT_RELEASE
> Predicted label: 1264 RIGHT_RELEASE
> Predicted label: 1265 RIGHT_RELEASE
> Predicted label: 1266 RIGHT_RELEASE
> Predicted label: 5959 RIGHT_RELEASE
> Predicted label: 5960 RIGHT_RELEASE
> Predicted label: 5961 RIGHT_RELEASE
> Predicted label: 5962 RIGHT_RELEASE
> Predicted label: 5963 NONE
> Predicted label: 5964 NONE
> Predicted label: 5965 NONE
> Predicted label: 5966 NONE
> Predicted label: 5967 NONE
> Predicted label: 5968 NONE
> Predicted label: 5969 NONE
> Predicted label: 5970 NONE
> Predicted label: 5971 NONE
> Predicted label: 5972 NONE
> Predicted label: 5973 NONE
> Predicted label: 5974 NONE
> Predicted label: 5975 NONE
> Predicted label: 5976 NONE
> Predicted label: 5977 NONE
> Predicted label: 5978 NONE
> Predicted label: 5979 NONE
> Predicted label: 5980 NONE
> Predicted label: 5981 NONE
> Predicted label: 5982 NONE
> Predicted label: 5983 NONE
> Predicted label: 5984 NONE
> Predicted label: 5985 NONE
> Predicted label: 5986 NONE
> Predicted label: 5987 NONE
> Predicted label: 5988 NONE
> Predicted label: 5989 NONE
> Predicted label: 5990 NONE
> Predicted label: 5991 NONE
> Predicted label: 5992 NONE
> Predicted label: 5993 NONE
> Predicted label: 5994 NONE
> Predicted label: 5995 NONE
> Predicted label: 5996 NONE
> Predicted label: 5997 NONE
> Predicted label: 5998 NONE
> Predicted label: 5999 NONE
> Predicted label: 6000 RIGHT_PRESS
> Predicted label: 6001 RIGHT_PRESS
> Predicted label: 6002 RIGHT_PRESS
> Predicted label: 6003 RIGHT_PRESS
> Predicted label: 6004 RIGHT_PRESS
> Predicted label: 6005 RIGHT_PRESS
> Predicted label: 6006 RIGHT_PRESS
> Predicted label: 6007 RIGHT_PRESS
> Predicted label: 6008 RIGHT_PRESS
> Predicted label: 6009 RIGHT_RELEASE
> Predicted label: 6010 RIGHT_RELEASE
> Predicted label: 6011 RIGHT_RELEASE
> Predicted label: 6012 RIGHT_RELEASE
> Predicted label: 6013 RIGHT_RELEASE
> Predicted label: 6014 RIGHT_RELEASE
> Predicted label: 6015 RIGHT_RELEASE
> Predicted label: 6016 RIGHT_RELEASE
> Predicted label: 6017 RIGHT_RELEASE
> Predicted label: 6018 RIGHT_RELEASE
> Predicted label: 6019 RIGHT_RELEASE
> Predicted label: 6020 RIGHT_RELEASE
> Predicted label: 6021 RIGHT_RELEASE
> Predicted label: 6022 RIGHT_RELEASE
> Predicted label: 6023 RIGHT_RELEASE
> Predicted label: 6024 RIGHT_RELEASE
> Predicted label: 6025 RIGHT_RELEASE
> Predicted label: 6026 RIGHT_RELEASE
> Predicted label: 6027 RIGHT_RELEASE
> Predicted label: 6028 RIGHT_RELEASE
> Predicted label: 10740 RIGHT_RELEASE
> Predicted label: 10741 RIGHT_RELEASE
> Predicted label: 10742 RIGHT_RELEASE
> Predicted label: 10743 RIGHT_RELEASE
> Predicted label: 10744 NONE
> Predicted label: 10745 NONE
> Predicted label: 10746 NONE
> Predicted label: 10747 NONE
> Predicted label: 10748 NONE
> Predicted label: 10749 NONE
> Predicted label: 10750 NONE
> Predicted label: 10751 NONE
> Predicted label: 10752 NONE
> Predicted label: 10753 NONE
> Predicted label: 10754 NONE
> Predicted label: 10755 NONE
> Predicted label: 10756 NONE
> Predicted label: 10757 NONE
> Predicted label: 10758 NONE
> Predicted label: 10759 NONE
> Predicted label: 10760 NONE
> Predicted label: 10761 NONE
> Predicted label: 10762 NONE
> Predicted label: 10763 NONE
> Predicted label: 10764 NONE
> Predicted label: 10765 NONE
> Predicted label: 10766 NONE
> Predicted label: 10767 NONE
> Predicted label: 10768 NONE
> Predicted label: 10769 NONE
> Predicted label: 10770 NONE
> Predicted label: 10771 NONE
> Predicted label: 10772 NONE
> Predicted label: 10773 NONE
> Predicted label: 10774 NONE
> Predicted label: 10775 NONE
> Predicted label: 10776 NONE
> Predicted label: 10777 NONE
> Predicted label: 10778 NONE
> Predicted label: 10779 NONE
> Predicted label: 10780 NONE
> Predicted label: 10781 RIGHT_PRESS
> Predicted label: 10782 RIGHT_PRESS
> Predicted label: 10783 RIGHT_PRESS
> Predicted label: 10784 RIGHT_PRESS
> Predicted label: 10785 RIGHT_PRESS
> Predicted label: 10786 RIGHT_PRESS
> Predicted label: 10787 RIGHT_PRESS
> Predicted label: 10788 RIGHT_PRESS
> Predicted label: 10789 RIGHT_PRESS
> Predicted label: 10790 RIGHT_RELEASE
> Predicted label: 10791 RIGHT_RELEASE
> Predicted label: 10792 RIGHT_RELEASE
> Predicted label: 10793 RIGHT_RELEASE
> Predicted label: 10794 RIGHT_RELEASE
> Predicted label: 10795 RIGHT_RELEASE
> Predicted label: 10796 RIGHT_RELEASE
> Predicted label: 10797 RIGHT_RELEASE
> Predicted label: 10798 RIGHT_RELEASE
> Predicted label: 10799 RIGHT_RELEASE
> Predicted label: 10800 RIGHT_RELEASE
> Predicted label: 10801 RIGHT_RELEASE
> Predicted label: 10802 RIGHT_RELEASE
> Predicted label: 10803 RIGHT_RELEASE
> Predicted label: 10804 RIGHT_RELEASE
> Predicted label: 10805 RIGHT_RELEASE
> Predicted label: 10806 RIGHT_RELEASE
> Predicted label: 10807 RIGHT_RELEASE
> Predicted label: 10808 RIGHT_RELEASE
> Predicted label: 10809 RIGHT_RELEASE
> Predicted label: 10810 NONE
> Predicted label: 10811 NONE
> Predicted label: 10812 NONE
> Predicted label: 15210 RIGHT_RELEASE
> Predicted label: 15211 RIGHT_RELEASE
> Predicted label: 15212 RIGHT_RELEASE
> Predicted label: 15213 RIGHT_RELEASE
> Predicted label: 15214 NONE
> Predicted label: 15215 NONE
> Predicted label: 15216 NONE
> Predicted label: 15217 NONE
> Predicted label: 15218 NONE
> Predicted label: 15219 NONE
> Predicted label: 15220 NONE
> Predicted label: 15221 NONE
> Predicted label: 15222 NONE
> Predicted label: 15223 NONE
> Predicted label: 15224 NONE
> Predicted label: 15225 NONE
> Predicted label: 15226 NONE
> Predicted label: 15227 NONE
> Predicted label: 15228 NONE
> Predicted label: 15229 NONE
> Predicted label: 15230 NONE
> Predicted label: 15231 NONE
> Predicted label: 15232 NONE
> Predicted label: 15233 NONE
> Predicted label: 15234 NONE
> Predicted label: 15235 NONE
> Predicted label: 15236 NONE
> Predicted label: 15237 NONE
> Predicted label: 15238 NONE
> Predicted label: 15239 NONE
> Predicted label: 15240 NONE
> Predicted label: 15241 NONE
> Predicted label: 15242 NONE
> Predicted label: 15243 NONE
> Predicted label: 15244 NONE
> Predicted label: 15245 NONE
> Predicted label: 15246 NONE
> Predicted label: 15247 RIGHT_PRESS
> Predicted label: 15248 RIGHT_PRESS
> Predicted label: 15249 RIGHT_PRESS
> Predicted label: 15250 RIGHT_PRESS
> Predicted label: 15251 RIGHT_PRESS
> Predicted label: 15252 RIGHT_PRESS
> Predicted label: 15253 RIGHT_PRESS
> Predicted label: 15254 RIGHT_PRESS
> Predicted label: 15255 RIGHT_RELEASE
> Predicted label: 15256 RIGHT_RELEASE
> Predicted label: 15257 RIGHT_RELEASE
> Predicted label: 15258 RIGHT_RELEASE
> Predicted label: 1271 RIGHT_RELEASE
> Predicted label: 1272 RIGHT_RELEASE
> Predicted label: 1273 RIGHT_RELEASE
> Predicted label: 1274 RIGHT_RELEASE
> Predicted label: 1275 RIGHT_RELEASE
> Predicted label: 1276 RIGHT_RELEASE
> Predicted label: 1277 RIGHT_RELEASE
> Predicted label: 1278 RIGHT_RELEASE
> Predicted label: 1279 RIGHT_RELEASE
> Predicted label: 1280 RIGHT_RELEASE
> Predicted label: 1281 RIGHT_RELEASE
> Predicted label: 1282 NONE
> Predicted label: 1283 NONE
> Predicted label: 1284 RIGHT_RELEASE
> Predicted label: 1285 RIGHT_RELEASE
> Predicted label: 1286 RIGHT_RELEASE
> Predicted label: 1287 RIGHT_RELEASE
> Predicted label: 1288 RIGHT_RELEASE
> Predicted label: 1289 RIGHT_RELEASE
> Predicted label: 1290 RIGHT_RELEASE
> Predicted label: 1291 RIGHT_RELEASE
> Predicted label: 1292 RIGHT_RELEASE
> Predicted label: 1293 RIGHT_RELEASE
> Predicted label: 1294 RIGHT_RELEASE
> Predicted label: 1295 RIGHT_RELEASE
> Predicted label: 1296 RIGHT_RELEASE
> Predicted label: 1297 RIGHT_RELEASE
> Predicted label: 1298 RIGHT_RELEASE
> Predicted label: 1299 RIGHT_RELEASE
> Predicted label: 1300 RIGHT_RELEASE
> Predicted label: 1301 RIGHT_RELEASE
> Predicted label: 1302 RIGHT_RELEASE
> Predicted label: 1303 RIGHT_RELEASE
> Predicted label: 1304 RIGHT_RELEASE
> Predicted label: 1305 RIGHT_RELEASE
> Predicted label: 1306 RIGHT_PRESS
> Predicted label: 1307 RIGHT_PRESS
> Predicted label: 1308 RIGHT_PRESS
> Predicted label: 1309 RIGHT_PRESS
> Predicted label: 1310 RIGHT_PRESS
> Predicted label: 1311 RIGHT_PRESS
> Predicted label: 1312 RIGHT_PRESS
> Predicted label: 1313 RIGHT_PRESS
> Predicted label: 1314 RIGHT_PRESS
> Predicted label: 1315 RIGHT_RELEASE
> Predicted label: 1316 RIGHT_RELEASE
> Predicted label: 1317 RIGHT_RELEASE
> Predicted label: 1318 RIGHT_RELEASE
> Predicted label: 1319 RIGHT_RELEASE
> Predicted label: 1320 RIGHT_RELEASE
> Predicted label: 1321 RIGHT_RELEASE
> Predicted label: 1322 RIGHT_RELEASE
> Predicted label: 1323 RIGHT_RELEASE
> Predicted label: 1324 RIGHT_RELEASE
> Predicted label: 1325 RIGHT_RELEASE
> Predicted label: 1326 RIGHT_RELEASE
> Predicted label: 1327 RIGHT_RELEASE
> Predicted label: 1328 RIGHT_RELEASE
> Predicted label: 1329 RIGHT_RELEASE
> Predicted label: 1330 RIGHT_RELEASE
> Predicted label: 1331 RIGHT_RELEASE
> Predicted label: 1332 RIGHT_RELEASE
> Predicted label: 1333 RIGHT_RELEASE
> Predicted label: 1334 RIGHT_RELEASE
> Predicted label: 1335 RIGHT_RELEASE
> Predicted label: 1336 RIGHT_RELEASE
> Predicted label: 1337 NONE
> Predicted label: 1338 NONE
> Predicted label: 1339 NONE
> Predicted label: 1340 NONE
> Predicted label: 1341 NONE
> Predicted label: 6029 RIGHT_RELEASE
> Predicted label: 6030 RIGHT_RELEASE
> Predicted label: 6031 RIGHT_RELEASE
> Predicted label: 6032 RIGHT_RELEASE
> Predicted label: 6033 NONE
> Predicted label: 6034 NONE
> Predicted label: 6035 NONE
> Predicted label: 6036 NONE
> Predicted label: 6037 NONE
> Predicted label: 6038 NONE
> Predicted label: 6039 NONE
> Predicted label: 6040 NONE
> Predicted label: 6041 NONE
> Predicted label: 6042 NONE
> Predicted label: 6043 NONE
> Predicted label: 6044 NONE
> Predicted label: 6045 NONE
> Predicted label: 6046 NONE
> Predicted label: 6047 NONE
> Predicted label: 6048 NONE
> Predicted label: 6049 NONE
> Predicted label: 6050 NONE
> Predicted label: 6051 NONE
> Predicted label: 6052 NONE
> Predicted label: 6053 NONE
> Predicted label: 6054 NONE
> Predicted label: 6055 NONE
> Predicted label: 6056 NONE
> Predicted label: 6057 NONE
> Predicted label: 6058 NONE
> Predicted label: 6059 NONE
> Predicted label: 6060 NONE
> Predicted label: 6061 NONE
> Predicted label: 6062 NONE
> Predicted label: 6063 NONE
> Predicted label: 6064 RIGHT_PRESS
> Predicted label: 6065 RIGHT_PRESS
> Predicted label: 6066 RIGHT_PRESS
> Predicted label: 6067 RIGHT_PRESS
> Predicted label: 6068 RIGHT_PRESS
> Predicted label: 6069 RIGHT_PRESS
> Predicted label: 6070 RIGHT_PRESS
> Predicted label: 6071 RIGHT_PRESS
> Predicted label: 6072 RIGHT_PRESS
> Predicted label: 6073 RIGHT_PRESS
> Predicted label: 6074 RIGHT_RELEASE
> Predicted label: 6075 RIGHT_RELEASE
> Predicted label: 6076 RIGHT_RELEASE
> Predicted label: 6077 RIGHT_RELEASE
> Predicted label: 6078 RIGHT_RELEASE
> Predicted label: 6079 RIGHT_RELEASE
> Predicted label: 6080 RIGHT_RELEASE
> Predicted label: 6081 RIGHT_RELEASE
> Predicted label: 6082 RIGHT_RELEASE
> Predicted label: 6083 RIGHT_RELEASE
> Predicted label: 6084 RIGHT_RELEASE
> Predicted label: 6085 RIGHT_RELEASE
> Predicted label: 6086 RIGHT_RELEASE
> Predicted label: 6087 NONE
> Predicted label: 6088 NONE
> Predicted label: 6089 NONE
> Predicted label: 6090 NONE
> Predicted label: 6091 NONE
> Predicted label: 6092 NONE
> Predicted label: 10813 NONE
> Predicted label: 10814 NONE
> Predicted label: 10815 NONE
> Predicted label: 10816 NONE
> Predicted label: 10817 NONE
> Predicted label: 10818 NONE
> Predicted label: 10819 NONE
> Predicted label: 10820 NONE
> Predicted label: 10821 NONE
> Predicted label: 10822 NONE
> Predicted label: 10823 NONE
> Predicted label: 10824 NONE
> Predicted label: 10825 NONE
> Predicted label: 10826 NONE
> Predicted label: 10827 NONE
> Predicted label: 10828 NONE
> Predicted label: 10829 NONE
> Predicted label: 10830 NONE
> Predicted label: 10831 NONE
> Predicted label: 10832 NONE
> Predicted label: 10833 NONE
> Predicted label: 10834 NONE
> Predicted label: 10835 NONE
> Predicted label: 10836 NONE
> Predicted label: 10837 NONE
> Predicted label: 10838 NONE
> Predicted label: 10839 NONE
> Predicted label: 10840 NONE
> Predicted label: 10841 NONE
> Predicted label: 10842 NONE
> Predicted label: 10843 NONE
> Predicted label: 10844 NONE
> Predicted label: 10845 NONE
> Predicted label: 10846 NONE
> Predicted label: 10847 NONE
> Predicted label: 10848 NONE
> Predicted label: 10849 NONE
> Predicted label: 10850 NONE
> Predicted label: 10851 NONE
> Predicted label: 10852 NONE
> Predicted label: 10853 NONE
> Predicted label: 10854 RIGHT_PRESS
> Predicted label: 10855 RIGHT_PRESS
> Predicted label: 10856 RIGHT_PRESS
> Predicted label: 10857 RIGHT_PRESS
> Predicted label: 10858 RIGHT_PRESS
> Predicted label: 10859 RIGHT_PRESS
> Predicted label: 10860 RIGHT_PRESS
> Predicted label: 10861 RIGHT_PRESS
> Predicted label: 10862 RIGHT_PRESS
> Predicted label: 10863 RIGHT_PRESS
> Predicted label: 10864 RIGHT_RELEASE
> Predicted label: 10865 RIGHT_RELEASE
> Predicted label: 10866 RIGHT_RELEASE
> Predicted label: 10867 RIGHT_RELEASE
> Predicted label: 10868 RIGHT_RELEASE
> Predicted label: 10869 RIGHT_RELEASE
> Predicted label: 10870 RIGHT_RELEASE
> Predicted label: 10871 RIGHT_RELEASE
> Predicted label: 10872 RIGHT_RELEASE
> Predicted label: 10873 RIGHT_RELEASE
> Predicted label: 10874 RIGHT_RELEASE
> Predicted label: 10875 RIGHT_RELEASE
> Predicted label: 10876 RIGHT_RELEASE
> Predicted label: 10877 RIGHT_RELEASE
> Predicted label: 10878 RIGHT_RELEASE
> Predicted label: 10879 RIGHT_RELEASE
> Predicted label: 10880 RIGHT_RELEASE
> Predicted label: 10881 RIGHT_RELEASE
> Predicted label: 15259 RIGHT_RELEASE
> Predicted label: 15260 RIGHT_RELEASE
> Predicted label: 15261 RIGHT_RELEASE
> Predicted label: 15262 RIGHT_RELEASE
> Predicted label: 15263 NONE
> Predicted label: 15264 NONE
> Predicted label: 15265 NONE
> Predicted label: 15266 NONE
> Predicted label: 15267 NONE
> Predicted label: 15268 NONE
> Predicted label: 15269 NONE
> Predicted label: 15270 NONE
> Predicted label: 15271 NONE
> Predicted label: 15272 NONE
> Predicted label: 15273 NONE
> Predicted label: 15274 NONE
> Predicted label: 15275 NONE
> Predicted label: 15276 NONE
> Predicted label: 15277 NONE
> Predicted label: 15278 NONE
> Predicted label: 15279 NONE
> Predicted label: 15280 NONE
> Predicted label: 15281 NONE
> Predicted label: 15282 NONE
> Predicted label: 15283 NONE
> Predicted label: 15284 NONE
> Predicted label: 15285 NONE
> Predicted label: 15286 NONE
> Predicted label: 15287 NONE
> Predicted label: 15288 NONE
> Predicted label: 15289 NONE
> Predicted label: 15290 NONE
> Predicted label: 15291 NONE
> Predicted label: 15292 NONE
> Predicted label: 15293 NONE
> Predicted label: 15294 NONE
> Predicted label: 15295 NONE
> Predicted label: 15296 NONE
> Predicted label: 15297 NONE
> Predicted label: 15298 NONE
> Predicted label: 15299 NONE
> Predicted label: 15300 RIGHT_PRESS
> Predicted label: 15301 RIGHT_PRESS
> Predicted label: 15302 RIGHT_PRESS
> Predicted label: 15303 RIGHT_PRESS
> Predicted label: 15304 RIGHT_PRESS
> Predicted label: 15305 RIGHT_PRESS
> Predicted label: 15306 RIGHT_RELEASE
> Predicted label: 15307 RIGHT_RELEASE
> Predicted label: 15308 RIGHT_RELEASE
> Predicted label: 15309 RIGHT_RELEASE
> Predicted label: 15310 RIGHT_RELEASE
> Predicted label: 15311 RIGHT_RELEASE
> Predicted label: 1346 NONE
> Predicted label: 1347 NONE
> Predicted label: 1348 NONE
> Predicted label: 1349 NONE
> Predicted label: 1350 NONE
> Predicted label: 1351 NONE
> Predicted label: 1352 NONE
> Predicted label: 1353 NONE
> Predicted label: 1354 NONE
> Predicted label: 1355 RIGHT_RELEASE
> Predicted label: 1356 RIGHT_RELEASE
> Predicted label: 1357 RIGHT_RELEASE
> Predicted label: 1358 RIGHT_RELEASE
> Predicted label: 1359 RIGHT_RELEASE
> Predicted label: 1360 RIGHT_RELEASE
> Predicted label: 1361 NONE
> Predicted label: 1362 NONE
> Predicted label: 1363 NONE
> Predicted label: 1364 NONE
> Predicted label: 1365 NONE
> Predicted label: 1366 NONE
> Predicted label: 1367 NONE
> Predicted label: 1368 NONE
> Predicted label: 1369 NONE
> Predicted label: 1370 NONE
> Predicted label: 1371 NONE
> Predicted label: 1372 NONE
> Predicted label: 1373 RIGHT_PRESS
> Predicted label: 1374 RIGHT_PRESS
> Predicted label: 1375 RIGHT_PRESS
> Predicted label: 1376 RIGHT_PRESS
> Predicted label: 1377 RIGHT_PRESS
> Predicted label: 1378 RIGHT_PRESS
> Predicted label: 1379 RIGHT_PRESS
> Predicted label: 1380 RIGHT_PRESS
> Predicted label: 1381 RIGHT_PRESS
> Predicted label: 1382 RIGHT_PRESS
> Predicted label: 1383 RIGHT_RELEASE
> Predicted label: 1384 RIGHT_RELEASE
> Predicted label: 1385 RIGHT_RELEASE
> Predicted label: 1386 RIGHT_RELEASE
> Predicted label: 1387 RIGHT_RELEASE
> Predicted label: 1388 RIGHT_RELEASE
> Predicted label: 1389 RIGHT_RELEASE
> Predicted label: 1390 RIGHT_RELEASE
> Predicted label: 1391 RIGHT_RELEASE
> Predicted label: 1392 RIGHT_RELEASE
> Predicted label: 1393 RIGHT_RELEASE
> Predicted label: 1394 RIGHT_RELEASE
> Predicted label: 1395 RIGHT_RELEASE
> Predicted label: 1396 NONE
> Predicted label: 1397 NONE
> Predicted label: 1398 NONE
> Predicted label: 1399 NONE
> Predicted label: 1400 NONE
> Predicted label: 1401 NONE
> Predicted label: 1402 NONE
> Predicted label: 1403 NONE
> Predicted label: 1404 NONE
> Predicted label: 1405 NONE
> Predicted label: 1406 NONE
> Predicted label: 6093 NONE
> Predicted label: 6094 NONE
> Predicted label: 6095 NONE
> Predicted label: 6096 NONE
> Predicted label: 6097 NONE
> Predicted label: 6098 NONE
> Predicted label: 6099 NONE
> Predicted label: 6100 NONE
> Predicted label: 6101 NONE
> Predicted label: 6102 NONE
> Predicted label: 6103 NONE
> Predicted label: 6104 NONE
> Predicted label: 6105 NONE
> Predicted label: 6106 NONE
> Predicted label: 6107 NONE
> Predicted label: 6108 NONE
> Predicted label: 6109 NONE
> Predicted label: 6110 NONE
> Predicted label: 6111 NONE
> Predicted label: 6112 NONE
> Predicted label: 6113 NONE
> Predicted label: 6114 NONE
> Predicted label: 6115 NONE
> Predicted label: 6116 NONE
> Predicted label: 6117 NONE
> Predicted label: 6118 NONE
> Predicted label: 6119 NONE
> Predicted label: 6120 NONE
> Predicted label: 6121 NONE
> Predicted label: 6122 NONE
> Predicted label: 6123 NONE
> Predicted label: 6124 NONE
> Predicted label: 6125 NONE
> Predicted label: 6126 NONE
> Predicted label: 6127 NONE
> Predicted label: 6128 NONE
> Predicted label: 6129 NONE
> Predicted label: 6130 NONE
> Predicted label: 6131 NONE
> Predicted label: 6132 NONE
> Predicted label: 6133 NONE
> Predicted label: 6134 NONE
> Predicted label: 6135 NONE
> Predicted label: 6136 NONE
> Predicted label: 6137 NONE
> Predicted label: 6138 NONE
> Predicted label: 6139 NONE
> Predicted label: 6140 NONE
> Predicted label: 6141 NONE
> Predicted label: 6142 NONE
> Predicted label: 6143 NONE
> Predicted label: 6144 NONE
> Predicted label: 6145 NONE
> Predicted label: 6146 NONE
> Predicted label: 6147 NONE
> Predicted label: 6148 NONE
> Predicted label: 6149 NONE
> Predicted label: 6150 NONE
> Predicted label: 6151 NONE
> Predicted label: 6152 NONE
> Predicted label: 6153 NONE
> Predicted label: 6154 NONE
> Predicted label: 6155 NONE
> Predicted label: 6156 NONE
> Predicted label: 6157 RIGHT_PRESS
> Predicted label: 6158 RIGHT_PRESS
> Predicted label: 6159 RIGHT_PRESS
> Predicted label: 6160 RIGHT_PRESS
> Predicted label: 6161 RIGHT_PRESS
> Predicted label: 6162 RIGHT_PRESS
> Predicted label: 6163 RIGHT_PRESS
> Predicted label: 6164 RIGHT_PRESS
> Predicted label: 6165 RIGHT_PRESS
> Predicted label: 6166 RIGHT_RELEASE
> Predicted label: 6167 RIGHT_RELEASE
> Predicted label: 6168 RIGHT_RELEASE
> Predicted label: 6169 RIGHT_RELEASE
> Predicted label: 6170 RIGHT_RELEASE
> Predicted label: 6171 RIGHT_RELEASE
> Predicted label: 6172 RIGHT_RELEASE
> Predicted label: 6173 RIGHT_RELEASE
> Predicted label: 6174 RIGHT_RELEASE
> Predicted label: 6175 RIGHT_RELEASE
> Predicted label: 6176 RIGHT_RELEASE
> Predicted label: 6177 RIGHT_RELEASE
> Predicted label: 6178 RIGHT_RELEASE
> Predicted label: 6179 RIGHT_RELEASE
> Predicted label: 10882 NONE
> Predicted label: 10883 NONE
> Predicted label: 10884 NONE
> Predicted label: 10885 NONE
> Predicted label: 10886 NONE
> Predicted label: 10887 NONE
> Predicted label: 10888 NONE
> Predicted label: 10889 NONE
> Predicted label: 10890 NONE
> Predicted label: 10891 NONE
> Predicted label: 10892 NONE
> Predicted label: 10893 NONE
> Predicted label: 10894 NONE
> Predicted label: 10895 NONE
> Predicted label: 10896 NONE
> Predicted label: 10897 NONE
> Predicted label: 10898 NONE
> Predicted label: 10899 NONE
> Predicted label: 10900 NONE
> Predicted label: 10901 NONE
> Predicted label: 10902 NONE
> Predicted label: 10903 NONE
> Predicted label: 10904 NONE
> Predicted label: 10905 NONE
> Predicted label: 10906 NONE
> Predicted label: 10907 NONE
> Predicted label: 10908 NONE
> Predicted label: 10909 NONE
> Predicted label: 10910 NONE
> Predicted label: 10911 NONE
> Predicted label: 10912 NONE
> Predicted label: 10913 NONE
> Predicted label: 10914 NONE
> Predicted label: 10915 NONE
> Predicted label: 10916 NONE
> Predicted label: 10917 NONE
> Predicted label: 10918 NONE
> Predicted label: 10919 NONE
> Predicted label: 10920 NONE
> Predicted label: 10921 RIGHT_PRESS
> Predicted label: 10922 RIGHT_PRESS
> Predicted label: 10923 RIGHT_PRESS
> Predicted label: 10924 RIGHT_PRESS
> Predicted label: 10925 RIGHT_PRESS
> Predicted label: 10926 RIGHT_PRESS
> Predicted label: 10927 RIGHT_PRESS
> Predicted label: 10928 RIGHT_PRESS
> Predicted label: 10929 RIGHT_PRESS
> Predicted label: 10930 RIGHT_RELEASE
> Predicted label: 10931 RIGHT_RELEASE
> Predicted label: 10932 RIGHT_RELEASE
> Predicted label: 10933 RIGHT_RELEASE
> Predicted label: 10934 RIGHT_RELEASE
> Predicted label: 10935 RIGHT_RELEASE
> Predicted label: 10936 RIGHT_RELEASE
> Predicted label: 10937 RIGHT_RELEASE
> Predicted label: 10938 RIGHT_RELEASE
> Predicted label: 10939 RIGHT_RELEASE
> Predicted label: 10940 RIGHT_RELEASE
> Predicted label: 10941 RIGHT_RELEASE
> Predicted label: 10942 RIGHT_RELEASE
> Predicted label: 10943 RIGHT_RELEASE
> Predicted label: 10944 RIGHT_RELEASE
> Predicted label: 10945 RIGHT_RELEASE
> Predicted label: 10946 NONE
> Predicted label: 10947 NONE
> Predicted label: 10948 NONE
> Predicted label: 10949 NONE
> Predicted label: 15312 NONE
> Predicted label: 15313 NONE
> Predicted label: 15314 NONE
> Predicted label: 15315 NONE
> Predicted label: 15316 NONE
> Predicted label: 15317 NONE
> Predicted label: 15318 NONE
> Predicted label: 15319 NONE
> Predicted label: 15320 NONE
> Predicted label: 15321 NONE
> Predicted label: 15322 NONE
> Predicted label: 15323 NONE
> Predicted label: 15324 NONE
> Predicted label: 15325 NONE
> Predicted label: 15326 NONE
> Predicted label: 15327 NONE
> Predicted label: 15328 NONE
> Predicted label: 15329 NONE
> Predicted label: 15330 NONE
> Predicted label: 15331 NONE
> Predicted label: 15332 NONE
> Predicted label: 15333 NONE
> Predicted label: 15334 NONE
> Predicted label: 15335 NONE
> Predicted label: 15336 NONE
> Predicted label: 15337 NONE
> Predicted label: 15338 RIGHT_RELEASE
> Predicted label: 15339 RIGHT_RELEASE
> Predicted label: 15340 RIGHT_RELEASE
> Predicted label: 15341 RIGHT_RELEASE
> Predicted label: 15342 RIGHT_RELEASE
> Predicted label: 15343 RIGHT_RELEASE
> Predicted label: 15344 RIGHT_RELEASE
> Predicted label: 15345 RIGHT_RELEASE
> Predicted label: 15346 RIGHT_PRESS
> Predicted label: 15347 RIGHT_PRESS
> Predicted label: 15348 RIGHT_PRESS
> Predicted label: 15349 RIGHT_PRESS
> Predicted label: 15350 RIGHT_PRESS
> Predicted label: 15351 RIGHT_PRESS
> Predicted label: 15352 RIGHT_PRESS
> Predicted label: 15353 RIGHT_RELEASE
> Predicted label: 15354 RIGHT_RELEASE
> Predicted label: 15355 RIGHT_RELEASE
> Predicted label: 15356 RIGHT_RELEASE
> Predicted label: 15357 RIGHT_RELEASE
> Predicted label: 15358 RIGHT_RELEASE
> Predicted label: 15359 RIGHT_RELEASE
> Predicted label: 1411 NONE
> Predicted label: 1412 NONE
> Predicted label: 1413 NONE
> Predicted label: 1414 NONE
> Predicted label: 1415 NONE
> Predicted label: 1416 NONE
> Predicted label: 1417 NONE
> Predicted label: 1418 NONE
> Predicted label: 1419 NONE
> Predicted label: 1420 NONE
> Predicted label: 1421 NONE
> Predicted label: 1422 NONE
> Predicted label: 1423 NONE
> Predicted label: 1424 NONE
> Predicted label: 1425 NONE
> Predicted label: 1426 NONE
> Predicted label: 1427 NONE
> Predicted label: 1428 NONE
> Predicted label: 1429 NONE
> Predicted label: 1430 NONE
> Predicted label: 1431 NONE
> Predicted label: 1432 NONE
> Predicted label: 1433 NONE
> Predicted label: 1434 NONE
> Predicted label: 1435 NONE
> Predicted label: 1436 NONE
> Predicted label: 1437 NONE
> Predicted label: 1438 NONE
> Predicted label: 1439 NONE
> Predicted label: 1440 NONE
> Predicted label: 1441 NONE
> Predicted label: 1442 NONE
> Predicted label: 1443 NONE
> Predicted label: 1444 NONE
> Predicted label: 1445 NONE
> Predicted label: 1446 NONE
> Predicted label: 1447 NONE
> Predicted label: 1448 RIGHT_PRESS
> Predicted label: 1449 RIGHT_PRESS
> Predicted label: 1450 RIGHT_PRESS
> Predicted label: 1451 RIGHT_PRESS
> Predicted label: 1452 RIGHT_PRESS
> Predicted label: 1453 RIGHT_PRESS
> Predicted label: 1454 RIGHT_PRESS
> Predicted label: 1455 RIGHT_PRESS
> Predicted label: 1456 RIGHT_PRESS
> Predicted label: 1457 RIGHT_RELEASE
> Predicted label: 1458 RIGHT_RELEASE
> Predicted label: 1459 RIGHT_RELEASE
> Predicted label: 1460 RIGHT_RELEASE
> Predicted label: 1461 RIGHT_RELEASE
> Predicted label: 1462 RIGHT_RELEASE
> Predicted label: 1463 RIGHT_RELEASE
> Predicted label: 1464 RIGHT_RELEASE
> Predicted label: 1465 RIGHT_RELEASE
> Predicted label: 1466 RIGHT_RELEASE
> Predicted label: 1467 RIGHT_RELEASE
> Predicted label: 1468 RIGHT_RELEASE
> Predicted label: 1469 RIGHT_RELEASE
> Predicted label: 1470 RIGHT_RELEASE
> Predicted label: 1471 RIGHT_RELEASE
> Predicted label: 1472 RIGHT_RELEASE
> Predicted label: 1473 RIGHT_RELEASE
> Predicted label: 1474 RIGHT_RELEASE
> Predicted label: 1475 RIGHT_RELEASE
> Predicted label: 1476 RIGHT_RELEASE
> Predicted label: 1477 RIGHT_RELEASE
> Predicted label: 1478 NONE
> Predicted label: 1479 NONE
> Predicted label: 1480 NONE
> Predicted label: 1481 NONE
> Predicted label: 1482 NONE
> Predicted label: 1483 NONE
> Predicted label: 1484 NONE
> Predicted label: 1485 NONE
> Predicted label: 1486 NONE
> Predicted label: 1487 NONE
> Predicted label: 1488 NONE
> Predicted label: 1489 NONE
> Predicted label: 6180 RIGHT_RELEASE
> Predicted label: 6181 RIGHT_RELEASE
> Predicted label: 6182 RIGHT_RELEASE
> Predicted label: 6183 NONE
> Predicted label: 6184 NONE
> Predicted label: 6185 NONE
> Predicted label: 6186 NONE
> Predicted label: 6187 NONE
> Predicted label: 6188 NONE
> Predicted label: 6189 NONE
> Predicted label: 6190 NONE
> Predicted label: 6191 NONE
> Predicted label: 6192 NONE
> Predicted label: 6193 NONE
> Predicted label: 6194 NONE
> Predicted label: 6195 NONE
> Predicted label: 6196 NONE
> Predicted label: 6197 NONE
> Predicted label: 6198 NONE
> Predicted label: 6199 NONE
> Predicted label: 6200 NONE
> Predicted label: 6201 NONE
> Predicted label: 6202 NONE
> Predicted label: 6203 NONE
> Predicted label: 6204 NONE
> Predicted label: 6205 NONE
> Predicted label: 6206 NONE
> Predicted label: 6207 NONE
> Predicted label: 6208 NONE
> Predicted label: 6209 NONE
> Predicted label: 6210 NONE
> Predicted label: 6211 NONE
> Predicted label: 6212 NONE
> Predicted label: 6213 NONE
> Predicted label: 6214 NONE
> Predicted label: 6215 NONE
> Predicted label: 6216 NONE
> Predicted label: 6217 NONE
> Predicted label: 6218 RIGHT_PRESS
> Predicted label: 6219 RIGHT_PRESS
> Predicted label: 6220 RIGHT_PRESS
> Predicted label: 6221 RIGHT_PRESS
> Predicted label: 6222 RIGHT_PRESS
> Predicted label: 6223 RIGHT_PRESS
> Predicted label: 6224 RIGHT_PRESS
> Predicted label: 6225 RIGHT_PRESS
> Predicted label: 6226 RIGHT_PRESS
> Predicted label: 6227 RIGHT_RELEASE
> Predicted label: 6228 RIGHT_RELEASE
> Predicted label: 6229 RIGHT_RELEASE
> Predicted label: 6230 RIGHT_RELEASE
> Predicted label: 6231 RIGHT_RELEASE
> Predicted label: 6232 RIGHT_RELEASE
> Predicted label: 6233 RIGHT_RELEASE
> Predicted label: 6234 RIGHT_RELEASE
> Predicted label: 6235 RIGHT_RELEASE
> Predicted label: 6236 RIGHT_RELEASE
> Predicted label: 6237 RIGHT_RELEASE
> Predicted label: 6238 RIGHT_RELEASE
> Predicted label: 6239 RIGHT_RELEASE
> Predicted label: 6240 NONE
> Predicted label: 6241 NONE
> Predicted label: 6242 NONE
> Predicted label: 6243 NONE
> Predicted label: 6244 NONE
> Predicted label: 6245 NONE
> Predicted label: 10950 NONE
> Predicted label: 10951 NONE
> Predicted label: 10952 NONE
> Predicted label: 10953 NONE
> Predicted label: 10954 NONE
> Predicted label: 10955 NONE
> Predicted label: 10956 NONE
> Predicted label: 10957 NONE
> Predicted label: 10958 NONE
> Predicted label: 10959 NONE
> Predicted label: 10960 NONE
> Predicted label: 10961 NONE
> Predicted label: 10962 NONE
> Predicted label: 10963 NONE
> Predicted label: 10964 NONE
> Predicted label: 10965 NONE
> Predicted label: 10966 NONE
> Predicted label: 10967 NONE
> Predicted label: 10968 NONE
> Predicted label: 10969 NONE
> Predicted label: 10970 NONE
> Predicted label: 10971 NONE
> Predicted label: 10972 NONE
> Predicted label: 10973 NONE
> Predicted label: 10974 NONE
> Predicted label: 10975 NONE
> Predicted label: 10976 NONE
> Predicted label: 10977 NONE
> Predicted label: 10978 NONE
> Predicted label: 10979 NONE
> Predicted label: 10980 NONE
> Predicted label: 10981 NONE
> Predicted label: 10982 NONE
> Predicted label: 10983 NONE
> Predicted label: 10984 NONE
> Predicted label: 10985 NONE
> Predicted label: 10986 NONE
> Predicted label: 10987 NONE
> Predicted label: 10988 NONE
> Predicted label: 10989 NONE
> Predicted label: 10990 NONE
> Predicted label: 10991 NONE
> Predicted label: 10992 NONE
> Predicted label: 10993 RIGHT_RELEASE
> Predicted label: 10994 RIGHT_RELEASE
> Predicted label: 10995 RIGHT_RELEASE
> Predicted label: 10996 NONE
> Predicted label: 10997 RIGHT_PRESS
> Predicted label: 10998 RIGHT_PRESS
> Predicted label: 10999 RIGHT_PRESS
> Predicted label: 11000 RIGHT_PRESS
> Predicted label: 11001 RIGHT_RELEASE
> Predicted label: 11002 RIGHT_RELEASE
> Predicted label: 11003 RIGHT_RELEASE
> Predicted label: 11004 RIGHT_RELEASE
> Predicted label: 11005 RIGHT_RELEASE
> Predicted label: 11006 RIGHT_RELEASE
> Predicted label: 11007 RIGHT_RELEASE
> Predicted label: 11008 RIGHT_RELEASE
> Predicted label: 11009 RIGHT_RELEASE
> Predicted label: 11010 RIGHT_RELEASE
> Predicted label: 11011 RIGHT_RELEASE
> Predicted label: 11012 RIGHT_RELEASE
> Predicted label: 11013 RIGHT_RELEASE
> Predicted label: 11014 RIGHT_RELEASE
> Predicted label: 11015 RIGHT_RELEASE
> Predicted label: 11016 RIGHT_RELEASE
> Predicted label: 11017 RIGHT_RELEASE
> Predicted label: 11018 RIGHT_RELEASE
> Predicted label: 11019 RIGHT_RELEASE
> Predicted label: 11020 RIGHT_RELEASE
> Predicted label: 11021 RIGHT_RELEASE
> Predicted label: 11022 RIGHT_RELEASE
> Predicted label: 11023 RIGHT_RELEASE
> Predicted label: 11024 RIGHT_RELEASE
> Predicted label: 11025 RIGHT_RELEASE
> Predicted label: 11026 RIGHT_RELEASE
> Predicted label: 11027 RIGHT_RELEASE
> Predicted label: 11028 RIGHT_RELEASE
> Predicted label: 11029 RIGHT_RELEASE
> Predicted label: 11030 RIGHT_RELEASE
> Predicted label: 11031 RIGHT_RELEASE
> Predicted label: 11032 RIGHT_RELEASE
> Predicted label: 15360 RIGHT_RELEASE
> Predicted label: 15361 RIGHT_RELEASE
> Predicted label: 15362 RIGHT_RELEASE
> Predicted label: 15363 RIGHT_RELEASE
> Predicted label: 15364 RIGHT_RELEASE
> Predicted label: 15365 RIGHT_RELEASE
> Predicted label: 15366 RIGHT_RELEASE
> Predicted label: 15367 RIGHT_RELEASE
> Predicted label: 15368 RIGHT_RELEASE
> Predicted label: 15369 RIGHT_RELEASE
> Predicted label: 15370 RIGHT_RELEASE
> Predicted label: 15371 RIGHT_RELEASE
> Predicted label: 15372 RIGHT_RELEASE
> Predicted label: 15373 NONE
> Predicted label: 15374 NONE
> Predicted label: 15375 NONE
> Predicted label: 15376 NONE
> Predicted label: 15377 NONE
> Predicted label: 15378 NONE
> Predicted label: 15379 NONE
> Predicted label: 15380 NONE
> Predicted label: 15381 NONE
> Predicted label: 15382 NONE
> Predicted label: 15383 NONE
> Predicted label: 15384 NONE
> Predicted label: 15385 NONE
> Predicted label: 15386 NONE
> Predicted label: 15387 NONE
> Predicted label: 15388 NONE
> Predicted label: 15389 NONE
> Predicted label: 15390 NONE
> Predicted label: 15391 RIGHT_PRESS
> Predicted label: 15392 RIGHT_PRESS
> Predicted label: 15393 RIGHT_PRESS
> Predicted label: 15394 RIGHT_PRESS
> Predicted label: 15395 RIGHT_PRESS
> Predicted label: 15396 RIGHT_PRESS
> Predicted label: 15397 RIGHT_PRESS
> Predicted label: 15398 RIGHT_RELEASE
> Predicted label: 15399 RIGHT_RELEASE
> Predicted label: 15400 RIGHT_RELEASE
> Predicted label: 15401 RIGHT_RELEASE
> Predicted label: 15402 RIGHT_RELEASE
> Predicted label: 15403 RIGHT_RELEASE
> Predicted label: 15404 RIGHT_RELEASE
> Predicted label: 15405 RIGHT_RELEASE
> Predicted label: 15406 RIGHT_RELEASE
> Predicted label: 15407 RIGHT_RELEASE
> Predicted label: 15408 RIGHT_RELEASE
> Predicted label: 15409 RIGHT_RELEASE
> Predicted label: 15410 RIGHT_RELEASE
> Predicted label: 15411 RIGHT_RELEASE
> Predicted label: 15412 RIGHT_RELEASE
> Predicted label: 15413 RIGHT_RELEASE
> Predicted label: 15414 NONE
> Predicted label: 15415 NONE
> Predicted label: 1494 NONE
> Predicted label: 1495 NONE
> Predicted label: 1496 NONE
> Predicted label: 1497 NONE
> Predicted label: 1498 NONE
> Predicted label: 1499 NONE
> Predicted label: 1500 NONE
> Predicted label: 1501 RIGHT_RELEASE
> Predicted label: 1502 RIGHT_RELEASE
> Predicted label: 1503 RIGHT_RELEASE
> Predicted label: 1504 RIGHT_RELEASE
> Predicted label: 1505 RIGHT_RELEASE
> Predicted label: 1506 RIGHT_RELEASE
> Predicted label: 1507 RIGHT_RELEASE
> Predicted label: 1508 RIGHT_RELEASE
> Predicted label: 1509 RIGHT_RELEASE
> Predicted label: 1510 RIGHT_RELEASE
> Predicted label: 1511 NONE
> Predicted label: 1512 NONE
> Predicted label: 1513 NONE
> Predicted label: 1514 NONE
> Predicted label: 1515 NONE
> Predicted label: 1516 NONE
> Predicted label: 1517 NONE
> Predicted label: 1518 NONE
> Predicted label: 1519 NONE
> Predicted label: 1520 NONE
> Predicted label: 1521 NONE
> Predicted label: 1522 NONE
> Predicted label: 1523 NONE
> Predicted label: 1524 NONE
> Predicted label: 1525 NONE
> Predicted label: 1526 NONE
> Predicted label: 1527 NONE
> Predicted label: 1528 NONE
> Predicted label: 1529 NONE
> Predicted label: 1530 NONE
> Predicted label: 1531 NONE
> Predicted label: 1532 NONE
> Predicted label: 1533 NONE
> Predicted label: 1534 NONE
> Predicted label: 1535 NONE
> Predicted label: 1536 NONE
> Predicted label: 1537 NONE
> Predicted label: 1538 NONE
> Predicted label: 1539 NONE
> Predicted label: 1540 NONE
> Predicted label: 1541 NONE
> Predicted label: 1542 NONE
> Predicted label: 1543 NONE
> Predicted label: 1544 NONE
> Predicted label: 1545 NONE
> Predicted label: 1546 NONE
> Predicted label: 1547 NONE
> Predicted label: 1548 NONE
> Predicted label: 1549 NONE
> Predicted label: 1550 NONE
> Predicted label: 1551 NONE
> Predicted label: 1552 NONE
> Predicted label: 1553 NONE
> Predicted label: 1554 NONE
> Predicted label: 1555 NONE
> Predicted label: 1556 NONE
> Predicted label: 1557 NONE
> Predicted label: 1558 NONE
> Predicted label: 1559 NONE
> Predicted label: 1560 NONE
> Predicted label: 1561 NONE
> Predicted label: 1562 NONE
> Predicted label: 1563 NONE
> Predicted label: 1564 NONE
> Predicted label: 1565 NONE
> Predicted label: 1566 NONE
> Predicted label: 1567 NONE
> Predicted label: 1568 NONE
> Predicted label: 1569 NONE
> Predicted label: 1570 NONE
> Predicted label: 1571 NONE
> Predicted label: 1572 RIGHT_PRESS
> Predicted label: 1573 RIGHT_PRESS
> Predicted label: 1574 RIGHT_PRESS
> Predicted label: 1575 RIGHT_PRESS
> Predicted label: 1576 RIGHT_PRESS
> Predicted label: 1577 RIGHT_PRESS
> Predicted label: 1578 RIGHT_PRESS
> Predicted label: 1579 RIGHT_PRESS
> Predicted label: 1580 RIGHT_PRESS
> Predicted label: 1581 RIGHT_RELEASE
> Predicted label: 1582 RIGHT_RELEASE
> Predicted label: 1583 RIGHT_RELEASE
> Predicted label: 1584 RIGHT_RELEASE
> Predicted label: 1585 RIGHT_RELEASE
> Predicted label: 1586 RIGHT_RELEASE
> Predicted label: 1587 RIGHT_RELEASE
> Predicted label: 1588 RIGHT_RELEASE
> Predicted label: 1589 RIGHT_RELEASE
> Predicted label: 1590 RIGHT_RELEASE
> Predicted label: 1591 RIGHT_RELEASE
> Predicted label: 1592 RIGHT_RELEASE
> Predicted label: 1593 RIGHT_RELEASE
> Predicted label: 1594 RIGHT_RELEASE
> Predicted label: 1595 RIGHT_RELEASE
> Predicted label: 1596 RIGHT_RELEASE
> Predicted label: 1597 RIGHT_RELEASE
> Predicted label: 1598 RIGHT_RELEASE
> Predicted label: 6246 RIGHT_RELEASE
> Predicted label: 6247 RIGHT_RELEASE
> Predicted label: 6248 RIGHT_RELEASE
> Predicted label: 6249 NONE
> Predicted label: 6250 NONE
> Predicted label: 6251 NONE
> Predicted label: 6252 NONE
> Predicted label: 6253 NONE
> Predicted label: 6254 NONE
> Predicted label: 6255 NONE
> Predicted label: 6256 NONE
> Predicted label: 6257 NONE
> Predicted label: 6258 NONE
> Predicted label: 6259 NONE
> Predicted label: 6260 NONE
> Predicted label: 6261 NONE
> Predicted label: 6262 NONE
> Predicted label: 6263 NONE
> Predicted label: 6264 NONE
> Predicted label: 6265 NONE
> Predicted label: 6266 NONE
> Predicted label: 6267 NONE
> Predicted label: 6268 NONE
> Predicted label: 6269 NONE
> Predicted label: 6270 NONE
> Predicted label: 6271 NONE
> Predicted label: 6272 NONE
> Predicted label: 6273 NONE
> Predicted label: 6274 NONE
> Predicted label: 6275 NONE
> Predicted label: 6276 NONE
> Predicted label: 6277 NONE
> Predicted label: 6278 NONE
> Predicted label: 6279 NONE
> Predicted label: 6280 NONE
> Predicted label: 6281 NONE
> Predicted label: 6282 NONE
> Predicted label: 6283 NONE
> Predicted label: 6284 NONE
> Predicted label: 6285 NONE
> Predicted label: 6286 NONE
> Predicted label: 6287 NONE
> Predicted label: 6288 NONE
> Predicted label: 6289 NONE
> Predicted label: 6290 NONE
> Predicted label: 6291 NONE
> Predicted label: 6292 NONE
> Predicted label: 6293 NONE
> Predicted label: 6294 NONE
> Predicted label: 6295 NONE
> Predicted label: 6296 RIGHT_PRESS
> Predicted label: 6297 RIGHT_PRESS
> Predicted label: 6298 RIGHT_PRESS
> Predicted label: 6299 RIGHT_PRESS
> Predicted label: 6300 RIGHT_PRESS
> Predicted label: 6301 RIGHT_PRESS
> Predicted label: 6302 RIGHT_PRESS
> Predicted label: 6303 RIGHT_PRESS
> Predicted label: 6304 RIGHT_PRESS
> Predicted label: 6305 RIGHT_RELEASE
> Predicted label: 6306 RIGHT_RELEASE
> Predicted label: 6307 RIGHT_RELEASE
> Predicted label: 6308 RIGHT_RELEASE
> Predicted label: 6309 RIGHT_RELEASE
> Predicted label: 6310 RIGHT_RELEASE
> Predicted label: 6311 RIGHT_RELEASE
> Predicted label: 6312 RIGHT_RELEASE
> Predicted label: 6313 RIGHT_RELEASE
> Predicted label: 6314 RIGHT_RELEASE
> Predicted label: 6315 RIGHT_RELEASE
> Predicted label: 6316 RIGHT_RELEASE
> Predicted label: 6317 RIGHT_RELEASE
> Predicted label: 6318 RIGHT_RELEASE
> Predicted label: 6319 NONE
> Predicted label: 6320 NONE
> Predicted label: 6321 NONE
> Predicted label: 6322 NONE
> Predicted label: 6323 NONE
> Predicted label: 6324 NONE
> Predicted label: 6325 NONE
> Predicted label: 6326 NONE
> Predicted label: 6327 NONE
> Predicted label: 11033 NONE
> Predicted label: 11034 NONE
> Predicted label: 11035 NONE
> Predicted label: 11036 NONE
> Predicted label: 11037 NONE
> Predicted label: 11038 NONE
> Predicted label: 11039 NONE
> Predicted label: 11040 NONE
> Predicted label: 11041 NONE
> Predicted label: 11042 NONE
> Predicted label: 11043 NONE
> Predicted label: 11044 NONE
> Predicted label: 11045 NONE
> Predicted label: 11046 NONE
> Predicted label: 11047 NONE
> Predicted label: 11048 NONE
> Predicted label: 11049 NONE
> Predicted label: 11050 NONE
> Predicted label: 11051 NONE
> Predicted label: 11052 NONE
> Predicted label: 11053 NONE
> Predicted label: 11054 NONE
> Predicted label: 11055 NONE
> Predicted label: 11056 NONE
> Predicted label: 11057 NONE
> Predicted label: 11058 NONE
> Predicted label: 11059 NONE
> Predicted label: 11060 NONE
> Predicted label: 11061 NONE
> Predicted label: 11062 NONE
> Predicted label: 11063 NONE
> Predicted label: 11064 NONE
> Predicted label: 11065 NONE
> Predicted label: 11066 NONE
> Predicted label: 11067 NONE
> Predicted label: 11068 NONE
> Predicted label: 11069 NONE
> Predicted label: 11070 NONE
> Predicted label: 11071 NONE
> Predicted label: 11072 NONE
> Predicted label: 11073 NONE
> Predicted label: 11074 NONE
> Predicted label: 11075 NONE
> Predicted label: 11076 RIGHT_PRESS
> Predicted label: 11077 RIGHT_PRESS
> Predicted label: 11078 RIGHT_PRESS
> Predicted label: 11079 RIGHT_PRESS
> Predicted label: 11080 RIGHT_PRESS
> Predicted label: 11081 RIGHT_PRESS
> Predicted label: 11082 RIGHT_PRESS
> Predicted label: 11083 RIGHT_PRESS
> Predicted label: 11084 RIGHT_RELEASE
> Predicted label: 11085 RIGHT_RELEASE
> Predicted label: 11086 RIGHT_RELEASE
> Predicted label: 11087 RIGHT_RELEASE
> Predicted label: 11088 RIGHT_RELEASE
> Predicted label: 11089 RIGHT_RELEASE
> Predicted label: 11090 RIGHT_RELEASE
> Predicted label: 11091 RIGHT_RELEASE
> Predicted label: 11092 RIGHT_RELEASE
> Predicted label: 11093 RIGHT_RELEASE
> Predicted label: 11094 RIGHT_RELEASE
> Predicted label: 11095 RIGHT_RELEASE
> Predicted label: 11096 RIGHT_RELEASE
> Predicted label: 11097 RIGHT_RELEASE
> Predicted label: 11098 RIGHT_RELEASE
> Predicted label: 11099 NONE
> Predicted label: 11100 NONE
> Predicted label: 11101 NONE
> Predicted label: 11102 NONE
> Predicted label: 11103 NONE
> Predicted label: 11104 NONE
> Predicted label: 11105 NONE
> Predicted label: 15416 NONE
> Predicted label: 15417 NONE
> Predicted label: 15418 NONE
> Predicted label: 15419 NONE
> Predicted label: 15420 RIGHT_RELEASE
> Predicted label: 15421 NONE
> Predicted label: 15422 NONE
> Predicted label: 15423 NONE
> Predicted label: 15424 NONE
> Predicted label: 15425 NONE
> Predicted label: 15426 RIGHT_RELEASE
> Predicted label: 15427 RIGHT_RELEASE
> Predicted label: 15428 NONE
> Predicted label: 15429 NONE
> Predicted label: 15430 RIGHT_RELEASE
> Predicted label: 15431 RIGHT_RELEASE
> Predicted label: 15432 RIGHT_RELEASE
> Predicted label: 15433 RIGHT_RELEASE
> Predicted label: 15434 RIGHT_RELEASE
> Predicted label: 15435 RIGHT_RELEASE
> Predicted label: 15436 RIGHT_RELEASE
> Predicted label: 15437 RIGHT_RELEASE
> Predicted label: 15438 RIGHT_RELEASE
> Predicted label: 15439 NONE
> Predicted label: 15440 NONE
> Predicted label: 15441 NONE
> Predicted label: 15442 NONE
> Predicted label: 15443 NONE
> Predicted label: 15444 NONE
> Predicted label: 15445 NONE
> Predicted label: 15446 NONE
> Predicted label: 15447 NONE
> Predicted label: 15448 NONE
> Predicted label: 15449 NONE
> Predicted label: 15450 NONE
> Predicted label: 15451 NONE
> Predicted label: 15452 NONE
> Predicted label: 15453 NONE
> Predicted label: 15454 NONE
> Predicted label: 15455 NONE
> Predicted label: 15456 NONE
> Predicted label: 15457 NONE
> Predicted label: 15458 NONE
> Predicted label: 15459 NONE
> Predicted label: 15460 NONE
> Predicted label: 15461 NONE
> Predicted label: 15462 RIGHT_PRESS
> Predicted label: 15463 RIGHT_PRESS
> Predicted label: 15464 RIGHT_PRESS
> Predicted label: 15465 RIGHT_PRESS
> Predicted label: 15466 RIGHT_PRESS
> Predicted label: 15467 RIGHT_PRESS
> Predicted label: 15468 RIGHT_PRESS
> Predicted label: 15469 RIGHT_RELEASE
> Predicted label: 15470 RIGHT_RELEASE
> Predicted label: 15471 RIGHT_RELEASE
> Predicted label: 15472 RIGHT_RELEASE
> Predicted label: 15473 RIGHT_RELEASE
> Predicted label: 15474 RIGHT_RELEASE
> Predicted label: 15475 RIGHT_RELEASE
> Predicted label: 15476 RIGHT_RELEASE
> Predicted label: 15477 RIGHT_RELEASE
> Predicted label: 15478 RIGHT_RELEASE
> Predicted label: 15479 RIGHT_RELEASE
> Predicted label: 15480 NONE
> Predicted label: 15481 NONE
> Predicted label: 15482 NONE
> Predicted label: 15483 NONE
> Predicted label: 15484 NONE
> Predicted label: 15485 NONE
> Predicted label: 15486 NONE
> Predicted label: 15487 NONE
> Predicted label: 15488 NONE
> Predicted label: 15489 NONE
> Predicted label: 15490 NONE
> Predicted label: 15491 NONE
> Predicted label: 15492 NONE
> Predicted label: 15493 NONE
> Predicted label: 15494 NONE
> Predicted label: 15495 NONE
> Predicted label: 15496 NONE
> Predicted label: 15497 NONE
> Predicted label: 15498 RIGHT_RELEASE
> Predicted label: 15499 RIGHT_RELEASE
> Predicted label: 15500 NONE
> Predicted label: 15501 NONE
> Predicted label: 15502 NONE
> Predicted label: 15503 NONE
> Predicted label: 15504 RIGHT_RELEASE
> Predicted label: 15505 RIGHT_RELEASE
> Predicted label: 15506 RIGHT_RELEASE
> Predicted label: 15507 RIGHT_RELEASE
> Predicted label: 15508 RIGHT_RELEASE
> Predicted label: 15509 RIGHT_RELEASE
> Predicted label: 15510 RIGHT_RELEASE
> Predicted label: 15511 RIGHT_RELEASE
> Predicted label: 15512 RIGHT_RELEASE
> Predicted label: 15513 RIGHT_RELEASE
> Predicted label: 15514 RIGHT_RELEASE
> Predicted label: 15515 RIGHT_RELEASE
> Predicted label: 15516 RIGHT_RELEASE
> Predicted label: 15517 RIGHT_RELEASE
> Predicted label: 15518 RIGHT_RELEASE
> Predicted label: 15519 RIGHT_RELEASE
> Predicted label: 15520 RIGHT_RELEASE
> Predicted label: 15521 RIGHT_RELEASE
> Predicted label: 15522 RIGHT_RELEASE
> Predicted label: 15523 RIGHT_RELEASE
> Predicted label: 15524 RIGHT_RELEASE
> Predicted label: 15525 RIGHT_RELEASE
> Predicted label: 15526 RIGHT_RELEASE
> Predicted label: 15527 RIGHT_RELEASE
> Predicted label: 15528 RIGHT_RELEASE
> Predicted label: 15529 RIGHT_RELEASE
> Predicted label: 15530 RIGHT_RELEASE
> Predicted label: 15531 RIGHT_RELEASE
> Predicted label: 15532 RIGHT_RELEASE
> Predicted label: 15533 RIGHT_RELEASE
+ Processing task: BA_SCROLL
> Predicted label: 1603 NONE
> Predicted label: 1604 NONE
> Predicted label: 1605 NONE
> Predicted label: 1606 NONE
> Predicted label: 1607 NONE
> Predicted label: 1608 NONE
> Predicted label: 1609 NONE
> Predicted label: 1610 NONE
> Predicted label: 1611 NONE
> Predicted label: 1612 NONE
> Predicted label: 1613 SCROLL_DOWN
> Predicted label: 1614 SCROLL_DOWN
> Predicted label: 1615 SCROLL_DOWN
> Predicted label: 1616 SCROLL_DOWN
> Predicted label: 1617 SCROLL_DOWN
> Predicted label: 1618 SCROLL_DOWN
> Predicted label: 1619 SCROLL_DOWN
> Predicted label: 1620 SCROLL_DOWN
> Predicted label: 1621 SCROLL_DOWN
> Predicted label: 1622 SCROLL_DOWN
> Predicted label: 1623 SCROLL_DOWN
> Predicted label: 1624 SCROLL_DOWN
> Predicted label: 1625 NONE
> Predicted label: 1626 NONE
> Predicted label: 1627 SCROLL_UP
> Predicted label: 1628 SCROLL_UP
> Predicted label: 1629 SCROLL_UP
> Predicted label: 1630 SCROLL_UP
> Predicted label: 1631 SCROLL_UP
> Predicted label: 1632 SCROLL_UP
> Predicted label: 1633 SCROLL_UP
> Predicted label: 1634 SCROLL_UP
> Predicted label: 1635 SCROLL_UP
> Predicted label: 1636 SCROLL_UP
> Predicted label: 1637 SCROLL_UP
> Predicted label: 1638 SCROLL_UP
> Predicted label: 1639 NONE
> Predicted label: 1640 SCROLL_DOWN
> Predicted label: 1641 SCROLL_DOWN
> Predicted label: 1642 SCROLL_DOWN
> Predicted label: 1643 SCROLL_DOWN
> Predicted label: 1644 SCROLL_DOWN
> Predicted label: 1645 SCROLL_DOWN
> Predicted label: 1646 SCROLL_DOWN
> Predicted label: 1647 SCROLL_DOWN
> Predicted label: 1648 SCROLL_DOWN
> Predicted label: 1649 SCROLL_DOWN
> Predicted label: 1650 SCROLL_DOWN
> Predicted label: 1651 SCROLL_DOWN
> Predicted label: 1652 NONE
> Predicted label: 1653 SCROLL_UP
> Predicted label: 1654 SCROLL_UP
> Predicted label: 1655 SCROLL_UP
> Predicted label: 1656 SCROLL_UP
> Predicted label: 1657 SCROLL_UP
> Predicted label: 1658 SCROLL_UP
> Predicted label: 1659 SCROLL_UP
> Predicted label: 1660 SCROLL_UP
> Predicted label: 1661 SCROLL_UP
> Predicted label: 1662 SCROLL_UP
> Predicted label: 1663 SCROLL_UP
> Predicted label: 1664 NONE
> Predicted label: 1665 SCROLL_DOWN
> Predicted label: 1666 SCROLL_DOWN
> Predicted label: 1667 SCROLL_DOWN
> Predicted label: 1668 SCROLL_DOWN
> Predicted label: 1669 SCROLL_DOWN
> Predicted label: 1670 SCROLL_DOWN
> Predicted label: 1671 SCROLL_DOWN
> Predicted label: 1672 SCROLL_DOWN
> Predicted label: 1673 SCROLL_DOWN
> Predicted label: 1674 SCROLL_DOWN
> Predicted label: 1675 SCROLL_DOWN
> Predicted label: 1676 SCROLL_DOWN
> Predicted label: 1677 SCROLL_DOWN
> Predicted label: 1678 SCROLL_DOWN
> Predicted label: 1679 SCROLL_DOWN
> Predicted label: 1680 SCROLL_DOWN
> Predicted label: 1681 SCROLL_UP
> Predicted label: 1682 SCROLL_UP
> Predicted label: 1683 SCROLL_UP
> Predicted label: 1684 SCROLL_UP
> Predicted label: 1685 SCROLL_UP
> Predicted label: 1686 SCROLL_UP
> Predicted label: 1687 SCROLL_UP
> Predicted label: 1688 SCROLL_UP
> Predicted label: 1689 SCROLL_UP
> Predicted label: 1690 SCROLL_UP
> Predicted label: 1691 SCROLL_UP
> Predicted label: 1692 NONE
> Predicted label: 1693 SCROLL_DOWN
> Predicted label: 1694 SCROLL_DOWN
> Predicted label: 1695 SCROLL_DOWN
> Predicted label: 1696 SCROLL_DOWN
> Predicted label: 1697 SCROLL_DOWN
> Predicted label: 1698 SCROLL_DOWN
> Predicted label: 1699 SCROLL_DOWN
> Predicted label: 1700 SCROLL_DOWN
> Predicted label: 1701 SCROLL_DOWN
> Predicted label: 1702 SCROLL_DOWN
> Predicted label: 1703 SCROLL_DOWN
> Predicted label: 1704 SCROLL_DOWN
> Predicted label: 1705 SCROLL_DOWN
> Predicted label: 1706 NONE
> Predicted label: 1707 SCROLL_UP
> Predicted label: 1708 SCROLL_UP
> Predicted label: 1709 SCROLL_UP
> Predicted label: 1710 SCROLL_UP
> Predicted label: 1711 SCROLL_UP
> Predicted label: 1712 SCROLL_UP
> Predicted label: 1713 SCROLL_UP
> Predicted label: 1714 SCROLL_UP
> Predicted label: 1715 SCROLL_UP
> Predicted label: 1716 SCROLL_UP
> Predicted label: 1717 SCROLL_UP
> Predicted label: 1718 NONE
> Predicted label: 1719 SCROLL_DOWN
> Predicted label: 1720 SCROLL_DOWN
> Predicted label: 1721 SCROLL_DOWN
> Predicted label: 1722 SCROLL_DOWN
> Predicted label: 1723 SCROLL_DOWN
> Predicted label: 1724 SCROLL_DOWN
> Predicted label: 1725 SCROLL_DOWN
> Predicted label: 1726 SCROLL_DOWN
> Predicted label: 1727 SCROLL_DOWN
> Predicted label: 1728 SCROLL_DOWN
> Predicted label: 1729 SCROLL_DOWN
> Predicted label: 1730 SCROLL_DOWN
> Predicted label: 1731 SCROLL_DOWN
> Predicted label: 1732 NONE
> Predicted label: 1733 SCROLL_UP
> Predicted label: 1734 SCROLL_UP
> Predicted label: 1735 SCROLL_UP
> Predicted label: 1736 SCROLL_UP
> Predicted label: 1737 SCROLL_UP
> Predicted label: 1738 SCROLL_UP
> Predicted label: 1739 SCROLL_UP
> Predicted label: 1740 SCROLL_UP
> Predicted label: 1741 SCROLL_UP
> Predicted label: 1742 SCROLL_UP
> Predicted label: 1743 SCROLL_UP
> Predicted label: 1744 SCROLL_UP
> Predicted label: 1745 SCROLL_UP
> Predicted label: 1746 SCROLL_UP
> Predicted label: 1747 NONE
> Predicted label: 1748 NONE
> Predicted label: 1749 SCROLL_DOWN
> Predicted label: 1750 SCROLL_DOWN
> Predicted label: 1751 SCROLL_DOWN
> Predicted label: 1752 SCROLL_DOWN
> Predicted label: 1753 SCROLL_DOWN
> Predicted label: 1754 SCROLL_DOWN
> Predicted label: 1755 SCROLL_DOWN
> Predicted label: 1756 SCROLL_DOWN
> Predicted label: 1757 SCROLL_DOWN
> Predicted label: 1758 SCROLL_DOWN
> Predicted label: 1759 SCROLL_DOWN
> Predicted label: 1760 SCROLL_DOWN
> Predicted label: 1761 SCROLL_DOWN
> Predicted label: 1762 SCROLL_DOWN
> Predicted label: 1763 SCROLL_DOWN
> Predicted label: 1764 SCROLL_DOWN
> Predicted label: 1765 SCROLL_DOWN
> Predicted label: 1766 SCROLL_DOWN
> Predicted label: 1767 SCROLL_DOWN
> Predicted label: 1768 SCROLL_DOWN
> Predicted label: 1769 SCROLL_DOWN
> Predicted label: 1770 NONE
> Predicted label: 1771 NONE
> Predicted label: 1772 NONE
> Predicted label: 1773 NONE
> Predicted label: 1774 NONE
> Predicted label: 1775 NONE
> Predicted label: 1776 NONE
> Predicted label: 1777 NONE
> Predicted label: 1778 NONE
> Predicted label: 6328 SCROLL_UP
> Predicted label: 6329 SCROLL_UP
> Predicted label: 6330 SCROLL_UP
> Predicted label: 6331 SCROLL_UP
> Predicted label: 6332 NONE
> Predicted label: 6333 NONE
> Predicted label: 6334 NONE
> Predicted label: 6335 NONE
> Predicted label: 6336 NONE
> Predicted label: 6337 SCROLL_DOWN
> Predicted label: 6338 SCROLL_DOWN
> Predicted label: 6339 SCROLL_DOWN
> Predicted label: 6340 SCROLL_DOWN
> Predicted label: 6341 SCROLL_DOWN
> Predicted label: 6342 SCROLL_DOWN
> Predicted label: 6343 SCROLL_DOWN
> Predicted label: 6344 SCROLL_DOWN
> Predicted label: 6345 SCROLL_DOWN
> Predicted label: 6346 SCROLL_DOWN
> Predicted label: 6347 SCROLL_DOWN
> Predicted label: 6348 SCROLL_DOWN
> Predicted label: 6349 SCROLL_DOWN
> Predicted label: 6350 NONE
> Predicted label: 6351 SCROLL_UP
> Predicted label: 6352 SCROLL_UP
> Predicted label: 6353 SCROLL_UP
> Predicted label: 6354 SCROLL_UP
> Predicted label: 6355 SCROLL_UP
> Predicted label: 6356 SCROLL_UP
> Predicted label: 6357 SCROLL_UP
> Predicted label: 6358 SCROLL_UP
> Predicted label: 6359 SCROLL_UP
> Predicted label: 6360 SCROLL_UP
> Predicted label: 6361 NONE
> Predicted label: 6362 SCROLL_DOWN
> Predicted label: 6363 SCROLL_DOWN
> Predicted label: 6364 SCROLL_DOWN
> Predicted label: 6365 SCROLL_DOWN
> Predicted label: 6366 SCROLL_DOWN
> Predicted label: 6367 SCROLL_DOWN
> Predicted label: 6368 SCROLL_DOWN
> Predicted label: 6369 SCROLL_DOWN
> Predicted label: 6370 SCROLL_DOWN
> Predicted label: 6371 SCROLL_DOWN
> Predicted label: 6372 SCROLL_DOWN
> Predicted label: 6373 NONE
> Predicted label: 6374 SCROLL_UP
> Predicted label: 6375 SCROLL_UP
> Predicted label: 6376 SCROLL_UP
> Predicted label: 6377 SCROLL_UP
> Predicted label: 6378 SCROLL_UP
> Predicted label: 6379 SCROLL_UP
> Predicted label: 6380 SCROLL_UP
> Predicted label: 6381 SCROLL_UP
> Predicted label: 6382 SCROLL_UP
> Predicted label: 6383 SCROLL_UP
> Predicted label: 6384 SCROLL_UP
> Predicted label: 6385 NONE
> Predicted label: 6386 SCROLL_DOWN
> Predicted label: 6387 SCROLL_DOWN
> Predicted label: 6388 SCROLL_DOWN
> Predicted label: 6389 SCROLL_DOWN
> Predicted label: 6390 SCROLL_DOWN
> Predicted label: 6391 SCROLL_DOWN
> Predicted label: 6392 SCROLL_DOWN
> Predicted label: 6393 SCROLL_DOWN
> Predicted label: 6394 SCROLL_DOWN
> Predicted label: 6395 SCROLL_DOWN
> Predicted label: 6396 SCROLL_DOWN
> Predicted label: 6397 SCROLL_DOWN
> Predicted label: 6398 SCROLL_UP
> Predicted label: 6399 SCROLL_UP
> Predicted label: 6400 SCROLL_UP
> Predicted label: 6401 SCROLL_UP
> Predicted label: 6402 SCROLL_UP
> Predicted label: 6403 SCROLL_UP
> Predicted label: 6404 SCROLL_UP
> Predicted label: 6405 SCROLL_UP
> Predicted label: 6406 SCROLL_UP
> Predicted label: 6407 SCROLL_UP
> Predicted label: 6408 NONE
> Predicted label: 6409 SCROLL_DOWN
> Predicted label: 6410 SCROLL_DOWN
> Predicted label: 6411 SCROLL_DOWN
> Predicted label: 6412 SCROLL_DOWN
> Predicted label: 6413 SCROLL_DOWN
> Predicted label: 6414 SCROLL_DOWN
> Predicted label: 6415 SCROLL_DOWN
> Predicted label: 6416 SCROLL_DOWN
> Predicted label: 6417 SCROLL_DOWN
> Predicted label: 6418 SCROLL_DOWN
> Predicted label: 6419 SCROLL_DOWN
> Predicted label: 6420 NONE
> Predicted label: 6421 SCROLL_UP
> Predicted label: 6422 SCROLL_UP
> Predicted label: 6423 SCROLL_UP
> Predicted label: 6424 SCROLL_UP
> Predicted label: 6425 SCROLL_UP
> Predicted label: 6426 SCROLL_UP
> Predicted label: 6427 SCROLL_UP
> Predicted label: 6428 SCROLL_UP
> Predicted label: 6429 SCROLL_UP
> Predicted label: 6430 SCROLL_UP
> Predicted label: 6431 NONE
> Predicted label: 6432 SCROLL_DOWN
> Predicted label: 6433 SCROLL_DOWN
> Predicted label: 6434 SCROLL_DOWN
> Predicted label: 6435 SCROLL_DOWN
> Predicted label: 6436 SCROLL_DOWN
> Predicted label: 6437 SCROLL_DOWN
> Predicted label: 6438 SCROLL_DOWN
> Predicted label: 6439 SCROLL_DOWN
> Predicted label: 6440 SCROLL_DOWN
> Predicted label: 6441 SCROLL_DOWN
> Predicted label: 6442 SCROLL_DOWN
> Predicted label: 6443 NONE
> Predicted label: 6444 SCROLL_UP
> Predicted label: 6445 SCROLL_UP
> Predicted label: 6446 SCROLL_UP
> Predicted label: 6447 SCROLL_UP
> Predicted label: 6448 SCROLL_UP
> Predicted label: 6449 SCROLL_UP
> Predicted label: 6450 SCROLL_UP
> Predicted label: 6451 SCROLL_UP
> Predicted label: 6452 SCROLL_UP
> Predicted label: 6453 SCROLL_UP
> Predicted label: 6454 SCROLL_UP
> Predicted label: 6455 SCROLL_UP
> Predicted label: 6456 NONE
> Predicted label: 6457 NONE
> Predicted label: 6458 SCROLL_DOWN
> Predicted label: 6459 SCROLL_DOWN
> Predicted label: 6460 SCROLL_DOWN
> Predicted label: 6461 SCROLL_DOWN
> Predicted label: 6462 SCROLL_DOWN
> Predicted label: 6463 SCROLL_DOWN
> Predicted label: 6464 SCROLL_DOWN
> Predicted label: 6465 SCROLL_DOWN
> Predicted label: 6466 SCROLL_DOWN
> Predicted label: 6467 SCROLL_DOWN
> Predicted label: 6468 SCROLL_DOWN
> Predicted label: 6469 SCROLL_DOWN
> Predicted label: 6470 SCROLL_DOWN
> Predicted label: 6471 SCROLL_DOWN
> Predicted label: 6472 SCROLL_DOWN
> Predicted label: 6473 SCROLL_DOWN
> Predicted label: 6474 SCROLL_DOWN
> Predicted label: 6475 NONE
> Predicted label: 6476 NONE
> Predicted label: 6477 NONE
> Predicted label: 6478 NONE
> Predicted label: 6479 NONE
> Predicted label: 6480 NONE
> Predicted label: 11106 SCROLL_UP
> Predicted label: 11107 SCROLL_UP
> Predicted label: 11108 SCROLL_UP
> Predicted label: 11109 SCROLL_UP
> Predicted label: 11110 NONE
> Predicted label: 11111 NONE
> Predicted label: 11112 NONE
> Predicted label: 11113 NONE
> Predicted label: 11114 NONE
> Predicted label: 11115 NONE
> Predicted label: 11116 NONE
> Predicted label: 11117 NONE
> Predicted label: 11118 SCROLL_DOWN
> Predicted label: 11119 SCROLL_DOWN
> Predicted label: 11120 SCROLL_DOWN
> Predicted label: 11121 SCROLL_DOWN
> Predicted label: 11122 SCROLL_DOWN
> Predicted label: 11123 SCROLL_DOWN
> Predicted label: 11124 SCROLL_DOWN
> Predicted label: 11125 SCROLL_DOWN
> Predicted label: 11126 SCROLL_DOWN
> Predicted label: 11127 SCROLL_DOWN
> Predicted label: 11128 SCROLL_DOWN
> Predicted label: 11129 SCROLL_DOWN
> Predicted label: 11130 NONE
> Predicted label: 11131 NONE
> Predicted label: 11132 SCROLL_UP
> Predicted label: 11133 SCROLL_UP
> Predicted label: 11134 SCROLL_UP
> Predicted label: 11135 SCROLL_UP
> Predicted label: 11136 SCROLL_UP
> Predicted label: 11137 SCROLL_UP
> Predicted label: 11138 SCROLL_UP
> Predicted label: 11139 SCROLL_UP
> Predicted label: 11140 SCROLL_UP
> Predicted label: 11141 SCROLL_UP
> Predicted label: 11142 SCROLL_UP
> Predicted label: 11143 SCROLL_UP
> Predicted label: 11144 NONE
> Predicted label: 11145 SCROLL_DOWN
> Predicted label: 11146 SCROLL_DOWN
> Predicted label: 11147 SCROLL_DOWN
> Predicted label: 11148 SCROLL_DOWN
> Predicted label: 11149 SCROLL_DOWN
> Predicted label: 11150 SCROLL_DOWN
> Predicted label: 11151 SCROLL_DOWN
> Predicted label: 11152 SCROLL_DOWN
> Predicted label: 11153 SCROLL_DOWN
> Predicted label: 11154 SCROLL_DOWN
> Predicted label: 11155 SCROLL_DOWN
> Predicted label: 11156 SCROLL_DOWN
> Predicted label: 11157 SCROLL_DOWN
> Predicted label: 11158 NONE
> Predicted label: 11159 SCROLL_UP
> Predicted label: 11160 SCROLL_UP
> Predicted label: 11161 SCROLL_UP
> Predicted label: 11162 SCROLL_UP
> Predicted label: 11163 SCROLL_UP
> Predicted label: 11164 SCROLL_UP
> Predicted label: 11165 SCROLL_UP
> Predicted label: 11166 SCROLL_UP
> Predicted label: 11167 SCROLL_UP
> Predicted label: 11168 SCROLL_UP
> Predicted label: 11169 SCROLL_DOWN
> Predicted label: 11170 SCROLL_DOWN
> Predicted label: 11171 SCROLL_DOWN
> Predicted label: 11172 SCROLL_DOWN
> Predicted label: 11173 SCROLL_DOWN
> Predicted label: 11174 SCROLL_DOWN
> Predicted label: 11175 SCROLL_DOWN
> Predicted label: 11176 SCROLL_DOWN
> Predicted label: 11177 SCROLL_DOWN
> Predicted label: 11178 SCROLL_DOWN
> Predicted label: 11179 SCROLL_DOWN
> Predicted label: 11180 SCROLL_DOWN
> Predicted label: 11181 SCROLL_DOWN
> Predicted label: 11182 SCROLL_DOWN
> Predicted label: 11183 SCROLL_UP
> Predicted label: 11184 SCROLL_UP
> Predicted label: 11185 SCROLL_UP
> Predicted label: 11186 SCROLL_UP
> Predicted label: 11187 SCROLL_UP
> Predicted label: 11188 SCROLL_UP
> Predicted label: 11189 SCROLL_UP
> Predicted label: 11190 SCROLL_UP
> Predicted label: 11191 SCROLL_UP
> Predicted label: 11192 SCROLL_UP
> Predicted label: 11193 SCROLL_DOWN
> Predicted label: 11194 SCROLL_DOWN
> Predicted label: 11195 SCROLL_DOWN
> Predicted label: 11196 SCROLL_DOWN
> Predicted label: 11197 SCROLL_DOWN
> Predicted label: 11198 SCROLL_DOWN
> Predicted label: 11199 SCROLL_DOWN
> Predicted label: 11200 SCROLL_DOWN
> Predicted label: 11201 SCROLL_DOWN
> Predicted label: 11202 SCROLL_DOWN
> Predicted label: 11203 SCROLL_DOWN
> Predicted label: 11204 SCROLL_DOWN
> Predicted label: 11205 SCROLL_DOWN
> Predicted label: 11206 SCROLL_DOWN
> Predicted label: 11207 SCROLL_DOWN
> Predicted label: 11208 SCROLL_UP
> Predicted label: 11209 SCROLL_UP
> Predicted label: 11210 SCROLL_UP
> Predicted label: 11211 SCROLL_UP
> Predicted label: 11212 SCROLL_UP
> Predicted label: 11213 SCROLL_UP
> Predicted label: 11214 SCROLL_UP
> Predicted label: 11215 SCROLL_UP
> Predicted label: 11216 SCROLL_UP
> Predicted label: 11217 SCROLL_UP
> Predicted label: 11218 SCROLL_DOWN
> Predicted label: 11219 SCROLL_DOWN
> Predicted label: 11220 SCROLL_DOWN
> Predicted label: 11221 SCROLL_DOWN
> Predicted label: 11222 SCROLL_DOWN
> Predicted label: 11223 SCROLL_DOWN
> Predicted label: 11224 SCROLL_DOWN
> Predicted label: 11225 SCROLL_DOWN
> Predicted label: 11226 SCROLL_DOWN
> Predicted label: 11227 SCROLL_DOWN
> Predicted label: 11228 SCROLL_DOWN
> Predicted label: 11229 SCROLL_DOWN
> Predicted label: 11230 SCROLL_DOWN
> Predicted label: 11231 SCROLL_DOWN
> Predicted label: 11232 SCROLL_DOWN
> Predicted label: 11233 NONE
> Predicted label: 11234 SCROLL_UP
> Predicted label: 11235 SCROLL_UP
> Predicted label: 11236 SCROLL_UP
> Predicted label: 11237 SCROLL_UP
> Predicted label: 11238 SCROLL_UP
> Predicted label: 11239 SCROLL_UP
> Predicted label: 11240 SCROLL_UP
> Predicted label: 11241 SCROLL_UP
> Predicted label: 11242 SCROLL_UP
> Predicted label: 11243 NONE
> Predicted label: 11244 NONE
> Predicted label: 11245 SCROLL_DOWN
> Predicted label: 11246 SCROLL_DOWN
> Predicted label: 11247 SCROLL_DOWN
> Predicted label: 11248 SCROLL_DOWN
> Predicted label: 11249 SCROLL_DOWN
> Predicted label: 11250 SCROLL_DOWN
> Predicted label: 11251 SCROLL_DOWN
> Predicted label: 11252 SCROLL_DOWN
> Predicted label: 11253 SCROLL_DOWN
> Predicted label: 11254 SCROLL_DOWN
> Predicted label: 11255 SCROLL_DOWN
> Predicted label: 11256 SCROLL_DOWN
> Predicted label: 11257 SCROLL_DOWN
> Predicted label: 11258 SCROLL_DOWN
> Predicted label: 11259 SCROLL_DOWN
> Predicted label: 11260 SCROLL_DOWN
> Predicted label: 11261 SCROLL_DOWN
> Predicted label: 11262 SCROLL_DOWN
> Predicted label: 11263 SCROLL_DOWN
> Predicted label: 11264 SCROLL_DOWN
> Predicted label: 11265 SCROLL_DOWN
> Predicted label: 11266 SCROLL_DOWN
> Predicted label: 11267 SCROLL_DOWN
> Predicted label: 15534 SCROLL_DOWN
> Predicted label: 15535 SCROLL_DOWN
> Predicted label: 15536 SCROLL_DOWN
> Predicted label: 15537 SCROLL_DOWN
> Predicted label: 15538 NONE
> Predicted label: 15539 NONE
> Predicted label: 15540 NONE
> Predicted label: 15541 NONE
> Predicted label: 15542 NONE
> Predicted label: 15543 NONE
> Predicted label: 15544 NONE
> Predicted label: 15545 SCROLL_UP
> Predicted label: 15546 SCROLL_UP
> Predicted label: 15547 SCROLL_UP
> Predicted label: 15548 SCROLL_UP
> Predicted label: 15549 SCROLL_UP
> Predicted label: 15550 SCROLL_UP
> Predicted label: 15551 SCROLL_UP
> Predicted label: 15552 SCROLL_UP
> Predicted label: 15553 SCROLL_UP
> Predicted label: 15554 SCROLL_UP
> Predicted label: 15555 SCROLL_UP
> Predicted label: 15556 NONE
> Predicted label: 15557 SCROLL_DOWN
> Predicted label: 15558 SCROLL_DOWN
> Predicted label: 15559 SCROLL_DOWN
> Predicted label: 15560 SCROLL_DOWN
> Predicted label: 15561 SCROLL_DOWN
> Predicted label: 15562 SCROLL_DOWN
> Predicted label: 15563 SCROLL_DOWN
> Predicted label: 15564 SCROLL_DOWN
> Predicted label: 15565 SCROLL_UP
> Predicted label: 15566 SCROLL_UP
> Predicted label: 15567 SCROLL_UP
> Predicted label: 15568 SCROLL_UP
> Predicted label: 15569 SCROLL_UP
> Predicted label: 15570 SCROLL_UP
> Predicted label: 15571 SCROLL_UP
> Predicted label: 15572 SCROLL_UP
> Predicted label: 15573 SCROLL_UP
> Predicted label: 15574 SCROLL_UP
> Predicted label: 15575 NONE
> Predicted label: 15576 SCROLL_DOWN
> Predicted label: 15577 SCROLL_DOWN
> Predicted label: 15578 SCROLL_DOWN
> Predicted label: 15579 SCROLL_DOWN
> Predicted label: 15580 SCROLL_DOWN
> Predicted label: 15581 SCROLL_DOWN
> Predicted label: 15582 SCROLL_DOWN
> Predicted label: 15583 SCROLL_DOWN
> Predicted label: 15584 SCROLL_UP
> Predicted label: 15585 SCROLL_UP
> Predicted label: 15586 SCROLL_UP
> Predicted label: 15587 SCROLL_UP
> Predicted label: 15588 SCROLL_UP
> Predicted label: 15589 SCROLL_UP
> Predicted label: 15590 SCROLL_UP
> Predicted label: 15591 SCROLL_UP
> Predicted label: 15592 SCROLL_UP
> Predicted label: 15593 SCROLL_UP
> Predicted label: 15594 NONE
> Predicted label: 15595 SCROLL_DOWN
> Predicted label: 15596 SCROLL_DOWN
> Predicted label: 15597 SCROLL_DOWN
> Predicted label: 15598 SCROLL_DOWN
> Predicted label: 15599 SCROLL_DOWN
> Predicted label: 15600 SCROLL_DOWN
> Predicted label: 15601 SCROLL_DOWN
> Predicted label: 15602 NONE
> Predicted label: 15603 SCROLL_UP
> Predicted label: 15604 SCROLL_UP
> Predicted label: 15605 SCROLL_UP
> Predicted label: 15606 SCROLL_UP
> Predicted label: 15607 SCROLL_UP
> Predicted label: 15608 SCROLL_UP
> Predicted label: 15609 SCROLL_UP
> Predicted label: 15610 SCROLL_UP
> Predicted label: 15611 SCROLL_UP
> Predicted label: 15612 NONE
> Predicted label: 15613 SCROLL_DOWN
> Predicted label: 15614 SCROLL_DOWN
> Predicted label: 15615 SCROLL_DOWN
> Predicted label: 15616 SCROLL_DOWN
> Predicted label: 15617 SCROLL_DOWN
> Predicted label: 15618 SCROLL_DOWN
> Predicted label: 1783 SCROLL_DOWN
> Predicted label: 1784 SCROLL_DOWN
> Predicted label: 1785 SCROLL_DOWN
> Predicted label: 1786 SCROLL_DOWN
> Predicted label: 1787 SCROLL_DOWN
> Predicted label: 1788 SCROLL_DOWN
> Predicted label: 1789 SCROLL_DOWN
> Predicted label: 1790 SCROLL_DOWN
> Predicted label: 1791 SCROLL_DOWN
> Predicted label: 1792 SCROLL_DOWN
> Predicted label: 1793 SCROLL_DOWN
> Predicted label: 1794 SCROLL_DOWN
> Predicted label: 1795 SCROLL_DOWN
> Predicted label: 1796 SCROLL_DOWN
> Predicted label: 1797 SCROLL_DOWN
> Predicted label: 1798 NONE
> Predicted label: 1799 NONE
> Predicted label: 1800 SCROLL_UP
> Predicted label: 1801 SCROLL_UP
> Predicted label: 1802 SCROLL_UP
> Predicted label: 1803 SCROLL_UP
> Predicted label: 1804 SCROLL_UP
> Predicted label: 1805 SCROLL_UP
> Predicted label: 1806 SCROLL_UP
> Predicted label: 1807 SCROLL_UP
> Predicted label: 1808 SCROLL_UP
> Predicted label: 1809 SCROLL_UP
> Predicted label: 1810 SCROLL_UP
> Predicted label: 1811 NONE
> Predicted label: 1812 SCROLL_DOWN
> Predicted label: 1813 SCROLL_DOWN
> Predicted label: 1814 SCROLL_DOWN
> Predicted label: 1815 SCROLL_DOWN
> Predicted label: 1816 SCROLL_DOWN
> Predicted label: 1817 SCROLL_DOWN
> Predicted label: 1818 SCROLL_DOWN
> Predicted label: 1819 SCROLL_DOWN
> Predicted label: 1820 SCROLL_DOWN
> Predicted label: 1821 SCROLL_DOWN
> Predicted label: 1822 SCROLL_DOWN
> Predicted label: 1823 SCROLL_DOWN
> Predicted label: 1824 NONE
> Predicted label: 1825 SCROLL_UP
> Predicted label: 1826 SCROLL_UP
> Predicted label: 1827 SCROLL_UP
> Predicted label: 1828 SCROLL_UP
> Predicted label: 1829 SCROLL_UP
> Predicted label: 1830 SCROLL_UP
> Predicted label: 1831 SCROLL_UP
> Predicted label: 1832 SCROLL_UP
> Predicted label: 1833 SCROLL_UP
> Predicted label: 1834 SCROLL_UP
> Predicted label: 1835 SCROLL_UP
> Predicted label: 1836 NONE
> Predicted label: 1837 SCROLL_DOWN
> Predicted label: 1838 SCROLL_DOWN
> Predicted label: 1839 SCROLL_DOWN
> Predicted label: 1840 SCROLL_DOWN
> Predicted label: 1841 SCROLL_DOWN
> Predicted label: 1842 SCROLL_DOWN
> Predicted label: 1843 SCROLL_DOWN
> Predicted label: 1844 SCROLL_DOWN
> Predicted label: 1845 SCROLL_DOWN
> Predicted label: 1846 SCROLL_DOWN
> Predicted label: 1847 SCROLL_DOWN
> Predicted label: 1848 SCROLL_DOWN
> Predicted label: 1849 SCROLL_DOWN
> Predicted label: 1850 SCROLL_UP
> Predicted label: 1851 SCROLL_UP
> Predicted label: 1852 SCROLL_UP
> Predicted label: 1853 SCROLL_UP
> Predicted label: 1854 SCROLL_UP
> Predicted label: 1855 SCROLL_UP
> Predicted label: 1856 SCROLL_UP
> Predicted label: 1857 SCROLL_UP
> Predicted label: 1858 SCROLL_UP
> Predicted label: 1859 SCROLL_UP
> Predicted label: 1860 SCROLL_DOWN
> Predicted label: 1861 SCROLL_DOWN
> Predicted label: 1862 SCROLL_DOWN
> Predicted label: 1863 SCROLL_DOWN
> Predicted label: 1864 SCROLL_DOWN
> Predicted label: 1865 SCROLL_DOWN
> Predicted label: 1866 SCROLL_DOWN
> Predicted label: 1867 SCROLL_DOWN
> Predicted label: 1868 SCROLL_DOWN
> Predicted label: 1869 SCROLL_DOWN
> Predicted label: 1870 SCROLL_DOWN
> Predicted label: 1871 SCROLL_DOWN
> Predicted label: 1872 SCROLL_DOWN
> Predicted label: 1873 NONE
> Predicted label: 1874 SCROLL_UP
> Predicted label: 1875 SCROLL_UP
> Predicted label: 1876 SCROLL_UP
> Predicted label: 1877 SCROLL_UP
> Predicted label: 1878 SCROLL_UP
> Predicted label: 1879 SCROLL_UP
> Predicted label: 1880 SCROLL_UP
> Predicted label: 1881 SCROLL_UP
> Predicted label: 1882 SCROLL_UP
> Predicted label: 1883 SCROLL_UP
> Predicted label: 1884 NONE
> Predicted label: 1885 SCROLL_DOWN
> Predicted label: 1886 SCROLL_DOWN
> Predicted label: 1887 SCROLL_DOWN
> Predicted label: 1888 SCROLL_DOWN
> Predicted label: 1889 SCROLL_DOWN
> Predicted label: 1890 SCROLL_DOWN
> Predicted label: 1891 SCROLL_DOWN
> Predicted label: 1892 SCROLL_DOWN
> Predicted label: 1893 SCROLL_DOWN
> Predicted label: 1894 SCROLL_DOWN
> Predicted label: 1895 SCROLL_DOWN
> Predicted label: 1896 SCROLL_DOWN
> Predicted label: 1897 SCROLL_DOWN
> Predicted label: 1898 SCROLL_DOWN
> Predicted label: 1899 NONE
> Predicted label: 1900 SCROLL_UP
> Predicted label: 1901 SCROLL_UP
> Predicted label: 1902 SCROLL_UP
> Predicted label: 1903 SCROLL_UP
> Predicted label: 1904 SCROLL_UP
> Predicted label: 1905 SCROLL_UP
> Predicted label: 1906 SCROLL_UP
> Predicted label: 1907 SCROLL_UP
> Predicted label: 1908 SCROLL_UP
> Predicted label: 1909 SCROLL_UP
> Predicted label: 1910 SCROLL_UP
> Predicted label: 1911 SCROLL_UP
> Predicted label: 1912 NONE
> Predicted label: 1913 NONE
> Predicted label: 1914 SCROLL_DOWN
> Predicted label: 1915 SCROLL_DOWN
> Predicted label: 1916 SCROLL_DOWN
> Predicted label: 1917 SCROLL_DOWN
> Predicted label: 1918 SCROLL_DOWN
> Predicted label: 1919 SCROLL_DOWN
> Predicted label: 1920 SCROLL_DOWN
> Predicted label: 1921 SCROLL_DOWN
> Predicted label: 1922 SCROLL_DOWN
> Predicted label: 1923 SCROLL_DOWN
> Predicted label: 1924 SCROLL_DOWN
> Predicted label: 1925 SCROLL_DOWN
> Predicted label: 1926 SCROLL_DOWN
> Predicted label: 1927 SCROLL_DOWN
> Predicted label: 1928 SCROLL_DOWN
> Predicted label: 1929 SCROLL_DOWN
> Predicted label: 1930 SCROLL_DOWN
> Predicted label: 1931 SCROLL_DOWN
> Predicted label: 1932 SCROLL_DOWN
> Predicted label: 1933 SCROLL_DOWN
> Predicted label: 1934 SCROLL_DOWN
> Predicted label: 1935 SCROLL_DOWN
> Predicted label: 1936 SCROLL_DOWN
> Predicted label: 1937 SCROLL_DOWN
> Predicted label: 1938 SCROLL_DOWN
> Predicted label: 1939 NONE
> Predicted label: 1940 NONE
> Predicted label: 1941 NONE
> Predicted label: 1942 NONE
> Predicted label: 1943 NONE
> Predicted label: 1944 NONE
> Predicted label: 6481 SCROLL_DOWN
> Predicted label: 6482 SCROLL_DOWN
> Predicted label: 6483 SCROLL_DOWN
> Predicted label: 6484 NONE
> Predicted label: 6485 NONE
> Predicted label: 6486 NONE
> Predicted label: 6487 NONE
> Predicted label: 6488 NONE
> Predicted label: 6489 NONE
> Predicted label: 6490 NONE
> Predicted label: 6491 NONE
> Predicted label: 6492 NONE
> Predicted label: 6493 SCROLL_UP
> Predicted label: 6494 SCROLL_UP
> Predicted label: 6495 SCROLL_UP
> Predicted label: 6496 SCROLL_UP
> Predicted label: 6497 SCROLL_UP
> Predicted label: 6498 SCROLL_UP
> Predicted label: 6499 SCROLL_UP
> Predicted label: 6500 SCROLL_UP
> Predicted label: 6501 SCROLL_UP
> Predicted label: 6502 SCROLL_UP
> Predicted label: 6503 NONE
> Predicted label: 6504 NONE
> Predicted label: 6505 SCROLL_DOWN
> Predicted label: 6506 SCROLL_DOWN
> Predicted label: 6507 SCROLL_DOWN
> Predicted label: 6508 SCROLL_DOWN
> Predicted label: 6509 SCROLL_DOWN
> Predicted label: 6510 SCROLL_DOWN
> Predicted label: 6511 SCROLL_DOWN
> Predicted label: 6512 SCROLL_DOWN
> Predicted label: 6513 SCROLL_DOWN
> Predicted label: 6514 SCROLL_DOWN
> Predicted label: 6515 SCROLL_DOWN
> Predicted label: 6516 SCROLL_DOWN
> Predicted label: 6517 SCROLL_DOWN
> Predicted label: 6518 NONE
> Predicted label: 6519 SCROLL_UP
> Predicted label: 6520 SCROLL_UP
> Predicted label: 6521 SCROLL_UP
> Predicted label: 6522 SCROLL_UP
> Predicted label: 6523 SCROLL_UP
> Predicted label: 6524 SCROLL_UP
> Predicted label: 6525 SCROLL_UP
> Predicted label: 6526 SCROLL_UP
> Predicted label: 6527 SCROLL_UP
> Predicted label: 6528 SCROLL_UP
> Predicted label: 6529 NONE
> Predicted label: 6530 SCROLL_DOWN
> Predicted label: 6531 SCROLL_DOWN
> Predicted label: 6532 SCROLL_DOWN
> Predicted label: 6533 SCROLL_DOWN
> Predicted label: 6534 SCROLL_DOWN
> Predicted label: 6535 SCROLL_DOWN
> Predicted label: 6536 SCROLL_DOWN
> Predicted label: 6537 SCROLL_DOWN
> Predicted label: 6538 SCROLL_DOWN
> Predicted label: 6539 SCROLL_DOWN
> Predicted label: 6540 SCROLL_DOWN
> Predicted label: 6541 SCROLL_DOWN
> Predicted label: 6542 SCROLL_DOWN
> Predicted label: 6543 SCROLL_DOWN
> Predicted label: 6544 NONE
> Predicted label: 6545 SCROLL_UP
> Predicted label: 6546 SCROLL_UP
> Predicted label: 6547 SCROLL_UP
> Predicted label: 6548 SCROLL_UP
> Predicted label: 6549 SCROLL_UP
> Predicted label: 6550 SCROLL_UP
> Predicted label: 6551 SCROLL_UP
> Predicted label: 6552 SCROLL_UP
> Predicted label: 6553 SCROLL_UP
> Predicted label: 6554 SCROLL_UP
> Predicted label: 6555 NONE
> Predicted label: 6556 SCROLL_DOWN
> Predicted label: 6557 SCROLL_DOWN
> Predicted label: 6558 SCROLL_DOWN
> Predicted label: 6559 SCROLL_DOWN
> Predicted label: 6560 SCROLL_DOWN
> Predicted label: 6561 SCROLL_DOWN
> Predicted label: 6562 SCROLL_DOWN
> Predicted label: 6563 SCROLL_DOWN
> Predicted label: 6564 SCROLL_DOWN
> Predicted label: 6565 SCROLL_DOWN
> Predicted label: 6566 SCROLL_DOWN
> Predicted label: 6567 SCROLL_DOWN
> Predicted label: 6568 SCROLL_DOWN
> Predicted label: 6569 NONE
> Predicted label: 6570 SCROLL_UP
> Predicted label: 6571 SCROLL_UP
> Predicted label: 6572 SCROLL_UP
> Predicted label: 6573 SCROLL_UP
> Predicted label: 6574 SCROLL_UP
> Predicted label: 6575 SCROLL_UP
> Predicted label: 6576 SCROLL_UP
> Predicted label: 6577 SCROLL_UP
> Predicted label: 6578 SCROLL_UP
> Predicted label: 6579 SCROLL_UP
> Predicted label: 6580 NONE
> Predicted label: 6581 NONE
> Predicted label: 6582 SCROLL_DOWN
> Predicted label: 6583 SCROLL_DOWN
> Predicted label: 6584 SCROLL_DOWN
> Predicted label: 6585 SCROLL_DOWN
> Predicted label: 6586 SCROLL_DOWN
> Predicted label: 6587 SCROLL_DOWN
> Predicted label: 6588 SCROLL_DOWN
> Predicted label: 6589 SCROLL_DOWN
> Predicted label: 6590 SCROLL_DOWN
> Predicted label: 6591 SCROLL_DOWN
> Predicted label: 6592 SCROLL_DOWN
> Predicted label: 6593 SCROLL_DOWN
> Predicted label: 6594 SCROLL_DOWN
> Predicted label: 6595 NONE
> Predicted label: 6596 NONE
> Predicted label: 6597 SCROLL_UP
> Predicted label: 6598 SCROLL_UP
> Predicted label: 6599 SCROLL_UP
> Predicted label: 6600 SCROLL_UP
> Predicted label: 6601 SCROLL_UP
> Predicted label: 6602 SCROLL_UP
> Predicted label: 6603 SCROLL_UP
> Predicted label: 6604 SCROLL_UP
> Predicted label: 6605 SCROLL_UP
> Predicted label: 6606 SCROLL_UP
> Predicted label: 6607 SCROLL_UP
> Predicted label: 6608 SCROLL_UP
> Predicted label: 6609 SCROLL_UP
> Predicted label: 6610 NONE
> Predicted label: 6611 NONE
> Predicted label: 6612 SCROLL_DOWN
> Predicted label: 6613 SCROLL_DOWN
> Predicted label: 6614 SCROLL_DOWN
> Predicted label: 6615 SCROLL_DOWN
> Predicted label: 6616 SCROLL_DOWN
> Predicted label: 6617 SCROLL_DOWN
> Predicted label: 6618 SCROLL_DOWN
> Predicted label: 6619 SCROLL_DOWN
> Predicted label: 6620 SCROLL_DOWN
> Predicted label: 6621 SCROLL_DOWN
> Predicted label: 6622 SCROLL_DOWN
> Predicted label: 6623 SCROLL_DOWN
> Predicted label: 6624 SCROLL_DOWN
> Predicted label: 6625 SCROLL_DOWN
> Predicted label: 6626 SCROLL_DOWN
> Predicted label: 6627 SCROLL_DOWN
> Predicted label: 6628 NONE
> Predicted label: 6629 NONE
> Predicted label: 6630 NONE
> Predicted label: 6631 NONE
> Predicted label: 6632 NONE
> Predicted label: 6633 NONE
> Predicted label: 6634 NONE
> Predicted label: 6635 NONE
> Predicted label: 11268 SCROLL_UP
> Predicted label: 11269 SCROLL_UP
> Predicted label: 11270 SCROLL_UP
> Predicted label: 11271 SCROLL_UP
> Predicted label: 11272 SCROLL_DOWN
> Predicted label: 11273 SCROLL_DOWN
> Predicted label: 11274 SCROLL_DOWN
> Predicted label: 11275 SCROLL_DOWN
> Predicted label: 11276 SCROLL_DOWN
> Predicted label: 11277 SCROLL_DOWN
> Predicted label: 11278 SCROLL_DOWN
> Predicted label: 11279 SCROLL_DOWN
> Predicted label: 11280 SCROLL_DOWN
> Predicted label: 11281 SCROLL_DOWN
> Predicted label: 11282 SCROLL_DOWN
> Predicted label: 11283 SCROLL_DOWN
> Predicted label: 11284 SCROLL_DOWN
> Predicted label: 11285 NONE
> Predicted label: 11286 SCROLL_UP
> Predicted label: 11287 SCROLL_UP
> Predicted label: 11288 SCROLL_UP
> Predicted label: 11289 SCROLL_UP
> Predicted label: 11290 SCROLL_UP
> Predicted label: 11291 SCROLL_UP
> Predicted label: 11292 SCROLL_UP
> Predicted label: 11293 SCROLL_UP
> Predicted label: 11294 SCROLL_UP
> Predicted label: 11295 SCROLL_UP
> Predicted label: 11296 SCROLL_DOWN
> Predicted label: 11297 SCROLL_DOWN
> Predicted label: 11298 SCROLL_DOWN
> Predicted label: 11299 SCROLL_DOWN
> Predicted label: 11300 SCROLL_DOWN
> Predicted label: 11301 SCROLL_DOWN
> Predicted label: 11302 SCROLL_DOWN
> Predicted label: 11303 SCROLL_DOWN
> Predicted label: 11304 SCROLL_DOWN
> Predicted label: 11305 SCROLL_DOWN
> Predicted label: 11306 SCROLL_DOWN
> Predicted label: 11307 SCROLL_DOWN
> Predicted label: 11308 NONE
> Predicted label: 11309 SCROLL_UP
> Predicted label: 11310 SCROLL_UP
> Predicted label: 11311 SCROLL_UP
> Predicted label: 11312 SCROLL_UP
> Predicted label: 11313 SCROLL_UP
> Predicted label: 11314 SCROLL_UP
> Predicted label: 11315 SCROLL_UP
> Predicted label: 11316 SCROLL_UP
> Predicted label: 11317 SCROLL_UP
> Predicted label: 11318 SCROLL_UP
> Predicted label: 11319 NONE
> Predicted label: 11320 SCROLL_DOWN
> Predicted label: 11321 SCROLL_DOWN
> Predicted label: 11322 SCROLL_DOWN
> Predicted label: 11323 SCROLL_DOWN
> Predicted label: 11324 SCROLL_DOWN
> Predicted label: 11325 SCROLL_DOWN
> Predicted label: 11326 SCROLL_DOWN
> Predicted label: 11327 SCROLL_DOWN
> Predicted label: 11328 SCROLL_DOWN
> Predicted label: 11329 SCROLL_DOWN
> Predicted label: 11330 NONE
> Predicted label: 11331 NONE
> Predicted label: 11332 SCROLL_UP
> Predicted label: 11333 SCROLL_UP
> Predicted label: 11334 SCROLL_UP
> Predicted label: 11335 SCROLL_UP
> Predicted label: 11336 SCROLL_UP
> Predicted label: 11337 SCROLL_UP
> Predicted label: 11338 SCROLL_UP
> Predicted label: 11339 SCROLL_UP
> Predicted label: 11340 SCROLL_UP
> Predicted label: 11341 SCROLL_UP
> Predicted label: 11342 SCROLL_UP
> Predicted label: 11343 SCROLL_UP
> Predicted label: 11344 NONE
> Predicted label: 11345 SCROLL_DOWN
> Predicted label: 11346 SCROLL_DOWN
> Predicted label: 11347 SCROLL_DOWN
> Predicted label: 11348 SCROLL_DOWN
> Predicted label: 11349 SCROLL_DOWN
> Predicted label: 11350 SCROLL_DOWN
> Predicted label: 11351 SCROLL_DOWN
> Predicted label: 11352 SCROLL_DOWN
> Predicted label: 11353 SCROLL_DOWN
> Predicted label: 11354 SCROLL_DOWN
> Predicted label: 11355 SCROLL_DOWN
> Predicted label: 11356 NONE
> Predicted label: 11357 NONE
> Predicted label: 11358 SCROLL_UP
> Predicted label: 11359 SCROLL_UP
> Predicted label: 11360 SCROLL_UP
> Predicted label: 11361 SCROLL_UP
> Predicted label: 11362 SCROLL_UP
> Predicted label: 11363 SCROLL_UP
> Predicted label: 11364 SCROLL_UP
> Predicted label: 11365 SCROLL_UP
> Predicted label: 11366 SCROLL_UP
> Predicted label: 11367 SCROLL_UP
> Predicted label: 11368 NONE
> Predicted label: 11369 SCROLL_DOWN
> Predicted label: 11370 SCROLL_DOWN
> Predicted label: 11371 SCROLL_DOWN
> Predicted label: 11372 SCROLL_DOWN
> Predicted label: 11373 SCROLL_DOWN
> Predicted label: 11374 SCROLL_DOWN
> Predicted label: 11375 SCROLL_DOWN
> Predicted label: 11376 SCROLL_DOWN
> Predicted label: 11377 SCROLL_DOWN
> Predicted label: 11378 SCROLL_DOWN
> Predicted label: 11379 SCROLL_DOWN
> Predicted label: 11380 NONE
> Predicted label: 11381 SCROLL_UP
> Predicted label: 11382 SCROLL_UP
> Predicted label: 11383 SCROLL_UP
> Predicted label: 11384 SCROLL_UP
> Predicted label: 11385 SCROLL_UP
> Predicted label: 11386 SCROLL_UP
> Predicted label: 11387 SCROLL_UP
> Predicted label: 11388 SCROLL_UP
> Predicted label: 11389 SCROLL_UP
> Predicted label: 11390 SCROLL_UP
> Predicted label: 11391 SCROLL_UP
> Predicted label: 11392 NONE
> Predicted label: 11393 NONE
> Predicted label: 11394 SCROLL_DOWN
> Predicted label: 11395 SCROLL_DOWN
> Predicted label: 11396 SCROLL_DOWN
> Predicted label: 11397 SCROLL_DOWN
> Predicted label: 11398 SCROLL_DOWN
> Predicted label: 11399 SCROLL_DOWN
> Predicted label: 11400 SCROLL_DOWN
> Predicted label: 11401 SCROLL_DOWN
> Predicted label: 11402 SCROLL_DOWN
> Predicted label: 11403 SCROLL_DOWN
> Predicted label: 11404 SCROLL_DOWN
> Predicted label: 11405 SCROLL_DOWN
> Predicted label: 11406 SCROLL_DOWN
> Predicted label: 11407 SCROLL_DOWN
> Predicted label: 11408 SCROLL_DOWN
> Predicted label: 11409 SCROLL_DOWN
> Predicted label: 11410 SCROLL_DOWN
> Predicted label: 11411 SCROLL_DOWN
> Predicted label: 11412 SCROLL_DOWN
> Predicted label: 11413 SCROLL_DOWN
> Predicted label: 11414 SCROLL_DOWN
> Predicted label: 11415 NONE
> Predicted label: 11416 NONE
> Predicted label: 11417 NONE
> Predicted label: 15619 SCROLL_DOWN
> Predicted label: 15620 SCROLL_DOWN
> Predicted label: 15621 SCROLL_DOWN
> Predicted label: 15622 SCROLL_DOWN
> Predicted label: 15623 NONE
> Predicted label: 15624 NONE
> Predicted label: 15625 NONE
> Predicted label: 15626 NONE
> Predicted label: 15627 NONE
> Predicted label: 15628 SCROLL_DOWN
> Predicted label: 15629 SCROLL_DOWN
> Predicted label: 15630 SCROLL_DOWN
> Predicted label: 15631 SCROLL_DOWN
> Predicted label: 15632 NONE
> Predicted label: 15633 SCROLL_UP
> Predicted label: 15634 SCROLL_UP
> Predicted label: 15635 SCROLL_UP
> Predicted label: 15636 SCROLL_UP
> Predicted label: 15637 SCROLL_UP
> Predicted label: 15638 SCROLL_UP
> Predicted label: 15639 SCROLL_UP
> Predicted label: 15640 SCROLL_UP
> Predicted label: 15641 SCROLL_UP
> Predicted label: 15642 NONE
> Predicted label: 15643 SCROLL_DOWN
> Predicted label: 15644 SCROLL_DOWN
> Predicted label: 15645 SCROLL_DOWN
> Predicted label: 15646 SCROLL_DOWN
> Predicted label: 15647 SCROLL_DOWN
> Predicted label: 15648 SCROLL_DOWN
> Predicted label: 15649 SCROLL_DOWN
> Predicted label: 15650 NONE
> Predicted label: 15651 SCROLL_UP
> Predicted label: 15652 SCROLL_UP
> Predicted label: 15653 SCROLL_UP
> Predicted label: 15654 SCROLL_UP
> Predicted label: 15655 SCROLL_UP
> Predicted label: 15656 SCROLL_UP
> Predicted label: 15657 SCROLL_UP
> Predicted label: 15658 SCROLL_UP
> Predicted label: 15659 NONE
> Predicted label: 15660 SCROLL_DOWN
> Predicted label: 15661 SCROLL_DOWN
> Predicted label: 15662 SCROLL_DOWN
> Predicted label: 15663 SCROLL_DOWN
> Predicted label: 15664 SCROLL_DOWN
> Predicted label: 15665 SCROLL_DOWN
> Predicted label: 15666 SCROLL_DOWN
> Predicted label: 15667 SCROLL_DOWN
> Predicted label: 15668 SCROLL_UP
> Predicted label: 15669 SCROLL_UP
> Predicted label: 15670 SCROLL_UP
> Predicted label: 15671 SCROLL_UP
> Predicted label: 15672 SCROLL_UP
> Predicted label: 15673 SCROLL_UP
> Predicted label: 15674 SCROLL_UP
> Predicted label: 15675 SCROLL_UP
> Predicted label: 15676 SCROLL_UP
> Predicted label: 15677 NONE
> Predicted label: 15678 SCROLL_DOWN
> Predicted label: 15679 SCROLL_DOWN
> Predicted label: 15680 SCROLL_DOWN
> Predicted label: 15681 SCROLL_DOWN
> Predicted label: 15682 SCROLL_DOWN
> Predicted label: 15683 SCROLL_DOWN
> Predicted label: 15684 SCROLL_DOWN
> Predicted label: 15685 SCROLL_DOWN
> Predicted label: 15686 SCROLL_DOWN
> Predicted label: 15687 SCROLL_UP
> Predicted label: 15688 SCROLL_UP
> Predicted label: 15689 SCROLL_UP
> Predicted label: 15690 SCROLL_UP
> Predicted label: 15691 SCROLL_UP
> Predicted label: 15692 SCROLL_UP
> Predicted label: 15693 SCROLL_UP
> Predicted label: 15694 SCROLL_UP
> Predicted label: 15695 SCROLL_UP
> Predicted label: 15696 SCROLL_UP
> Predicted label: 15697 NONE
> Predicted label: 15698 SCROLL_DOWN
> Predicted label: 15699 SCROLL_DOWN
> Predicted label: 15700 SCROLL_DOWN
> Predicted label: 15701 SCROLL_DOWN
> Predicted label: 15702 SCROLL_DOWN
> Predicted label: 15703 SCROLL_DOWN
> Predicted label: 15704 SCROLL_DOWN
> Predicted label: 15705 NONE
> Predicted label: 15706 NONE
> Predicted label: 15707 SCROLL_UP
> Predicted label: 15708 SCROLL_UP
> Predicted label: 15709 SCROLL_UP
> Predicted label: 15710 SCROLL_UP
> Predicted label: 15711 SCROLL_UP
> Predicted label: 15712 SCROLL_UP
> Predicted label: 15713 SCROLL_UP
> Predicted label: 15714 SCROLL_UP
> Predicted label: 15715 SCROLL_UP
> Predicted label: 15716 SCROLL_UP
> Predicted label: 1949 NONE
> Predicted label: 1950 NONE
> Predicted label: 1951 NONE
> Predicted label: 1952 NONE
> Predicted label: 1953 NONE
> Predicted label: 1954 NONE
> Predicted label: 1955 NONE
> Predicted label: 1956 NONE
> Predicted label: 1957 NONE
> Predicted label: 1958 NONE
> Predicted label: 1959 NONE
> Predicted label: 1960 NONE
> Predicted label: 1961 SCROLL_UP
> Predicted label: 1962 SCROLL_UP
> Predicted label: 1963 SCROLL_UP
> Predicted label: 1964 SCROLL_UP
> Predicted label: 1965 SCROLL_UP
> Predicted label: 1966 SCROLL_UP
> Predicted label: 1967 SCROLL_UP
> Predicted label: 1968 SCROLL_UP
> Predicted label: 1969 SCROLL_UP
> Predicted label: 1970 SCROLL_UP
> Predicted label: 1971 NONE
> Predicted label: 1972 SCROLL_DOWN
> Predicted label: 1973 SCROLL_DOWN
> Predicted label: 1974 SCROLL_DOWN
> Predicted label: 1975 SCROLL_DOWN
> Predicted label: 1976 SCROLL_DOWN
> Predicted label: 1977 SCROLL_DOWN
> Predicted label: 1978 SCROLL_DOWN
> Predicted label: 1979 SCROLL_DOWN
> Predicted label: 1980 SCROLL_DOWN
> Predicted label: 1981 SCROLL_DOWN
> Predicted label: 1982 SCROLL_DOWN
> Predicted label: 1983 SCROLL_DOWN
> Predicted label: 1984 SCROLL_DOWN
> Predicted label: 1985 NONE
> Predicted label: 1986 NONE
> Predicted label: 1987 SCROLL_UP
> Predicted label: 1988 SCROLL_UP
> Predicted label: 1989 SCROLL_UP
> Predicted label: 1990 SCROLL_UP
> Predicted label: 1991 SCROLL_UP
> Predicted label: 1992 SCROLL_UP
> Predicted label: 1993 SCROLL_UP
> Predicted label: 1994 SCROLL_UP
> Predicted label: 1995 SCROLL_UP
> Predicted label: 1996 NONE
> Predicted label: 1997 SCROLL_DOWN
> Predicted label: 1998 SCROLL_DOWN
> Predicted label: 1999 SCROLL_DOWN
> Predicted label: 2000 SCROLL_DOWN
> Predicted label: 2001 SCROLL_DOWN
> Predicted label: 2002 SCROLL_DOWN
> Predicted label: 2003 SCROLL_DOWN
> Predicted label: 2004 SCROLL_DOWN
> Predicted label: 2005 SCROLL_DOWN
> Predicted label: 2006 SCROLL_DOWN
> Predicted label: 2007 SCROLL_DOWN
> Predicted label: 2008 SCROLL_DOWN
> Predicted label: 2009 SCROLL_DOWN
> Predicted label: 2010 NONE
> Predicted label: 2011 SCROLL_UP
> Predicted label: 2012 SCROLL_UP
> Predicted label: 2013 SCROLL_UP
> Predicted label: 2014 SCROLL_UP
> Predicted label: 2015 SCROLL_UP
> Predicted label: 2016 SCROLL_UP
> Predicted label: 2017 SCROLL_UP
> Predicted label: 2018 SCROLL_UP
> Predicted label: 2019 SCROLL_UP
> Predicted label: 2020 NONE
> Predicted label: 2021 SCROLL_DOWN
> Predicted label: 2022 SCROLL_DOWN
> Predicted label: 2023 SCROLL_DOWN
> Predicted label: 2024 SCROLL_DOWN
> Predicted label: 2025 SCROLL_DOWN
> Predicted label: 2026 SCROLL_DOWN
> Predicted label: 2027 SCROLL_DOWN
> Predicted label: 2028 SCROLL_DOWN
> Predicted label: 2029 SCROLL_DOWN
> Predicted label: 2030 SCROLL_DOWN
> Predicted label: 2031 SCROLL_DOWN
> Predicted label: 2032 SCROLL_DOWN
> Predicted label: 2033 NONE
> Predicted label: 2034 SCROLL_UP
> Predicted label: 2035 SCROLL_UP
> Predicted label: 2036 SCROLL_UP
> Predicted label: 2037 SCROLL_UP
> Predicted label: 2038 SCROLL_UP
> Predicted label: 2039 SCROLL_UP
> Predicted label: 2040 SCROLL_UP
> Predicted label: 2041 SCROLL_UP
> Predicted label: 2042 SCROLL_UP
> Predicted label: 2043 NONE
> Predicted label: 2044 SCROLL_DOWN
> Predicted label: 2045 SCROLL_DOWN
> Predicted label: 2046 SCROLL_DOWN
> Predicted label: 2047 SCROLL_DOWN
> Predicted label: 2048 SCROLL_DOWN
> Predicted label: 2049 SCROLL_DOWN
> Predicted label: 2050 SCROLL_DOWN
> Predicted label: 2051 SCROLL_DOWN
> Predicted label: 2052 SCROLL_DOWN
> Predicted label: 2053 SCROLL_DOWN
> Predicted label: 2054 SCROLL_DOWN
> Predicted label: 2055 SCROLL_DOWN
> Predicted label: 2056 SCROLL_DOWN
> Predicted label: 2057 NONE
> Predicted label: 2058 SCROLL_UP
> Predicted label: 2059 SCROLL_UP
> Predicted label: 2060 SCROLL_UP
> Predicted label: 2061 SCROLL_UP
> Predicted label: 2062 SCROLL_UP
> Predicted label: 2063 SCROLL_UP
> Predicted label: 2064 SCROLL_UP
> Predicted label: 2065 SCROLL_UP
> Predicted label: 2066 SCROLL_UP
> Predicted label: 2067 SCROLL_UP
> Predicted label: 2068 SCROLL_UP
> Predicted label: 2069 NONE
> Predicted label: 2070 SCROLL_DOWN
> Predicted label: 2071 SCROLL_DOWN
> Predicted label: 2072 SCROLL_DOWN
> Predicted label: 2073 SCROLL_DOWN
> Predicted label: 2074 SCROLL_DOWN
> Predicted label: 2075 SCROLL_DOWN
> Predicted label: 2076 SCROLL_DOWN
> Predicted label: 2077 SCROLL_DOWN
> Predicted label: 2078 SCROLL_DOWN
> Predicted label: 2079 SCROLL_DOWN
> Predicted label: 2080 SCROLL_DOWN
> Predicted label: 2081 SCROLL_DOWN
> Predicted label: 2082 SCROLL_DOWN
> Predicted label: 2083 SCROLL_DOWN
> Predicted label: 2084 SCROLL_DOWN
> Predicted label: 2085 SCROLL_DOWN
> Predicted label: 2086 SCROLL_DOWN
> Predicted label: 2087 SCROLL_DOWN
> Predicted label: 2088 SCROLL_DOWN
> Predicted label: 2089 SCROLL_DOWN
> Predicted label: 2090 SCROLL_DOWN
> Predicted label: 2091 SCROLL_DOWN
> Predicted label: 2092 SCROLL_DOWN
> Predicted label: 2093 SCROLL_DOWN
> Predicted label: 2094 SCROLL_DOWN
> Predicted label: 6636 SCROLL_DOWN
> Predicted label: 6637 SCROLL_DOWN
> Predicted label: 6638 SCROLL_DOWN
> Predicted label: 6639 NONE
> Predicted label: 6640 NONE
> Predicted label: 6641 NONE
> Predicted label: 6642 NONE
> Predicted label: 6643 NONE
> Predicted label: 6644 NONE
> Predicted label: 6645 NONE
> Predicted label: 6646 NONE
> Predicted label: 6647 NONE
> Predicted label: 6648 NONE
> Predicted label: 6649 NONE
> Predicted label: 6650 NONE
> Predicted label: 6651 SCROLL_UP
> Predicted label: 6652 SCROLL_UP
> Predicted label: 6653 SCROLL_UP
> Predicted label: 6654 SCROLL_UP
> Predicted label: 6655 SCROLL_UP
> Predicted label: 6656 SCROLL_UP
> Predicted label: 6657 SCROLL_UP
> Predicted label: 6658 SCROLL_UP
> Predicted label: 6659 SCROLL_UP
> Predicted label: 6660 SCROLL_UP
> Predicted label: 6661 SCROLL_UP
> Predicted label: 6662 SCROLL_UP
> Predicted label: 6663 SCROLL_UP
> Predicted label: 6664 SCROLL_UP
> Predicted label: 6665 NONE
> Predicted label: 6666 SCROLL_DOWN
> Predicted label: 6667 SCROLL_DOWN
> Predicted label: 6668 SCROLL_DOWN
> Predicted label: 6669 SCROLL_DOWN
> Predicted label: 6670 SCROLL_DOWN
> Predicted label: 6671 SCROLL_DOWN
> Predicted label: 6672 SCROLL_DOWN
> Predicted label: 6673 SCROLL_DOWN
> Predicted label: 6674 SCROLL_DOWN
> Predicted label: 6675 SCROLL_DOWN
> Predicted label: 6676 SCROLL_DOWN
> Predicted label: 6677 SCROLL_DOWN
> Predicted label: 6678 SCROLL_DOWN
> Predicted label: 6679 SCROLL_DOWN
> Predicted label: 6680 NONE
> Predicted label: 6681 SCROLL_UP
> Predicted label: 6682 SCROLL_UP
> Predicted label: 6683 SCROLL_UP
> Predicted label: 6684 SCROLL_UP
> Predicted label: 6685 SCROLL_UP
> Predicted label: 6686 SCROLL_UP
> Predicted label: 6687 SCROLL_UP
> Predicted label: 6688 SCROLL_UP
> Predicted label: 6689 SCROLL_UP
> Predicted label: 6690 SCROLL_UP
> Predicted label: 6691 SCROLL_UP
> Predicted label: 6692 NONE
> Predicted label: 6693 SCROLL_DOWN
> Predicted label: 6694 SCROLL_DOWN
> Predicted label: 6695 SCROLL_DOWN
> Predicted label: 6696 SCROLL_DOWN
> Predicted label: 6697 SCROLL_DOWN
> Predicted label: 6698 SCROLL_DOWN
> Predicted label: 6699 SCROLL_DOWN
> Predicted label: 6700 SCROLL_DOWN
> Predicted label: 6701 SCROLL_DOWN
> Predicted label: 6702 SCROLL_DOWN
> Predicted label: 6703 SCROLL_DOWN
> Predicted label: 6704 SCROLL_DOWN
> Predicted label: 6705 NONE
> Predicted label: 6706 NONE
> Predicted label: 6707 SCROLL_UP
> Predicted label: 6708 SCROLL_UP
> Predicted label: 6709 SCROLL_UP
> Predicted label: 6710 SCROLL_UP
> Predicted label: 6711 SCROLL_UP
> Predicted label: 6712 SCROLL_UP
> Predicted label: 6713 SCROLL_UP
> Predicted label: 6714 SCROLL_UP
> Predicted label: 6715 SCROLL_UP
> Predicted label: 6716 SCROLL_UP
> Predicted label: 6717 NONE
> Predicted label: 6718 SCROLL_DOWN
> Predicted label: 6719 SCROLL_DOWN
> Predicted label: 6720 SCROLL_DOWN
> Predicted label: 6721 SCROLL_DOWN
> Predicted label: 6722 SCROLL_DOWN
> Predicted label: 6723 SCROLL_DOWN
> Predicted label: 6724 SCROLL_DOWN
> Predicted label: 6725 SCROLL_DOWN
> Predicted label: 6726 SCROLL_DOWN
> Predicted label: 6727 SCROLL_DOWN
> Predicted label: 6728 SCROLL_DOWN
> Predicted label: 6729 SCROLL_DOWN
> Predicted label: 6730 SCROLL_DOWN
> Predicted label: 6731 NONE
> Predicted label: 6732 SCROLL_UP
> Predicted label: 6733 SCROLL_UP
> Predicted label: 6734 SCROLL_UP
> Predicted label: 6735 SCROLL_UP
> Predicted label: 6736 SCROLL_UP
> Predicted label: 6737 SCROLL_UP
> Predicted label: 6738 SCROLL_UP
> Predicted label: 6739 SCROLL_UP
> Predicted label: 6740 SCROLL_UP
> Predicted label: 6741 SCROLL_UP
> Predicted label: 6742 SCROLL_UP
> Predicted label: 6743 NONE
> Predicted label: 6744 SCROLL_DOWN
> Predicted label: 6745 SCROLL_DOWN
> Predicted label: 6746 SCROLL_DOWN
> Predicted label: 6747 SCROLL_DOWN
> Predicted label: 6748 SCROLL_DOWN
> Predicted label: 6749 SCROLL_DOWN
> Predicted label: 6750 SCROLL_DOWN
> Predicted label: 6751 SCROLL_DOWN
> Predicted label: 6752 SCROLL_DOWN
> Predicted label: 6753 SCROLL_DOWN
> Predicted label: 6754 SCROLL_DOWN
> Predicted label: 6755 SCROLL_DOWN
> Predicted label: 6756 NONE
> Predicted label: 6757 NONE
> Predicted label: 6758 SCROLL_UP
> Predicted label: 6759 SCROLL_UP
> Predicted label: 6760 SCROLL_UP
> Predicted label: 6761 SCROLL_UP
> Predicted label: 6762 SCROLL_UP
> Predicted label: 6763 SCROLL_UP
> Predicted label: 6764 SCROLL_UP
> Predicted label: 6765 SCROLL_UP
> Predicted label: 6766 SCROLL_UP
> Predicted label: 6767 SCROLL_UP
> Predicted label: 6768 SCROLL_UP
> Predicted label: 6769 NONE
> Predicted label: 6770 NONE
> Predicted label: 6771 SCROLL_DOWN
> Predicted label: 6772 SCROLL_DOWN
> Predicted label: 6773 SCROLL_DOWN
> Predicted label: 6774 SCROLL_DOWN
> Predicted label: 6775 SCROLL_DOWN
> Predicted label: 6776 SCROLL_DOWN
> Predicted label: 6777 SCROLL_DOWN
> Predicted label: 6778 SCROLL_DOWN
> Predicted label: 6779 SCROLL_DOWN
> Predicted label: 6780 SCROLL_DOWN
> Predicted label: 6781 SCROLL_DOWN
> Predicted label: 6782 SCROLL_DOWN
> Predicted label: 6783 SCROLL_DOWN
> Predicted label: 6784 SCROLL_DOWN
> Predicted label: 6785 SCROLL_DOWN
> Predicted label: 6786 SCROLL_DOWN
> Predicted label: 6787 SCROLL_DOWN
> Predicted label: 6788 SCROLL_DOWN
> Predicted label: 6789 SCROLL_DOWN
> Predicted label: 6790 NONE
> Predicted label: 6791 NONE
> Predicted label: 6792 NONE
> Predicted label: 6793 NONE
> Predicted label: 6794 NONE
> Predicted label: 6795 NONE
> Predicted label: 6796 NONE
> Predicted label: 11418 NONE
> Predicted label: 11419 NONE
> Predicted label: 11420 NONE
> Predicted label: 11421 SCROLL_DOWN
> Predicted label: 11422 SCROLL_DOWN
> Predicted label: 11423 SCROLL_DOWN
> Predicted label: 11424 SCROLL_DOWN
> Predicted label: 11425 SCROLL_DOWN
> Predicted label: 11426 SCROLL_DOWN
> Predicted label: 11427 SCROLL_DOWN
> Predicted label: 11428 NONE
> Predicted label: 11429 NONE
> Predicted label: 11430 NONE
> Predicted label: 11431 NONE
> Predicted label: 11432 NONE
> Predicted label: 11433 NONE
> Predicted label: 11434 SCROLL_UP
> Predicted label: 11435 SCROLL_UP
> Predicted label: 11436 SCROLL_UP
> Predicted label: 11437 SCROLL_UP
> Predicted label: 11438 SCROLL_UP
> Predicted label: 11439 SCROLL_UP
> Predicted label: 11440 SCROLL_UP
> Predicted label: 11441 SCROLL_UP
> Predicted label: 11442 SCROLL_UP
> Predicted label: 11443 NONE
> Predicted label: 11444 SCROLL_DOWN
> Predicted label: 11445 SCROLL_DOWN
> Predicted label: 11446 SCROLL_DOWN
> Predicted label: 11447 SCROLL_DOWN
> Predicted label: 11448 SCROLL_DOWN
> Predicted label: 11449 SCROLL_DOWN
> Predicted label: 11450 SCROLL_DOWN
> Predicted label: 11451 SCROLL_DOWN
> Predicted label: 11452 SCROLL_DOWN
> Predicted label: 11453 SCROLL_DOWN
> Predicted label: 11454 SCROLL_DOWN
> Predicted label: 11455 SCROLL_DOWN
> Predicted label: 11456 SCROLL_DOWN
> Predicted label: 11457 NONE
> Predicted label: 11458 SCROLL_UP
> Predicted label: 11459 SCROLL_UP
> Predicted label: 11460 SCROLL_UP
> Predicted label: 11461 SCROLL_UP
> Predicted label: 11462 SCROLL_UP
> Predicted label: 11463 SCROLL_UP
> Predicted label: 11464 SCROLL_UP
> Predicted label: 11465 SCROLL_UP
> Predicted label: 11466 SCROLL_DOWN
> Predicted label: 11467 SCROLL_DOWN
> Predicted label: 11468 SCROLL_DOWN
> Predicted label: 11469 SCROLL_DOWN
> Predicted label: 11470 SCROLL_DOWN
> Predicted label: 11471 SCROLL_DOWN
> Predicted label: 11472 SCROLL_DOWN
> Predicted label: 11473 SCROLL_DOWN
> Predicted label: 11474 SCROLL_DOWN
> Predicted label: 11475 SCROLL_DOWN
> Predicted label: 11476 SCROLL_DOWN
> Predicted label: 11477 SCROLL_DOWN
> Predicted label: 11478 SCROLL_DOWN
> Predicted label: 11479 NONE
> Predicted label: 11480 SCROLL_UP
> Predicted label: 11481 SCROLL_UP
> Predicted label: 11482 SCROLL_UP
> Predicted label: 11483 SCROLL_UP
> Predicted label: 11484 SCROLL_UP
> Predicted label: 11485 SCROLL_UP
> Predicted label: 11486 SCROLL_UP
> Predicted label: 11487 SCROLL_UP
> Predicted label: 11488 SCROLL_UP
> Predicted label: 11489 SCROLL_UP
> Predicted label: 11490 SCROLL_UP
> Predicted label: 11491 NONE
> Predicted label: 11492 SCROLL_DOWN
> Predicted label: 11493 SCROLL_DOWN
> Predicted label: 11494 SCROLL_DOWN
> Predicted label: 11495 SCROLL_DOWN
> Predicted label: 11496 SCROLL_DOWN
> Predicted label: 11497 SCROLL_DOWN
> Predicted label: 11498 SCROLL_DOWN
> Predicted label: 11499 SCROLL_DOWN
> Predicted label: 11500 SCROLL_DOWN
> Predicted label: 11501 SCROLL_DOWN
> Predicted label: 11502 SCROLL_DOWN
> Predicted label: 11503 SCROLL_DOWN
> Predicted label: 11504 SCROLL_DOWN
> Predicted label: 11505 SCROLL_DOWN
> Predicted label: 11506 NONE
> Predicted label: 11507 SCROLL_UP
> Predicted label: 11508 SCROLL_UP
> Predicted label: 11509 SCROLL_UP
> Predicted label: 11510 SCROLL_UP
> Predicted label: 11511 SCROLL_UP
> Predicted label: 11512 SCROLL_UP
> Predicted label: 11513 SCROLL_UP
> Predicted label: 11514 SCROLL_UP
> Predicted label: 11515 NONE
> Predicted label: 11516 SCROLL_DOWN
> Predicted label: 11517 SCROLL_DOWN
> Predicted label: 11518 SCROLL_DOWN
> Predicted label: 11519 SCROLL_DOWN
> Predicted label: 11520 SCROLL_DOWN
> Predicted label: 11521 SCROLL_DOWN
> Predicted label: 11522 SCROLL_DOWN
> Predicted label: 11523 SCROLL_DOWN
> Predicted label: 11524 SCROLL_DOWN
> Predicted label: 11525 SCROLL_DOWN
> Predicted label: 11526 SCROLL_DOWN
> Predicted label: 11527 SCROLL_DOWN
> Predicted label: 11528 SCROLL_DOWN
> Predicted label: 11529 SCROLL_DOWN
> Predicted label: 11530 NONE
> Predicted label: 11531 SCROLL_UP
> Predicted label: 11532 SCROLL_UP
> Predicted label: 11533 SCROLL_UP
> Predicted label: 11534 SCROLL_UP
> Predicted label: 11535 SCROLL_UP
> Predicted label: 11536 SCROLL_UP
> Predicted label: 11537 SCROLL_UP
> Predicted label: 11538 SCROLL_UP
> Predicted label: 11539 SCROLL_UP
> Predicted label: 11540 NONE
> Predicted label: 11541 SCROLL_DOWN
> Predicted label: 11542 SCROLL_DOWN
> Predicted label: 11543 SCROLL_DOWN
> Predicted label: 11544 SCROLL_DOWN
> Predicted label: 11545 SCROLL_DOWN
> Predicted label: 11546 SCROLL_DOWN
> Predicted label: 11547 SCROLL_DOWN
> Predicted label: 11548 SCROLL_DOWN
> Predicted label: 11549 SCROLL_DOWN
> Predicted label: 11550 SCROLL_DOWN
> Predicted label: 11551 SCROLL_DOWN
> Predicted label: 11552 SCROLL_DOWN
> Predicted label: 11553 SCROLL_DOWN
> Predicted label: 11554 SCROLL_DOWN
> Predicted label: 11555 SCROLL_DOWN
> Predicted label: 11556 SCROLL_DOWN
> Predicted label: 11557 SCROLL_DOWN
> Predicted label: 11558 SCROLL_DOWN
> Predicted label: 11559 SCROLL_DOWN
> Predicted label: 11560 SCROLL_DOWN
> Predicted label: 11561 SCROLL_DOWN
> Predicted label: 11562 SCROLL_DOWN
> Predicted label: 11563 SCROLL_DOWN
> Predicted label: 11564 SCROLL_DOWN
> Predicted label: 11565 SCROLL_DOWN
> Predicted label: 11566 SCROLL_DOWN
> Predicted label: 15717 SCROLL_UP
> Predicted label: 15718 SCROLL_UP
> Predicted label: 15719 SCROLL_UP
> Predicted label: 15720 SCROLL_UP
> Predicted label: 15721 SCROLL_DOWN
> Predicted label: 15722 SCROLL_DOWN
> Predicted label: 15723 SCROLL_DOWN
> Predicted label: 15724 SCROLL_DOWN
> Predicted label: 15725 SCROLL_DOWN
> Predicted label: 15726 SCROLL_DOWN
> Predicted label: 15727 SCROLL_DOWN
> Predicted label: 15728 SCROLL_DOWN
> Predicted label: 15729 NONE
> Predicted label: 15730 SCROLL_UP
> Predicted label: 15731 SCROLL_UP
> Predicted label: 15732 SCROLL_UP
> Predicted label: 15733 SCROLL_UP
> Predicted label: 15734 SCROLL_UP
> Predicted label: 15735 SCROLL_UP
> Predicted label: 15736 SCROLL_UP
> Predicted label: 15737 SCROLL_UP
> Predicted label: 15738 SCROLL_UP
> Predicted label: 15739 NONE
> Predicted label: 15740 SCROLL_DOWN
> Predicted label: 15741 SCROLL_DOWN
> Predicted label: 15742 SCROLL_DOWN
> Predicted label: 15743 SCROLL_DOWN
> Predicted label: 15744 SCROLL_DOWN
> Predicted label: 15745 SCROLL_DOWN
> Predicted label: 15746 SCROLL_DOWN
> Predicted label: 15747 SCROLL_DOWN
> Predicted label: 15748 SCROLL_DOWN
> Predicted label: 15749 NONE
> Predicted label: 15750 SCROLL_UP
> Predicted label: 15751 SCROLL_UP
> Predicted label: 15752 SCROLL_UP
> Predicted label: 15753 SCROLL_UP
> Predicted label: 15754 SCROLL_UP
> Predicted label: 15755 SCROLL_UP
> Predicted label: 15756 SCROLL_UP
> Predicted label: 15757 SCROLL_UP
> Predicted label: 15758 SCROLL_UP
> Predicted label: 15759 SCROLL_UP
> Predicted label: 15760 SCROLL_DOWN
> Predicted label: 15761 SCROLL_DOWN
> Predicted label: 15762 SCROLL_DOWN
> Predicted label: 15763 SCROLL_DOWN
> Predicted label: 15764 SCROLL_DOWN
> Predicted label: 15765 SCROLL_DOWN
> Predicted label: 15766 SCROLL_DOWN
> Predicted label: 15767 SCROLL_DOWN
> Predicted label: 15768 SCROLL_DOWN
> Predicted label: 15769 SCROLL_DOWN
> Predicted label: 15770 NONE
> Predicted label: 15771 SCROLL_UP
> Predicted label: 15772 SCROLL_UP
> Predicted label: 15773 SCROLL_UP
> Predicted label: 15774 SCROLL_UP
> Predicted label: 15775 SCROLL_UP
> Predicted label: 15776 SCROLL_UP
> Predicted label: 15777 SCROLL_UP
> Predicted label: 15778 SCROLL_UP
> Predicted label: 15779 SCROLL_UP
> Predicted label: 15780 SCROLL_UP
> Predicted label: 15781 NONE
> Predicted label: 15782 SCROLL_DOWN
> Predicted label: 15783 SCROLL_DOWN
> Predicted label: 15784 SCROLL_DOWN
> Predicted label: 15785 SCROLL_DOWN
> Predicted label: 15786 SCROLL_DOWN
> Predicted label: 15787 SCROLL_DOWN
> Predicted label: 15788 SCROLL_DOWN
> Predicted label: 15789 SCROLL_DOWN
> Predicted label: 15790 SCROLL_DOWN
> Predicted label: 15791 SCROLL_DOWN
> Predicted label: 15792 NONE
> Predicted label: 15793 SCROLL_UP
> Predicted label: 15794 SCROLL_UP
> Predicted label: 15795 SCROLL_UP
> Predicted label: 15796 SCROLL_UP
> Predicted label: 15797 SCROLL_UP
> Predicted label: 15798 SCROLL_UP
> Predicted label: 15799 SCROLL_UP
> Predicted label: 15800 SCROLL_UP
> Predicted label: 15801 SCROLL_UP
> Predicted label: 15802 SCROLL_UP
> Predicted label: 15803 NONE
> Predicted label: 15804 SCROLL_DOWN
> Predicted label: 15805 SCROLL_DOWN
> Predicted label: 15806 SCROLL_DOWN
> Predicted label: 15807 SCROLL_DOWN
> Predicted label: 15808 SCROLL_DOWN
> Predicted label: 15809 SCROLL_DOWN
> Predicted label: 15810 SCROLL_DOWN
> Predicted label: 15811 SCROLL_DOWN
> Predicted label: 15812 SCROLL_DOWN
> Predicted label: 15813 NONE
> Predicted label: 15814 NONE
> Predicted label: 15815 SCROLL_UP
> Predicted label: 15816 SCROLL_UP
> Predicted label: 15817 SCROLL_UP
> Predicted label: 15818 SCROLL_UP
> Predicted label: 15819 SCROLL_UP
> Predicted label: 15820 SCROLL_UP
> Predicted label: 15821 SCROLL_UP
> Predicted label: 15822 SCROLL_UP
> Predicted label: 15823 SCROLL_UP
> Predicted label: 15824 SCROLL_UP
> Predicted label: 15825 NONE
> Predicted label: 2099 NONE
> Predicted label: 2100 NONE
> Predicted label: 2101 NONE
> Predicted label: 2102 NONE
> Predicted label: 2103 NONE
> Predicted label: 2104 NONE
> Predicted label: 2105 NONE
> Predicted label: 2106 NONE
> Predicted label: 2107 NONE
> Predicted label: 2108 NONE
> Predicted label: 2109 NONE
> Predicted label: 2110 NONE
> Predicted label: 2111 NONE
> Predicted label: 2112 NONE
> Predicted label: 2113 SCROLL_UP
> Predicted label: 2114 SCROLL_UP
> Predicted label: 2115 SCROLL_UP
> Predicted label: 2116 SCROLL_UP
> Predicted label: 2117 SCROLL_UP
> Predicted label: 2118 SCROLL_UP
> Predicted label: 2119 SCROLL_UP
> Predicted label: 2120 SCROLL_UP
> Predicted label: 2121 SCROLL_UP
> Predicted label: 2122 SCROLL_UP
> Predicted label: 2123 SCROLL_UP
> Predicted label: 2124 SCROLL_UP
> Predicted label: 2125 NONE
> Predicted label: 2126 SCROLL_DOWN
> Predicted label: 2127 SCROLL_DOWN
> Predicted label: 2128 SCROLL_DOWN
> Predicted label: 2129 SCROLL_DOWN
> Predicted label: 2130 SCROLL_DOWN
> Predicted label: 2131 SCROLL_DOWN
> Predicted label: 2132 SCROLL_DOWN
> Predicted label: 2133 SCROLL_DOWN
> Predicted label: 2134 SCROLL_DOWN
> Predicted label: 2135 SCROLL_DOWN
> Predicted label: 2136 SCROLL_DOWN
> Predicted label: 2137 NONE
> Predicted label: 2138 NONE
> Predicted label: 2139 SCROLL_UP
> Predicted label: 2140 SCROLL_UP
> Predicted label: 2141 SCROLL_UP
> Predicted label: 2142 SCROLL_UP
> Predicted label: 2143 SCROLL_UP
> Predicted label: 2144 SCROLL_UP
> Predicted label: 2145 SCROLL_UP
> Predicted label: 2146 SCROLL_UP
> Predicted label: 2147 SCROLL_UP
> Predicted label: 2148 SCROLL_UP
> Predicted label: 2149 NONE
> Predicted label: 2150 SCROLL_DOWN
> Predicted label: 2151 SCROLL_DOWN
> Predicted label: 2152 SCROLL_DOWN
> Predicted label: 2153 SCROLL_DOWN
> Predicted label: 2154 SCROLL_DOWN
> Predicted label: 2155 SCROLL_DOWN
> Predicted label: 2156 SCROLL_DOWN
> Predicted label: 2157 SCROLL_DOWN
> Predicted label: 2158 SCROLL_DOWN
> Predicted label: 2159 SCROLL_DOWN
> Predicted label: 2160 SCROLL_DOWN
> Predicted label: 2161 SCROLL_DOWN
> Predicted label: 2162 SCROLL_DOWN
> Predicted label: 2163 NONE
> Predicted label: 2164 SCROLL_UP
> Predicted label: 2165 SCROLL_UP
> Predicted label: 2166 SCROLL_UP
> Predicted label: 2167 SCROLL_UP
> Predicted label: 2168 SCROLL_UP
> Predicted label: 2169 SCROLL_UP
> Predicted label: 2170 SCROLL_UP
> Predicted label: 2171 SCROLL_UP
> Predicted label: 2172 SCROLL_UP
> Predicted label: 2173 SCROLL_UP
> Predicted label: 2174 NONE
> Predicted label: 2175 SCROLL_DOWN
> Predicted label: 2176 SCROLL_DOWN
> Predicted label: 2177 SCROLL_DOWN
> Predicted label: 2178 SCROLL_DOWN
> Predicted label: 2179 SCROLL_DOWN
> Predicted label: 2180 SCROLL_DOWN
> Predicted label: 2181 SCROLL_DOWN
> Predicted label: 2182 SCROLL_DOWN
> Predicted label: 2183 SCROLL_DOWN
> Predicted label: 2184 SCROLL_DOWN
> Predicted label: 2185 SCROLL_DOWN
> Predicted label: 2186 SCROLL_DOWN
> Predicted label: 2187 NONE
> Predicted label: 2188 NONE
> Predicted label: 2189 SCROLL_UP
> Predicted label: 2190 SCROLL_UP
> Predicted label: 2191 SCROLL_UP
> Predicted label: 2192 SCROLL_UP
> Predicted label: 2193 SCROLL_UP
> Predicted label: 2194 SCROLL_UP
> Predicted label: 2195 SCROLL_UP
> Predicted label: 2196 SCROLL_UP
> Predicted label: 2197 SCROLL_UP
> Predicted label: 2198 NONE
> Predicted label: 2199 SCROLL_DOWN
> Predicted label: 2200 SCROLL_DOWN
> Predicted label: 2201 SCROLL_DOWN
> Predicted label: 2202 SCROLL_DOWN
> Predicted label: 2203 SCROLL_DOWN
> Predicted label: 2204 SCROLL_DOWN
> Predicted label: 2205 SCROLL_DOWN
> Predicted label: 2206 SCROLL_DOWN
> Predicted label: 2207 SCROLL_DOWN
> Predicted label: 2208 SCROLL_DOWN
> Predicted label: 2209 SCROLL_DOWN
> Predicted label: 2210 SCROLL_DOWN
> Predicted label: 2211 SCROLL_DOWN
> Predicted label: 2212 NONE
> Predicted label: 2213 NONE
> Predicted label: 2214 SCROLL_UP
> Predicted label: 2215 SCROLL_UP
> Predicted label: 2216 SCROLL_UP
> Predicted label: 2217 SCROLL_UP
> Predicted label: 2218 SCROLL_UP
> Predicted label: 2219 SCROLL_UP
> Predicted label: 2220 SCROLL_UP
> Predicted label: 2221 SCROLL_UP
> Predicted label: 2222 SCROLL_UP
> Predicted label: 2223 SCROLL_UP
> Predicted label: 2224 SCROLL_UP
> Predicted label: 2225 SCROLL_UP
> Predicted label: 2226 NONE
> Predicted label: 2227 NONE
> Predicted label: 2228 SCROLL_DOWN
> Predicted label: 2229 SCROLL_DOWN
> Predicted label: 2230 SCROLL_DOWN
> Predicted label: 2231 SCROLL_DOWN
> Predicted label: 2232 SCROLL_DOWN
> Predicted label: 2233 SCROLL_DOWN
> Predicted label: 2234 SCROLL_DOWN
> Predicted label: 2235 SCROLL_DOWN
> Predicted label: 2236 SCROLL_DOWN
> Predicted label: 2237 SCROLL_DOWN
> Predicted label: 2238 SCROLL_DOWN
> Predicted label: 2239 SCROLL_DOWN
> Predicted label: 2240 SCROLL_DOWN
> Predicted label: 2241 SCROLL_DOWN
> Predicted label: 2242 SCROLL_DOWN
> Predicted label: 2243 SCROLL_DOWN
> Predicted label: 2244 NONE
> Predicted label: 2245 NONE
> Predicted label: 2246 NONE
> Predicted label: 2247 NONE
> Predicted label: 2248 NONE
> Predicted label: 2249 NONE
> Predicted label: 2250 NONE
> Predicted label: 2251 NONE
> Predicted label: 2252 NONE
> Predicted label: 2253 NONE
> Predicted label: 2254 NONE
> Predicted label: 2255 NONE
> Predicted label: 2256 NONE
> Predicted label: 2257 NONE
> Predicted label: 2258 NONE
> Predicted label: 2259 NONE
> Predicted label: 2260 NONE
> Predicted label: 2261 NONE
> Predicted label: 6797 SCROLL_UP
> Predicted label: 6798 SCROLL_UP
> Predicted label: 6799 SCROLL_UP
> Predicted label: 6800 SCROLL_UP
> Predicted label: 6801 NONE
> Predicted label: 6802 NONE
> Predicted label: 6803 NONE
> Predicted label: 6804 NONE
> Predicted label: 6805 NONE
> Predicted label: 6806 NONE
> Predicted label: 6807 NONE
> Predicted label: 6808 NONE
> Predicted label: 6809 SCROLL_UP
> Predicted label: 6810 SCROLL_UP
> Predicted label: 6811 SCROLL_UP
> Predicted label: 6812 SCROLL_UP
> Predicted label: 6813 SCROLL_UP
> Predicted label: 6814 SCROLL_UP
> Predicted label: 6815 SCROLL_UP
> Predicted label: 6816 SCROLL_UP
> Predicted label: 6817 SCROLL_UP
> Predicted label: 6818 SCROLL_UP
> Predicted label: 6819 SCROLL_UP
> Predicted label: 6820 SCROLL_UP
> Predicted label: 6821 SCROLL_UP
> Predicted label: 6822 SCROLL_UP
> Predicted label: 6823 NONE
> Predicted label: 6824 SCROLL_DOWN
> Predicted label: 6825 SCROLL_DOWN
> Predicted label: 6826 SCROLL_DOWN
> Predicted label: 6827 SCROLL_DOWN
> Predicted label: 6828 SCROLL_DOWN
> Predicted label: 6829 SCROLL_DOWN
> Predicted label: 6830 SCROLL_DOWN
> Predicted label: 6831 SCROLL_DOWN
> Predicted label: 6832 SCROLL_DOWN
> Predicted label: 6833 SCROLL_DOWN
> Predicted label: 6834 SCROLL_DOWN
> Predicted label: 6835 SCROLL_DOWN
> Predicted label: 6836 SCROLL_DOWN
> Predicted label: 6837 NONE
> Predicted label: 6838 SCROLL_UP
> Predicted label: 6839 SCROLL_UP
> Predicted label: 6840 SCROLL_UP
> Predicted label: 6841 SCROLL_UP
> Predicted label: 6842 SCROLL_UP
> Predicted label: 6843 SCROLL_UP
> Predicted label: 6844 SCROLL_UP
> Predicted label: 6845 SCROLL_UP
> Predicted label: 6846 SCROLL_UP
> Predicted label: 6847 SCROLL_UP
> Predicted label: 6848 SCROLL_UP
> Predicted label: 6849 NONE
> Predicted label: 6850 SCROLL_DOWN
> Predicted label: 6851 SCROLL_DOWN
> Predicted label: 6852 SCROLL_DOWN
> Predicted label: 6853 SCROLL_DOWN
> Predicted label: 6854 SCROLL_DOWN
> Predicted label: 6855 SCROLL_DOWN
> Predicted label: 6856 SCROLL_DOWN
> Predicted label: 6857 SCROLL_DOWN
> Predicted label: 6858 SCROLL_DOWN
> Predicted label: 6859 SCROLL_DOWN
> Predicted label: 6860 SCROLL_DOWN
> Predicted label: 6861 SCROLL_DOWN
> Predicted label: 6862 NONE
> Predicted label: 6863 SCROLL_UP
> Predicted label: 6864 SCROLL_UP
> Predicted label: 6865 SCROLL_UP
> Predicted label: 6866 SCROLL_UP
> Predicted label: 6867 SCROLL_UP
> Predicted label: 6868 SCROLL_UP
> Predicted label: 6869 SCROLL_UP
> Predicted label: 6870 SCROLL_UP
> Predicted label: 6871 SCROLL_UP
> Predicted label: 6872 SCROLL_UP
> Predicted label: 6873 SCROLL_UP
> Predicted label: 6874 SCROLL_DOWN
> Predicted label: 6875 SCROLL_DOWN
> Predicted label: 6876 SCROLL_DOWN
> Predicted label: 6877 SCROLL_DOWN
> Predicted label: 6878 SCROLL_DOWN
> Predicted label: 6879 SCROLL_DOWN
> Predicted label: 6880 SCROLL_DOWN
> Predicted label: 6881 SCROLL_DOWN
> Predicted label: 6882 SCROLL_DOWN
> Predicted label: 6883 SCROLL_DOWN
> Predicted label: 6884 SCROLL_DOWN
> Predicted label: 6885 SCROLL_DOWN
> Predicted label: 6886 SCROLL_DOWN
> Predicted label: 6887 NONE
> Predicted label: 6888 SCROLL_UP
> Predicted label: 6889 SCROLL_UP
> Predicted label: 6890 SCROLL_UP
> Predicted label: 6891 SCROLL_UP
> Predicted label: 6892 SCROLL_UP
> Predicted label: 6893 SCROLL_UP
> Predicted label: 6894 SCROLL_UP
> Predicted label: 6895 SCROLL_UP
> Predicted label: 6896 SCROLL_UP
> Predicted label: 6897 SCROLL_UP
> Predicted label: 6898 NONE
> Predicted label: 6899 SCROLL_DOWN
> Predicted label: 6900 SCROLL_DOWN
> Predicted label: 6901 SCROLL_DOWN
> Predicted label: 6902 SCROLL_DOWN
> Predicted label: 6903 SCROLL_DOWN
> Predicted label: 6904 SCROLL_DOWN
> Predicted label: 6905 SCROLL_DOWN
> Predicted label: 6906 SCROLL_DOWN
> Predicted label: 6907 SCROLL_DOWN
> Predicted label: 6908 SCROLL_DOWN
> Predicted label: 6909 SCROLL_DOWN
> Predicted label: 6910 SCROLL_DOWN
> Predicted label: 6911 SCROLL_DOWN
> Predicted label: 6912 SCROLL_DOWN
> Predicted label: 6913 SCROLL_DOWN
> Predicted label: 6914 NONE
> Predicted label: 6915 NONE
> Predicted label: 6916 SCROLL_UP
> Predicted label: 6917 SCROLL_UP
> Predicted label: 6918 SCROLL_UP
> Predicted label: 6919 SCROLL_UP
> Predicted label: 6920 SCROLL_UP
> Predicted label: 6921 SCROLL_UP
> Predicted label: 6922 SCROLL_UP
> Predicted label: 6923 SCROLL_UP
> Predicted label: 6924 SCROLL_UP
> Predicted label: 6925 SCROLL_UP
> Predicted label: 6926 SCROLL_UP
> Predicted label: 6927 NONE
> Predicted label: 6928 NONE
> Predicted label: 6929 SCROLL_DOWN
> Predicted label: 6930 SCROLL_DOWN
> Predicted label: 6931 SCROLL_DOWN
> Predicted label: 6932 SCROLL_DOWN
> Predicted label: 6933 SCROLL_DOWN
> Predicted label: 6934 SCROLL_DOWN
> Predicted label: 6935 SCROLL_DOWN
> Predicted label: 6936 SCROLL_DOWN
> Predicted label: 6937 SCROLL_DOWN
> Predicted label: 6938 SCROLL_DOWN
> Predicted label: 6939 SCROLL_DOWN
> Predicted label: 6940 SCROLL_DOWN
> Predicted label: 6941 SCROLL_DOWN
> Predicted label: 6942 SCROLL_DOWN
> Predicted label: 6943 NONE
> Predicted label: 6944 NONE
> Predicted label: 6945 NONE
> Predicted label: 6946 NONE
> Predicted label: 6947 NONE
> Predicted label: 6948 NONE
> Predicted label: 6949 NONE
> Predicted label: 6950 NONE
> Predicted label: 6951 SCROLL_UP
> Predicted label: 11567 SCROLL_UP
> Predicted label: 11568 SCROLL_UP
> Predicted label: 11569 SCROLL_UP
> Predicted label: 11570 SCROLL_UP
> Predicted label: 11571 SCROLL_DOWN
> Predicted label: 11572 SCROLL_DOWN
> Predicted label: 11573 SCROLL_DOWN
> Predicted label: 11574 SCROLL_DOWN
> Predicted label: 11575 SCROLL_DOWN
> Predicted label: 11576 SCROLL_DOWN
> Predicted label: 11577 SCROLL_DOWN
> Predicted label: 11578 SCROLL_DOWN
> Predicted label: 11579 NONE
> Predicted label: 11580 NONE
> Predicted label: 11581 NONE
> Predicted label: 11582 NONE
> Predicted label: 11583 NONE
> Predicted label: 11584 NONE
> Predicted label: 11585 NONE
> Predicted label: 11586 SCROLL_UP
> Predicted label: 11587 SCROLL_UP
> Predicted label: 11588 SCROLL_UP
> Predicted label: 11589 SCROLL_UP
> Predicted label: 11590 SCROLL_UP
> Predicted label: 11591 SCROLL_UP
> Predicted label: 11592 SCROLL_UP
> Predicted label: 11593 SCROLL_UP
> Predicted label: 11594 NONE
> Predicted label: 11595 NONE
> Predicted label: 11596 NONE
> Predicted label: 11597 NONE
> Predicted label: 11598 NONE
> Predicted label: 11599 NONE
> Predicted label: 11600 SCROLL_DOWN
> Predicted label: 11601 SCROLL_DOWN
> Predicted label: 11602 SCROLL_DOWN
> Predicted label: 11603 SCROLL_DOWN
> Predicted label: 11604 NONE
> Predicted label: 11605 NONE
> Predicted label: 11606 NONE
> Predicted label: 11607 NONE
> Predicted label: 11608 NONE
> Predicted label: 11609 SCROLL_DOWN
> Predicted label: 11610 SCROLL_DOWN
> Predicted label: 11611 SCROLL_DOWN
> Predicted label: 11612 SCROLL_DOWN
> Predicted label: 11613 SCROLL_DOWN
> Predicted label: 11614 SCROLL_DOWN
> Predicted label: 11615 SCROLL_DOWN
> Predicted label: 11616 NONE
> Predicted label: 11617 NONE
> Predicted label: 11618 NONE
> Predicted label: 11619 SCROLL_DOWN
> Predicted label: 11620 SCROLL_DOWN
> Predicted label: 11621 SCROLL_DOWN
> Predicted label: 11622 SCROLL_DOWN
> Predicted label: 11623 SCROLL_DOWN
> Predicted label: 11624 NONE
> Predicted label: 11625 SCROLL_UP
> Predicted label: 11626 SCROLL_UP
> Predicted label: 11627 SCROLL_UP
> Predicted label: 11628 SCROLL_UP
> Predicted label: 11629 SCROLL_UP
> Predicted label: 11630 SCROLL_UP
> Predicted label: 11631 SCROLL_UP
> Predicted label: 11632 SCROLL_UP
> Predicted label: 11633 SCROLL_UP
> Predicted label: 11634 NONE
> Predicted label: 11635 SCROLL_DOWN
> Predicted label: 11636 SCROLL_DOWN
> Predicted label: 11637 SCROLL_DOWN
> Predicted label: 11638 SCROLL_DOWN
> Predicted label: 11639 SCROLL_DOWN
> Predicted label: 11640 SCROLL_DOWN
> Predicted label: 11641 SCROLL_DOWN
> Predicted label: 11642 SCROLL_DOWN
> Predicted label: 11643 SCROLL_DOWN
> Predicted label: 11644 SCROLL_DOWN
> Predicted label: 11645 SCROLL_DOWN
> Predicted label: 11646 NONE
> Predicted label: 11647 SCROLL_UP
> Predicted label: 11648 SCROLL_UP
> Predicted label: 11649 SCROLL_UP
> Predicted label: 11650 SCROLL_UP
> Predicted label: 11651 SCROLL_UP
> Predicted label: 11652 SCROLL_UP
> Predicted label: 11653 SCROLL_UP
> Predicted label: 11654 SCROLL_UP
> Predicted label: 11655 SCROLL_UP
> Predicted label: 11656 SCROLL_UP
> Predicted label: 11657 NONE
> Predicted label: 11658 SCROLL_DOWN
> Predicted label: 11659 SCROLL_DOWN
> Predicted label: 11660 SCROLL_DOWN
> Predicted label: 11661 SCROLL_DOWN
> Predicted label: 11662 SCROLL_DOWN
> Predicted label: 11663 SCROLL_DOWN
> Predicted label: 11664 SCROLL_DOWN
> Predicted label: 11665 SCROLL_DOWN
> Predicted label: 11666 SCROLL_DOWN
> Predicted label: 11667 SCROLL_DOWN
> Predicted label: 11668 SCROLL_DOWN
> Predicted label: 11669 NONE
> Predicted label: 11670 SCROLL_UP
> Predicted label: 11671 SCROLL_UP
> Predicted label: 11672 SCROLL_UP
> Predicted label: 11673 SCROLL_UP
> Predicted label: 11674 SCROLL_UP
> Predicted label: 11675 SCROLL_UP
> Predicted label: 11676 SCROLL_UP
> Predicted label: 11677 SCROLL_UP
> Predicted label: 11678 SCROLL_UP
> Predicted label: 11679 SCROLL_UP
> Predicted label: 11680 NONE
> Predicted label: 11681 SCROLL_DOWN
> Predicted label: 11682 SCROLL_DOWN
> Predicted label: 11683 SCROLL_DOWN
> Predicted label: 11684 SCROLL_DOWN
> Predicted label: 11685 SCROLL_DOWN
> Predicted label: 11686 SCROLL_DOWN
> Predicted label: 11687 SCROLL_DOWN
> Predicted label: 11688 SCROLL_DOWN
> Predicted label: 11689 SCROLL_DOWN
> Predicted label: 11690 SCROLL_DOWN
> Predicted label: 11691 SCROLL_DOWN
> Predicted label: 11692 SCROLL_DOWN
> Predicted label: 11693 SCROLL_DOWN
> Predicted label: 11694 SCROLL_DOWN
> Predicted label: 11695 NONE
> Predicted label: 11696 SCROLL_UP
> Predicted label: 11697 SCROLL_UP
> Predicted label: 11698 SCROLL_UP
> Predicted label: 11699 SCROLL_UP
> Predicted label: 11700 SCROLL_UP
> Predicted label: 11701 SCROLL_UP
> Predicted label: 11702 SCROLL_UP
> Predicted label: 11703 SCROLL_UP
> Predicted label: 11704 SCROLL_UP
> Predicted label: 11705 NONE
> Predicted label: 11706 SCROLL_DOWN
> Predicted label: 11707 SCROLL_DOWN
> Predicted label: 11708 SCROLL_DOWN
> Predicted label: 11709 SCROLL_DOWN
> Predicted label: 11710 SCROLL_DOWN
> Predicted label: 11711 SCROLL_DOWN
> Predicted label: 11712 SCROLL_DOWN
> Predicted label: 11713 SCROLL_DOWN
> Predicted label: 11714 SCROLL_DOWN
> Predicted label: 11715 SCROLL_DOWN
> Predicted label: 11716 SCROLL_DOWN
> Predicted label: 11717 SCROLL_DOWN
> Predicted label: 11718 NONE
> Predicted label: 11719 SCROLL_UP
> Predicted label: 11720 SCROLL_UP
> Predicted label: 11721 SCROLL_UP
> Predicted label: 11722 SCROLL_UP
> Predicted label: 11723 SCROLL_UP
> Predicted label: 11724 SCROLL_UP
> Predicted label: 11725 SCROLL_UP
> Predicted label: 11726 SCROLL_UP
> Predicted label: 11727 SCROLL_UP
> Predicted label: 11728 SCROLL_UP
> Predicted label: 11729 SCROLL_UP
> Predicted label: 11730 NONE
> Predicted label: 11731 NONE
> Predicted label: 11732 SCROLL_DOWN
> Predicted label: 11733 SCROLL_DOWN
> Predicted label: 11734 SCROLL_DOWN
> Predicted label: 11735 SCROLL_DOWN
> Predicted label: 11736 SCROLL_DOWN
> Predicted label: 11737 SCROLL_DOWN
> Predicted label: 11738 SCROLL_DOWN
> Predicted label: 11739 SCROLL_DOWN
> Predicted label: 11740 SCROLL_DOWN
> Predicted label: 11741 SCROLL_DOWN
> Predicted label: 11742 SCROLL_DOWN
> Predicted label: 11743 SCROLL_DOWN
> Predicted label: 11744 SCROLL_DOWN
> Predicted label: 11745 SCROLL_DOWN
> Predicted label: 11746 SCROLL_DOWN
> Predicted label: 11747 SCROLL_DOWN
> Predicted label: 11748 SCROLL_DOWN
> Predicted label: 11749 NONE
> Predicted label: 11750 NONE
> Predicted label: 11751 NONE
> Predicted label: 11752 NONE
> Predicted label: 11753 NONE
> Predicted label: 11754 NONE
> Predicted label: 11755 NONE
> Predicted label: 11756 NONE
> Predicted label: 15826 SCROLL_UP
> Predicted label: 15827 SCROLL_UP
> Predicted label: 15828 SCROLL_UP
> Predicted label: 15829 NONE
> Predicted label: 15830 NONE
> Predicted label: 15831 NONE
> Predicted label: 15832 NONE
> Predicted label: 15833 NONE
> Predicted label: 15834 NONE
> Predicted label: 15835 SCROLL_UP
> Predicted label: 15836 SCROLL_UP
> Predicted label: 15837 SCROLL_UP
> Predicted label: 15838 SCROLL_UP
> Predicted label: 15839 SCROLL_UP
> Predicted label: 15840 SCROLL_UP
> Predicted label: 15841 SCROLL_UP
> Predicted label: 15842 SCROLL_UP
> Predicted label: 15843 SCROLL_UP
> Predicted label: 15844 SCROLL_UP
> Predicted label: 15845 SCROLL_UP
> Predicted label: 15846 SCROLL_UP
> Predicted label: 15847 NONE
> Predicted label: 15848 SCROLL_DOWN
> Predicted label: 15849 SCROLL_DOWN
> Predicted label: 15850 SCROLL_DOWN
> Predicted label: 15851 SCROLL_DOWN
> Predicted label: 15852 SCROLL_DOWN
> Predicted label: 15853 SCROLL_DOWN
> Predicted label: 15854 SCROLL_DOWN
> Predicted label: 15855 SCROLL_DOWN
> Predicted label: 15856 SCROLL_DOWN
> Predicted label: 15857 NONE
> Predicted label: 15858 NONE
> Predicted label: 15859 SCROLL_UP
> Predicted label: 15860 SCROLL_UP
> Predicted label: 15861 SCROLL_UP
> Predicted label: 15862 SCROLL_UP
> Predicted label: 15863 SCROLL_UP
> Predicted label: 15864 SCROLL_UP
> Predicted label: 15865 SCROLL_UP
> Predicted label: 15866 SCROLL_UP
> Predicted label: 15867 SCROLL_UP
> Predicted label: 15868 NONE
> Predicted label: 15869 SCROLL_DOWN
> Predicted label: 15870 SCROLL_DOWN
> Predicted label: 15871 SCROLL_DOWN
> Predicted label: 15872 SCROLL_DOWN
> Predicted label: 15873 SCROLL_DOWN
> Predicted label: 15874 SCROLL_DOWN
> Predicted label: 15875 SCROLL_DOWN
> Predicted label: 15876 SCROLL_DOWN
> Predicted label: 15877 SCROLL_DOWN
> Predicted label: 15878 SCROLL_DOWN
> Predicted label: 15879 SCROLL_DOWN
> Predicted label: 15880 NONE
> Predicted label: 15881 NONE
> Predicted label: 15882 SCROLL_UP
> Predicted label: 15883 SCROLL_UP
> Predicted label: 15884 SCROLL_UP
> Predicted label: 15885 SCROLL_UP
> Predicted label: 15886 SCROLL_UP
> Predicted label: 15887 SCROLL_UP
> Predicted label: 15888 SCROLL_UP
> Predicted label: 15889 SCROLL_UP
> Predicted label: 15890 SCROLL_UP
> Predicted label: 15891 NONE
> Predicted label: 15892 SCROLL_DOWN
> Predicted label: 15893 SCROLL_DOWN
> Predicted label: 15894 SCROLL_DOWN
> Predicted label: 15895 SCROLL_DOWN
> Predicted label: 15896 SCROLL_DOWN
> Predicted label: 15897 SCROLL_DOWN
> Predicted label: 15898 SCROLL_DOWN
> Predicted label: 15899 SCROLL_DOWN
> Predicted label: 15900 SCROLL_DOWN
> Predicted label: 15901 SCROLL_DOWN
> Predicted label: 15902 SCROLL_DOWN
> Predicted label: 15903 SCROLL_DOWN
> Predicted label: 15904 NONE
> Predicted label: 15905 SCROLL_UP
> Predicted label: 15906 SCROLL_UP
> Predicted label: 15907 SCROLL_UP
> Predicted label: 15908 SCROLL_UP
> Predicted label: 15909 SCROLL_UP
> Predicted label: 15910 SCROLL_UP
> Predicted label: 15911 SCROLL_UP
> Predicted label: 15912 SCROLL_UP
> Predicted label: 15913 SCROLL_UP
> Predicted label: 15914 SCROLL_UP
> Predicted label: 15915 NONE
> Predicted label: 15916 SCROLL_DOWN
> Predicted label: 15917 SCROLL_DOWN
> Predicted label: 15918 SCROLL_DOWN
> Predicted label: 15919 SCROLL_DOWN
> Predicted label: 15920 SCROLL_DOWN
> Predicted label: 15921 SCROLL_DOWN
> Predicted label: 15922 SCROLL_DOWN
> Predicted label: 15923 SCROLL_DOWN
> Predicted label: 15924 SCROLL_DOWN
> Predicted label: 15925 NONE
> Predicted label: 15926 SCROLL_UP
> Predicted label: 15927 SCROLL_UP
> Predicted label: 15928 SCROLL_UP
> Predicted label: 15929 SCROLL_UP
> Predicted label: 15930 SCROLL_UP
> Predicted label: 15931 SCROLL_UP
> Predicted label: 15932 SCROLL_UP
> Predicted label: 2266 NONE
> Predicted label: 2267 SCROLL_UP
> Predicted label: 2268 SCROLL_UP
> Predicted label: 2269 SCROLL_UP
> Predicted label: 2270 SCROLL_UP
> Predicted label: 2271 SCROLL_UP
> Predicted label: 2272 SCROLL_UP
> Predicted label: 2273 SCROLL_UP
> Predicted label: 2274 SCROLL_UP
> Predicted label: 2275 NONE
> Predicted label: 2276 NONE
> Predicted label: 2277 SCROLL_DOWN
> Predicted label: 2278 SCROLL_DOWN
> Predicted label: 2279 SCROLL_DOWN
> Predicted label: 2280 SCROLL_DOWN
> Predicted label: 2281 SCROLL_DOWN
> Predicted label: 2282 SCROLL_DOWN
> Predicted label: 2283 NONE
> Predicted label: 2284 SCROLL_UP
> Predicted label: 2285 SCROLL_UP
> Predicted label: 2286 SCROLL_UP
> Predicted label: 2287 SCROLL_UP
> Predicted label: 2288 SCROLL_UP
> Predicted label: 2289 SCROLL_UP
> Predicted label: 2290 SCROLL_UP
> Predicted label: 2291 SCROLL_UP
> Predicted label: 2292 SCROLL_UP
> Predicted label: 2293 SCROLL_UP
> Predicted label: 2294 SCROLL_UP
> Predicted label: 2295 SCROLL_UP
> Predicted label: 2296 NONE
> Predicted label: 2297 SCROLL_DOWN
> Predicted label: 2298 SCROLL_DOWN
> Predicted label: 2299 SCROLL_DOWN
> Predicted label: 2300 SCROLL_DOWN
> Predicted label: 2301 SCROLL_DOWN
> Predicted label: 2302 SCROLL_DOWN
> Predicted label: 2303 SCROLL_DOWN
> Predicted label: 2304 SCROLL_DOWN
> Predicted label: 2305 SCROLL_DOWN
> Predicted label: 2306 SCROLL_DOWN
> Predicted label: 2307 SCROLL_DOWN
> Predicted label: 2308 SCROLL_DOWN
> Predicted label: 2309 SCROLL_DOWN
> Predicted label: 2310 NONE
> Predicted label: 2311 NONE
> Predicted label: 2312 SCROLL_UP
> Predicted label: 2313 SCROLL_UP
> Predicted label: 2314 SCROLL_UP
> Predicted label: 2315 SCROLL_UP
> Predicted label: 2316 SCROLL_UP
> Predicted label: 2317 SCROLL_UP
> Predicted label: 2318 SCROLL_UP
> Predicted label: 2319 SCROLL_UP
> Predicted label: 2320 SCROLL_UP
> Predicted label: 2321 SCROLL_UP
> Predicted label: 2322 SCROLL_UP
> Predicted label: 2323 NONE
> Predicted label: 2324 SCROLL_DOWN
> Predicted label: 2325 SCROLL_DOWN
> Predicted label: 2326 SCROLL_DOWN
> Predicted label: 2327 SCROLL_DOWN
> Predicted label: 2328 SCROLL_DOWN
> Predicted label: 2329 SCROLL_DOWN
> Predicted label: 2330 SCROLL_DOWN
> Predicted label: 2331 SCROLL_DOWN
> Predicted label: 2332 SCROLL_DOWN
> Predicted label: 2333 SCROLL_DOWN
> Predicted label: 2334 SCROLL_DOWN
> Predicted label: 2335 SCROLL_DOWN
> Predicted label: 2336 SCROLL_DOWN
> Predicted label: 2337 SCROLL_DOWN
> Predicted label: 2338 NONE
> Predicted label: 2339 NONE
> Predicted label: 2340 SCROLL_UP
> Predicted label: 2341 SCROLL_UP
> Predicted label: 2342 SCROLL_UP
> Predicted label: 2343 SCROLL_UP
> Predicted label: 2344 SCROLL_UP
> Predicted label: 2345 SCROLL_UP
> Predicted label: 2346 SCROLL_UP
> Predicted label: 2347 SCROLL_UP
> Predicted label: 2348 SCROLL_UP
> Predicted label: 2349 SCROLL_UP
> Predicted label: 2350 NONE
> Predicted label: 2351 NONE
> Predicted label: 2352 SCROLL_DOWN
> Predicted label: 2353 SCROLL_DOWN
> Predicted label: 2354 SCROLL_DOWN
> Predicted label: 2355 SCROLL_DOWN
> Predicted label: 2356 SCROLL_DOWN
> Predicted label: 2357 SCROLL_DOWN
> Predicted label: 2358 SCROLL_DOWN
> Predicted label: 2359 SCROLL_DOWN
> Predicted label: 2360 SCROLL_DOWN
> Predicted label: 2361 SCROLL_DOWN
> Predicted label: 2362 SCROLL_DOWN
> Predicted label: 2363 SCROLL_DOWN
> Predicted label: 2364 SCROLL_DOWN
> Predicted label: 2365 NONE
> Predicted label: 2366 SCROLL_UP
> Predicted label: 2367 SCROLL_UP
> Predicted label: 2368 SCROLL_UP
> Predicted label: 2369 SCROLL_UP
> Predicted label: 2370 SCROLL_UP
> Predicted label: 2371 SCROLL_UP
> Predicted label: 2372 SCROLL_UP
> Predicted label: 2373 SCROLL_UP
> Predicted label: 2374 SCROLL_UP
> Predicted label: 2375 SCROLL_UP
> Predicted label: 2376 SCROLL_UP
> Predicted label: 2377 SCROLL_UP
> Predicted label: 2378 NONE
> Predicted label: 2379 SCROLL_DOWN
> Predicted label: 2380 SCROLL_DOWN
> Predicted label: 2381 SCROLL_DOWN
> Predicted label: 2382 SCROLL_DOWN
> Predicted label: 2383 SCROLL_DOWN
> Predicted label: 2384 SCROLL_DOWN
> Predicted label: 2385 SCROLL_DOWN
> Predicted label: 2386 SCROLL_DOWN
> Predicted label: 2387 SCROLL_DOWN
> Predicted label: 2388 SCROLL_DOWN
> Predicted label: 2389 SCROLL_DOWN
> Predicted label: 2390 SCROLL_DOWN
> Predicted label: 2391 SCROLL_DOWN
> Predicted label: 2392 SCROLL_DOWN
> Predicted label: 2393 SCROLL_DOWN
> Predicted label: 2394 SCROLL_DOWN
> Predicted label: 2395 NONE
> Predicted label: 2396 NONE
> Predicted label: 2397 SCROLL_UP
> Predicted label: 2398 SCROLL_UP
> Predicted label: 2399 SCROLL_UP
> Predicted label: 2400 SCROLL_UP
> Predicted label: 2401 SCROLL_UP
> Predicted label: 2402 SCROLL_UP
> Predicted label: 2403 SCROLL_UP
> Predicted label: 2404 SCROLL_UP
> Predicted label: 2405 SCROLL_UP
> Predicted label: 2406 SCROLL_UP
> Predicted label: 2407 SCROLL_UP
> Predicted label: 2408 SCROLL_UP
> Predicted label: 2409 NONE
> Predicted label: 2410 NONE
> Predicted label: 2411 NONE
> Predicted label: 2412 SCROLL_DOWN
> Predicted label: 2413 SCROLL_DOWN
> Predicted label: 2414 SCROLL_DOWN
> Predicted label: 2415 SCROLL_DOWN
> Predicted label: 2416 SCROLL_DOWN
> Predicted label: 2417 SCROLL_DOWN
> Predicted label: 2418 SCROLL_DOWN
> Predicted label: 2419 SCROLL_DOWN
> Predicted label: 2420 SCROLL_DOWN
> Predicted label: 2421 SCROLL_DOWN
> Predicted label: 2422 SCROLL_DOWN
> Predicted label: 2423 SCROLL_DOWN
> Predicted label: 2424 SCROLL_DOWN
> Predicted label: 2425 SCROLL_DOWN
> Predicted label: 2426 SCROLL_DOWN
> Predicted label: 2427 SCROLL_DOWN
> Predicted label: 2428 SCROLL_DOWN
> Predicted label: 2429 NONE
> Predicted label: 2430 NONE
> Predicted label: 2431 NONE
> Predicted label: 2432 NONE
> Predicted label: 2433 NONE
> Predicted label: 2434 NONE
> Predicted label: 2435 NONE
> Predicted label: 2436 NONE
> Predicted label: 2437 NONE
> Predicted label: 2438 NONE
> Predicted label: 6952 SCROLL_UP
> Predicted label: 6953 SCROLL_UP
> Predicted label: 6954 SCROLL_UP
> Predicted label: 6955 SCROLL_UP
> Predicted label: 6956 NONE
> Predicted label: 6957 NONE
> Predicted label: 6958 NONE
> Predicted label: 6959 NONE
> Predicted label: 6960 NONE
> Predicted label: 6961 NONE
> Predicted label: 6962 NONE
> Predicted label: 6963 NONE
> Predicted label: 6964 NONE
> Predicted label: 6965 NONE
> Predicted label: 6966 NONE
> Predicted label: 6967 NONE
> Predicted label: 6968 NONE
> Predicted label: 6969 SCROLL_UP
> Predicted label: 6970 SCROLL_UP
> Predicted label: 6971 SCROLL_UP
> Predicted label: 6972 SCROLL_UP
> Predicted label: 6973 SCROLL_UP
> Predicted label: 6974 SCROLL_UP
> Predicted label: 6975 SCROLL_UP
> Predicted label: 6976 SCROLL_UP
> Predicted label: 6977 SCROLL_UP
> Predicted label: 6978 SCROLL_UP
> Predicted label: 6979 SCROLL_UP
> Predicted label: 6980 SCROLL_UP
> Predicted label: 6981 NONE
> Predicted label: 6982 SCROLL_DOWN
> Predicted label: 6983 SCROLL_DOWN
> Predicted label: 6984 SCROLL_DOWN
> Predicted label: 6985 SCROLL_DOWN
> Predicted label: 6986 SCROLL_DOWN
> Predicted label: 6987 SCROLL_DOWN
> Predicted label: 6988 SCROLL_DOWN
> Predicted label: 6989 SCROLL_DOWN
> Predicted label: 6990 SCROLL_DOWN
> Predicted label: 6991 SCROLL_DOWN
> Predicted label: 6992 SCROLL_DOWN
> Predicted label: 6993 SCROLL_DOWN
> Predicted label: 6994 NONE
> Predicted label: 6995 SCROLL_UP
> Predicted label: 6996 SCROLL_UP
> Predicted label: 6997 SCROLL_UP
> Predicted label: 6998 SCROLL_UP
> Predicted label: 6999 SCROLL_UP
> Predicted label: 7000 SCROLL_UP
> Predicted label: 7001 SCROLL_UP
> Predicted label: 7002 SCROLL_UP
> Predicted label: 7003 SCROLL_UP
> Predicted label: 7004 SCROLL_UP
> Predicted label: 7005 SCROLL_UP
> Predicted label: 7006 SCROLL_UP
> Predicted label: 7007 NONE
> Predicted label: 7008 SCROLL_DOWN
> Predicted label: 7009 SCROLL_DOWN
> Predicted label: 7010 SCROLL_DOWN
> Predicted label: 7011 SCROLL_DOWN
> Predicted label: 7012 SCROLL_DOWN
> Predicted label: 7013 SCROLL_DOWN
> Predicted label: 7014 SCROLL_DOWN
> Predicted label: 7015 SCROLL_DOWN
> Predicted label: 7016 SCROLL_DOWN
> Predicted label: 7017 SCROLL_DOWN
> Predicted label: 7018 SCROLL_DOWN
> Predicted label: 7019 NONE
> Predicted label: 7020 SCROLL_UP
> Predicted label: 7021 SCROLL_UP
> Predicted label: 7022 SCROLL_UP
> Predicted label: 7023 SCROLL_UP
> Predicted label: 7024 SCROLL_UP
> Predicted label: 7025 SCROLL_UP
> Predicted label: 7026 SCROLL_UP
> Predicted label: 7027 SCROLL_UP
> Predicted label: 7028 SCROLL_UP
> Predicted label: 7029 SCROLL_UP
> Predicted label: 7030 SCROLL_UP
> Predicted label: 7031 NONE
> Predicted label: 7032 SCROLL_DOWN
> Predicted label: 7033 SCROLL_DOWN
> Predicted label: 7034 SCROLL_DOWN
> Predicted label: 7035 SCROLL_DOWN
> Predicted label: 7036 SCROLL_DOWN
> Predicted label: 7037 SCROLL_DOWN
> Predicted label: 7038 SCROLL_DOWN
> Predicted label: 7039 SCROLL_DOWN
> Predicted label: 7040 SCROLL_DOWN
> Predicted label: 7041 SCROLL_DOWN
> Predicted label: 7042 SCROLL_DOWN
> Predicted label: 7043 NONE
> Predicted label: 7044 SCROLL_UP
> Predicted label: 7045 SCROLL_UP
> Predicted label: 7046 SCROLL_UP
> Predicted label: 7047 SCROLL_UP
> Predicted label: 7048 SCROLL_UP
> Predicted label: 7049 SCROLL_UP
> Predicted label: 7050 SCROLL_UP
> Predicted label: 7051 SCROLL_UP
> Predicted label: 7052 SCROLL_UP
> Predicted label: 7053 SCROLL_UP
> Predicted label: 7054 SCROLL_UP
> Predicted label: 7055 NONE
> Predicted label: 7056 SCROLL_DOWN
> Predicted label: 7057 SCROLL_DOWN
> Predicted label: 7058 SCROLL_DOWN
> Predicted label: 7059 SCROLL_DOWN
> Predicted label: 7060 SCROLL_DOWN
> Predicted label: 7061 SCROLL_DOWN
> Predicted label: 7062 SCROLL_DOWN
> Predicted label: 7063 SCROLL_DOWN
> Predicted label: 7064 SCROLL_DOWN
> Predicted label: 7065 SCROLL_DOWN
> Predicted label: 7066 SCROLL_DOWN
> Predicted label: 7067 SCROLL_DOWN
> Predicted label: 7068 NONE
> Predicted label: 7069 NONE
> Predicted label: 7070 SCROLL_UP
> Predicted label: 7071 SCROLL_UP
> Predicted label: 7072 SCROLL_UP
> Predicted label: 7073 SCROLL_UP
> Predicted label: 7074 SCROLL_UP
> Predicted label: 7075 SCROLL_UP
> Predicted label: 7076 SCROLL_UP
> Predicted label: 7077 SCROLL_UP
> Predicted label: 7078 SCROLL_UP
> Predicted label: 7079 SCROLL_UP
> Predicted label: 7080 SCROLL_UP
> Predicted label: 7081 NONE
> Predicted label: 7082 NONE
> Predicted label: 7083 SCROLL_DOWN
> Predicted label: 7084 SCROLL_DOWN
> Predicted label: 7085 SCROLL_DOWN
> Predicted label: 7086 SCROLL_DOWN
> Predicted label: 7087 SCROLL_DOWN
> Predicted label: 7088 SCROLL_DOWN
> Predicted label: 7089 SCROLL_DOWN
> Predicted label: 7090 SCROLL_DOWN
> Predicted label: 7091 SCROLL_DOWN
> Predicted label: 7092 SCROLL_DOWN
> Predicted label: 7093 SCROLL_DOWN
> Predicted label: 7094 SCROLL_DOWN
> Predicted label: 7095 SCROLL_DOWN
> Predicted label: 7096 SCROLL_DOWN
> Predicted label: 7097 SCROLL_DOWN
> Predicted label: 7098 SCROLL_DOWN
> Predicted label: 7099 NONE
> Predicted label: 7100 NONE
> Predicted label: 7101 NONE
> Predicted label: 7102 NONE
> Predicted label: 7103 NONE
> Predicted label: 7104 NONE
> Predicted label: 7105 NONE
> Predicted label: 7106 NONE
> Predicted label: 11757 NONE
> Predicted label: 11758 NONE
> Predicted label: 11759 NONE
> Predicted label: 11760 NONE
> Predicted label: 11761 SCROLL_UP
> Predicted label: 11762 SCROLL_UP
> Predicted label: 11763 SCROLL_UP
> Predicted label: 11764 SCROLL_UP
> Predicted label: 11765 SCROLL_UP
> Predicted label: 11766 NONE
> Predicted label: 11767 NONE
> Predicted label: 11768 NONE
> Predicted label: 11769 NONE
> Predicted label: 11770 NONE
> Predicted label: 11771 NONE
> Predicted label: 11772 NONE
> Predicted label: 11773 NONE
> Predicted label: 11774 NONE
> Predicted label: 11775 NONE
> Predicted label: 11776 NONE
> Predicted label: 11777 NONE
> Predicted label: 11778 NONE
> Predicted label: 11779 NONE
> Predicted label: 11780 NONE
> Predicted label: 11781 NONE
> Predicted label: 11782 NONE
> Predicted label: 11783 NONE
> Predicted label: 11784 NONE
> Predicted label: 11785 NONE
> Predicted label: 11786 NONE
> Predicted label: 11787 NONE
> Predicted label: 11788 NONE
> Predicted label: 11789 NONE
> Predicted label: 11790 SCROLL_UP
> Predicted label: 11791 SCROLL_UP
> Predicted label: 11792 SCROLL_UP
> Predicted label: 11793 SCROLL_UP
> Predicted label: 11794 SCROLL_UP
> Predicted label: 11795 SCROLL_UP
> Predicted label: 11796 SCROLL_UP
> Predicted label: 11797 SCROLL_UP
> Predicted label: 11798 SCROLL_UP
> Predicted label: 11799 SCROLL_UP
> Predicted label: 11800 SCROLL_UP
> Predicted label: 11801 SCROLL_UP
> Predicted label: 11802 SCROLL_UP
> Predicted label: 11803 NONE
> Predicted label: 11804 SCROLL_DOWN
> Predicted label: 11805 SCROLL_DOWN
> Predicted label: 11806 SCROLL_DOWN
> Predicted label: 11807 SCROLL_DOWN
> Predicted label: 11808 SCROLL_DOWN
> Predicted label: 11809 SCROLL_DOWN
> Predicted label: 11810 SCROLL_DOWN
> Predicted label: 11811 SCROLL_DOWN
> Predicted label: 11812 SCROLL_DOWN
> Predicted label: 11813 SCROLL_DOWN
> Predicted label: 11814 SCROLL_DOWN
> Predicted label: 11815 SCROLL_DOWN
> Predicted label: 11816 SCROLL_DOWN
> Predicted label: 11817 NONE
> Predicted label: 11818 SCROLL_UP
> Predicted label: 11819 SCROLL_UP
> Predicted label: 11820 SCROLL_UP
> Predicted label: 11821 SCROLL_UP
> Predicted label: 11822 SCROLL_UP
> Predicted label: 11823 SCROLL_UP
> Predicted label: 11824 SCROLL_UP
> Predicted label: 11825 SCROLL_UP
> Predicted label: 11826 SCROLL_UP
> Predicted label: 11827 SCROLL_UP
> Predicted label: 11828 NONE
> Predicted label: 11829 SCROLL_DOWN
> Predicted label: 11830 SCROLL_DOWN
> Predicted label: 11831 SCROLL_DOWN
> Predicted label: 11832 SCROLL_DOWN
> Predicted label: 11833 SCROLL_DOWN
> Predicted label: 11834 SCROLL_DOWN
> Predicted label: 11835 SCROLL_DOWN
> Predicted label: 11836 SCROLL_DOWN
> Predicted label: 11837 SCROLL_DOWN
> Predicted label: 11838 SCROLL_DOWN
> Predicted label: 11839 SCROLL_DOWN
> Predicted label: 11840 SCROLL_DOWN
> Predicted label: 11841 SCROLL_DOWN
> Predicted label: 11842 SCROLL_DOWN
> Predicted label: 11843 NONE
> Predicted label: 11844 SCROLL_UP
> Predicted label: 11845 SCROLL_UP
> Predicted label: 11846 SCROLL_UP
> Predicted label: 11847 SCROLL_UP
> Predicted label: 11848 SCROLL_UP
> Predicted label: 11849 SCROLL_UP
> Predicted label: 11850 SCROLL_UP
> Predicted label: 11851 SCROLL_UP
> Predicted label: 11852 SCROLL_UP
> Predicted label: 11853 SCROLL_UP
> Predicted label: 11854 SCROLL_UP
> Predicted label: 11855 NONE
> Predicted label: 11856 SCROLL_DOWN
> Predicted label: 11857 SCROLL_DOWN
> Predicted label: 11858 SCROLL_DOWN
> Predicted label: 11859 SCROLL_DOWN
> Predicted label: 11860 SCROLL_DOWN
> Predicted label: 11861 SCROLL_DOWN
> Predicted label: 11862 SCROLL_DOWN
> Predicted label: 11863 SCROLL_DOWN
> Predicted label: 11864 SCROLL_DOWN
> Predicted label: 11865 SCROLL_DOWN
> Predicted label: 11866 SCROLL_DOWN
> Predicted label: 11867 SCROLL_DOWN
> Predicted label: 11868 NONE
> Predicted label: 11869 NONE
> Predicted label: 11870 SCROLL_UP
> Predicted label: 11871 SCROLL_UP
> Predicted label: 11872 SCROLL_UP
> Predicted label: 11873 SCROLL_UP
> Predicted label: 11874 SCROLL_UP
> Predicted label: 11875 SCROLL_UP
> Predicted label: 11876 SCROLL_UP
> Predicted label: 11877 SCROLL_UP
> Predicted label: 11878 SCROLL_UP
> Predicted label: 11879 SCROLL_UP
> Predicted label: 11880 SCROLL_UP
> Predicted label: 11881 NONE
> Predicted label: 11882 SCROLL_DOWN
> Predicted label: 11883 SCROLL_DOWN
> Predicted label: 11884 SCROLL_DOWN
> Predicted label: 11885 SCROLL_DOWN
> Predicted label: 11886 SCROLL_DOWN
> Predicted label: 11887 SCROLL_DOWN
> Predicted label: 11888 SCROLL_DOWN
> Predicted label: 11889 SCROLL_DOWN
> Predicted label: 11890 SCROLL_DOWN
> Predicted label: 11891 SCROLL_DOWN
> Predicted label: 11892 SCROLL_DOWN
> Predicted label: 11893 NONE
> Predicted label: 11894 NONE
> Predicted label: 11895 SCROLL_UP
> Predicted label: 11896 SCROLL_UP
> Predicted label: 11897 SCROLL_UP
> Predicted label: 11898 SCROLL_UP
> Predicted label: 11899 SCROLL_UP
> Predicted label: 11900 SCROLL_UP
> Predicted label: 11901 SCROLL_UP
> Predicted label: 11902 SCROLL_UP
> Predicted label: 11903 SCROLL_UP
> Predicted label: 11904 SCROLL_UP
> Predicted label: 11905 SCROLL_UP
> Predicted label: 11906 SCROLL_UP
> Predicted label: 11907 NONE
> Predicted label: 11908 NONE
> Predicted label: 11909 SCROLL_DOWN
> Predicted label: 11910 SCROLL_DOWN
> Predicted label: 11911 SCROLL_DOWN
> Predicted label: 11912 SCROLL_DOWN
> Predicted label: 11913 SCROLL_DOWN
> Predicted label: 11914 SCROLL_DOWN
> Predicted label: 11915 SCROLL_DOWN
> Predicted label: 11916 SCROLL_DOWN
> Predicted label: 11917 SCROLL_DOWN
> Predicted label: 11918 SCROLL_DOWN
> Predicted label: 11919 SCROLL_DOWN
> Predicted label: 11920 SCROLL_DOWN
> Predicted label: 11921 SCROLL_DOWN
> Predicted label: 11922 NONE
> Predicted label: 11923 NONE
> Predicted label: 11924 NONE
> Predicted label: 11925 NONE
> Predicted label: 11926 NONE
> Predicted label: 11927 NONE
> Predicted label: 11928 NONE
> Predicted label: 11929 SCROLL_UP
> Predicted label: 11930 SCROLL_UP
> Predicted label: 11931 SCROLL_UP
> Predicted label: 11932 SCROLL_UP
> Predicted label: 15933 SCROLL_UP
> Predicted label: 15934 SCROLL_UP
> Predicted label: 15935 SCROLL_UP
> Predicted label: 15936 NONE
> Predicted label: 15937 SCROLL_DOWN
> Predicted label: 15938 SCROLL_DOWN
> Predicted label: 15939 SCROLL_DOWN
> Predicted label: 15940 SCROLL_DOWN
> Predicted label: 15941 SCROLL_DOWN
> Predicted label: 15942 SCROLL_DOWN
> Predicted label: 15943 SCROLL_DOWN
> Predicted label: 15944 NONE
> Predicted label: 15945 NONE
> Predicted label: 15946 NONE
> Predicted label: 15947 SCROLL_UP
> Predicted label: 15948 SCROLL_UP
> Predicted label: 15949 SCROLL_UP
> Predicted label: 15950 SCROLL_UP
> Predicted label: 15951 SCROLL_UP
> Predicted label: 15952 SCROLL_UP
> Predicted label: 15953 SCROLL_UP
> Predicted label: 15954 SCROLL_UP
> Predicted label: 15955 SCROLL_UP
> Predicted label: 15956 SCROLL_UP
> Predicted label: 15957 NONE
> Predicted label: 15958 SCROLL_DOWN
> Predicted label: 15959 SCROLL_DOWN
> Predicted label: 15960 SCROLL_DOWN
> Predicted label: 15961 SCROLL_DOWN
> Predicted label: 15962 SCROLL_DOWN
> Predicted label: 15963 SCROLL_DOWN
> Predicted label: 15964 SCROLL_DOWN
> Predicted label: 15965 SCROLL_DOWN
> Predicted label: 15966 SCROLL_DOWN
> Predicted label: 15967 NONE
> Predicted label: 15968 SCROLL_UP
> Predicted label: 15969 SCROLL_UP
> Predicted label: 15970 SCROLL_UP
> Predicted label: 15971 SCROLL_UP
> Predicted label: 15972 SCROLL_UP
> Predicted label: 15973 SCROLL_UP
> Predicted label: 15974 SCROLL_UP
> Predicted label: 15975 SCROLL_UP
> Predicted label: 15976 SCROLL_UP
> Predicted label: 15977 NONE
> Predicted label: 15978 SCROLL_DOWN
> Predicted label: 15979 SCROLL_DOWN
> Predicted label: 15980 SCROLL_DOWN
> Predicted label: 15981 SCROLL_DOWN
> Predicted label: 15982 SCROLL_DOWN
> Predicted label: 15983 SCROLL_DOWN
> Predicted label: 15984 SCROLL_DOWN
> Predicted label: 15985 SCROLL_DOWN
> Predicted label: 15986 SCROLL_DOWN
> Predicted label: 15987 SCROLL_DOWN
> Predicted label: 15988 NONE
> Predicted label: 15989 SCROLL_UP
> Predicted label: 15990 SCROLL_UP
> Predicted label: 15991 SCROLL_UP
> Predicted label: 15992 SCROLL_UP
> Predicted label: 15993 SCROLL_UP
> Predicted label: 15994 SCROLL_UP
> Predicted label: 15995 SCROLL_UP
> Predicted label: 15996 SCROLL_UP
> Predicted label: 15997 SCROLL_UP
> Predicted label: 15998 SCROLL_UP
> Predicted label: 15999 SCROLL_UP
> Predicted label: 16000 NONE
> Predicted label: 16001 NONE
> Predicted label: 16002 SCROLL_DOWN
> Predicted label: 16003 SCROLL_DOWN
> Predicted label: 16004 SCROLL_DOWN
> Predicted label: 16005 SCROLL_DOWN
> Predicted label: 16006 SCROLL_DOWN
> Predicted label: 16007 SCROLL_DOWN
> Predicted label: 16008 SCROLL_DOWN
> Predicted label: 16009 SCROLL_DOWN
> Predicted label: 16010 SCROLL_DOWN
> Predicted label: 16011 SCROLL_DOWN
> Predicted label: 16012 NONE
> Predicted label: 16013 SCROLL_UP
> Predicted label: 16014 SCROLL_UP
> Predicted label: 16015 SCROLL_UP
> Predicted label: 16016 SCROLL_UP
> Predicted label: 16017 SCROLL_UP
> Predicted label: 16018 SCROLL_UP
> Predicted label: 16019 SCROLL_UP
> Predicted label: 16020 SCROLL_UP
> Predicted label: 16021 SCROLL_UP
> Predicted label: 16022 SCROLL_UP
> Predicted label: 16023 SCROLL_UP
> Predicted label: 16024 NONE
- Skipping task: MENU_NAVIGATION (no trained model found)
- Skipping task: DRAGGING (no trained model found)
- Skipping task: POINT_N_CLICK (no trained model found)
