Start training model for task BA_LEFT_CLICK: Mon Nov 17 14:24:03 2025
Labels = tensor([0, 1, 2])
Using device: cpu
Train size: 265, Val size: 67
Confusion Matrix:
[[41  0  0]
 [13  0  0]
 [13  0  0]]
Classification Report:
              precision    recall  f1-score   support

           0       0.61      1.00      0.76        41
           1       0.00      0.00      0.00        13
           2       0.00      0.00      0.00        13

    accuracy                           0.61        67
   macro avg       0.20      0.33      0.25        67
weighted avg       0.37      0.61      0.46        67

[Epoch 1/100] Train Loss: 1.8997 Acc: 0.2000 | Val Loss: 1.7558 Acc: 0.6119
Confusion Matrix:
[[41  0  0]
 [13  0  0]
 [13  0  0]]
Classification Report:
              precision    recall  f1-score   support

           0       0.61      1.00      0.76        41
           1       0.00      0.00      0.00        13
           2       0.00      0.00      0.00        13

    accuracy                           0.61        67
   macro avg       0.20      0.33      0.25        67
weighted avg       0.37      0.61      0.46        67

[Epoch 2/100] Train Loss: 1.6105 Acc: 0.6453 | Val Loss: 1.3657 Acc: 0.6119
Confusion Matrix:
[[41  0  0]
 [13  0  0]
 [13  0  0]]
Classification Report:
              precision    recall  f1-score   support

           0       0.61      1.00      0.76        41
           1       0.00      0.00      0.00        13
           2       0.00      0.00      0.00        13

    accuracy                           0.61        67
   macro avg       0.20      0.33      0.25        67
weighted avg       0.37      0.61      0.46        67

[Epoch 3/100] Train Loss: 1.1697 Acc: 0.6453 | Val Loss: 1.0717 Acc: 0.6119
Confusion Matrix:
[[41  0  0]
 [13  0  0]
 [13  0  0]]
Classification Report:
              precision    recall  f1-score   support

           0       0.61      1.00      0.76        41
           1       0.00      0.00      0.00        13
           2       0.00      0.00      0.00        13

    accuracy                           0.61        67
   macro avg       0.20      0.33      0.25        67
weighted avg       0.37      0.61      0.46        67

[Epoch 4/100] Train Loss: 0.9931 Acc: 0.6453 | Val Loss: 1.0068 Acc: 0.6119
Confusion Matrix:
[[41  0  0]
 [13  0  0]
 [13  0  0]]
Classification Report:
              precision    recall  f1-score   support

           0       0.61      1.00      0.76        41
           1       0.00      0.00      0.00        13
           2       0.00      0.00      0.00        13

    accuracy                           0.61        67
   macro avg       0.20      0.33      0.25        67
weighted avg       0.37      0.61      0.46        67

[Epoch 5/100] Train Loss: 0.9284 Acc: 0.6453 | Val Loss: 0.9594 Acc: 0.6119
Confusion Matrix:
[[41  0  0]
 [13  0  0]
 [13  0  0]]
Classification Report:
              precision    recall  f1-score   support

           0       0.61      1.00      0.76        41
           1       0.00      0.00      0.00        13
           2       0.00      0.00      0.00        13

    accuracy                           0.61        67
   macro avg       0.20      0.33      0.25        67
weighted avg       0.37      0.61      0.46        67

[Epoch 6/100] Train Loss: 0.9221 Acc: 0.6453 | Val Loss: 0.9544 Acc: 0.6119
Confusion Matrix:
[[41  0  0]
 [13  0  0]
 [13  0  0]]
Classification Report:
              precision    recall  f1-score   support

           0       0.61      1.00      0.76        41
           1       0.00      0.00      0.00        13
           2       0.00      0.00      0.00        13

    accuracy                           0.61        67
   macro avg       0.20      0.33      0.25        67
weighted avg       0.37      0.61      0.46        67

[Epoch 7/100] Train Loss: 0.9226 Acc: 0.6453 | Val Loss: 0.9644 Acc: 0.6119
Confusion Matrix:
[[41  0  0]
 [13  0  0]
 [13  0  0]]
Classification Report:
              precision    recall  f1-score   support

           0       0.61      1.00      0.76        41
           1       0.00      0.00      0.00        13
           2       0.00      0.00      0.00        13

    accuracy                           0.61        67
   macro avg       0.20      0.33      0.25        67
weighted avg       0.37      0.61      0.46        67

[Epoch 8/100] Train Loss: 0.9213 Acc: 0.6453 | Val Loss: 0.9541 Acc: 0.6119
Confusion Matrix:
[[41  0  0]
 [13  0  0]
 [13  0  0]]
Classification Report:
              precision    recall  f1-score   support

           0       0.61      1.00      0.76        41
           1       0.00      0.00      0.00        13
           2       0.00      0.00      0.00        13

    accuracy                           0.61        67
   macro avg       0.20      0.33      0.25        67
weighted avg       0.37      0.61      0.46        67

[Epoch 9/100] Train Loss: 0.9150 Acc: 0.6453 | Val Loss: 0.9515 Acc: 0.6119
Confusion Matrix:
[[41  0  0]
 [13  0  0]
 [13  0  0]]
Classification Report:
              precision    recall  f1-score   support

           0       0.61      1.00      0.76        41
           1       0.00      0.00      0.00        13
           2       0.00      0.00      0.00        13

    accuracy                           0.61        67
   macro avg       0.20      0.33      0.25        67
weighted avg       0.37      0.61      0.46        67

[Epoch 10/100] Train Loss: 0.9120 Acc: 0.6453 | Val Loss: 0.9555 Acc: 0.6119
Confusion Matrix:
[[41  0  0]
 [13  0  0]
 [13  0  0]]
Classification Report:
              precision    recall  f1-score   support

           0       0.61      1.00      0.76        41
           1       0.00      0.00      0.00        13
           2       0.00      0.00      0.00        13

    accuracy                           0.61        67
   macro avg       0.20      0.33      0.25        67
weighted avg       0.37      0.61      0.46        67

[Epoch 11/100] Train Loss: 0.9104 Acc: 0.6453 | Val Loss: 0.9564 Acc: 0.6119
Confusion Matrix:
[[41  0  0]
 [13  0  0]
 [13  0  0]]
Classification Report:
              precision    recall  f1-score   support

           0       0.61      1.00      0.76        41
           1       0.00      0.00      0.00        13
           2       0.00      0.00      0.00        13

    accuracy                           0.61        67
   macro avg       0.20      0.33      0.25        67
weighted avg       0.37      0.61      0.46        67

[Epoch 12/100] Train Loss: 0.9110 Acc: 0.6453 | Val Loss: 0.9478 Acc: 0.6119
Confusion Matrix:
[[41  0  0]
 [13  0  0]
 [13  0  0]]
Classification Report:
              precision    recall  f1-score   support

           0       0.61      1.00      0.76        41
           1       0.00      0.00      0.00        13
           2       0.00      0.00      0.00        13

    accuracy                           0.61        67
   macro avg       0.20      0.33      0.25        67
weighted avg       0.37      0.61      0.46        67

[Epoch 13/100] Train Loss: 0.9122 Acc: 0.6453 | Val Loss: 0.9511 Acc: 0.6119
Confusion Matrix:
[[41  0  0]
 [13  0  0]
 [13  0  0]]
Classification Report:
              precision    recall  f1-score   support

           0       0.61      1.00      0.76        41
           1       0.00      0.00      0.00        13
           2       0.00      0.00      0.00        13

    accuracy                           0.61        67
   macro avg       0.20      0.33      0.25        67
weighted avg       0.37      0.61      0.46        67

[Epoch 14/100] Train Loss: 0.9138 Acc: 0.6453 | Val Loss: 0.9649 Acc: 0.6119
Confusion Matrix:
[[41  0  0]
 [13  0  0]
 [13  0  0]]
Classification Report:
              precision    recall  f1-score   support

           0       0.61      1.00      0.76        41
           1       0.00      0.00      0.00        13
           2       0.00      0.00      0.00        13

    accuracy                           0.61        67
   macro avg       0.20      0.33      0.25        67
weighted avg       0.37      0.61      0.46        67

[Epoch 15/100] Train Loss: 0.9120 Acc: 0.6453 | Val Loss: 0.9465 Acc: 0.6119
Confusion Matrix:
[[41  0  0]
 [13  0  0]
 [13  0  0]]
Classification Report:
              precision    recall  f1-score   support

           0       0.61      1.00      0.76        41
           1       0.00      0.00      0.00        13
           2       0.00      0.00      0.00        13

    accuracy                           0.61        67
   macro avg       0.20      0.33      0.25        67
weighted avg       0.37      0.61      0.46        67

[Epoch 16/100] Train Loss: 0.9121 Acc: 0.6453 | Val Loss: 0.9511 Acc: 0.6119
Confusion Matrix:
[[41  0  0]
 [13  0  0]
 [13  0  0]]
Classification Report:
              precision    recall  f1-score   support

           0       0.61      1.00      0.76        41
           1       0.00      0.00      0.00        13
           2       0.00      0.00      0.00        13

    accuracy                           0.61        67
   macro avg       0.20      0.33      0.25        67
weighted avg       0.37      0.61      0.46        67

[Epoch 17/100] Train Loss: 0.9112 Acc: 0.6453 | Val Loss: 0.9493 Acc: 0.6119
Confusion Matrix:
[[41  0  0]
 [13  0  0]
 [13  0  0]]
Classification Report:
              precision    recall  f1-score   support

           0       0.61      1.00      0.76        41
           1       0.00      0.00      0.00        13
           2       0.00      0.00      0.00        13

    accuracy                           0.61        67
   macro avg       0.20      0.33      0.25        67
weighted avg       0.37      0.61      0.46        67

[Epoch 18/100] Train Loss: 0.9078 Acc: 0.6453 | Val Loss: 0.9472 Acc: 0.6119
Confusion Matrix:
[[41  0  0]
 [13  0  0]
 [13  0  0]]
Classification Report:
              precision    recall  f1-score   support

           0       0.61      1.00      0.76        41
           1       0.00      0.00      0.00        13
           2       0.00      0.00      0.00        13

    accuracy                           0.61        67
   macro avg       0.20      0.33      0.25        67
weighted avg       0.37      0.61      0.46        67

[Epoch 19/100] Train Loss: 0.9086 Acc: 0.6453 | Val Loss: 0.9479 Acc: 0.6119
Confusion Matrix:
[[41  0  0]
 [13  0  0]
 [13  0  0]]
Classification Report:
              precision    recall  f1-score   support

           0       0.61      1.00      0.76        41
           1       0.00      0.00      0.00        13
           2       0.00      0.00      0.00        13

    accuracy                           0.61        67
   macro avg       0.20      0.33      0.25        67
weighted avg       0.37      0.61      0.46        67

[Epoch 20/100] Train Loss: 0.9112 Acc: 0.6453 | Val Loss: 0.9488 Acc: 0.6119
Confusion Matrix:
[[41  0  0]
 [13  0  0]
 [13  0  0]]
Classification Report:
              precision    recall  f1-score   support

           0       0.61      1.00      0.76        41
           1       0.00      0.00      0.00        13
           2       0.00      0.00      0.00        13

    accuracy                           0.61        67
   macro avg       0.20      0.33      0.25        67
weighted avg       0.37      0.61      0.46        67

[Epoch 21/100] Train Loss: 0.9088 Acc: 0.6453 | Val Loss: 0.9439 Acc: 0.6119
Confusion Matrix:
[[41  0  0]
 [13  0  0]
 [13  0  0]]
Classification Report:
              precision    recall  f1-score   support

           0       0.61      1.00      0.76        41
           1       0.00      0.00      0.00        13
           2       0.00      0.00      0.00        13

    accuracy                           0.61        67
   macro avg       0.20      0.33      0.25        67
weighted avg       0.37      0.61      0.46        67

[Epoch 22/100] Train Loss: 0.9062 Acc: 0.6453 | Val Loss: 0.9477 Acc: 0.6119
Confusion Matrix:
[[41  0  0]
 [13  0  0]
 [13  0  0]]
Classification Report:
              precision    recall  f1-score   support

           0       0.61      1.00      0.76        41
           1       0.00      0.00      0.00        13
           2       0.00      0.00      0.00        13

    accuracy                           0.61        67
   macro avg       0.20      0.33      0.25        67
weighted avg       0.37      0.61      0.46        67

[Epoch 23/100] Train Loss: 0.9090 Acc: 0.6453 | Val Loss: 0.9488 Acc: 0.6119
Confusion Matrix:
[[41  0  0]
 [13  0  0]
 [13  0  0]]
Classification Report:
              precision    recall  f1-score   support

           0       0.61      1.00      0.76        41
           1       0.00      0.00      0.00        13
           2       0.00      0.00      0.00        13

    accuracy                           0.61        67
   macro avg       0.20      0.33      0.25        67
weighted avg       0.37      0.61      0.46        67

[Epoch 24/100] Train Loss: 0.9053 Acc: 0.6453 | Val Loss: 0.9441 Acc: 0.6119
Confusion Matrix:
[[41  0  0]
 [13  0  0]
 [13  0  0]]
Classification Report:
              precision    recall  f1-score   support

           0       0.61      1.00      0.76        41
           1       0.00      0.00      0.00        13
           2       0.00      0.00      0.00        13

    accuracy                           0.61        67
   macro avg       0.20      0.33      0.25        67
weighted avg       0.37      0.61      0.46        67

[Epoch 25/100] Train Loss: 0.9049 Acc: 0.6453 | Val Loss: 0.9496 Acc: 0.6119
Confusion Matrix:
[[41  0  0]
 [13  0  0]
 [13  0  0]]
Classification Report:
              precision    recall  f1-score   support

           0       0.61      1.00      0.76        41
           1       0.00      0.00      0.00        13
           2       0.00      0.00      0.00        13

    accuracy                           0.61        67
   macro avg       0.20      0.33      0.25        67
weighted avg       0.37      0.61      0.46        67

[Epoch 26/100] Train Loss: 0.9129 Acc: 0.6453 | Val Loss: 0.9505 Acc: 0.6119
Confusion Matrix:
[[41  0  0]
 [13  0  0]
 [13  0  0]]
Classification Report:
              precision    recall  f1-score   support

           0       0.61      1.00      0.76        41
           1       0.00      0.00      0.00        13
           2       0.00      0.00      0.00        13

    accuracy                           0.61        67
   macro avg       0.20      0.33      0.25        67
weighted avg       0.37      0.61      0.46        67

[Epoch 27/100] Train Loss: 0.9048 Acc: 0.6453 | Val Loss: 0.9423 Acc: 0.6119
Confusion Matrix:
[[41  0  0]
 [13  0  0]
 [13  0  0]]
Classification Report:
              precision    recall  f1-score   support

           0       0.61      1.00      0.76        41
           1       0.00      0.00      0.00        13
           2       0.00      0.00      0.00        13

    accuracy                           0.61        67
   macro avg       0.20      0.33      0.25        67
weighted avg       0.37      0.61      0.46        67

[Epoch 28/100] Train Loss: 0.9014 Acc: 0.6453 | Val Loss: 0.9407 Acc: 0.6119
Confusion Matrix:
[[41  0  0]
 [13  0  0]
 [13  0  0]]
Classification Report:
              precision    recall  f1-score   support

           0       0.61      1.00      0.76        41
           1       0.00      0.00      0.00        13
           2       0.00      0.00      0.00        13

    accuracy                           0.61        67
   macro avg       0.20      0.33      0.25        67
weighted avg       0.37      0.61      0.46        67

[Epoch 29/100] Train Loss: 0.9015 Acc: 0.6453 | Val Loss: 0.9423 Acc: 0.6119
Confusion Matrix:
[[41  0  0]
 [13  0  0]
 [13  0  0]]
Classification Report:
              precision    recall  f1-score   support

           0       0.61      1.00      0.76        41
           1       0.00      0.00      0.00        13
           2       0.00      0.00      0.00        13

    accuracy                           0.61        67
   macro avg       0.20      0.33      0.25        67
weighted avg       0.37      0.61      0.46        67

[Epoch 30/100] Train Loss: 0.8994 Acc: 0.6453 | Val Loss: 0.9397 Acc: 0.6119
Confusion Matrix:
[[41  0  0]
 [13  0  0]
 [13  0  0]]
Classification Report:
              precision    recall  f1-score   support

           0       0.61      1.00      0.76        41
           1       0.00      0.00      0.00        13
           2       0.00      0.00      0.00        13

    accuracy                           0.61        67
   macro avg       0.20      0.33      0.25        67
weighted avg       0.37      0.61      0.46        67

[Epoch 31/100] Train Loss: 0.8983 Acc: 0.6453 | Val Loss: 0.9432 Acc: 0.6119
Confusion Matrix:
[[41  0  0]
 [13  0  0]
 [13  0  0]]
Classification Report:
              precision    recall  f1-score   support

           0       0.61      1.00      0.76        41
           1       0.00      0.00      0.00        13
           2       0.00      0.00      0.00        13

    accuracy                           0.61        67
   macro avg       0.20      0.33      0.25        67
weighted avg       0.37      0.61      0.46        67

[Epoch 32/100] Train Loss: 0.8997 Acc: 0.6453 | Val Loss: 0.9377 Acc: 0.6119
Confusion Matrix:
[[41  0  0]
 [13  0  0]
 [13  0  0]]
Classification Report:
              precision    recall  f1-score   support

           0       0.61      1.00      0.76        41
           1       0.00      0.00      0.00        13
           2       0.00      0.00      0.00        13

    accuracy                           0.61        67
   macro avg       0.20      0.33      0.25        67
weighted avg       0.37      0.61      0.46        67

[Epoch 33/100] Train Loss: 0.9034 Acc: 0.6453 | Val Loss: 0.9434 Acc: 0.6119
Confusion Matrix:
[[41  0  0]
 [13  0  0]
 [13  0  0]]
Classification Report:
              precision    recall  f1-score   support

           0       0.61      1.00      0.76        41
           1       0.00      0.00      0.00        13
           2       0.00      0.00      0.00        13

    accuracy                           0.61        67
   macro avg       0.20      0.33      0.25        67
weighted avg       0.37      0.61      0.46        67

[Epoch 34/100] Train Loss: 0.9014 Acc: 0.6453 | Val Loss: 0.9361 Acc: 0.6119
Confusion Matrix:
[[41  0  0]
 [13  0  0]
 [13  0  0]]
Classification Report:
              precision    recall  f1-score   support

           0       0.61      1.00      0.76        41
           1       0.00      0.00      0.00        13
           2       0.00      0.00      0.00        13

    accuracy                           0.61        67
   macro avg       0.20      0.33      0.25        67
weighted avg       0.37      0.61      0.46        67

[Epoch 35/100] Train Loss: 0.8983 Acc: 0.6453 | Val Loss: 0.9362 Acc: 0.6119
Confusion Matrix:
[[41  0  0]
 [13  0  0]
 [13  0  0]]
Classification Report:
              precision    recall  f1-score   support

           0       0.61      1.00      0.76        41
           1       0.00      0.00      0.00        13
           2       0.00      0.00      0.00        13

    accuracy                           0.61        67
   macro avg       0.20      0.33      0.25        67
weighted avg       0.37      0.61      0.46        67

[Epoch 36/100] Train Loss: 0.8980 Acc: 0.6453 | Val Loss: 0.9349 Acc: 0.6119
Confusion Matrix:
[[41  0  0]
 [13  0  0]
 [13  0  0]]
Classification Report:
              precision    recall  f1-score   support

           0       0.61      1.00      0.76        41
           1       0.00      0.00      0.00        13
           2       0.00      0.00      0.00        13

    accuracy                           0.61        67
   macro avg       0.20      0.33      0.25        67
weighted avg       0.37      0.61      0.46        67

[Epoch 37/100] Train Loss: 0.8972 Acc: 0.6453 | Val Loss: 0.9323 Acc: 0.6119
Confusion Matrix:
[[41  0  0]
 [13  0  0]
 [13  0  0]]
Classification Report:
              precision    recall  f1-score   support

           0       0.61      1.00      0.76        41
           1       0.00      0.00      0.00        13
           2       0.00      0.00      0.00        13

    accuracy                           0.61        67
   macro avg       0.20      0.33      0.25        67
weighted avg       0.37      0.61      0.46        67

[Epoch 38/100] Train Loss: 0.8976 Acc: 0.6453 | Val Loss: 0.9343 Acc: 0.6119
Confusion Matrix:
[[41  0  0]
 [13  0  0]
 [13  0  0]]
Classification Report:
              precision    recall  f1-score   support

           0       0.61      1.00      0.76        41
           1       0.00      0.00      0.00        13
           2       0.00      0.00      0.00        13

    accuracy                           0.61        67
   macro avg       0.20      0.33      0.25        67
weighted avg       0.37      0.61      0.46        67

[Epoch 39/100] Train Loss: 0.9020 Acc: 0.6453 | Val Loss: 0.9297 Acc: 0.6119
Confusion Matrix:
[[41  0  0]
 [13  0  0]
 [13  0  0]]
Classification Report:
              precision    recall  f1-score   support

           0       0.61      1.00      0.76        41
           1       0.00      0.00      0.00        13
           2       0.00      0.00      0.00        13

    accuracy                           0.61        67
   macro avg       0.20      0.33      0.25        67
weighted avg       0.37      0.61      0.46        67

[Epoch 40/100] Train Loss: 0.9081 Acc: 0.6453 | Val Loss: 0.9419 Acc: 0.6119
Confusion Matrix:
[[41  0  0]
 [13  0  0]
 [13  0  0]]
Classification Report:
              precision    recall  f1-score   support

           0       0.61      1.00      0.76        41
           1       0.00      0.00      0.00        13
           2       0.00      0.00      0.00        13

    accuracy                           0.61        67
   macro avg       0.20      0.33      0.25        67
weighted avg       0.37      0.61      0.46        67

[Epoch 41/100] Train Loss: 0.9009 Acc: 0.6453 | Val Loss: 0.9308 Acc: 0.6119
Confusion Matrix:
[[41  0  0]
 [13  0  0]
 [13  0  0]]
Classification Report:
              precision    recall  f1-score   support

           0       0.61      1.00      0.76        41
           1       0.00      0.00      0.00        13
           2       0.00      0.00      0.00        13

    accuracy                           0.61        67
   macro avg       0.20      0.33      0.25        67
weighted avg       0.37      0.61      0.46        67

[Epoch 42/100] Train Loss: 0.9003 Acc: 0.6453 | Val Loss: 0.9342 Acc: 0.6119
Confusion Matrix:
[[41  0  0]
 [13  0  0]
 [13  0  0]]
Classification Report:
              precision    recall  f1-score   support

           0       0.61      1.00      0.76        41
           1       0.00      0.00      0.00        13
           2       0.00      0.00      0.00        13

    accuracy                           0.61        67
   macro avg       0.20      0.33      0.25        67
weighted avg       0.37      0.61      0.46        67

[Epoch 43/100] Train Loss: 0.8904 Acc: 0.6453 | Val Loss: 0.9256 Acc: 0.6119
Confusion Matrix:
[[41  0  0]
 [13  0  0]
 [13  0  0]]
Classification Report:
              precision    recall  f1-score   support

           0       0.61      1.00      0.76        41
           1       0.00      0.00      0.00        13
           2       0.00      0.00      0.00        13

    accuracy                           0.61        67
   macro avg       0.20      0.33      0.25        67
weighted avg       0.37      0.61      0.46        67

[Epoch 44/100] Train Loss: 0.8901 Acc: 0.6453 | Val Loss: 0.9265 Acc: 0.6119
Confusion Matrix:
[[41  0  0]
 [13  0  0]
 [13  0  0]]
Classification Report:
              precision    recall  f1-score   support

           0       0.61      1.00      0.76        41
           1       0.00      0.00      0.00        13
           2       0.00      0.00      0.00        13

    accuracy                           0.61        67
   macro avg       0.20      0.33      0.25        67
weighted avg       0.37      0.61      0.46        67

[Epoch 45/100] Train Loss: 0.8903 Acc: 0.6453 | Val Loss: 0.9229 Acc: 0.6119
Confusion Matrix:
[[41  0  0]
 [13  0  0]
 [13  0  0]]
Classification Report:
              precision    recall  f1-score   support

           0       0.61      1.00      0.76        41
           1       0.00      0.00      0.00        13
           2       0.00      0.00      0.00        13

    accuracy                           0.61        67
   macro avg       0.20      0.33      0.25        67
weighted avg       0.37      0.61      0.46        67

[Epoch 46/100] Train Loss: 0.8875 Acc: 0.6453 | Val Loss: 0.9213 Acc: 0.6119
Confusion Matrix:
[[41  0  0]
 [13  0  0]
 [13  0  0]]
Classification Report:
              precision    recall  f1-score   support

           0       0.61      1.00      0.76        41
           1       0.00      0.00      0.00        13
           2       0.00      0.00      0.00        13

    accuracy                           0.61        67
   macro avg       0.20      0.33      0.25        67
weighted avg       0.37      0.61      0.46        67

[Epoch 47/100] Train Loss: 0.8945 Acc: 0.6453 | Val Loss: 0.9311 Acc: 0.6119
Confusion Matrix:
[[41  0  0]
 [13  0  0]
 [13  0  0]]
Classification Report:
              precision    recall  f1-score   support

           0       0.61      1.00      0.76        41
           1       0.00      0.00      0.00        13
           2       0.00      0.00      0.00        13

    accuracy                           0.61        67
   macro avg       0.20      0.33      0.25        67
weighted avg       0.37      0.61      0.46        67

[Epoch 48/100] Train Loss: 0.8882 Acc: 0.6453 | Val Loss: 0.9184 Acc: 0.6119
Confusion Matrix:
[[41  0  0]
 [13  0  0]
 [13  0  0]]
Classification Report:
              precision    recall  f1-score   support

           0       0.61      1.00      0.76        41
           1       0.00      0.00      0.00        13
           2       0.00      0.00      0.00        13

    accuracy                           0.61        67
   macro avg       0.20      0.33      0.25        67
weighted avg       0.37      0.61      0.46        67

[Epoch 49/100] Train Loss: 0.8950 Acc: 0.6453 | Val Loss: 0.9162 Acc: 0.6119
Confusion Matrix:
[[41  0  0]
 [13  0  0]
 [13  0  0]]
Classification Report:
              precision    recall  f1-score   support

           0       0.61      1.00      0.76        41
           1       0.00      0.00      0.00        13
           2       0.00      0.00      0.00        13

    accuracy                           0.61        67
   macro avg       0.20      0.33      0.25        67
weighted avg       0.37      0.61      0.46        67

[Epoch 50/100] Train Loss: 0.8896 Acc: 0.6453 | Val Loss: 0.9282 Acc: 0.6119
Confusion Matrix:
[[41  0  0]
 [13  0  0]
 [13  0  0]]
Classification Report:
              precision    recall  f1-score   support

           0       0.61      1.00      0.76        41
           1       0.00      0.00      0.00        13
           2       0.00      0.00      0.00        13

    accuracy                           0.61        67
   macro avg       0.20      0.33      0.25        67
weighted avg       0.37      0.61      0.46        67

[Epoch 51/100] Train Loss: 0.8842 Acc: 0.6453 | Val Loss: 0.9121 Acc: 0.6119
Confusion Matrix:
[[41  0  0]
 [13  0  0]
 [13  0  0]]
Classification Report:
              precision    recall  f1-score   support

           0       0.61      1.00      0.76        41
           1       0.00      0.00      0.00        13
           2       0.00      0.00      0.00        13

    accuracy                           0.61        67
   macro avg       0.20      0.33      0.25        67
weighted avg       0.37      0.61      0.46        67

[Epoch 52/100] Train Loss: 0.8856 Acc: 0.6453 | Val Loss: 0.9224 Acc: 0.6119
Confusion Matrix:
[[41  0  0]
 [13  0  0]
 [13  0  0]]
Classification Report:
              precision    recall  f1-score   support

           0       0.61      1.00      0.76        41
           1       0.00      0.00      0.00        13
           2       0.00      0.00      0.00        13

    accuracy                           0.61        67
   macro avg       0.20      0.33      0.25        67
weighted avg       0.37      0.61      0.46        67

[Epoch 53/100] Train Loss: 0.8689 Acc: 0.6453 | Val Loss: 0.9089 Acc: 0.6119
Confusion Matrix:
[[41  0  0]
 [13  0  0]
 [13  0  0]]
Classification Report:
              precision    recall  f1-score   support

           0       0.61      1.00      0.76        41
           1       0.00      0.00      0.00        13
           2       0.00      0.00      0.00        13

    accuracy                           0.61        67
   macro avg       0.20      0.33      0.25        67
weighted avg       0.37      0.61      0.46        67

[Epoch 54/100] Train Loss: 0.8902 Acc: 0.6453 | Val Loss: 0.9070 Acc: 0.6119
Confusion Matrix:
[[41  0  0]
 [13  0  0]
 [13  0  0]]
Classification Report:
              precision    recall  f1-score   support

           0       0.61      1.00      0.76        41
           1       0.00      0.00      0.00        13
           2       0.00      0.00      0.00        13

    accuracy                           0.61        67
   macro avg       0.20      0.33      0.25        67
weighted avg       0.37      0.61      0.46        67

[Epoch 55/100] Train Loss: 0.8747 Acc: 0.6453 | Val Loss: 0.9193 Acc: 0.6119
Confusion Matrix:
[[41  0  0]
 [13  0  0]
 [13  0  0]]
Classification Report:
              precision    recall  f1-score   support

           0       0.61      1.00      0.76        41
           1       0.00      0.00      0.00        13
           2       0.00      0.00      0.00        13

    accuracy                           0.61        67
   macro avg       0.20      0.33      0.25        67
weighted avg       0.37      0.61      0.46        67

[Epoch 56/100] Train Loss: 0.8745 Acc: 0.6453 | Val Loss: 0.9015 Acc: 0.6119
Confusion Matrix:
[[41  0  0]
 [13  0  0]
 [13  0  0]]
Classification Report:
              precision    recall  f1-score   support

           0       0.61      1.00      0.76        41
           1       0.00      0.00      0.00        13
           2       0.00      0.00      0.00        13

    accuracy                           0.61        67
   macro avg       0.20      0.33      0.25        67
weighted avg       0.37      0.61      0.46        67

[Epoch 57/100] Train Loss: 0.8699 Acc: 0.6453 | Val Loss: 0.9035 Acc: 0.6119
Confusion Matrix:
[[41  0  0]
 [13  0  0]
 [13  0  0]]
Classification Report:
              precision    recall  f1-score   support

           0       0.61      1.00      0.76        41
           1       0.00      0.00      0.00        13
           2       0.00      0.00      0.00        13

    accuracy                           0.61        67
   macro avg       0.20      0.33      0.25        67
weighted avg       0.37      0.61      0.46        67

[Epoch 58/100] Train Loss: 0.8688 Acc: 0.6453 | Val Loss: 0.8982 Acc: 0.6119
Confusion Matrix:
[[41  0  0]
 [13  0  0]
 [13  0  0]]
Classification Report:
              precision    recall  f1-score   support

           0       0.61      1.00      0.76        41
           1       0.00      0.00      0.00        13
           2       0.00      0.00      0.00        13

    accuracy                           0.61        67
   macro avg       0.20      0.33      0.25        67
weighted avg       0.37      0.61      0.46        67

[Epoch 59/100] Train Loss: 0.8657 Acc: 0.6453 | Val Loss: 0.8926 Acc: 0.6119
Confusion Matrix:
[[41  0  0]
 [13  0  0]
 [13  0  0]]
Classification Report:
              precision    recall  f1-score   support

           0       0.61      1.00      0.76        41
           1       0.00      0.00      0.00        13
           2       0.00      0.00      0.00        13

    accuracy                           0.61        67
   macro avg       0.20      0.33      0.25        67
weighted avg       0.37      0.61      0.46        67

[Epoch 60/100] Train Loss: 0.8641 Acc: 0.6453 | Val Loss: 0.8920 Acc: 0.6119
Confusion Matrix:
[[41  0  0]
 [13  0  0]
 [13  0  0]]
Classification Report:
              precision    recall  f1-score   support

           0       0.61      1.00      0.76        41
           1       0.00      0.00      0.00        13
           2       0.00      0.00      0.00        13

    accuracy                           0.61        67
   macro avg       0.20      0.33      0.25        67
weighted avg       0.37      0.61      0.46        67

[Epoch 61/100] Train Loss: 0.8648 Acc: 0.6453 | Val Loss: 0.8842 Acc: 0.6119
Confusion Matrix:
[[41  0  0]
 [13  0  0]
 [13  0  0]]
Classification Report:
              precision    recall  f1-score   support

           0       0.61      1.00      0.76        41
           1       0.00      0.00      0.00        13
           2       0.00      0.00      0.00        13

    accuracy                           0.61        67
   macro avg       0.20      0.33      0.25        67
weighted avg       0.37      0.61      0.46        67

[Epoch 62/100] Train Loss: 0.8520 Acc: 0.6453 | Val Loss: 0.8911 Acc: 0.6119
Confusion Matrix:
[[41  0  0]
 [13  0  0]
 [13  0  0]]
Classification Report:
              precision    recall  f1-score   support

           0       0.61      1.00      0.76        41
           1       0.00      0.00      0.00        13
           2       0.00      0.00      0.00        13

    accuracy                           0.61        67
   macro avg       0.20      0.33      0.25        67
weighted avg       0.37      0.61      0.46        67

[Epoch 63/100] Train Loss: 0.8602 Acc: 0.6453 | Val Loss: 0.8769 Acc: 0.6119
Confusion Matrix:
[[41  0  0]
 [13  0  0]
 [13  0  0]]
Classification Report:
              precision    recall  f1-score   support

           0       0.61      1.00      0.76        41
           1       0.00      0.00      0.00        13
           2       0.00      0.00      0.00        13

    accuracy                           0.61        67
   macro avg       0.20      0.33      0.25        67
weighted avg       0.37      0.61      0.46        67

[Epoch 64/100] Train Loss: 0.8515 Acc: 0.6453 | Val Loss: 0.8747 Acc: 0.6119
Confusion Matrix:
[[41  0  0]
 [13  0  0]
 [13  0  0]]
Classification Report:
              precision    recall  f1-score   support

           0       0.61      1.00      0.76        41
           1       0.00      0.00      0.00        13
           2       0.00      0.00      0.00        13

    accuracy                           0.61        67
   macro avg       0.20      0.33      0.25        67
weighted avg       0.37      0.61      0.46        67

[Epoch 65/100] Train Loss: 0.8461 Acc: 0.6453 | Val Loss: 0.8689 Acc: 0.6119
Confusion Matrix:
[[41  0  0]
 [13  0  0]
 [13  0  0]]
Classification Report:
              precision    recall  f1-score   support

           0       0.61      1.00      0.76        41
           1       0.00      0.00      0.00        13
           2       0.00      0.00      0.00        13

    accuracy                           0.61        67
   macro avg       0.20      0.33      0.25        67
weighted avg       0.37      0.61      0.46        67

[Epoch 66/100] Train Loss: 0.8467 Acc: 0.6453 | Val Loss: 0.8651 Acc: 0.6119
Confusion Matrix:
[[41  0  0]
 [13  0  0]
 [13  0  0]]
Classification Report:
              precision    recall  f1-score   support

           0       0.61      1.00      0.76        41
           1       0.00      0.00      0.00        13
           2       0.00      0.00      0.00        13

    accuracy                           0.61        67
   macro avg       0.20      0.33      0.25        67
weighted avg       0.37      0.61      0.46        67

[Epoch 67/100] Train Loss: 0.8375 Acc: 0.6453 | Val Loss: 0.8590 Acc: 0.6119
Confusion Matrix:
[[41  0  0]
 [13  0  0]
 [13  0  0]]
Classification Report:
              precision    recall  f1-score   support

           0       0.61      1.00      0.76        41
           1       0.00      0.00      0.00        13
           2       0.00      0.00      0.00        13

    accuracy                           0.61        67
   macro avg       0.20      0.33      0.25        67
weighted avg       0.37      0.61      0.46        67

[Epoch 68/100] Train Loss: 0.8314 Acc: 0.6453 | Val Loss: 0.8546 Acc: 0.6119
Confusion Matrix:
[[41  0  0]
 [13  0  0]
 [13  0  0]]
Classification Report:
              precision    recall  f1-score   support

           0       0.61      1.00      0.76        41
           1       0.00      0.00      0.00        13
           2       0.00      0.00      0.00        13

    accuracy                           0.61        67
   macro avg       0.20      0.33      0.25        67
weighted avg       0.37      0.61      0.46        67

[Epoch 69/100] Train Loss: 0.8319 Acc: 0.6453 | Val Loss: 0.8513 Acc: 0.6119
Confusion Matrix:
[[41  0  0]
 [13  0  0]
 [13  0  0]]
Classification Report:
              precision    recall  f1-score   support

           0       0.61      1.00      0.76        41
           1       0.00      0.00      0.00        13
           2       0.00      0.00      0.00        13

    accuracy                           0.61        67
   macro avg       0.20      0.33      0.25        67
weighted avg       0.37      0.61      0.46        67

[Epoch 70/100] Train Loss: 0.8249 Acc: 0.6453 | Val Loss: 0.8473 Acc: 0.6119
Confusion Matrix:
[[41  0  0]
 [13  0  0]
 [13  0  0]]
Classification Report:
              precision    recall  f1-score   support

           0       0.61      1.00      0.76        41
           1       0.00      0.00      0.00        13
           2       0.00      0.00      0.00        13

    accuracy                           0.61        67
   macro avg       0.20      0.33      0.25        67
weighted avg       0.37      0.61      0.46        67

[Epoch 71/100] Train Loss: 0.8212 Acc: 0.6453 | Val Loss: 0.8386 Acc: 0.6119
Confusion Matrix:
[[41  0  0]
 [13  0  0]
 [13  0  0]]
Classification Report:
              precision    recall  f1-score   support

           0       0.61      1.00      0.76        41
           1       0.00      0.00      0.00        13
           2       0.00      0.00      0.00        13

    accuracy                           0.61        67
   macro avg       0.20      0.33      0.25        67
weighted avg       0.37      0.61      0.46        67

[Epoch 72/100] Train Loss: 0.8138 Acc: 0.6453 | Val Loss: 0.8293 Acc: 0.6119
Confusion Matrix:
[[41  0  0]
 [13  0  0]
 [13  0  0]]
Classification Report:
              precision    recall  f1-score   support

           0       0.61      1.00      0.76        41
           1       0.00      0.00      0.00        13
           2       0.00      0.00      0.00        13

    accuracy                           0.61        67
   macro avg       0.20      0.33      0.25        67
weighted avg       0.37      0.61      0.46        67

[Epoch 73/100] Train Loss: 0.8254 Acc: 0.6604 | Val Loss: 0.8291 Acc: 0.6119
Confusion Matrix:
[[41  0  0]
 [12  1  0]
 [11  2  0]]
Classification Report:
              precision    recall  f1-score   support

           0       0.64      1.00      0.78        41
           1       0.33      0.08      0.12        13
           2       0.00      0.00      0.00        13

    accuracy                           0.63        67
   macro avg       0.32      0.36      0.30        67
weighted avg       0.46      0.63      0.50        67

[Epoch 74/100] Train Loss: 0.8080 Acc: 0.6453 | Val Loss: 0.8186 Acc: 0.6269
Confusion Matrix:
[[41  0  0]
 [13  0  0]
 [13  0  0]]
Classification Report:
              precision    recall  f1-score   support

           0       0.61      1.00      0.76        41
           1       0.00      0.00      0.00        13
           2       0.00      0.00      0.00        13

    accuracy                           0.61        67
   macro avg       0.20      0.33      0.25        67
weighted avg       0.37      0.61      0.46        67

[Epoch 75/100] Train Loss: 0.8091 Acc: 0.6679 | Val Loss: 0.8598 Acc: 0.6119
Confusion Matrix:
[[41  0  0]
 [11  2  0]
 [ 9  4  0]]
Classification Report:
              precision    recall  f1-score   support

           0       0.67      1.00      0.80        41
           1       0.33      0.15      0.21        13
           2       0.00      0.00      0.00        13

    accuracy                           0.64        67
   macro avg       0.34      0.38      0.34        67
weighted avg       0.48      0.64      0.53        67

[Epoch 76/100] Train Loss: 0.8297 Acc: 0.6491 | Val Loss: 0.8164 Acc: 0.6418
Confusion Matrix:
[[41  0  0]
 [13  0  0]
 [13  0  0]]
Classification Report:
              precision    recall  f1-score   support

           0       0.61      1.00      0.76        41
           1       0.00      0.00      0.00        13
           2       0.00      0.00      0.00        13

    accuracy                           0.61        67
   macro avg       0.20      0.33      0.25        67
weighted avg       0.37      0.61      0.46        67

[Epoch 77/100] Train Loss: 0.8074 Acc: 0.6528 | Val Loss: 0.8070 Acc: 0.6119
Confusion Matrix:
[[41  0  0]
 [13  0  0]
 [12  1  0]]
Classification Report:
              precision    recall  f1-score   support

           0       0.62      1.00      0.77        41
           1       0.00      0.00      0.00        13
           2       0.00      0.00      0.00        13

    accuracy                           0.61        67
   macro avg       0.21      0.33      0.26        67
weighted avg       0.38      0.61      0.47        67

[Epoch 78/100] Train Loss: 0.7922 Acc: 0.6642 | Val Loss: 0.8011 Acc: 0.6119
Confusion Matrix:
[[41  0  0]
 [12  1  0]
 [12  1  0]]
Classification Report:
              precision    recall  f1-score   support

           0       0.63      1.00      0.77        41
           1       0.50      0.08      0.13        13
           2       0.00      0.00      0.00        13

    accuracy                           0.63        67
   macro avg       0.38      0.36      0.30        67
weighted avg       0.48      0.63      0.50        67

[Epoch 79/100] Train Loss: 0.7814 Acc: 0.6604 | Val Loss: 0.7945 Acc: 0.6269
Confusion Matrix:
[[41  0  0]
 [11  2  0]
 [ 9  4  0]]
Classification Report:
              precision    recall  f1-score   support

           0       0.67      1.00      0.80        41
           1       0.33      0.15      0.21        13
           2       0.00      0.00      0.00        13

    accuracy                           0.64        67
   macro avg       0.34      0.38      0.34        67
weighted avg       0.48      0.64      0.53        67

[Epoch 80/100] Train Loss: 0.7756 Acc: 0.6604 | Val Loss: 0.7830 Acc: 0.6418
Confusion Matrix:
[[41  0  0]
 [12  1  0]
 [12  1  0]]
Classification Report:
              precision    recall  f1-score   support

           0       0.63      1.00      0.77        41
           1       0.50      0.08      0.13        13
           2       0.00      0.00      0.00        13

    accuracy                           0.63        67
   macro avg       0.38      0.36      0.30        67
weighted avg       0.48      0.63      0.50        67

[Epoch 81/100] Train Loss: 0.7748 Acc: 0.6755 | Val Loss: 0.7844 Acc: 0.6269
Confusion Matrix:
[[41  0  0]
 [12  1  0]
 [10  3  0]]
Classification Report:
              precision    recall  f1-score   support

           0       0.65      1.00      0.79        41
           1       0.25      0.08      0.12        13
           2       0.00      0.00      0.00        13

    accuracy                           0.63        67
   macro avg       0.30      0.36      0.30        67
weighted avg       0.45      0.63      0.51        67

[Epoch 82/100] Train Loss: 0.7685 Acc: 0.6792 | Val Loss: 0.7766 Acc: 0.6269
Confusion Matrix:
[[41  0  0]
 [12  1  0]
 [10  3  0]]
Classification Report:
              precision    recall  f1-score   support

           0       0.65      1.00      0.79        41
           1       0.25      0.08      0.12        13
           2       0.00      0.00      0.00        13

    accuracy                           0.63        67
   macro avg       0.30      0.36      0.30        67
weighted avg       0.45      0.63      0.51        67

[Epoch 83/100] Train Loss: 0.7656 Acc: 0.6717 | Val Loss: 0.7732 Acc: 0.6269
Confusion Matrix:
[[41  0  0]
 [13  0  0]
 [12  1  0]]
Classification Report:
              precision    recall  f1-score   support

           0       0.62      1.00      0.77        41
           1       0.00      0.00      0.00        13
           2       0.00      0.00      0.00        13

    accuracy                           0.61        67
   macro avg       0.21      0.33      0.26        67
weighted avg       0.38      0.61      0.47        67

[Epoch 84/100] Train Loss: 0.7653 Acc: 0.6717 | Val Loss: 0.7875 Acc: 0.6119
Confusion Matrix:
[[40  1  0]
 [ 7  6  0]
 [ 4  9  0]]
Classification Report:
              precision    recall  f1-score   support

           0       0.78      0.98      0.87        41
           1       0.38      0.46      0.41        13
           2       0.00      0.00      0.00        13

    accuracy                           0.69        67
   macro avg       0.39      0.48      0.43        67
weighted avg       0.55      0.69      0.61        67

[Epoch 85/100] Train Loss: 0.7851 Acc: 0.6679 | Val Loss: 0.7758 Acc: 0.6866
Confusion Matrix:
[[40  1  0]
 [11  2  0]
 [ 9  4  0]]
Classification Report:
              precision    recall  f1-score   support

           0       0.67      0.98      0.79        41
           1       0.29      0.15      0.20        13
           2       0.00      0.00      0.00        13

    accuracy                           0.63        67
   macro avg       0.32      0.38      0.33        67
weighted avg       0.46      0.63      0.52        67

[Epoch 86/100] Train Loss: 0.7783 Acc: 0.6792 | Val Loss: 0.7519 Acc: 0.6269
Confusion Matrix:
[[41  0  0]
 [11  2  0]
 [ 9  4  0]]
Classification Report:
              precision    recall  f1-score   support

           0       0.67      1.00      0.80        41
           1       0.33      0.15      0.21        13
           2       0.00      0.00      0.00        13

    accuracy                           0.64        67
   macro avg       0.34      0.38      0.34        67
weighted avg       0.48      0.64      0.53        67

[Epoch 87/100] Train Loss: 0.7495 Acc: 0.6943 | Val Loss: 0.7570 Acc: 0.6418
Confusion Matrix:
[[40  1  0]
 [11  2  0]
 [ 9  4  0]]
Classification Report:
              precision    recall  f1-score   support

           0       0.67      0.98      0.79        41
           1       0.29      0.15      0.20        13
           2       0.00      0.00      0.00        13

    accuracy                           0.63        67
   macro avg       0.32      0.38      0.33        67
weighted avg       0.46      0.63      0.52        67

[Epoch 88/100] Train Loss: 0.7482 Acc: 0.6792 | Val Loss: 0.7432 Acc: 0.6269
Confusion Matrix:
[[40  1  0]
 [11  2  0]
 [ 9  4  0]]
Classification Report:
              precision    recall  f1-score   support

           0       0.67      0.98      0.79        41
           1       0.29      0.15      0.20        13
           2       0.00      0.00      0.00        13

    accuracy                           0.63        67
   macro avg       0.32      0.38      0.33        67
weighted avg       0.46      0.63      0.52        67

[Epoch 89/100] Train Loss: 0.7444 Acc: 0.6830 | Val Loss: 0.7374 Acc: 0.6269
Confusion Matrix:
[[41  0  0]
 [12  1  0]
 [11  2  0]]
Classification Report:
              precision    recall  f1-score   support

           0       0.64      1.00      0.78        41
           1       0.33      0.08      0.12        13
           2       0.00      0.00      0.00        13

    accuracy                           0.63        67
   macro avg       0.32      0.36      0.30        67
weighted avg       0.46      0.63      0.50        67

[Epoch 90/100] Train Loss: 0.7657 Acc: 0.6943 | Val Loss: 0.7798 Acc: 0.6269
Confusion Matrix:
[[40  1  0]
 [ 9  4  0]
 [ 7  6  0]]
Classification Report:
              precision    recall  f1-score   support

           0       0.71      0.98      0.82        41
           1       0.36      0.31      0.33        13
           2       0.00      0.00      0.00        13

    accuracy                           0.66        67
   macro avg       0.36      0.43      0.39        67
weighted avg       0.51      0.66      0.57        67

[Epoch 91/100] Train Loss: 0.7477 Acc: 0.6679 | Val Loss: 0.7360 Acc: 0.6567
Confusion Matrix:
[[40  1  0]
 [ 9  4  0]
 [ 9  4  0]]
Classification Report:
              precision    recall  f1-score   support

           0       0.69      0.98      0.81        41
           1       0.44      0.31      0.36        13
           2       0.00      0.00      0.00        13

    accuracy                           0.66        67
   macro avg       0.38      0.43      0.39        67
weighted avg       0.51      0.66      0.57        67

[Epoch 92/100] Train Loss: 0.7415 Acc: 0.6943 | Val Loss: 0.7301 Acc: 0.6567
Confusion Matrix:
[[41  0  0]
 [11  2  0]
 [ 9  4  0]]
Classification Report:
              precision    recall  f1-score   support

           0       0.67      1.00      0.80        41
           1       0.33      0.15      0.21        13
           2       0.00      0.00      0.00        13

    accuracy                           0.64        67
   macro avg       0.34      0.38      0.34        67
weighted avg       0.48      0.64      0.53        67

[Epoch 93/100] Train Loss: 0.7268 Acc: 0.7019 | Val Loss: 0.7461 Acc: 0.6418
Confusion Matrix:
[[40  1  0]
 [11  2  0]
 [ 9  4  0]]
Classification Report:
              precision    recall  f1-score   support

           0       0.67      0.98      0.79        41
           1       0.29      0.15      0.20        13
           2       0.00      0.00      0.00        13

    accuracy                           0.63        67
   macro avg       0.32      0.38      0.33        67
weighted avg       0.46      0.63      0.52        67

[Epoch 94/100] Train Loss: 0.7389 Acc: 0.6755 | Val Loss: 0.7271 Acc: 0.6269
Confusion Matrix:
[[40  1  0]
 [11  2  0]
 [ 9  4  0]]
Classification Report:
              precision    recall  f1-score   support

           0       0.67      0.98      0.79        41
           1       0.29      0.15      0.20        13
           2       0.00      0.00      0.00        13

    accuracy                           0.63        67
   macro avg       0.32      0.38      0.33        67
weighted avg       0.46      0.63      0.52        67

[Epoch 95/100] Train Loss: 0.7221 Acc: 0.7019 | Val Loss: 0.7193 Acc: 0.6269
Confusion Matrix:
[[40  1  0]
 [11  2  0]
 [ 9  4  0]]
Classification Report:
              precision    recall  f1-score   support

           0       0.67      0.98      0.79        41
           1       0.29      0.15      0.20        13
           2       0.00      0.00      0.00        13

    accuracy                           0.63        67
   macro avg       0.32      0.38      0.33        67
weighted avg       0.46      0.63      0.52        67

[Epoch 96/100] Train Loss: 0.7147 Acc: 0.6943 | Val Loss: 0.7145 Acc: 0.6269
Confusion Matrix:
[[40  1  0]
 [ 7  6  0]
 [ 4  9  0]]
Classification Report:
              precision    recall  f1-score   support

           0       0.78      0.98      0.87        41
           1       0.38      0.46      0.41        13
           2       0.00      0.00      0.00        13

    accuracy                           0.69        67
   macro avg       0.39      0.48      0.43        67
weighted avg       0.55      0.69      0.61        67

[Epoch 97/100] Train Loss: 0.7207 Acc: 0.6868 | Val Loss: 0.7119 Acc: 0.6866
Confusion Matrix:
[[41  0  0]
 [11  2  0]
 [ 9  4  0]]
Classification Report:
              precision    recall  f1-score   support

           0       0.67      1.00      0.80        41
           1       0.33      0.15      0.21        13
           2       0.00      0.00      0.00        13

    accuracy                           0.64        67
   macro avg       0.34      0.38      0.34        67
weighted avg       0.48      0.64      0.53        67

[Epoch 98/100] Train Loss: 0.7119 Acc: 0.7094 | Val Loss: 0.7633 Acc: 0.6418
Confusion Matrix:
[[40  1  0]
 [ 7  6  0]
 [ 4  9  0]]
Classification Report:
              precision    recall  f1-score   support

           0       0.78      0.98      0.87        41
           1       0.38      0.46      0.41        13
           2       0.00      0.00      0.00        13

    accuracy                           0.69        67
   macro avg       0.39      0.48      0.43        67
weighted avg       0.55      0.69      0.61        67

[Epoch 99/100] Train Loss: 0.7238 Acc: 0.7057 | Val Loss: 0.7063 Acc: 0.6866
Confusion Matrix:
[[40  1  0]
 [11  2  0]
 [ 9  4  0]]
Classification Report:
              precision    recall  f1-score   support

           0       0.67      0.98      0.79        41
           1       0.29      0.15      0.20        13
           2       0.00      0.00      0.00        13

    accuracy                           0.63        67
   macro avg       0.32      0.38      0.33        67
weighted avg       0.46      0.63      0.52        67

[Epoch 100/100] Train Loss: 0.7094 Acc: 0.7057 | Val Loss: 0.7105 Acc: 0.6269
Completed in 2.31 seconds.
Start training model for task BA_RIGHT_CLICK: Mon Nov 17 14:24:05 2025
Labels = tensor([0, 3, 4])
Using device: cpu
Train size: 263, Val size: 66
Confusion Matrix:
[[ 0 44  0  0]
 [ 0  0  0  0]
 [ 0  9  0  0]
 [ 0 13  0  0]]
Classification Report:
              precision    recall  f1-score   support

           0       0.00      0.00      0.00      44.0
           1       0.00      0.00      0.00       0.0
           3       0.00      0.00      0.00       9.0
           4       0.00      0.00      0.00      13.0

    accuracy                           0.00      66.0
   macro avg       0.00      0.00      0.00      66.0
weighted avg       0.00      0.00      0.00      66.0

[Epoch 1/100] Train Loss: 1.9916 Acc: 0.0000 | Val Loss: 1.9180 Acc: 0.0000
Confusion Matrix:
[[44  0  0]
 [ 9  0  0]
 [13  0  0]]
Classification Report:
              precision    recall  f1-score   support

           0       0.67      1.00      0.80        44
           3       0.00      0.00      0.00         9
           4       0.00      0.00      0.00        13

    accuracy                           0.67        66
   macro avg       0.22      0.33      0.27        66
weighted avg       0.44      0.67      0.53        66

[Epoch 2/100] Train Loss: 1.8440 Acc: 0.4297 | Val Loss: 1.6908 Acc: 0.6667
Confusion Matrix:
[[44  0  0]
 [ 9  0  0]
 [13  0  0]]
Classification Report:
              precision    recall  f1-score   support

           0       0.67      1.00      0.80        44
           3       0.00      0.00      0.00         9
           4       0.00      0.00      0.00        13

    accuracy                           0.67        66
   macro avg       0.22      0.33      0.27        66
weighted avg       0.44      0.67      0.53        66

[Epoch 3/100] Train Loss: 1.5415 Acc: 0.6502 | Val Loss: 1.2646 Acc: 0.6667
Confusion Matrix:
[[44  0  0]
 [ 9  0  0]
 [13  0  0]]
Classification Report:
              precision    recall  f1-score   support

           0       0.67      1.00      0.80        44
           3       0.00      0.00      0.00         9
           4       0.00      0.00      0.00        13

    accuracy                           0.67        66
   macro avg       0.22      0.33      0.27        66
weighted avg       0.44      0.67      0.53        66

[Epoch 4/100] Train Loss: 1.1353 Acc: 0.6502 | Val Loss: 0.9392 Acc: 0.6667
Confusion Matrix:
[[44  0  0]
 [ 9  0  0]
 [13  0  0]]
Classification Report:
              precision    recall  f1-score   support

           0       0.67      1.00      0.80        44
           3       0.00      0.00      0.00         9
           4       0.00      0.00      0.00        13

    accuracy                           0.67        66
   macro avg       0.22      0.33      0.27        66
weighted avg       0.44      0.67      0.53        66

[Epoch 5/100] Train Loss: 0.9863 Acc: 0.6502 | Val Loss: 0.8895 Acc: 0.6667
Confusion Matrix:
[[44  0  0]
 [ 9  0  0]
 [13  0  0]]
Classification Report:
              precision    recall  f1-score   support

           0       0.67      1.00      0.80        44
           3       0.00      0.00      0.00         9
           4       0.00      0.00      0.00        13

    accuracy                           0.67        66
   macro avg       0.22      0.33      0.27        66
weighted avg       0.44      0.67      0.53        66

[Epoch 6/100] Train Loss: 0.9335 Acc: 0.6502 | Val Loss: 0.8673 Acc: 0.6667
Confusion Matrix:
[[44  0  0]
 [ 9  0  0]
 [13  0  0]]
Classification Report:
              precision    recall  f1-score   support

           0       0.67      1.00      0.80        44
           3       0.00      0.00      0.00         9
           4       0.00      0.00      0.00        13

    accuracy                           0.67        66
   macro avg       0.22      0.33      0.27        66
weighted avg       0.44      0.67      0.53        66

[Epoch 7/100] Train Loss: 0.9125 Acc: 0.6502 | Val Loss: 0.8821 Acc: 0.6667
Confusion Matrix:
[[44  0  0]
 [ 9  0  0]
 [13  0  0]]
Classification Report:
              precision    recall  f1-score   support

           0       0.67      1.00      0.80        44
           3       0.00      0.00      0.00         9
           4       0.00      0.00      0.00        13

    accuracy                           0.67        66
   macro avg       0.22      0.33      0.27        66
weighted avg       0.44      0.67      0.53        66

[Epoch 8/100] Train Loss: 0.9085 Acc: 0.6502 | Val Loss: 0.8646 Acc: 0.6667
Confusion Matrix:
[[44  0  0]
 [ 9  0  0]
 [13  0  0]]
Classification Report:
              precision    recall  f1-score   support

           0       0.67      1.00      0.80        44
           3       0.00      0.00      0.00         9
           4       0.00      0.00      0.00        13

    accuracy                           0.67        66
   macro avg       0.22      0.33      0.27        66
weighted avg       0.44      0.67      0.53        66

[Epoch 9/100] Train Loss: 0.9048 Acc: 0.6502 | Val Loss: 0.8532 Acc: 0.6667
Confusion Matrix:
[[44  0  0]
 [ 9  0  0]
 [13  0  0]]
Classification Report:
              precision    recall  f1-score   support

           0       0.67      1.00      0.80        44
           3       0.00      0.00      0.00         9
           4       0.00      0.00      0.00        13

    accuracy                           0.67        66
   macro avg       0.22      0.33      0.27        66
weighted avg       0.44      0.67      0.53        66

[Epoch 10/100] Train Loss: 0.9025 Acc: 0.6502 | Val Loss: 0.8588 Acc: 0.6667
Confusion Matrix:
[[44  0  0]
 [ 9  0  0]
 [13  0  0]]
Classification Report:
              precision    recall  f1-score   support

           0       0.67      1.00      0.80        44
           3       0.00      0.00      0.00         9
           4       0.00      0.00      0.00        13

    accuracy                           0.67        66
   macro avg       0.22      0.33      0.27        66
weighted avg       0.44      0.67      0.53        66

[Epoch 11/100] Train Loss: 0.9035 Acc: 0.6502 | Val Loss: 0.8596 Acc: 0.6667
Confusion Matrix:
[[44  0  0]
 [ 9  0  0]
 [13  0  0]]
Classification Report:
              precision    recall  f1-score   support

           0       0.67      1.00      0.80        44
           3       0.00      0.00      0.00         9
           4       0.00      0.00      0.00        13

    accuracy                           0.67        66
   macro avg       0.22      0.33      0.27        66
weighted avg       0.44      0.67      0.53        66

[Epoch 12/100] Train Loss: 0.8989 Acc: 0.6502 | Val Loss: 0.8478 Acc: 0.6667
Confusion Matrix:
[[44  0  0]
 [ 9  0  0]
 [13  0  0]]
Classification Report:
              precision    recall  f1-score   support

           0       0.67      1.00      0.80        44
           3       0.00      0.00      0.00         9
           4       0.00      0.00      0.00        13

    accuracy                           0.67        66
   macro avg       0.22      0.33      0.27        66
weighted avg       0.44      0.67      0.53        66

[Epoch 13/100] Train Loss: 0.8955 Acc: 0.6502 | Val Loss: 0.8540 Acc: 0.6667
Confusion Matrix:
[[44  0  0]
 [ 9  0  0]
 [13  0  0]]
Classification Report:
              precision    recall  f1-score   support

           0       0.67      1.00      0.80        44
           3       0.00      0.00      0.00         9
           4       0.00      0.00      0.00        13

    accuracy                           0.67        66
   macro avg       0.22      0.33      0.27        66
weighted avg       0.44      0.67      0.53        66

[Epoch 14/100] Train Loss: 0.8983 Acc: 0.6502 | Val Loss: 0.8598 Acc: 0.6667
Confusion Matrix:
[[44  0  0]
 [ 9  0  0]
 [13  0  0]]
Classification Report:
              precision    recall  f1-score   support

           0       0.67      1.00      0.80        44
           3       0.00      0.00      0.00         9
           4       0.00      0.00      0.00        13

    accuracy                           0.67        66
   macro avg       0.22      0.33      0.27        66
weighted avg       0.44      0.67      0.53        66

[Epoch 15/100] Train Loss: 0.8959 Acc: 0.6502 | Val Loss: 0.8472 Acc: 0.6667
Confusion Matrix:
[[44  0  0]
 [ 9  0  0]
 [13  0  0]]
Classification Report:
              precision    recall  f1-score   support

           0       0.67      1.00      0.80        44
           3       0.00      0.00      0.00         9
           4       0.00      0.00      0.00        13

    accuracy                           0.67        66
   macro avg       0.22      0.33      0.27        66
weighted avg       0.44      0.67      0.53        66

[Epoch 16/100] Train Loss: 0.9055 Acc: 0.6502 | Val Loss: 0.8446 Acc: 0.6667
Confusion Matrix:
[[44  0  0]
 [ 9  0  0]
 [13  0  0]]
Classification Report:
              precision    recall  f1-score   support

           0       0.67      1.00      0.80        44
           3       0.00      0.00      0.00         9
           4       0.00      0.00      0.00        13

    accuracy                           0.67        66
   macro avg       0.22      0.33      0.27        66
weighted avg       0.44      0.67      0.53        66

[Epoch 17/100] Train Loss: 0.8948 Acc: 0.6502 | Val Loss: 0.8611 Acc: 0.6667
Confusion Matrix:
[[44  0  0]
 [ 9  0  0]
 [13  0  0]]
Classification Report:
              precision    recall  f1-score   support

           0       0.67      1.00      0.80        44
           3       0.00      0.00      0.00         9
           4       0.00      0.00      0.00        13

    accuracy                           0.67        66
   macro avg       0.22      0.33      0.27        66
weighted avg       0.44      0.67      0.53        66

[Epoch 18/100] Train Loss: 0.8951 Acc: 0.6502 | Val Loss: 0.8545 Acc: 0.6667
Confusion Matrix:
[[44  0  0]
 [ 9  0  0]
 [13  0  0]]
Classification Report:
              precision    recall  f1-score   support

           0       0.67      1.00      0.80        44
           3       0.00      0.00      0.00         9
           4       0.00      0.00      0.00        13

    accuracy                           0.67        66
   macro avg       0.22      0.33      0.27        66
weighted avg       0.44      0.67      0.53        66

[Epoch 19/100] Train Loss: 0.8908 Acc: 0.6502 | Val Loss: 0.8443 Acc: 0.6667
Confusion Matrix:
[[44  0  0]
 [ 9  0  0]
 [13  0  0]]
Classification Report:
              precision    recall  f1-score   support

           0       0.67      1.00      0.80        44
           3       0.00      0.00      0.00         9
           4       0.00      0.00      0.00        13

    accuracy                           0.67        66
   macro avg       0.22      0.33      0.27        66
weighted avg       0.44      0.67      0.53        66

[Epoch 20/100] Train Loss: 0.8884 Acc: 0.6502 | Val Loss: 0.8463 Acc: 0.6667
Confusion Matrix:
[[44  0  0]
 [ 9  0  0]
 [13  0  0]]
Classification Report:
              precision    recall  f1-score   support

           0       0.67      1.00      0.80        44
           3       0.00      0.00      0.00         9
           4       0.00      0.00      0.00        13

    accuracy                           0.67        66
   macro avg       0.22      0.33      0.27        66
weighted avg       0.44      0.67      0.53        66

[Epoch 21/100] Train Loss: 0.8933 Acc: 0.6502 | Val Loss: 0.8516 Acc: 0.6667
Confusion Matrix:
[[44  0  0]
 [ 9  0  0]
 [13  0  0]]
Classification Report:
              precision    recall  f1-score   support

           0       0.67      1.00      0.80        44
           3       0.00      0.00      0.00         9
           4       0.00      0.00      0.00        13

    accuracy                           0.67        66
   macro avg       0.22      0.33      0.27        66
weighted avg       0.44      0.67      0.53        66

[Epoch 22/100] Train Loss: 0.8903 Acc: 0.6502 | Val Loss: 0.8455 Acc: 0.6667
Confusion Matrix:
[[44  0  0]
 [ 9  0  0]
 [13  0  0]]
Classification Report:
              precision    recall  f1-score   support

           0       0.67      1.00      0.80        44
           3       0.00      0.00      0.00         9
           4       0.00      0.00      0.00        13

    accuracy                           0.67        66
   macro avg       0.22      0.33      0.27        66
weighted avg       0.44      0.67      0.53        66

[Epoch 23/100] Train Loss: 0.8870 Acc: 0.6502 | Val Loss: 0.8425 Acc: 0.6667
Confusion Matrix:
[[44  0  0]
 [ 9  0  0]
 [13  0  0]]
Classification Report:
              precision    recall  f1-score   support

           0       0.67      1.00      0.80        44
           3       0.00      0.00      0.00         9
           4       0.00      0.00      0.00        13

    accuracy                           0.67        66
   macro avg       0.22      0.33      0.27        66
weighted avg       0.44      0.67      0.53        66

[Epoch 24/100] Train Loss: 0.8815 Acc: 0.6502 | Val Loss: 0.8408 Acc: 0.6667
Confusion Matrix:
[[44  0  0]
 [ 9  0  0]
 [13  0  0]]
Classification Report:
              precision    recall  f1-score   support

           0       0.67      1.00      0.80        44
           3       0.00      0.00      0.00         9
           4       0.00      0.00      0.00        13

    accuracy                           0.67        66
   macro avg       0.22      0.33      0.27        66
weighted avg       0.44      0.67      0.53        66

[Epoch 25/100] Train Loss: 0.8812 Acc: 0.6502 | Val Loss: 0.8400 Acc: 0.6667
Confusion Matrix:
[[44  0  0]
 [ 9  0  0]
 [13  0  0]]
Classification Report:
              precision    recall  f1-score   support

           0       0.67      1.00      0.80        44
           3       0.00      0.00      0.00         9
           4       0.00      0.00      0.00        13

    accuracy                           0.67        66
   macro avg       0.22      0.33      0.27        66
weighted avg       0.44      0.67      0.53        66

[Epoch 26/100] Train Loss: 0.8779 Acc: 0.6502 | Val Loss: 0.8318 Acc: 0.6667
Confusion Matrix:
[[44  0  0]
 [ 9  0  0]
 [13  0  0]]
Classification Report:
              precision    recall  f1-score   support

           0       0.67      1.00      0.80        44
           3       0.00      0.00      0.00         9
           4       0.00      0.00      0.00        13

    accuracy                           0.67        66
   macro avg       0.22      0.33      0.27        66
weighted avg       0.44      0.67      0.53        66

[Epoch 27/100] Train Loss: 0.8788 Acc: 0.6502 | Val Loss: 0.8295 Acc: 0.6667
Confusion Matrix:
[[44  0  0]
 [ 9  0  0]
 [13  0  0]]
Classification Report:
              precision    recall  f1-score   support

           0       0.67      1.00      0.80        44
           3       0.00      0.00      0.00         9
           4       0.00      0.00      0.00        13

    accuracy                           0.67        66
   macro avg       0.22      0.33      0.27        66
weighted avg       0.44      0.67      0.53        66

[Epoch 28/100] Train Loss: 0.8724 Acc: 0.6502 | Val Loss: 0.8382 Acc: 0.6667
Confusion Matrix:
[[44  0  0]
 [ 9  0  0]
 [13  0  0]]
Classification Report:
              precision    recall  f1-score   support

           0       0.67      1.00      0.80        44
           3       0.00      0.00      0.00         9
           4       0.00      0.00      0.00        13

    accuracy                           0.67        66
   macro avg       0.22      0.33      0.27        66
weighted avg       0.44      0.67      0.53        66

[Epoch 29/100] Train Loss: 0.8729 Acc: 0.6502 | Val Loss: 0.8250 Acc: 0.6667
Confusion Matrix:
[[44  0  0]
 [ 9  0  0]
 [13  0  0]]
Classification Report:
              precision    recall  f1-score   support

           0       0.67      1.00      0.80        44
           3       0.00      0.00      0.00         9
           4       0.00      0.00      0.00        13

    accuracy                           0.67        66
   macro avg       0.22      0.33      0.27        66
weighted avg       0.44      0.67      0.53        66

[Epoch 30/100] Train Loss: 0.8661 Acc: 0.6502 | Val Loss: 0.8288 Acc: 0.6667
Confusion Matrix:
[[44  0  0]
 [ 9  0  0]
 [13  0  0]]
Classification Report:
              precision    recall  f1-score   support

           0       0.67      1.00      0.80        44
           3       0.00      0.00      0.00         9
           4       0.00      0.00      0.00        13

    accuracy                           0.67        66
   macro avg       0.22      0.33      0.27        66
weighted avg       0.44      0.67      0.53        66

[Epoch 31/100] Train Loss: 0.8628 Acc: 0.6502 | Val Loss: 0.8192 Acc: 0.6667
Confusion Matrix:
[[44  0  0]
 [ 9  0  0]
 [13  0  0]]
Classification Report:
              precision    recall  f1-score   support

           0       0.67      1.00      0.80        44
           3       0.00      0.00      0.00         9
           4       0.00      0.00      0.00        13

    accuracy                           0.67        66
   macro avg       0.22      0.33      0.27        66
weighted avg       0.44      0.67      0.53        66

[Epoch 32/100] Train Loss: 0.8655 Acc: 0.6502 | Val Loss: 0.8128 Acc: 0.6667
Confusion Matrix:
[[44  0  0]
 [ 9  0  0]
 [13  0  0]]
Classification Report:
              precision    recall  f1-score   support

           0       0.67      1.00      0.80        44
           3       0.00      0.00      0.00         9
           4       0.00      0.00      0.00        13

    accuracy                           0.67        66
   macro avg       0.22      0.33      0.27        66
weighted avg       0.44      0.67      0.53        66

[Epoch 33/100] Train Loss: 0.8571 Acc: 0.6502 | Val Loss: 0.8153 Acc: 0.6667
Confusion Matrix:
[[44  0  0]
 [ 9  0  0]
 [13  0  0]]
Classification Report:
              precision    recall  f1-score   support

           0       0.67      1.00      0.80        44
           3       0.00      0.00      0.00         9
           4       0.00      0.00      0.00        13

    accuracy                           0.67        66
   macro avg       0.22      0.33      0.27        66
weighted avg       0.44      0.67      0.53        66

[Epoch 34/100] Train Loss: 0.8473 Acc: 0.6502 | Val Loss: 0.8053 Acc: 0.6667
Confusion Matrix:
[[44  0  0]
 [ 9  0  0]
 [13  0  0]]
Classification Report:
              precision    recall  f1-score   support

           0       0.67      1.00      0.80        44
           3       0.00      0.00      0.00         9
           4       0.00      0.00      0.00        13

    accuracy                           0.67        66
   macro avg       0.22      0.33      0.27        66
weighted avg       0.44      0.67      0.53        66

[Epoch 35/100] Train Loss: 0.8426 Acc: 0.6502 | Val Loss: 0.8004 Acc: 0.6667
Confusion Matrix:
[[44  0  0]
 [ 9  0  0]
 [13  0  0]]
Classification Report:
              precision    recall  f1-score   support

           0       0.67      1.00      0.80        44
           3       0.00      0.00      0.00         9
           4       0.00      0.00      0.00        13

    accuracy                           0.67        66
   macro avg       0.22      0.33      0.27        66
weighted avg       0.44      0.67      0.53        66

[Epoch 36/100] Train Loss: 0.8339 Acc: 0.6502 | Val Loss: 0.7934 Acc: 0.6667
Confusion Matrix:
[[44  0  0]
 [ 9  0  0]
 [13  0  0]]
Classification Report:
              precision    recall  f1-score   support

           0       0.67      1.00      0.80        44
           3       0.00      0.00      0.00         9
           4       0.00      0.00      0.00        13

    accuracy                           0.67        66
   macro avg       0.22      0.33      0.27        66
weighted avg       0.44      0.67      0.53        66

[Epoch 37/100] Train Loss: 0.8275 Acc: 0.6502 | Val Loss: 0.7893 Acc: 0.6667
Confusion Matrix:
[[44  0  0]
 [ 9  0  0]
 [13  0  0]]
Classification Report:
              precision    recall  f1-score   support

           0       0.67      1.00      0.80        44
           3       0.00      0.00      0.00         9
           4       0.00      0.00      0.00        13

    accuracy                           0.67        66
   macro avg       0.22      0.33      0.27        66
weighted avg       0.44      0.67      0.53        66

[Epoch 38/100] Train Loss: 0.8276 Acc: 0.6502 | Val Loss: 0.7772 Acc: 0.6667
Confusion Matrix:
[[44  0  0]
 [ 9  0  0]
 [13  0  0]]
Classification Report:
              precision    recall  f1-score   support

           0       0.67      1.00      0.80        44
           3       0.00      0.00      0.00         9
           4       0.00      0.00      0.00        13

    accuracy                           0.67        66
   macro avg       0.22      0.33      0.27        66
weighted avg       0.44      0.67      0.53        66

[Epoch 39/100] Train Loss: 0.8195 Acc: 0.6502 | Val Loss: 0.7756 Acc: 0.6667
Confusion Matrix:
[[44  0  0]
 [ 9  0  0]
 [13  0  0]]
Classification Report:
              precision    recall  f1-score   support

           0       0.67      1.00      0.80        44
           3       0.00      0.00      0.00         9
           4       0.00      0.00      0.00        13

    accuracy                           0.67        66
   macro avg       0.22      0.33      0.27        66
weighted avg       0.44      0.67      0.53        66

[Epoch 40/100] Train Loss: 0.8143 Acc: 0.6502 | Val Loss: 0.7652 Acc: 0.6667
Confusion Matrix:
[[44  0  0]
 [ 9  0  0]
 [13  0  0]]
Classification Report:
              precision    recall  f1-score   support

           0       0.67      1.00      0.80        44
           3       0.00      0.00      0.00         9
           4       0.00      0.00      0.00        13

    accuracy                           0.67        66
   macro avg       0.22      0.33      0.27        66
weighted avg       0.44      0.67      0.53        66

[Epoch 41/100] Train Loss: 0.7998 Acc: 0.6502 | Val Loss: 0.7622 Acc: 0.6667
Confusion Matrix:
[[44  0  0]
 [ 9  0  0]
 [13  0  0]]
Classification Report:
              precision    recall  f1-score   support

           0       0.67      1.00      0.80        44
           3       0.00      0.00      0.00         9
           4       0.00      0.00      0.00        13

    accuracy                           0.67        66
   macro avg       0.22      0.33      0.27        66
weighted avg       0.44      0.67      0.53        66

[Epoch 42/100] Train Loss: 0.7918 Acc: 0.6502 | Val Loss: 0.7504 Acc: 0.6667
Confusion Matrix:
[[44  0  0]
 [ 9  0  0]
 [13  0  0]]
Classification Report:
              precision    recall  f1-score   support

           0       0.67      1.00      0.80        44
           3       0.00      0.00      0.00         9
           4       0.00      0.00      0.00        13

    accuracy                           0.67        66
   macro avg       0.22      0.33      0.27        66
weighted avg       0.44      0.67      0.53        66

[Epoch 43/100] Train Loss: 0.7852 Acc: 0.6502 | Val Loss: 0.7439 Acc: 0.6667
Confusion Matrix:
[[44  0  0]
 [ 9  0  0]
 [13  0  0]]
Classification Report:
              precision    recall  f1-score   support

           0       0.67      1.00      0.80        44
           3       0.00      0.00      0.00         9
           4       0.00      0.00      0.00        13

    accuracy                           0.67        66
   macro avg       0.22      0.33      0.27        66
weighted avg       0.44      0.67      0.53        66

[Epoch 44/100] Train Loss: 0.7739 Acc: 0.6502 | Val Loss: 0.7382 Acc: 0.6667
Confusion Matrix:
[[44  0  0]
 [ 9  0  0]
 [10  0  3]]
Classification Report:
              precision    recall  f1-score   support

           0       0.70      1.00      0.82        44
           3       0.00      0.00      0.00         9
           4       1.00      0.23      0.38        13

    accuracy                           0.71        66
   macro avg       0.57      0.41      0.40        66
weighted avg       0.66      0.71      0.62        66

[Epoch 45/100] Train Loss: 0.7750 Acc: 0.6502 | Val Loss: 0.7321 Acc: 0.7121
Confusion Matrix:
[[44  0  0]
 [ 9  0  0]
 [13  0  0]]
Classification Report:
              precision    recall  f1-score   support

           0       0.67      1.00      0.80        44
           3       0.00      0.00      0.00         9
           4       0.00      0.00      0.00        13

    accuracy                           0.67        66
   macro avg       0.22      0.33      0.27        66
weighted avg       0.44      0.67      0.53        66

[Epoch 46/100] Train Loss: 0.7681 Acc: 0.6654 | Val Loss: 0.7209 Acc: 0.6667
Confusion Matrix:
[[44  0  0]
 [ 7  0  2]
 [ 9  0  4]]
Classification Report:
              precision    recall  f1-score   support

           0       0.73      1.00      0.85        44
           3       0.00      0.00      0.00         9
           4       0.67      0.31      0.42        13

    accuracy                           0.73        66
   macro avg       0.47      0.44      0.42        66
weighted avg       0.62      0.73      0.65        66

[Epoch 47/100] Train Loss: 0.7550 Acc: 0.6654 | Val Loss: 0.7171 Acc: 0.7273
Confusion Matrix:
[[44  0  0]
 [ 9  0  0]
 [10  0  3]]
Classification Report:
              precision    recall  f1-score   support

           0       0.70      1.00      0.82        44
           3       0.00      0.00      0.00         9
           4       1.00      0.23      0.38        13

    accuracy                           0.71        66
   macro avg       0.57      0.41      0.40        66
weighted avg       0.66      0.71      0.62        66

[Epoch 48/100] Train Loss: 0.7448 Acc: 0.6730 | Val Loss: 0.7082 Acc: 0.7121
Confusion Matrix:
[[44  0  0]
 [ 7  0  2]
 [ 8  0  5]]
Classification Report:
              precision    recall  f1-score   support

           0       0.75      1.00      0.85        44
           3       0.00      0.00      0.00         9
           4       0.71      0.38      0.50        13

    accuracy                           0.74        66
   macro avg       0.49      0.46      0.45        66
weighted avg       0.64      0.74      0.67        66

[Epoch 49/100] Train Loss: 0.7432 Acc: 0.6730 | Val Loss: 0.7028 Acc: 0.7424
Confusion Matrix:
[[44  0  0]
 [ 7  0  2]
 [ 7  0  6]]
Classification Report:
              precision    recall  f1-score   support

           0       0.76      1.00      0.86        44
           3       0.00      0.00      0.00         9
           4       0.75      0.46      0.57        13

    accuracy                           0.76        66
   macro avg       0.50      0.49      0.48        66
weighted avg       0.65      0.76      0.69        66

[Epoch 50/100] Train Loss: 0.7394 Acc: 0.6730 | Val Loss: 0.7035 Acc: 0.7576
Confusion Matrix:
[[44  0  0]
 [ 7  0  2]
 [ 9  0  4]]
Classification Report:
              precision    recall  f1-score   support

           0       0.73      1.00      0.85        44
           3       0.00      0.00      0.00         9
           4       0.67      0.31      0.42        13

    accuracy                           0.73        66
   macro avg       0.47      0.44      0.42        66
weighted avg       0.62      0.73      0.65        66

[Epoch 51/100] Train Loss: 0.7397 Acc: 0.6996 | Val Loss: 0.6920 Acc: 0.7273
Confusion Matrix:
[[44  0  0]
 [ 7  0  2]
 [ 9  0  4]]
Classification Report:
              precision    recall  f1-score   support

           0       0.73      1.00      0.85        44
           3       0.00      0.00      0.00         9
           4       0.67      0.31      0.42        13

    accuracy                           0.73        66
   macro avg       0.47      0.44      0.42        66
weighted avg       0.62      0.73      0.65        66

[Epoch 52/100] Train Loss: 0.7333 Acc: 0.6654 | Val Loss: 0.6862 Acc: 0.7273
Confusion Matrix:
[[44  0  0]
 [ 7  0  2]
 [ 9  0  4]]
Classification Report:
              precision    recall  f1-score   support

           0       0.73      1.00      0.85        44
           3       0.00      0.00      0.00         9
           4       0.67      0.31      0.42        13

    accuracy                           0.73        66
   macro avg       0.47      0.44      0.42        66
weighted avg       0.62      0.73      0.65        66

[Epoch 53/100] Train Loss: 0.7159 Acc: 0.6958 | Val Loss: 0.6833 Acc: 0.7273
Confusion Matrix:
[[44  0  0]
 [ 7  0  2]
 [ 8  0  5]]
Classification Report:
              precision    recall  f1-score   support

           0       0.75      1.00      0.85        44
           3       0.00      0.00      0.00         9
           4       0.71      0.38      0.50        13

    accuracy                           0.74        66
   macro avg       0.49      0.46      0.45        66
weighted avg       0.64      0.74      0.67        66

[Epoch 54/100] Train Loss: 0.7135 Acc: 0.6958 | Val Loss: 0.6796 Acc: 0.7424
Confusion Matrix:
[[44  0  0]
 [ 7  0  2]
 [ 9  0  4]]
Classification Report:
              precision    recall  f1-score   support

           0       0.73      1.00      0.85        44
           3       0.00      0.00      0.00         9
           4       0.67      0.31      0.42        13

    accuracy                           0.73        66
   macro avg       0.47      0.44      0.42        66
weighted avg       0.62      0.73      0.65        66

[Epoch 55/100] Train Loss: 0.7082 Acc: 0.6882 | Val Loss: 0.6773 Acc: 0.7273
Confusion Matrix:
[[43  0  1]
 [ 7  0  2]
 [ 6  0  7]]
Classification Report:
              precision    recall  f1-score   support

           0       0.77      0.98      0.86        44
           3       0.00      0.00      0.00         9
           4       0.70      0.54      0.61        13

    accuracy                           0.76        66
   macro avg       0.49      0.51      0.49        66
weighted avg       0.65      0.76      0.69        66

[Epoch 56/100] Train Loss: 0.7057 Acc: 0.7034 | Val Loss: 0.6747 Acc: 0.7576
Confusion Matrix:
[[44  0  0]
 [ 7  0  2]
 [ 8  0  5]]
Classification Report:
              precision    recall  f1-score   support

           0       0.75      1.00      0.85        44
           3       0.00      0.00      0.00         9
           4       0.71      0.38      0.50        13

    accuracy                           0.74        66
   macro avg       0.49      0.46      0.45        66
weighted avg       0.64      0.74      0.67        66

[Epoch 57/100] Train Loss: 0.7021 Acc: 0.6882 | Val Loss: 0.6709 Acc: 0.7424
Confusion Matrix:
[[43  0  1]
 [ 7  0  2]
 [ 6  0  7]]
Classification Report:
              precision    recall  f1-score   support

           0       0.77      0.98      0.86        44
           3       0.00      0.00      0.00         9
           4       0.70      0.54      0.61        13

    accuracy                           0.76        66
   macro avg       0.49      0.51      0.49        66
weighted avg       0.65      0.76      0.69        66

[Epoch 58/100] Train Loss: 0.6990 Acc: 0.6958 | Val Loss: 0.6704 Acc: 0.7576
Confusion Matrix:
[[44  0  0]
 [ 7  0  2]
 [ 9  0  4]]
Classification Report:
              precision    recall  f1-score   support

           0       0.73      1.00      0.85        44
           3       0.00      0.00      0.00         9
           4       0.67      0.31      0.42        13

    accuracy                           0.73        66
   macro avg       0.47      0.44      0.42        66
weighted avg       0.62      0.73      0.65        66

[Epoch 59/100] Train Loss: 0.7069 Acc: 0.6768 | Val Loss: 0.6838 Acc: 0.7273
Confusion Matrix:
[[43  0  1]
 [ 7  0  2]
 [ 6  0  7]]
Classification Report:
              precision    recall  f1-score   support

           0       0.77      0.98      0.86        44
           3       0.00      0.00      0.00         9
           4       0.70      0.54      0.61        13

    accuracy                           0.76        66
   macro avg       0.49      0.51      0.49        66
weighted avg       0.65      0.76      0.69        66

[Epoch 60/100] Train Loss: 0.7324 Acc: 0.6692 | Val Loss: 0.6663 Acc: 0.7576
Confusion Matrix:
[[44  0  0]
 [ 7  0  2]
 [ 8  0  5]]
Classification Report:
              precision    recall  f1-score   support

           0       0.75      1.00      0.85        44
           3       0.00      0.00      0.00         9
           4       0.71      0.38      0.50        13

    accuracy                           0.74        66
   macro avg       0.49      0.46      0.45        66
weighted avg       0.64      0.74      0.67        66

[Epoch 61/100] Train Loss: 0.6935 Acc: 0.6882 | Val Loss: 0.6711 Acc: 0.7424
Confusion Matrix:
[[43  0  1]
 [ 7  0  2]
 [ 7  0  6]]
Classification Report:
              precision    recall  f1-score   support

           0       0.75      0.98      0.85        44
           3       0.00      0.00      0.00         9
           4       0.67      0.46      0.55        13

    accuracy                           0.74        66
   macro avg       0.47      0.48      0.47        66
weighted avg       0.63      0.74      0.68        66

[Epoch 62/100] Train Loss: 0.6982 Acc: 0.6882 | Val Loss: 0.6564 Acc: 0.7424
Confusion Matrix:
[[44  0  0]
 [ 7  0  2]
 [ 7  0  6]]
Classification Report:
              precision    recall  f1-score   support

           0       0.76      1.00      0.86        44
           3       0.00      0.00      0.00         9
           4       0.75      0.46      0.57        13

    accuracy                           0.76        66
   macro avg       0.50      0.49      0.48        66
weighted avg       0.65      0.76      0.69        66

[Epoch 63/100] Train Loss: 0.6886 Acc: 0.6768 | Val Loss: 0.6551 Acc: 0.7576
Confusion Matrix:
[[44  0  0]
 [ 7  0  2]
 [ 8  0  5]]
Classification Report:
              precision    recall  f1-score   support

           0       0.75      1.00      0.85        44
           3       0.00      0.00      0.00         9
           4       0.71      0.38      0.50        13

    accuracy                           0.74        66
   macro avg       0.49      0.46      0.45        66
weighted avg       0.64      0.74      0.67        66

[Epoch 64/100] Train Loss: 0.6845 Acc: 0.6920 | Val Loss: 0.6647 Acc: 0.7424
Confusion Matrix:
[[43  0  1]
 [ 7  0  2]
 [ 6  0  7]]
Classification Report:
              precision    recall  f1-score   support

           0       0.77      0.98      0.86        44
           3       0.00      0.00      0.00         9
           4       0.70      0.54      0.61        13

    accuracy                           0.76        66
   macro avg       0.49      0.51      0.49        66
weighted avg       0.65      0.76      0.69        66

[Epoch 65/100] Train Loss: 0.6935 Acc: 0.7110 | Val Loss: 0.6515 Acc: 0.7576
Confusion Matrix:
[[44  0  0]
 [ 7  0  2]
 [ 7  0  6]]
Classification Report:
              precision    recall  f1-score   support

           0       0.76      1.00      0.86        44
           3       0.00      0.00      0.00         9
           4       0.75      0.46      0.57        13

    accuracy                           0.76        66
   macro avg       0.50      0.49      0.48        66
weighted avg       0.65      0.76      0.69        66

[Epoch 66/100] Train Loss: 0.6927 Acc: 0.6806 | Val Loss: 0.6579 Acc: 0.7576
Confusion Matrix:
[[42  0  2]
 [ 7  0  2]
 [ 6  0  7]]
Classification Report:
              precision    recall  f1-score   support

           0       0.76      0.95      0.85        44
           3       0.00      0.00      0.00         9
           4       0.64      0.54      0.58        13

    accuracy                           0.74        66
   macro avg       0.47      0.50      0.48        66
weighted avg       0.63      0.74      0.68        66

[Epoch 67/100] Train Loss: 0.6848 Acc: 0.6844 | Val Loss: 0.6483 Acc: 0.7424
Confusion Matrix:
[[44  0  0]
 [ 7  0  2]
 [ 8  0  5]]
Classification Report:
              precision    recall  f1-score   support

           0       0.75      1.00      0.85        44
           3       0.00      0.00      0.00         9
           4       0.71      0.38      0.50        13

    accuracy                           0.74        66
   macro avg       0.49      0.46      0.45        66
weighted avg       0.64      0.74      0.67        66

[Epoch 68/100] Train Loss: 0.7114 Acc: 0.6768 | Val Loss: 0.6643 Acc: 0.7424
Confusion Matrix:
[[41  0  3]
 [ 7  0  2]
 [ 5  0  8]]
Classification Report:
              precision    recall  f1-score   support

           0       0.77      0.93      0.85        44
           3       0.00      0.00      0.00         9
           4       0.62      0.62      0.62        13

    accuracy                           0.74        66
   macro avg       0.46      0.52      0.49        66
weighted avg       0.64      0.74      0.68        66

[Epoch 69/100] Train Loss: 0.7370 Acc: 0.6768 | Val Loss: 0.6514 Acc: 0.7424
Confusion Matrix:
[[43  0  1]
 [ 7  0  2]
 [ 6  0  7]]
Classification Report:
              precision    recall  f1-score   support

           0       0.77      0.98      0.86        44
           3       0.00      0.00      0.00         9
           4       0.70      0.54      0.61        13

    accuracy                           0.76        66
   macro avg       0.49      0.51      0.49        66
weighted avg       0.65      0.76      0.69        66

[Epoch 70/100] Train Loss: 0.7348 Acc: 0.6768 | Val Loss: 0.6458 Acc: 0.7576
Confusion Matrix:
[[43  0  1]
 [ 7  0  2]
 [ 6  0  7]]
Classification Report:
              precision    recall  f1-score   support

           0       0.77      0.98      0.86        44
           3       0.00      0.00      0.00         9
           4       0.70      0.54      0.61        13

    accuracy                           0.76        66
   macro avg       0.49      0.51      0.49        66
weighted avg       0.65      0.76      0.69        66

[Epoch 71/100] Train Loss: 0.7060 Acc: 0.6882 | Val Loss: 0.6441 Acc: 0.7576
Confusion Matrix:
[[43  0  1]
 [ 7  0  2]
 [ 6  0  7]]
Classification Report:
              precision    recall  f1-score   support

           0       0.77      0.98      0.86        44
           3       0.00      0.00      0.00         9
           4       0.70      0.54      0.61        13

    accuracy                           0.76        66
   macro avg       0.49      0.51      0.49        66
weighted avg       0.65      0.76      0.69        66

[Epoch 72/100] Train Loss: 0.6964 Acc: 0.6692 | Val Loss: 0.6441 Acc: 0.7576
Confusion Matrix:
[[43  0  1]
 [ 7  0  2]
 [ 7  0  6]]
Classification Report:
              precision    recall  f1-score   support

           0       0.75      0.98      0.85        44
           3       0.00      0.00      0.00         9
           4       0.67      0.46      0.55        13

    accuracy                           0.74        66
   macro avg       0.47      0.48      0.47        66
weighted avg       0.63      0.74      0.68        66

[Epoch 73/100] Train Loss: 0.6751 Acc: 0.6806 | Val Loss: 0.6470 Acc: 0.7424
Confusion Matrix:
[[42  0  2]
 [ 7  0  2]
 [ 6  0  7]]
Classification Report:
              precision    recall  f1-score   support

           0       0.76      0.95      0.85        44
           3       0.00      0.00      0.00         9
           4       0.64      0.54      0.58        13

    accuracy                           0.74        66
   macro avg       0.47      0.50      0.48        66
weighted avg       0.63      0.74      0.68        66

[Epoch 74/100] Train Loss: 0.6771 Acc: 0.6768 | Val Loss: 0.6443 Acc: 0.7424
Confusion Matrix:
[[43  0  1]
 [ 7  0  2]
 [ 7  0  6]]
Classification Report:
              precision    recall  f1-score   support

           0       0.75      0.98      0.85        44
           3       0.00      0.00      0.00         9
           4       0.67      0.46      0.55        13

    accuracy                           0.74        66
   macro avg       0.47      0.48      0.47        66
weighted avg       0.63      0.74      0.68        66

[Epoch 75/100] Train Loss: 0.6752 Acc: 0.6844 | Val Loss: 0.6443 Acc: 0.7424
Confusion Matrix:
[[42  0  2]
 [ 7  0  2]
 [ 6  0  7]]
Classification Report:
              precision    recall  f1-score   support

           0       0.76      0.95      0.85        44
           3       0.00      0.00      0.00         9
           4       0.64      0.54      0.58        13

    accuracy                           0.74        66
   macro avg       0.47      0.50      0.48        66
weighted avg       0.63      0.74      0.68        66

[Epoch 76/100] Train Loss: 0.6751 Acc: 0.6768 | Val Loss: 0.6393 Acc: 0.7424
Confusion Matrix:
[[43  0  1]
 [ 7  0  2]
 [ 6  0  7]]
Classification Report:
              precision    recall  f1-score   support

           0       0.77      0.98      0.86        44
           3       0.00      0.00      0.00         9
           4       0.70      0.54      0.61        13

    accuracy                           0.76        66
   macro avg       0.49      0.51      0.49        66
weighted avg       0.65      0.76      0.69        66

[Epoch 77/100] Train Loss: 0.6771 Acc: 0.6844 | Val Loss: 0.6382 Acc: 0.7576
Confusion Matrix:
[[42  0  2]
 [ 7  0  2]
 [ 5  0  8]]
Classification Report:
              precision    recall  f1-score   support

           0       0.78      0.95      0.86        44
           3       0.00      0.00      0.00         9
           4       0.67      0.62      0.64        13

    accuracy                           0.76        66
   macro avg       0.48      0.52      0.50        66
weighted avg       0.65      0.76      0.70        66

[Epoch 78/100] Train Loss: 0.6700 Acc: 0.6768 | Val Loss: 0.6378 Acc: 0.7576
Confusion Matrix:
[[43  0  1]
 [ 7  0  2]
 [ 6  0  7]]
Classification Report:
              precision    recall  f1-score   support

           0       0.77      0.98      0.86        44
           3       0.00      0.00      0.00         9
           4       0.70      0.54      0.61        13

    accuracy                           0.76        66
   macro avg       0.49      0.51      0.49        66
weighted avg       0.65      0.76      0.69        66

[Epoch 79/100] Train Loss: 0.6734 Acc: 0.6920 | Val Loss: 0.6395 Acc: 0.7576
Confusion Matrix:
[[43  0  1]
 [ 7  0  2]
 [ 7  0  6]]
Classification Report:
              precision    recall  f1-score   support

           0       0.75      0.98      0.85        44
           3       0.00      0.00      0.00         9
           4       0.67      0.46      0.55        13

    accuracy                           0.74        66
   macro avg       0.47      0.48      0.47        66
weighted avg       0.63      0.74      0.68        66

[Epoch 80/100] Train Loss: 0.6748 Acc: 0.6844 | Val Loss: 0.6429 Acc: 0.7424
Confusion Matrix:
[[42  0  2]
 [ 7  0  2]
 [ 5  0  8]]
Classification Report:
              precision    recall  f1-score   support

           0       0.78      0.95      0.86        44
           3       0.00      0.00      0.00         9
           4       0.67      0.62      0.64        13

    accuracy                           0.76        66
   macro avg       0.48      0.52      0.50        66
weighted avg       0.65      0.76      0.70        66

[Epoch 81/100] Train Loss: 0.6662 Acc: 0.6768 | Val Loss: 0.6352 Acc: 0.7576
Confusion Matrix:
[[43  0  1]
 [ 7  0  2]
 [ 6  0  7]]
Classification Report:
              precision    recall  f1-score   support

           0       0.77      0.98      0.86        44
           3       0.00      0.00      0.00         9
           4       0.70      0.54      0.61        13

    accuracy                           0.76        66
   macro avg       0.49      0.51      0.49        66
weighted avg       0.65      0.76      0.69        66

[Epoch 82/100] Train Loss: 0.6751 Acc: 0.6920 | Val Loss: 0.6419 Acc: 0.7576
Confusion Matrix:
[[43  0  1]
 [ 7  0  2]
 [ 6  0  7]]
Classification Report:
              precision    recall  f1-score   support

           0       0.77      0.98      0.86        44
           3       0.00      0.00      0.00         9
           4       0.70      0.54      0.61        13

    accuracy                           0.76        66
   macro avg       0.49      0.51      0.49        66
weighted avg       0.65      0.76      0.69        66

[Epoch 83/100] Train Loss: 0.6809 Acc: 0.6920 | Val Loss: 0.6340 Acc: 0.7576
Confusion Matrix:
[[43  0  1]
 [ 7  0  2]
 [ 6  0  7]]
Classification Report:
              precision    recall  f1-score   support

           0       0.77      0.98      0.86        44
           3       0.00      0.00      0.00         9
           4       0.70      0.54      0.61        13

    accuracy                           0.76        66
   macro avg       0.49      0.51      0.49        66
weighted avg       0.65      0.76      0.69        66

[Epoch 84/100] Train Loss: 0.6657 Acc: 0.6768 | Val Loss: 0.6333 Acc: 0.7576
Confusion Matrix:
[[43  0  1]
 [ 7  2  0]
 [ 6  4  3]]
Classification Report:
              precision    recall  f1-score   support

           0       0.77      0.98      0.86        44
           3       0.33      0.22      0.27         9
           4       0.75      0.23      0.35        13

    accuracy                           0.73        66
   macro avg       0.62      0.48      0.49        66
weighted avg       0.71      0.73      0.68        66

[Epoch 85/100] Train Loss: 0.6698 Acc: 0.6806 | Val Loss: 0.6361 Acc: 0.7273
Confusion Matrix:
[[43  0  1]
 [ 7  0  2]
 [ 6  0  7]]
Classification Report:
              precision    recall  f1-score   support

           0       0.77      0.98      0.86        44
           3       0.00      0.00      0.00         9
           4       0.70      0.54      0.61        13

    accuracy                           0.76        66
   macro avg       0.49      0.51      0.49        66
weighted avg       0.65      0.76      0.69        66

[Epoch 86/100] Train Loss: 0.6674 Acc: 0.6768 | Val Loss: 0.6303 Acc: 0.7576
Confusion Matrix:
[[42  0  2]
 [ 7  0  2]
 [ 5  0  8]]
Classification Report:
              precision    recall  f1-score   support

           0       0.78      0.95      0.86        44
           3       0.00      0.00      0.00         9
           4       0.67      0.62      0.64        13

    accuracy                           0.76        66
   macro avg       0.48      0.52      0.50        66
weighted avg       0.65      0.76      0.70        66

[Epoch 87/100] Train Loss: 0.6765 Acc: 0.6844 | Val Loss: 0.6295 Acc: 0.7576
Confusion Matrix:
[[43  0  1]
 [ 7  0  2]
 [ 6  0  7]]
Classification Report:
              precision    recall  f1-score   support

           0       0.77      0.98      0.86        44
           3       0.00      0.00      0.00         9
           4       0.70      0.54      0.61        13

    accuracy                           0.76        66
   macro avg       0.49      0.51      0.49        66
weighted avg       0.65      0.76      0.69        66

[Epoch 88/100] Train Loss: 0.6831 Acc: 0.6806 | Val Loss: 0.6324 Acc: 0.7576
Confusion Matrix:
[[43  0  1]
 [ 7  0  2]
 [ 6  0  7]]
Classification Report:
              precision    recall  f1-score   support

           0       0.77      0.98      0.86        44
           3       0.00      0.00      0.00         9
           4       0.70      0.54      0.61        13

    accuracy                           0.76        66
   macro avg       0.49      0.51      0.49        66
weighted avg       0.65      0.76      0.69        66

[Epoch 89/100] Train Loss: 0.6955 Acc: 0.6996 | Val Loss: 0.6327 Acc: 0.7576
Confusion Matrix:
[[43  0  1]
 [ 7  0  2]
 [ 6  0  7]]
Classification Report:
              precision    recall  f1-score   support

           0       0.77      0.98      0.86        44
           3       0.00      0.00      0.00         9
           4       0.70      0.54      0.61        13

    accuracy                           0.76        66
   macro avg       0.49      0.51      0.49        66
weighted avg       0.65      0.76      0.69        66

[Epoch 90/100] Train Loss: 0.7036 Acc: 0.6844 | Val Loss: 0.6277 Acc: 0.7576
Confusion Matrix:
[[43  0  1]
 [ 7  0  2]
 [ 7  3  3]]
Classification Report:
              precision    recall  f1-score   support

           0       0.75      0.98      0.85        44
           3       0.00      0.00      0.00         9
           4       0.50      0.23      0.32        13

    accuracy                           0.70        66
   macro avg       0.42      0.40      0.39        66
weighted avg       0.60      0.70      0.63        66

[Epoch 91/100] Train Loss: 0.6791 Acc: 0.6996 | Val Loss: 0.6376 Acc: 0.6970
Confusion Matrix:
[[42  0  2]
 [ 7  0  2]
 [ 5  0  8]]
Classification Report:
              precision    recall  f1-score   support

           0       0.78      0.95      0.86        44
           3       0.00      0.00      0.00         9
           4       0.67      0.62      0.64        13

    accuracy                           0.76        66
   macro avg       0.48      0.52      0.50        66
weighted avg       0.65      0.76      0.70        66

[Epoch 92/100] Train Loss: 0.6686 Acc: 0.6806 | Val Loss: 0.6261 Acc: 0.7576
Confusion Matrix:
[[43  0  1]
 [ 7  0  2]
 [ 6  0  7]]
Classification Report:
              precision    recall  f1-score   support

           0       0.77      0.98      0.86        44
           3       0.00      0.00      0.00         9
           4       0.70      0.54      0.61        13

    accuracy                           0.76        66
   macro avg       0.49      0.51      0.49        66
weighted avg       0.65      0.76      0.69        66

[Epoch 93/100] Train Loss: 0.6734 Acc: 0.6996 | Val Loss: 0.6302 Acc: 0.7576
Confusion Matrix:
[[40  0  4]
 [ 7  0  2]
 [ 5  0  8]]
Classification Report:
              precision    recall  f1-score   support

           0       0.77      0.91      0.83        44
           3       0.00      0.00      0.00         9
           4       0.57      0.62      0.59        13

    accuracy                           0.73        66
   macro avg       0.45      0.51      0.48        66
weighted avg       0.63      0.73      0.67        66

[Epoch 94/100] Train Loss: 0.6617 Acc: 0.7072 | Val Loss: 0.6267 Acc: 0.7273
Confusion Matrix:
[[43  0  1]
 [ 7  0  2]
 [ 7  0  6]]
Classification Report:
              precision    recall  f1-score   support

           0       0.75      0.98      0.85        44
           3       0.00      0.00      0.00         9
           4       0.67      0.46      0.55        13

    accuracy                           0.74        66
   macro avg       0.47      0.48      0.47        66
weighted avg       0.63      0.74      0.68        66

[Epoch 95/100] Train Loss: 0.6555 Acc: 0.6920 | Val Loss: 0.6357 Acc: 0.7424
Confusion Matrix:
[[42  0  2]
 [ 7  0  2]
 [ 5  0  8]]
Classification Report:
              precision    recall  f1-score   support

           0       0.78      0.95      0.86        44
           3       0.00      0.00      0.00         9
           4       0.67      0.62      0.64        13

    accuracy                           0.76        66
   macro avg       0.48      0.52      0.50        66
weighted avg       0.65      0.76      0.70        66

[Epoch 96/100] Train Loss: 0.6680 Acc: 0.6882 | Val Loss: 0.6233 Acc: 0.7576
Confusion Matrix:
[[43  0  1]
 [ 7  0  2]
 [ 7  0  6]]
Classification Report:
              precision    recall  f1-score   support

           0       0.75      0.98      0.85        44
           3       0.00      0.00      0.00         9
           4       0.67      0.46      0.55        13

    accuracy                           0.74        66
   macro avg       0.47      0.48      0.47        66
weighted avg       0.63      0.74      0.68        66

[Epoch 97/100] Train Loss: 0.6558 Acc: 0.6882 | Val Loss: 0.6342 Acc: 0.7424
Confusion Matrix:
[[42  0  2]
 [ 7  0  2]
 [ 5  0  8]]
Classification Report:
              precision    recall  f1-score   support

           0       0.78      0.95      0.86        44
           3       0.00      0.00      0.00         9
           4       0.67      0.62      0.64        13

    accuracy                           0.76        66
   macro avg       0.48      0.52      0.50        66
weighted avg       0.65      0.76      0.70        66

[Epoch 98/100] Train Loss: 0.6605 Acc: 0.6844 | Val Loss: 0.6206 Acc: 0.7576
Confusion Matrix:
[[43  0  1]
 [ 7  0  2]
 [ 5  0  8]]
Classification Report:
              precision    recall  f1-score   support

           0       0.78      0.98      0.87        44
           3       0.00      0.00      0.00         9
           4       0.73      0.62      0.67        13

    accuracy                           0.77        66
   macro avg       0.50      0.53      0.51        66
weighted avg       0.66      0.77      0.71        66

[Epoch 99/100] Train Loss: 0.6560 Acc: 0.6882 | Val Loss: 0.6202 Acc: 0.7727
Confusion Matrix:
[[43  0  1]
 [ 7  0  2]
 [ 5  0  8]]
Classification Report:
              precision    recall  f1-score   support

           0       0.78      0.98      0.87        44
           3       0.00      0.00      0.00         9
           4       0.73      0.62      0.67        13

    accuracy                           0.77        66
   macro avg       0.50      0.53      0.51        66
weighted avg       0.66      0.77      0.71        66

[Epoch 100/100] Train Loss: 0.6542 Acc: 0.6844 | Val Loss: 0.6185 Acc: 0.7727
Completed in 1.79 seconds.
Start training model for task BA_SCROLL: Mon Nov 17 14:24:07 2025
Labels = tensor([0, 5, 6])
Using device: cpu
Train size: 696, Val size: 174
Confusion Matrix:
[[ 0  0 25]
 [ 0  0 62]
 [ 0  0 87]]
Classification Report:
              precision    recall  f1-score   support

           0       0.00      0.00      0.00        25
           5       0.00      0.00      0.00        62
           6       0.50      1.00      0.67        87

    accuracy                           0.50       174
   macro avg       0.17      0.33      0.22       174
weighted avg       0.25      0.50      0.33       174

[Epoch 1/100] Train Loss: 1.6099 Acc: 0.4569 | Val Loss: 1.2172 Acc: 0.5000
Confusion Matrix:
[[ 0 25  0]
 [ 0 62  0]
 [ 0 87  0]]
Classification Report:
              precision    recall  f1-score   support

           0       0.00      0.00      0.00        25
           5       0.36      1.00      0.53        62
           6       0.00      0.00      0.00        87

    accuracy                           0.36       174
   macro avg       0.12      0.33      0.18       174
weighted avg       0.13      0.36      0.19       174

[Epoch 2/100] Train Loss: 1.0832 Acc: 0.4511 | Val Loss: 1.0371 Acc: 0.3563
Confusion Matrix:
[[ 0  0 25]
 [ 0  0 62]
 [ 0  0 87]]
Classification Report:
              precision    recall  f1-score   support

           0       0.00      0.00      0.00        25
           5       0.00      0.00      0.00        62
           6       0.50      1.00      0.67        87

    accuracy                           0.50       174
   macro avg       0.17      0.33      0.22       174
weighted avg       0.25      0.50      0.33       174

[Epoch 3/100] Train Loss: 1.0022 Acc: 0.4440 | Val Loss: 1.0078 Acc: 0.5000
Confusion Matrix:
[[ 0  0 25]
 [ 0  0 62]
 [ 0  0 87]]
Classification Report:
              precision    recall  f1-score   support

           0       0.00      0.00      0.00        25
           5       0.00      0.00      0.00        62
           6       0.50      1.00      0.67        87

    accuracy                           0.50       174
   macro avg       0.17      0.33      0.22       174
weighted avg       0.25      0.50      0.33       174

[Epoch 4/100] Train Loss: 0.9970 Acc: 0.4411 | Val Loss: 1.0060 Acc: 0.5000
Confusion Matrix:
[[ 0  0 25]
 [ 0  0 62]
 [ 0  0 87]]
Classification Report:
              precision    recall  f1-score   support

           0       0.00      0.00      0.00        25
           5       0.00      0.00      0.00        62
           6       0.50      1.00      0.67        87

    accuracy                           0.50       174
   macro avg       0.17      0.33      0.22       174
weighted avg       0.25      0.50      0.33       174

[Epoch 5/100] Train Loss: 1.0132 Acc: 0.4037 | Val Loss: 1.0008 Acc: 0.5000
Confusion Matrix:
[[ 0  0 25]
 [ 0  0 62]
 [ 0  0 87]]
Classification Report:
              precision    recall  f1-score   support

           0       0.00      0.00      0.00        25
           5       0.00      0.00      0.00        62
           6       0.50      1.00      0.67        87

    accuracy                           0.50       174
   macro avg       0.17      0.33      0.22       174
weighted avg       0.25      0.50      0.33       174

[Epoch 6/100] Train Loss: 1.0004 Acc: 0.4397 | Val Loss: 1.0050 Acc: 0.5000
Confusion Matrix:
[[ 0  0 25]
 [ 0  0 62]
 [ 0  0 87]]
Classification Report:
              precision    recall  f1-score   support

           0       0.00      0.00      0.00        25
           5       0.00      0.00      0.00        62
           6       0.50      1.00      0.67        87

    accuracy                           0.50       174
   macro avg       0.17      0.33      0.22       174
weighted avg       0.25      0.50      0.33       174

[Epoch 7/100] Train Loss: 0.9927 Acc: 0.4569 | Val Loss: 0.9987 Acc: 0.5000
Confusion Matrix:
[[ 0 25  0]
 [ 0 62  0]
 [ 0 87  0]]
Classification Report:
              precision    recall  f1-score   support

           0       0.00      0.00      0.00        25
           5       0.36      1.00      0.53        62
           6       0.00      0.00      0.00        87

    accuracy                           0.36       174
   macro avg       0.12      0.33      0.18       174
weighted avg       0.13      0.36      0.19       174

[Epoch 8/100] Train Loss: 0.9929 Acc: 0.4511 | Val Loss: 1.0114 Acc: 0.3563
Confusion Matrix:
[[ 0  0 25]
 [ 0  0 62]
 [ 0  0 87]]
Classification Report:
              precision    recall  f1-score   support

           0       0.00      0.00      0.00        25
           5       0.00      0.00      0.00        62
           6       0.50      1.00      0.67        87

    accuracy                           0.50       174
   macro avg       0.17      0.33      0.22       174
weighted avg       0.25      0.50      0.33       174

[Epoch 9/100] Train Loss: 0.9899 Acc: 0.4397 | Val Loss: 0.9995 Acc: 0.5000
Confusion Matrix:
[[ 0  0 25]
 [ 0  0 62]
 [ 0  0 87]]
Classification Report:
              precision    recall  f1-score   support

           0       0.00      0.00      0.00        25
           5       0.00      0.00      0.00        62
           6       0.50      1.00      0.67        87

    accuracy                           0.50       174
   macro avg       0.17      0.33      0.22       174
weighted avg       0.25      0.50      0.33       174

[Epoch 10/100] Train Loss: 0.9929 Acc: 0.4483 | Val Loss: 0.9963 Acc: 0.5000
Confusion Matrix:
[[ 0 25  0]
 [ 0 62  0]
 [ 0 87  0]]
Classification Report:
              precision    recall  f1-score   support

           0       0.00      0.00      0.00        25
           5       0.36      1.00      0.53        62
           6       0.00      0.00      0.00        87

    accuracy                           0.36       174
   macro avg       0.12      0.33      0.18       174
weighted avg       0.13      0.36      0.19       174

[Epoch 11/100] Train Loss: 0.9919 Acc: 0.4339 | Val Loss: 1.0143 Acc: 0.3563
Confusion Matrix:
[[ 0  0 25]
 [ 0  0 62]
 [ 0  0 87]]
Classification Report:
              precision    recall  f1-score   support

           0       0.00      0.00      0.00        25
           5       0.00      0.00      0.00        62
           6       0.50      1.00      0.67        87

    accuracy                           0.50       174
   macro avg       0.17      0.33      0.22       174
weighted avg       0.25      0.50      0.33       174

[Epoch 12/100] Train Loss: 0.9902 Acc: 0.4569 | Val Loss: 0.9947 Acc: 0.5000
Confusion Matrix:
[[ 0  0 25]
 [ 0  0 62]
 [ 0  0 87]]
Classification Report:
              precision    recall  f1-score   support

           0       0.00      0.00      0.00        25
           5       0.00      0.00      0.00        62
           6       0.50      1.00      0.67        87

    accuracy                           0.50       174
   macro avg       0.17      0.33      0.22       174
weighted avg       0.25      0.50      0.33       174

[Epoch 13/100] Train Loss: 0.9917 Acc: 0.4440 | Val Loss: 1.0028 Acc: 0.5000
Confusion Matrix:
[[ 0 24  1]
 [ 0 62  0]
 [ 0 47 40]]
Classification Report:
              precision    recall  f1-score   support

           0       0.00      0.00      0.00        25
           5       0.47      1.00      0.64        62
           6       0.98      0.46      0.62        87

    accuracy                           0.59       174
   macro avg       0.48      0.49      0.42       174
weighted avg       0.65      0.59      0.54       174

[Epoch 14/100] Train Loss: 0.9890 Acc: 0.4756 | Val Loss: 1.0066 Acc: 0.5862
Confusion Matrix:
[[ 0  0 25]
 [ 0  0 62]
 [ 0  0 87]]
Classification Report:
              precision    recall  f1-score   support

           0       0.00      0.00      0.00        25
           5       0.00      0.00      0.00        62
           6       0.50      1.00      0.67        87

    accuracy                           0.50       174
   macro avg       0.17      0.33      0.22       174
weighted avg       0.25      0.50      0.33       174

[Epoch 15/100] Train Loss: 0.9870 Acc: 0.4971 | Val Loss: 0.9922 Acc: 0.5000
Confusion Matrix:
[[ 0  0 25]
 [ 0  0 62]
 [ 0  0 87]]
Classification Report:
              precision    recall  f1-score   support

           0       0.00      0.00      0.00        25
           5       0.00      0.00      0.00        62
           6       0.50      1.00      0.67        87

    accuracy                           0.50       174
   macro avg       0.17      0.33      0.22       174
weighted avg       0.25      0.50      0.33       174

[Epoch 16/100] Train Loss: 0.9900 Acc: 0.4454 | Val Loss: 0.9976 Acc: 0.5000
Confusion Matrix:
[[ 0 25  0]
 [ 0 62  0]
 [ 0 87  0]]
Classification Report:
              precision    recall  f1-score   support

           0       0.00      0.00      0.00        25
           5       0.36      1.00      0.53        62
           6       0.00      0.00      0.00        87

    accuracy                           0.36       174
   macro avg       0.12      0.33      0.18       174
weighted avg       0.13      0.36      0.19       174

[Epoch 17/100] Train Loss: 0.9799 Acc: 0.4971 | Val Loss: 1.0344 Acc: 0.3563
Confusion Matrix:
[[ 0  0 25]
 [ 0  0 62]
 [ 0  0 87]]
Classification Report:
              precision    recall  f1-score   support

           0       0.00      0.00      0.00        25
           5       0.00      0.00      0.00        62
           6       0.50      1.00      0.67        87

    accuracy                           0.50       174
   macro avg       0.17      0.33      0.22       174
weighted avg       0.25      0.50      0.33       174

[Epoch 18/100] Train Loss: 0.9911 Acc: 0.4339 | Val Loss: 0.9987 Acc: 0.5000
Confusion Matrix:
[[ 0  0 25]
 [ 0  0 62]
 [ 0  0 87]]
Classification Report:
              precision    recall  f1-score   support

           0       0.00      0.00      0.00        25
           5       0.00      0.00      0.00        62
           6       0.50      1.00      0.67        87

    accuracy                           0.50       174
   macro avg       0.17      0.33      0.22       174
weighted avg       0.25      0.50      0.33       174

[Epoch 19/100] Train Loss: 0.9890 Acc: 0.4152 | Val Loss: 0.9870 Acc: 0.5000
Confusion Matrix:
[[ 0  0 25]
 [ 0  0 62]
 [ 0  0 87]]
Classification Report:
              precision    recall  f1-score   support

           0       0.00      0.00      0.00        25
           5       0.00      0.00      0.00        62
           6       0.50      1.00      0.67        87

    accuracy                           0.50       174
   macro avg       0.17      0.33      0.22       174
weighted avg       0.25      0.50      0.33       174

[Epoch 20/100] Train Loss: 0.9838 Acc: 0.4612 | Val Loss: 0.9925 Acc: 0.5000
Confusion Matrix:
[[ 0 25  0]
 [ 0 62  0]
 [ 0 87  0]]
Classification Report:
              precision    recall  f1-score   support

           0       0.00      0.00      0.00        25
           5       0.36      1.00      0.53        62
           6       0.00      0.00      0.00        87

    accuracy                           0.36       174
   macro avg       0.12      0.33      0.18       174
weighted avg       0.13      0.36      0.19       174

[Epoch 21/100] Train Loss: 0.9845 Acc: 0.4842 | Val Loss: 1.0292 Acc: 0.3563
Confusion Matrix:
[[ 0 25  0]
 [ 0 62  0]
 [ 0 87  0]]
Classification Report:
              precision    recall  f1-score   support

           0       0.00      0.00      0.00        25
           5       0.36      1.00      0.53        62
           6       0.00      0.00      0.00        87

    accuracy                           0.36       174
   macro avg       0.12      0.33      0.18       174
weighted avg       0.13      0.36      0.19       174

[Epoch 22/100] Train Loss: 0.9912 Acc: 0.4497 | Val Loss: 1.0046 Acc: 0.3563
Confusion Matrix:
[[ 0  0 25]
 [ 0  0 62]
 [ 0  0 87]]
Classification Report:
              precision    recall  f1-score   support

           0       0.00      0.00      0.00        25
           5       0.00      0.00      0.00        62
           6       0.50      1.00      0.67        87

    accuracy                           0.50       174
   macro avg       0.17      0.33      0.22       174
weighted avg       0.25      0.50      0.33       174

[Epoch 23/100] Train Loss: 0.9864 Acc: 0.4310 | Val Loss: 0.9825 Acc: 0.5000
Confusion Matrix:
[[ 0  0 25]
 [ 0  0 62]
 [ 0  0 87]]
Classification Report:
              precision    recall  f1-score   support

           0       0.00      0.00      0.00        25
           5       0.00      0.00      0.00        62
           6       0.50      1.00      0.67        87

    accuracy                           0.50       174
   macro avg       0.17      0.33      0.22       174
weighted avg       0.25      0.50      0.33       174

[Epoch 24/100] Train Loss: 0.9778 Acc: 0.5388 | Val Loss: 0.9831 Acc: 0.5000
Confusion Matrix:
[[ 0  0 25]
 [ 0  0 62]
 [ 0  0 87]]
Classification Report:
              precision    recall  f1-score   support

           0       0.00      0.00      0.00        25
           5       0.00      0.00      0.00        62
           6       0.50      1.00      0.67        87

    accuracy                           0.50       174
   macro avg       0.17      0.33      0.22       174
weighted avg       0.25      0.50      0.33       174

[Epoch 25/100] Train Loss: 0.9771 Acc: 0.4899 | Val Loss: 0.9793 Acc: 0.5000
Confusion Matrix:
[[ 0  0 25]
 [ 0 49 13]
 [ 0  1 86]]
Classification Report:
              precision    recall  f1-score   support

           0       0.00      0.00      0.00        25
           5       0.98      0.79      0.88        62
           6       0.69      0.99      0.82        87

    accuracy                           0.78       174
   macro avg       0.56      0.59      0.56       174
weighted avg       0.70      0.78      0.72       174

[Epoch 26/100] Train Loss: 0.9739 Acc: 0.4583 | Val Loss: 0.9871 Acc: 0.7759
Confusion Matrix:
[[ 0 19  6]
 [ 0 60  2]
 [ 0 18 69]]
Classification Report:
              precision    recall  f1-score   support

           0       0.00      0.00      0.00        25
           5       0.62      0.97      0.75        62
           6       0.90      0.79      0.84        87

    accuracy                           0.74       174
   macro avg       0.50      0.59      0.53       174
weighted avg       0.67      0.74      0.69       174

[Epoch 27/100] Train Loss: 0.9746 Acc: 0.4540 | Val Loss: 0.9865 Acc: 0.7414
Confusion Matrix:
[[ 0  0 25]
 [ 0  0 62]
 [ 0  0 87]]
Classification Report:
              precision    recall  f1-score   support

           0       0.00      0.00      0.00        25
           5       0.00      0.00      0.00        62
           6       0.50      1.00      0.67        87

    accuracy                           0.50       174
   macro avg       0.17      0.33      0.22       174
weighted avg       0.25      0.50      0.33       174

[Epoch 28/100] Train Loss: 0.9715 Acc: 0.5273 | Val Loss: 0.9716 Acc: 0.5000
Confusion Matrix:
[[ 0  0 25]
 [ 0  0 62]
 [ 0  0 87]]
Classification Report:
              precision    recall  f1-score   support

           0       0.00      0.00      0.00        25
           5       0.00      0.00      0.00        62
           6       0.50      1.00      0.67        87

    accuracy                           0.50       174
   macro avg       0.17      0.33      0.22       174
weighted avg       0.25      0.50      0.33       174

[Epoch 29/100] Train Loss: 0.9697 Acc: 0.5187 | Val Loss: 0.9705 Acc: 0.5000
Confusion Matrix:
[[ 0  0 25]
 [ 0  0 62]
 [ 0  0 87]]
Classification Report:
              precision    recall  f1-score   support

           0       0.00      0.00      0.00        25
           5       0.00      0.00      0.00        62
           6       0.50      1.00      0.67        87

    accuracy                           0.50       174
   macro avg       0.17      0.33      0.22       174
weighted avg       0.25      0.50      0.33       174

[Epoch 30/100] Train Loss: 0.9670 Acc: 0.4655 | Val Loss: 0.9648 Acc: 0.5000
Confusion Matrix:
[[ 0 25  0]
 [ 0 62  0]
 [ 0 87  0]]
Classification Report:
              precision    recall  f1-score   support

           0       0.00      0.00      0.00        25
           5       0.36      1.00      0.53        62
           6       0.00      0.00      0.00        87

    accuracy                           0.36       174
   macro avg       0.12      0.33      0.18       174
weighted avg       0.13      0.36      0.19       174

[Epoch 31/100] Train Loss: 0.9628 Acc: 0.4727 | Val Loss: 0.9953 Acc: 0.3563
Confusion Matrix:
[[ 0 25  0]
 [ 0 62  0]
 [ 0 81  6]]
Classification Report:
              precision    recall  f1-score   support

           0       0.00      0.00      0.00        25
           5       0.37      1.00      0.54        62
           6       1.00      0.07      0.13        87

    accuracy                           0.39       174
   macro avg       0.46      0.36      0.22       174
weighted avg       0.63      0.39      0.26       174

[Epoch 32/100] Train Loss: 0.9594 Acc: 0.4899 | Val Loss: 0.9763 Acc: 0.3908
Confusion Matrix:
[[ 0  0 25]
 [ 0  0 62]
 [ 0  0 87]]
Classification Report:
              precision    recall  f1-score   support

           0       0.00      0.00      0.00        25
           5       0.00      0.00      0.00        62
           6       0.50      1.00      0.67        87

    accuracy                           0.50       174
   macro avg       0.17      0.33      0.22       174
weighted avg       0.25      0.50      0.33       174

[Epoch 33/100] Train Loss: 0.9534 Acc: 0.4928 | Val Loss: 0.9679 Acc: 0.5000
Confusion Matrix:
[[ 0  0 25]
 [ 0  0 62]
 [ 0  0 87]]
Classification Report:
              precision    recall  f1-score   support

           0       0.00      0.00      0.00        25
           5       0.00      0.00      0.00        62
           6       0.50      1.00      0.67        87

    accuracy                           0.50       174
   macro avg       0.17      0.33      0.22       174
weighted avg       0.25      0.50      0.33       174

[Epoch 34/100] Train Loss: 0.9593 Acc: 0.4871 | Val Loss: 0.9528 Acc: 0.5000
Confusion Matrix:
[[ 0  0 25]
 [ 0  0 62]
 [ 0  0 87]]
Classification Report:
              precision    recall  f1-score   support

           0       0.00      0.00      0.00        25
           5       0.00      0.00      0.00        62
           6       0.50      1.00      0.67        87

    accuracy                           0.50       174
   macro avg       0.17      0.33      0.22       174
weighted avg       0.25      0.50      0.33       174

[Epoch 35/100] Train Loss: 0.9424 Acc: 0.6034 | Val Loss: 0.9477 Acc: 0.5000
Confusion Matrix:
[[ 0 23  2]
 [ 0 62  0]
 [ 0 71 16]]
Classification Report:
              precision    recall  f1-score   support

           0       0.00      0.00      0.00        25
           5       0.40      1.00      0.57        62
           6       0.89      0.18      0.30        87

    accuracy                           0.45       174
   macro avg       0.43      0.39      0.29       174
weighted avg       0.59      0.45      0.36       174

[Epoch 36/100] Train Loss: 0.9417 Acc: 0.5718 | Val Loss: 0.9588 Acc: 0.4483
Confusion Matrix:
[[ 0 25  0]
 [ 0 62  0]
 [ 0 87  0]]
Classification Report:
              precision    recall  f1-score   support

           0       0.00      0.00      0.00        25
           5       0.36      1.00      0.53        62
           6       0.00      0.00      0.00        87

    accuracy                           0.36       174
   macro avg       0.12      0.33      0.18       174
weighted avg       0.13      0.36      0.19       174

[Epoch 37/100] Train Loss: 0.9407 Acc: 0.4899 | Val Loss: 0.9644 Acc: 0.3563
Confusion Matrix:
[[ 0  0 25]
 [ 0  0 62]
 [ 0  0 87]]
Classification Report:
              precision    recall  f1-score   support

           0       0.00      0.00      0.00        25
           5       0.00      0.00      0.00        62
           6       0.50      1.00      0.67        87

    accuracy                           0.50       174
   macro avg       0.17      0.33      0.22       174
weighted avg       0.25      0.50      0.33       174

[Epoch 38/100] Train Loss: 0.9295 Acc: 0.5532 | Val Loss: 0.9250 Acc: 0.5000
Confusion Matrix:
[[ 0  0 25]
 [ 0 48 14]
 [ 0  0 87]]
Classification Report:
              precision    recall  f1-score   support

           0       0.00      0.00      0.00        25
           5       1.00      0.77      0.87        62
           6       0.69      1.00      0.82        87

    accuracy                           0.78       174
   macro avg       0.56      0.59      0.56       174
weighted avg       0.70      0.78      0.72       174

[Epoch 39/100] Train Loss: 0.9287 Acc: 0.6279 | Val Loss: 0.9247 Acc: 0.7759
Confusion Matrix:
[[ 0  0 25]
 [ 0 16 46]
 [ 0  0 87]]
Classification Report:
              precision    recall  f1-score   support

           0       0.00      0.00      0.00        25
           5       1.00      0.26      0.41        62
           6       0.55      1.00      0.71        87

    accuracy                           0.59       174
   macro avg       0.52      0.42      0.37       174
weighted avg       0.63      0.59      0.50       174

[Epoch 40/100] Train Loss: 0.9097 Acc: 0.6049 | Val Loss: 0.9194 Acc: 0.5920
Confusion Matrix:
[[ 0  0 25]
 [ 0  0 62]
 [ 0  0 87]]
Classification Report:
              precision    recall  f1-score   support

           0       0.00      0.00      0.00        25
           5       0.00      0.00      0.00        62
           6       0.50      1.00      0.67        87

    accuracy                           0.50       174
   macro avg       0.17      0.33      0.22       174
weighted avg       0.25      0.50      0.33       174

[Epoch 41/100] Train Loss: 0.9074 Acc: 0.5445 | Val Loss: 0.9022 Acc: 0.5000
Confusion Matrix:
[[ 0 25  0]
 [ 0 62  0]
 [ 0 87  0]]
Classification Report:
              precision    recall  f1-score   support

           0       0.00      0.00      0.00        25
           5       0.36      1.00      0.53        62
           6       0.00      0.00      0.00        87

    accuracy                           0.36       174
   macro avg       0.12      0.33      0.18       174
weighted avg       0.13      0.36      0.19       174

[Epoch 42/100] Train Loss: 0.8890 Acc: 0.5675 | Val Loss: 1.0054 Acc: 0.3563
Confusion Matrix:
[[ 0  0 25]
 [ 0 28 34]
 [ 0  0 87]]
Classification Report:
              precision    recall  f1-score   support

           0       0.00      0.00      0.00        25
           5       1.00      0.45      0.62        62
           6       0.60      1.00      0.75        87

    accuracy                           0.66       174
   macro avg       0.53      0.48      0.46       174
weighted avg       0.65      0.66      0.60       174

[Epoch 43/100] Train Loss: 0.8948 Acc: 0.5963 | Val Loss: 0.8932 Acc: 0.6609
Confusion Matrix:
[[ 0 20  5]
 [ 0 60  2]
 [ 0 20 67]]
Classification Report:
              precision    recall  f1-score   support

           0       0.00      0.00      0.00        25
           5       0.60      0.97      0.74        62
           6       0.91      0.77      0.83        87

    accuracy                           0.73       174
   macro avg       0.50      0.58      0.52       174
weighted avg       0.67      0.73      0.68       174

[Epoch 44/100] Train Loss: 0.8829 Acc: 0.6667 | Val Loss: 0.8919 Acc: 0.7299
Confusion Matrix:
[[ 0  0 25]
 [ 0  0 62]
 [ 0  0 87]]
Classification Report:
              precision    recall  f1-score   support

           0       0.00      0.00      0.00        25
           5       0.00      0.00      0.00        62
           6       0.50      1.00      0.67        87

    accuracy                           0.50       174
   macro avg       0.17      0.33      0.22       174
weighted avg       0.25      0.50      0.33       174

[Epoch 45/100] Train Loss: 0.8644 Acc: 0.6236 | Val Loss: 0.8764 Acc: 0.5000
Confusion Matrix:
[[ 0  0 25]
 [ 0  0 62]
 [ 0  0 87]]
Classification Report:
              precision    recall  f1-score   support

           0       0.00      0.00      0.00        25
           5       0.00      0.00      0.00        62
           6       0.50      1.00      0.67        87

    accuracy                           0.50       174
   macro avg       0.17      0.33      0.22       174
weighted avg       0.25      0.50      0.33       174

[Epoch 46/100] Train Loss: 0.8663 Acc: 0.5489 | Val Loss: 0.8600 Acc: 0.5000
Confusion Matrix:
[[ 0  2 23]
 [ 0 53  9]
 [ 0  5 82]]
Classification Report:
              precision    recall  f1-score   support

           0       0.00      0.00      0.00        25
           5       0.88      0.85      0.87        62
           6       0.72      0.94      0.82        87

    accuracy                           0.78       174
   macro avg       0.53      0.60      0.56       174
weighted avg       0.67      0.78      0.72       174

[Epoch 47/100] Train Loss: 0.8654 Acc: 0.6193 | Val Loss: 0.8579 Acc: 0.7759
Confusion Matrix:
[[ 0  0 25]
 [ 0  3 59]
 [ 0  0 87]]
Classification Report:
              precision    recall  f1-score   support

           0       0.00      0.00      0.00        25
           5       1.00      0.05      0.09        62
           6       0.51      1.00      0.67        87

    accuracy                           0.52       174
   macro avg       0.50      0.35      0.26       174
weighted avg       0.61      0.52      0.37       174

[Epoch 48/100] Train Loss: 0.8352 Acc: 0.6782 | Val Loss: 0.8380 Acc: 0.5172
Confusion Matrix:
[[ 0  0 25]
 [ 0  0 62]
 [ 0  0 87]]
Classification Report:
              precision    recall  f1-score   support

           0       0.00      0.00      0.00        25
           5       0.00      0.00      0.00        62
           6       0.50      1.00      0.67        87

    accuracy                           0.50       174
   macro avg       0.17      0.33      0.22       174
weighted avg       0.25      0.50      0.33       174

[Epoch 49/100] Train Loss: 0.8379 Acc: 0.5345 | Val Loss: 0.8308 Acc: 0.5000
Confusion Matrix:
[[ 0 23  2]
 [ 0 62  0]
 [ 0 80  7]]
Classification Report:
              precision    recall  f1-score   support

           0       0.00      0.00      0.00        25
           5       0.38      1.00      0.55        62
           6       0.78      0.08      0.15        87

    accuracy                           0.40       174
   macro avg       0.38      0.36      0.23       174
weighted avg       0.52      0.40      0.27       174

[Epoch 50/100] Train Loss: 0.8346 Acc: 0.5503 | Val Loss: 0.8903 Acc: 0.3966
Confusion Matrix:
[[ 0  0 25]
 [ 0 14 48]
 [ 0  0 87]]
Classification Report:
              precision    recall  f1-score   support

           0       0.00      0.00      0.00        25
           5       1.00      0.23      0.37        62
           6       0.54      1.00      0.70        87

    accuracy                           0.58       174
   macro avg       0.51      0.41      0.36       174
weighted avg       0.63      0.58      0.48       174

[Epoch 51/100] Train Loss: 0.8202 Acc: 0.6092 | Val Loss: 0.8152 Acc: 0.5805
Confusion Matrix:
[[ 0  0 25]
 [ 0 39 23]
 [ 0  0 87]]
Classification Report:
              precision    recall  f1-score   support

           0       0.00      0.00      0.00        25
           5       1.00      0.63      0.77        62
           6       0.64      1.00      0.78        87

    accuracy                           0.72       174
   macro avg       0.55      0.54      0.52       174
weighted avg       0.68      0.72      0.67       174

[Epoch 52/100] Train Loss: 0.7913 Acc: 0.6796 | Val Loss: 0.8305 Acc: 0.7241
Confusion Matrix:
[[ 2 23  0]
 [ 0 62  0]
 [ 0 78  9]]
Classification Report:
              precision    recall  f1-score   support

           0       1.00      0.08      0.15        25
           5       0.38      1.00      0.55        62
           6       1.00      0.10      0.19        87

    accuracy                           0.42       174
   macro avg       0.79      0.39      0.30       174
weighted avg       0.78      0.42      0.31       174

[Epoch 53/100] Train Loss: 0.7835 Acc: 0.7069 | Val Loss: 0.8878 Acc: 0.4195
Confusion Matrix:
[[ 4  0 21]
 [ 2 35 25]
 [ 3  0 84]]
Classification Report:
              precision    recall  f1-score   support

           0       0.44      0.16      0.24        25
           5       1.00      0.56      0.72        62
           6       0.65      0.97      0.77        87

    accuracy                           0.71       174
   macro avg       0.70      0.56      0.58       174
weighted avg       0.74      0.71      0.68       174

[Epoch 54/100] Train Loss: 0.7887 Acc: 0.6667 | Val Loss: 0.7814 Acc: 0.7069
Confusion Matrix:
[[ 2 23  0]
 [ 0 62  0]
 [ 0 26 61]]
Classification Report:
              precision    recall  f1-score   support

           0       1.00      0.08      0.15        25
           5       0.56      1.00      0.72        62
           6       1.00      0.70      0.82        87

    accuracy                           0.72       174
   macro avg       0.85      0.59      0.56       174
weighted avg       0.84      0.72      0.69       174

[Epoch 55/100] Train Loss: 0.7571 Acc: 0.6911 | Val Loss: 0.7912 Acc: 0.7184
Confusion Matrix:
[[ 2  0 23]
 [ 0  8 54]
 [ 0  0 87]]
Classification Report:
              precision    recall  f1-score   support

           0       1.00      0.08      0.15        25
           5       1.00      0.13      0.23        62
           6       0.53      1.00      0.69        87

    accuracy                           0.56       174
   macro avg       0.84      0.40      0.36       174
weighted avg       0.77      0.56      0.45       174

[Epoch 56/100] Train Loss: 0.7449 Acc: 0.7328 | Val Loss: 0.7653 Acc: 0.5575
Confusion Matrix:
[[ 2  0 23]
 [ 0 42 20]
 [ 0  0 87]]
Classification Report:
              precision    recall  f1-score   support

           0       1.00      0.08      0.15        25
           5       1.00      0.68      0.81        62
           6       0.67      1.00      0.80        87

    accuracy                           0.75       174
   macro avg       0.89      0.59      0.59       174
weighted avg       0.83      0.75      0.71       174

[Epoch 57/100] Train Loss: 0.7264 Acc: 0.7701 | Val Loss: 0.7416 Acc: 0.7529
Confusion Matrix:
[[ 4 18  3]
 [ 0 60  2]
 [ 1 12 74]]
Classification Report:
              precision    recall  f1-score   support

           0       0.80      0.16      0.27        25
           5       0.67      0.97      0.79        62
           6       0.94      0.85      0.89        87

    accuracy                           0.79       174
   macro avg       0.80      0.66      0.65       174
weighted avg       0.82      0.79      0.77       174

[Epoch 58/100] Train Loss: 0.7248 Acc: 0.7141 | Val Loss: 0.7394 Acc: 0.7931
Confusion Matrix:
[[ 2  3 20]
 [ 0 57  5]
 [ 0  3 84]]
Classification Report:
              precision    recall  f1-score   support

           0       1.00      0.08      0.15        25
           5       0.90      0.92      0.91        62
           6       0.77      0.97      0.86        87

    accuracy                           0.82       174
   macro avg       0.89      0.65      0.64       174
weighted avg       0.85      0.82      0.77       174

[Epoch 59/100] Train Loss: 0.7040 Acc: 0.7931 | Val Loss: 0.7195 Acc: 0.8218
Confusion Matrix:
[[ 2  0 23]
 [ 0 37 25]
 [ 0  0 87]]
Classification Report:
              precision    recall  f1-score   support

           0       1.00      0.08      0.15        25
           5       1.00      0.60      0.75        62
           6       0.64      1.00      0.78        87

    accuracy                           0.72       174
   macro avg       0.88      0.56      0.56       174
weighted avg       0.82      0.72      0.68       174

[Epoch 60/100] Train Loss: 0.6969 Acc: 0.7572 | Val Loss: 0.7292 Acc: 0.7241
Confusion Matrix:
[[19  0  6]
 [15 40  7]
 [15  0 72]]
Classification Report:
              precision    recall  f1-score   support

           0       0.39      0.76      0.51        25
           5       1.00      0.65      0.78        62
           6       0.85      0.83      0.84        87

    accuracy                           0.75       174
   macro avg       0.74      0.74      0.71       174
weighted avg       0.84      0.75      0.77       174

[Epoch 61/100] Train Loss: 0.6944 Acc: 0.7572 | Val Loss: 0.7128 Acc: 0.7529
Confusion Matrix:
[[ 5  2 18]
 [ 2 53  7]
 [ 3  1 83]]
Classification Report:
              precision    recall  f1-score   support

           0       0.50      0.20      0.29        25
           5       0.95      0.85      0.90        62
           6       0.77      0.95      0.85        87

    accuracy                           0.81       174
   macro avg       0.74      0.67      0.68       174
weighted avg       0.79      0.81      0.79       174

[Epoch 62/100] Train Loss: 0.6747 Acc: 0.7845 | Val Loss: 0.6799 Acc: 0.8103
Confusion Matrix:
[[ 1 19  5]
 [ 0 60  2]
 [ 0 11 76]]
Classification Report:
              precision    recall  f1-score   support

           0       1.00      0.04      0.08        25
           5       0.67      0.97      0.79        62
           6       0.92      0.87      0.89        87

    accuracy                           0.79       174
   macro avg       0.86      0.63      0.59       174
weighted avg       0.84      0.79      0.74       174

[Epoch 63/100] Train Loss: 0.6611 Acc: 0.8103 | Val Loss: 0.7151 Acc: 0.7874
Confusion Matrix:
[[ 2 23  0]
 [ 0 62  0]
 [ 3 61 23]]
Classification Report:
              precision    recall  f1-score   support

           0       0.40      0.08      0.13        25
           5       0.42      1.00      0.60        62
           6       1.00      0.26      0.42        87

    accuracy                           0.50       174
   macro avg       0.61      0.45      0.38       174
weighted avg       0.71      0.50      0.44       174

[Epoch 64/100] Train Loss: 0.6518 Acc: 0.7945 | Val Loss: 0.7909 Acc: 0.5000
Confusion Matrix:
[[ 4 21  0]
 [ 0 60  2]
 [ 1 17 69]]
Classification Report:
              precision    recall  f1-score   support

           0       0.80      0.16      0.27        25
           5       0.61      0.97      0.75        62
           6       0.97      0.79      0.87        87

    accuracy                           0.76       174
   macro avg       0.79      0.64      0.63       174
weighted avg       0.82      0.76      0.74       174

[Epoch 65/100] Train Loss: 0.6494 Acc: 0.7543 | Val Loss: 0.6748 Acc: 0.7644
Confusion Matrix:
[[ 2  0 23]
 [ 0 48 14]
 [ 1  0 86]]
Classification Report:
              precision    recall  f1-score   support

           0       0.67      0.08      0.14        25
           5       1.00      0.77      0.87        62
           6       0.70      0.99      0.82        87

    accuracy                           0.78       174
   macro avg       0.79      0.61      0.61       174
weighted avg       0.80      0.78      0.74       174

[Epoch 66/100] Train Loss: 0.6176 Acc: 0.8132 | Val Loss: 0.6398 Acc: 0.7816
Confusion Matrix:
[[ 2  0 23]
 [ 0 35 27]
 [ 0  0 87]]
Classification Report:
              precision    recall  f1-score   support

           0       1.00      0.08      0.15        25
           5       1.00      0.56      0.72        62
           6       0.64      1.00      0.78        87

    accuracy                           0.71       174
   macro avg       0.88      0.55      0.55       174
weighted avg       0.82      0.71      0.67       174

[Epoch 67/100] Train Loss: 0.6220 Acc: 0.7672 | Val Loss: 0.6544 Acc: 0.7126
Confusion Matrix:
[[22  0  3]
 [14 48  0]
 [18  3 66]]
Classification Report:
              precision    recall  f1-score   support

           0       0.41      0.88      0.56        25
           5       0.94      0.77      0.85        62
           6       0.96      0.76      0.85        87

    accuracy                           0.78       174
   macro avg       0.77      0.80      0.75       174
weighted avg       0.87      0.78      0.81       174

[Epoch 68/100] Train Loss: 0.6091 Acc: 0.7888 | Val Loss: 0.6432 Acc: 0.7816
Confusion Matrix:
[[ 2 14  9]
 [ 0 60  2]
 [ 1  7 79]]
Classification Report:
              precision    recall  f1-score   support

           0       0.67      0.08      0.14        25
           5       0.74      0.97      0.84        62
           6       0.88      0.91      0.89        87

    accuracy                           0.81       174
   macro avg       0.76      0.65      0.62       174
weighted avg       0.80      0.81      0.77       174

[Epoch 69/100] Train Loss: 0.5930 Acc: 0.8190 | Val Loss: 0.6194 Acc: 0.8103
Confusion Matrix:
[[ 2 14  9]
 [ 0 60  2]
 [ 1  7 79]]
Classification Report:
              precision    recall  f1-score   support

           0       0.67      0.08      0.14        25
           5       0.74      0.97      0.84        62
           6       0.88      0.91      0.89        87

    accuracy                           0.81       174
   macro avg       0.76      0.65      0.62       174
weighted avg       0.80      0.81      0.77       174

[Epoch 70/100] Train Loss: 0.5717 Acc: 0.8448 | Val Loss: 0.6085 Acc: 0.8103
Confusion Matrix:
[[ 7 18  0]
 [ 0 60  2]
 [ 5 13 69]]
Classification Report:
              precision    recall  f1-score   support

           0       0.58      0.28      0.38        25
           5       0.66      0.97      0.78        62
           6       0.97      0.79      0.87        87

    accuracy                           0.78       174
   macro avg       0.74      0.68      0.68       174
weighted avg       0.80      0.78      0.77       174

[Epoch 71/100] Train Loss: 0.5650 Acc: 0.8290 | Val Loss: 0.6091 Acc: 0.7816
Confusion Matrix:
[[ 5  0 20]
 [ 3 40 19]
 [ 1  0 86]]
Classification Report:
              precision    recall  f1-score   support

           0       0.56      0.20      0.29        25
           5       1.00      0.65      0.78        62
           6       0.69      0.99      0.81        87

    accuracy                           0.75       174
   macro avg       0.75      0.61      0.63       174
weighted avg       0.78      0.75      0.73       174

[Epoch 72/100] Train Loss: 0.5473 Acc: 0.8463 | Val Loss: 0.5838 Acc: 0.7529
Confusion Matrix:
[[ 6 18  1]
 [ 0 60  2]
 [ 3  9 75]]
Classification Report:
              precision    recall  f1-score   support

           0       0.67      0.24      0.35        25
           5       0.69      0.97      0.81        62
           6       0.96      0.86      0.91        87

    accuracy                           0.81       174
   macro avg       0.77      0.69      0.69       174
weighted avg       0.82      0.81      0.79       174

[Epoch 73/100] Train Loss: 0.5661 Acc: 0.8017 | Val Loss: 0.5801 Acc: 0.8103
Confusion Matrix:
[[ 4  0 21]
 [ 3 39 20]
 [ 1  0 86]]
Classification Report:
              precision    recall  f1-score   support

           0       0.50      0.16      0.24        25
           5       1.00      0.63      0.77        62
           6       0.68      0.99      0.80        87

    accuracy                           0.74       174
   macro avg       0.73      0.59      0.61       174
weighted avg       0.77      0.74      0.71       174

[Epoch 74/100] Train Loss: 0.5461 Acc: 0.8233 | Val Loss: 0.5743 Acc: 0.7414
Confusion Matrix:
[[ 2  0 23]
 [ 0 41 21]
 [ 0  0 87]]
Classification Report:
              precision    recall  f1-score   support

           0       1.00      0.08      0.15        25
           5       1.00      0.66      0.80        62
           6       0.66      1.00      0.80        87

    accuracy                           0.75       174
   macro avg       0.89      0.58      0.58       174
weighted avg       0.83      0.75      0.70       174

[Epoch 75/100] Train Loss: 0.5459 Acc: 0.8132 | Val Loss: 0.5749 Acc: 0.7471
Confusion Matrix:
[[13  2 10]
 [ 4 56  2]
 [ 7  1 79]]
Classification Report:
              precision    recall  f1-score   support

           0       0.54      0.52      0.53        25
           5       0.95      0.90      0.93        62
           6       0.87      0.91      0.89        87

    accuracy                           0.85       174
   macro avg       0.79      0.78      0.78       174
weighted avg       0.85      0.85      0.85       174

[Epoch 76/100] Train Loss: 0.5194 Acc: 0.8434 | Val Loss: 0.5401 Acc: 0.8506
Confusion Matrix:
[[ 2  0 23]
 [ 0 48 14]
 [ 0  0 87]]
Classification Report:
              precision    recall  f1-score   support

           0       1.00      0.08      0.15        25
           5       1.00      0.77      0.87        62
           6       0.70      1.00      0.82        87

    accuracy                           0.79       174
   macro avg       0.90      0.62      0.62       174
weighted avg       0.85      0.79      0.74       174

[Epoch 77/100] Train Loss: 0.5070 Acc: 0.8549 | Val Loss: 0.5542 Acc: 0.7874
Confusion Matrix:
[[15  0 10]
 [ 7 50  5]
 [10  0 77]]
Classification Report:
              precision    recall  f1-score   support

           0       0.47      0.60      0.53        25
           5       1.00      0.81      0.89        62
           6       0.84      0.89      0.86        87

    accuracy                           0.82       174
   macro avg       0.77      0.76      0.76       174
weighted avg       0.84      0.82      0.82       174

[Epoch 78/100] Train Loss: 0.5148 Acc: 0.8290 | Val Loss: 0.5257 Acc: 0.8161
Confusion Matrix:
[[22  3  0]
 [ 8 54  0]
 [20  6 61]]
Classification Report:
              precision    recall  f1-score   support

           0       0.44      0.88      0.59        25
           5       0.86      0.87      0.86        62
           6       1.00      0.70      0.82        87

    accuracy                           0.79       174
   macro avg       0.77      0.82      0.76       174
weighted avg       0.87      0.79      0.80       174

[Epoch 79/100] Train Loss: 0.5219 Acc: 0.8089 | Val Loss: 0.5773 Acc: 0.7874
Confusion Matrix:
[[ 5 18  2]
 [ 0 60  2]
 [ 2  9 76]]
Classification Report:
              precision    recall  f1-score   support

           0       0.71      0.20      0.31        25
           5       0.69      0.97      0.81        62
           6       0.95      0.87      0.91        87

    accuracy                           0.81       174
   macro avg       0.78      0.68      0.68       174
weighted avg       0.82      0.81      0.79       174

[Epoch 80/100] Train Loss: 0.4970 Acc: 0.8434 | Val Loss: 0.5311 Acc: 0.8103
Confusion Matrix:
[[ 2  0 23]
 [ 0 48 14]
 [ 0  0 87]]
Classification Report:
              precision    recall  f1-score   support

           0       1.00      0.08      0.15        25
           5       1.00      0.77      0.87        62
           6       0.70      1.00      0.82        87

    accuracy                           0.79       174
   macro avg       0.90      0.62      0.62       174
weighted avg       0.85      0.79      0.74       174

[Epoch 81/100] Train Loss: 0.4891 Acc: 0.8319 | Val Loss: 0.5216 Acc: 0.7874
Confusion Matrix:
[[ 4  3 18]
 [ 2 56  4]
 [ 1  1 85]]
Classification Report:
              precision    recall  f1-score   support

           0       0.57      0.16      0.25        25
           5       0.93      0.90      0.92        62
           6       0.79      0.98      0.88        87

    accuracy                           0.83       174
   macro avg       0.77      0.68      0.68       174
weighted avg       0.81      0.83      0.80       174

[Epoch 82/100] Train Loss: 0.4811 Acc: 0.8348 | Val Loss: 0.4967 Acc: 0.8333
Confusion Matrix:
[[10  2 13]
 [ 3 54  5]
 [ 3  1 83]]
Classification Report:
              precision    recall  f1-score   support

           0       0.62      0.40      0.49        25
           5       0.95      0.87      0.91        62
           6       0.82      0.95      0.88        87

    accuracy                           0.84       174
   macro avg       0.80      0.74      0.76       174
weighted avg       0.84      0.84      0.83       174

[Epoch 83/100] Train Loss: 0.4701 Acc: 0.8578 | Val Loss: 0.4842 Acc: 0.8448
Confusion Matrix:
[[ 6 18  1]
 [ 0 60  2]
 [ 1 10 76]]
Classification Report:
              precision    recall  f1-score   support

           0       0.86      0.24      0.38        25
           5       0.68      0.97      0.80        62
           6       0.96      0.87      0.92        87

    accuracy                           0.82       174
   macro avg       0.83      0.69      0.70       174
weighted avg       0.85      0.82      0.80       174

[Epoch 84/100] Train Loss: 0.4754 Acc: 0.8376 | Val Loss: 0.5089 Acc: 0.8161
Confusion Matrix:
[[ 6 19  0]
 [ 0 62  0]
 [ 3 19 65]]
Classification Report:
              precision    recall  f1-score   support

           0       0.67      0.24      0.35        25
           5       0.62      1.00      0.77        62
           6       1.00      0.75      0.86        87

    accuracy                           0.76       174
   macro avg       0.76      0.66      0.66       174
weighted avg       0.82      0.76      0.75       174

[Epoch 85/100] Train Loss: 0.4743 Acc: 0.8233 | Val Loss: 0.5550 Acc: 0.7644
Confusion Matrix:
[[ 4  0 21]
 [ 2 52  8]
 [ 1  0 86]]
Classification Report:
              precision    recall  f1-score   support

           0       0.57      0.16      0.25        25
           5       1.00      0.84      0.91        62
           6       0.75      0.99      0.85        87

    accuracy                           0.82       174
   macro avg       0.77      0.66      0.67       174
weighted avg       0.81      0.82      0.79       174

[Epoch 86/100] Train Loss: 0.4571 Acc: 0.8391 | Val Loss: 0.4750 Acc: 0.8161
Confusion Matrix:
[[ 5  0 20]
 [ 2 53  7]
 [ 1  0 86]]
Classification Report:
              precision    recall  f1-score   support

           0       0.62      0.20      0.30        25
           5       1.00      0.85      0.92        62
           6       0.76      0.99      0.86        87

    accuracy                           0.83       174
   macro avg       0.80      0.68      0.69       174
weighted avg       0.83      0.83      0.80       174

[Epoch 87/100] Train Loss: 0.4403 Acc: 0.8534 | Val Loss: 0.4645 Acc: 0.8276
Confusion Matrix:
[[13 10  2]
 [ 4 56  2]
 [ 7  4 76]]
Classification Report:
              precision    recall  f1-score   support

           0       0.54      0.52      0.53        25
           5       0.80      0.90      0.85        62
           6       0.95      0.87      0.91        87

    accuracy                           0.83       174
   macro avg       0.76      0.77      0.76       174
weighted avg       0.84      0.83      0.83       174

[Epoch 88/100] Train Loss: 0.4365 Acc: 0.8649 | Val Loss: 0.4676 Acc: 0.8333
Confusion Matrix:
[[ 2  2 21]
 [ 0 56  6]
 [ 0  1 86]]
Classification Report:
              precision    recall  f1-score   support

           0       1.00      0.08      0.15        25
           5       0.95      0.90      0.93        62
           6       0.76      0.99      0.86        87

    accuracy                           0.83       174
   macro avg       0.90      0.66      0.64       174
weighted avg       0.86      0.83      0.78       174

[Epoch 89/100] Train Loss: 0.4479 Acc: 0.8563 | Val Loss: 0.4732 Acc: 0.8276
Confusion Matrix:
[[ 2  0 23]
 [ 0 53  9]
 [ 0  0 87]]
Classification Report:
              precision    recall  f1-score   support

           0       1.00      0.08      0.15        25
           5       1.00      0.85      0.92        62
           6       0.73      1.00      0.84        87

    accuracy                           0.82       174
   macro avg       0.91      0.64      0.64       174
weighted avg       0.87      0.82      0.77       174

[Epoch 90/100] Train Loss: 0.4709 Acc: 0.8190 | Val Loss: 0.4895 Acc: 0.8161
Confusion Matrix:
[[ 7 11  7]
 [ 2 57  3]
 [ 3  4 80]]
Classification Report:
              precision    recall  f1-score   support

           0       0.58      0.28      0.38        25
           5       0.79      0.92      0.85        62
           6       0.89      0.92      0.90        87

    accuracy                           0.83       174
   macro avg       0.75      0.71      0.71       174
weighted avg       0.81      0.83      0.81       174

[Epoch 91/100] Train Loss: 0.4274 Acc: 0.8592 | Val Loss: 0.4520 Acc: 0.8276
Confusion Matrix:
[[ 6 19  0]
 [ 0 60  2]
 [ 0 11 76]]
Classification Report:
              precision    recall  f1-score   support

           0       1.00      0.24      0.39        25
           5       0.67      0.97      0.79        62
           6       0.97      0.87      0.92        87

    accuracy                           0.82       174
   macro avg       0.88      0.69      0.70       174
weighted avg       0.87      0.82      0.80       174

[Epoch 92/100] Train Loss: 0.4252 Acc: 0.8578 | Val Loss: 0.4796 Acc: 0.8161
Confusion Matrix:
[[ 7 12  6]
 [ 2 57  3]
 [ 3  2 82]]
Classification Report:
              precision    recall  f1-score   support

           0       0.58      0.28      0.38        25
           5       0.80      0.92      0.86        62
           6       0.90      0.94      0.92        87

    accuracy                           0.84       174
   macro avg       0.76      0.71      0.72       174
weighted avg       0.82      0.84      0.82       174

[Epoch 93/100] Train Loss: 0.4199 Acc: 0.8549 | Val Loss: 0.4445 Acc: 0.8391
Confusion Matrix:
[[14  1 10]
 [ 3 55  4]
 [ 3  1 83]]
Classification Report:
              precision    recall  f1-score   support

           0       0.70      0.56      0.62        25
           5       0.96      0.89      0.92        62
           6       0.86      0.95      0.90        87

    accuracy                           0.87       174
   macro avg       0.84      0.80      0.82       174
weighted avg       0.87      0.87      0.87       174

[Epoch 94/100] Train Loss: 0.4158 Acc: 0.8649 | Val Loss: 0.4306 Acc: 0.8736
Confusion Matrix:
[[ 4 17  4]
 [ 0 60  2]
 [ 0  9 78]]
Classification Report:
              precision    recall  f1-score   support

           0       1.00      0.16      0.28        25
           5       0.70      0.97      0.81        62
           6       0.93      0.90      0.91        87

    accuracy                           0.82       174
   macro avg       0.88      0.67      0.67       174
weighted avg       0.86      0.82      0.78       174

[Epoch 95/100] Train Loss: 0.4297 Acc: 0.8448 | Val Loss: 0.4656 Acc: 0.8161
Confusion Matrix:
[[12 13  0]
 [ 4 57  1]
 [ 7  5 75]]
Classification Report:
              precision    recall  f1-score   support

           0       0.52      0.48      0.50        25
           5       0.76      0.92      0.83        62
           6       0.99      0.86      0.92        87

    accuracy                           0.83       174
   macro avg       0.76      0.75      0.75       174
weighted avg       0.84      0.83      0.83       174

[Epoch 96/100] Train Loss: 0.4177 Acc: 0.8506 | Val Loss: 0.4449 Acc: 0.8276
Confusion Matrix:
[[18  0  7]
 [14 45  3]
 [ 8  0 79]]
Classification Report:
              precision    recall  f1-score   support

           0       0.45      0.72      0.55        25
           5       1.00      0.73      0.84        62
           6       0.89      0.91      0.90        87

    accuracy                           0.82       174
   macro avg       0.78      0.78      0.76       174
weighted avg       0.86      0.82      0.83       174

[Epoch 97/100] Train Loss: 0.4173 Acc: 0.8463 | Val Loss: 0.4515 Acc: 0.8161
Confusion Matrix:
[[22  0  3]
 [ 8 53  1]
 [11  2 74]]
Classification Report:
              precision    recall  f1-score   support

           0       0.54      0.88      0.67        25
           5       0.96      0.85      0.91        62
           6       0.95      0.85      0.90        87

    accuracy                           0.86       174
   macro avg       0.82      0.86      0.82       174
weighted avg       0.89      0.86      0.87       174

[Epoch 98/100] Train Loss: 0.4358 Acc: 0.8276 | Val Loss: 0.4328 Acc: 0.8563
Confusion Matrix:
[[12 13  0]
 [ 3 58  1]
 [ 7  5 75]]
Classification Report:
              precision    recall  f1-score   support

           0       0.55      0.48      0.51        25
           5       0.76      0.94      0.84        62
           6       0.99      0.86      0.92        87

    accuracy                           0.83       174
   macro avg       0.77      0.76      0.76       174
weighted avg       0.84      0.83      0.83       174

[Epoch 99/100] Train Loss: 0.3934 Acc: 0.8736 | Val Loss: 0.4370 Acc: 0.8333
Confusion Matrix:
[[13  2 10]
 [ 3 56  3]
 [ 3  2 82]]
Classification Report:
              precision    recall  f1-score   support

           0       0.68      0.52      0.59        25
           5       0.93      0.90      0.92        62
           6       0.86      0.94      0.90        87

    accuracy                           0.87       174
   macro avg       0.83      0.79      0.80       174
weighted avg       0.86      0.87      0.86       174

[Epoch 100/100] Train Loss: 0.3877 Acc: 0.8793 | Val Loss: 0.4137 Acc: 0.8678
Completed in 4.19 seconds.
Start training model for task MENU_NAVIGATION: Mon Nov 17 14:24:11 2025
Labels = tensor([0, 1, 2, 3, 4])
Using device: cpu
Train size: 401, Val size: 101
Confusion Matrix:
[[61  0  0  0  0]
 [14  0  0  0  0]
 [ 8  0  0  0  0]
 [12  0  0  0  0]
 [ 6  0  0  0  0]]
Classification Report:
              precision    recall  f1-score   support

           0       0.60      1.00      0.75        61
           1       0.00      0.00      0.00        14
           2       0.00      0.00      0.00         8
           3       0.00      0.00      0.00        12
           4       0.00      0.00      0.00         6

    accuracy                           0.60       101
   macro avg       0.12      0.20      0.15       101
weighted avg       0.36      0.60      0.45       101

[Epoch 1/100] Train Loss: 1.9181 Acc: 0.3466 | Val Loss: 1.7694 Acc: 0.6040
Confusion Matrix:
[[61  0  0  0  0]
 [14  0  0  0  0]
 [ 8  0  0  0  0]
 [12  0  0  0  0]
 [ 6  0  0  0  0]]
Classification Report:
              precision    recall  f1-score   support

           0       0.60      1.00      0.75        61
           1       0.00      0.00      0.00        14
           2       0.00      0.00      0.00         8
           3       0.00      0.00      0.00        12
           4       0.00      0.00      0.00         6

    accuracy                           0.60       101
   macro avg       0.12      0.20      0.15       101
weighted avg       0.36      0.60      0.45       101

[Epoch 2/100] Train Loss: 1.6558 Acc: 0.5362 | Val Loss: 1.3696 Acc: 0.6040
Confusion Matrix:
[[61  0  0  0  0]
 [14  0  0  0  0]
 [ 8  0  0  0  0]
 [12  0  0  0  0]
 [ 6  0  0  0  0]]
Classification Report:
              precision    recall  f1-score   support

           0       0.60      1.00      0.75        61
           1       0.00      0.00      0.00        14
           2       0.00      0.00      0.00         8
           3       0.00      0.00      0.00        12
           4       0.00      0.00      0.00         6

    accuracy                           0.60       101
   macro avg       0.12      0.20      0.15       101
weighted avg       0.36      0.60      0.45       101

[Epoch 3/100] Train Loss: 1.4581 Acc: 0.5362 | Val Loss: 1.2794 Acc: 0.6040
Confusion Matrix:
[[61  0  0  0  0]
 [14  0  0  0  0]
 [ 8  0  0  0  0]
 [12  0  0  0  0]
 [ 6  0  0  0  0]]
Classification Report:
              precision    recall  f1-score   support

           0       0.60      1.00      0.75        61
           1       0.00      0.00      0.00        14
           2       0.00      0.00      0.00         8
           3       0.00      0.00      0.00        12
           4       0.00      0.00      0.00         6

    accuracy                           0.60       101
   macro avg       0.12      0.20      0.15       101
weighted avg       0.36      0.60      0.45       101

[Epoch 4/100] Train Loss: 1.3877 Acc: 0.5362 | Val Loss: 1.2793 Acc: 0.6040
Confusion Matrix:
[[61  0  0  0  0]
 [14  0  0  0  0]
 [ 8  0  0  0  0]
 [12  0  0  0  0]
 [ 6  0  0  0  0]]
Classification Report:
              precision    recall  f1-score   support

           0       0.60      1.00      0.75        61
           1       0.00      0.00      0.00        14
           2       0.00      0.00      0.00         8
           3       0.00      0.00      0.00        12
           4       0.00      0.00      0.00         6

    accuracy                           0.60       101
   macro avg       0.12      0.20      0.15       101
weighted avg       0.36      0.60      0.45       101

[Epoch 5/100] Train Loss: 1.3552 Acc: 0.5362 | Val Loss: 1.2470 Acc: 0.6040
Confusion Matrix:
[[61  0  0  0  0]
 [14  0  0  0  0]
 [ 8  0  0  0  0]
 [12  0  0  0  0]
 [ 6  0  0  0  0]]
Classification Report:
              precision    recall  f1-score   support

           0       0.60      1.00      0.75        61
           1       0.00      0.00      0.00        14
           2       0.00      0.00      0.00         8
           3       0.00      0.00      0.00        12
           4       0.00      0.00      0.00         6

    accuracy                           0.60       101
   macro avg       0.12      0.20      0.15       101
weighted avg       0.36      0.60      0.45       101

[Epoch 6/100] Train Loss: 1.3391 Acc: 0.5362 | Val Loss: 1.2338 Acc: 0.6040
Confusion Matrix:
[[61  0  0  0  0]
 [14  0  0  0  0]
 [ 8  0  0  0  0]
 [12  0  0  0  0]
 [ 6  0  0  0  0]]
Classification Report:
              precision    recall  f1-score   support

           0       0.60      1.00      0.75        61
           1       0.00      0.00      0.00        14
           2       0.00      0.00      0.00         8
           3       0.00      0.00      0.00        12
           4       0.00      0.00      0.00         6

    accuracy                           0.60       101
   macro avg       0.12      0.20      0.15       101
weighted avg       0.36      0.60      0.45       101

[Epoch 7/100] Train Loss: 1.3365 Acc: 0.5362 | Val Loss: 1.2247 Acc: 0.6040
Confusion Matrix:
[[61  0  0  0  0]
 [14  0  0  0  0]
 [ 8  0  0  0  0]
 [12  0  0  0  0]
 [ 6  0  0  0  0]]
Classification Report:
              precision    recall  f1-score   support

           0       0.60      1.00      0.75        61
           1       0.00      0.00      0.00        14
           2       0.00      0.00      0.00         8
           3       0.00      0.00      0.00        12
           4       0.00      0.00      0.00         6

    accuracy                           0.60       101
   macro avg       0.12      0.20      0.15       101
weighted avg       0.36      0.60      0.45       101

[Epoch 8/100] Train Loss: 1.3289 Acc: 0.5362 | Val Loss: 1.2256 Acc: 0.6040
Confusion Matrix:
[[61  0  0  0  0]
 [14  0  0  0  0]
 [ 8  0  0  0  0]
 [12  0  0  0  0]
 [ 6  0  0  0  0]]
Classification Report:
              precision    recall  f1-score   support

           0       0.60      1.00      0.75        61
           1       0.00      0.00      0.00        14
           2       0.00      0.00      0.00         8
           3       0.00      0.00      0.00        12
           4       0.00      0.00      0.00         6

    accuracy                           0.60       101
   macro avg       0.12      0.20      0.15       101
weighted avg       0.36      0.60      0.45       101

[Epoch 9/100] Train Loss: 1.3295 Acc: 0.5362 | Val Loss: 1.2207 Acc: 0.6040
Confusion Matrix:
[[61  0  0  0  0]
 [14  0  0  0  0]
 [ 8  0  0  0  0]
 [12  0  0  0  0]
 [ 6  0  0  0  0]]
Classification Report:
              precision    recall  f1-score   support

           0       0.60      1.00      0.75        61
           1       0.00      0.00      0.00        14
           2       0.00      0.00      0.00         8
           3       0.00      0.00      0.00        12
           4       0.00      0.00      0.00         6

    accuracy                           0.60       101
   macro avg       0.12      0.20      0.15       101
weighted avg       0.36      0.60      0.45       101

[Epoch 10/100] Train Loss: 1.3183 Acc: 0.5362 | Val Loss: 1.2172 Acc: 0.6040
Confusion Matrix:
[[61  0  0  0  0]
 [14  0  0  0  0]
 [ 8  0  0  0  0]
 [12  0  0  0  0]
 [ 6  0  0  0  0]]
Classification Report:
              precision    recall  f1-score   support

           0       0.60      1.00      0.75        61
           1       0.00      0.00      0.00        14
           2       0.00      0.00      0.00         8
           3       0.00      0.00      0.00        12
           4       0.00      0.00      0.00         6

    accuracy                           0.60       101
   macro avg       0.12      0.20      0.15       101
weighted avg       0.36      0.60      0.45       101

[Epoch 11/100] Train Loss: 1.3178 Acc: 0.5362 | Val Loss: 1.2012 Acc: 0.6040
Confusion Matrix:
[[61  0  0  0  0]
 [14  0  0  0  0]
 [ 8  0  0  0  0]
 [12  0  0  0  0]
 [ 6  0  0  0  0]]
Classification Report:
              precision    recall  f1-score   support

           0       0.60      1.00      0.75        61
           1       0.00      0.00      0.00        14
           2       0.00      0.00      0.00         8
           3       0.00      0.00      0.00        12
           4       0.00      0.00      0.00         6

    accuracy                           0.60       101
   macro avg       0.12      0.20      0.15       101
weighted avg       0.36      0.60      0.45       101

[Epoch 12/100] Train Loss: 1.3149 Acc: 0.5362 | Val Loss: 1.2082 Acc: 0.6040
Confusion Matrix:
[[61  0  0  0  0]
 [14  0  0  0  0]
 [ 8  0  0  0  0]
 [12  0  0  0  0]
 [ 6  0  0  0  0]]
Classification Report:
              precision    recall  f1-score   support

           0       0.60      1.00      0.75        61
           1       0.00      0.00      0.00        14
           2       0.00      0.00      0.00         8
           3       0.00      0.00      0.00        12
           4       0.00      0.00      0.00         6

    accuracy                           0.60       101
   macro avg       0.12      0.20      0.15       101
weighted avg       0.36      0.60      0.45       101

[Epoch 13/100] Train Loss: 1.3130 Acc: 0.5362 | Val Loss: 1.2057 Acc: 0.6040
Confusion Matrix:
[[61  0  0  0  0]
 [14  0  0  0  0]
 [ 8  0  0  0  0]
 [12  0  0  0  0]
 [ 6  0  0  0  0]]
Classification Report:
              precision    recall  f1-score   support

           0       0.60      1.00      0.75        61
           1       0.00      0.00      0.00        14
           2       0.00      0.00      0.00         8
           3       0.00      0.00      0.00        12
           4       0.00      0.00      0.00         6

    accuracy                           0.60       101
   macro avg       0.12      0.20      0.15       101
weighted avg       0.36      0.60      0.45       101

[Epoch 14/100] Train Loss: 1.3071 Acc: 0.5362 | Val Loss: 1.1885 Acc: 0.6040
Confusion Matrix:
[[61  0  0  0  0]
 [14  0  0  0  0]
 [ 8  0  0  0  0]
 [12  0  0  0  0]
 [ 6  0  0  0  0]]
Classification Report:
              precision    recall  f1-score   support

           0       0.60      1.00      0.75        61
           1       0.00      0.00      0.00        14
           2       0.00      0.00      0.00         8
           3       0.00      0.00      0.00        12
           4       0.00      0.00      0.00         6

    accuracy                           0.60       101
   macro avg       0.12      0.20      0.15       101
weighted avg       0.36      0.60      0.45       101

[Epoch 15/100] Train Loss: 1.3000 Acc: 0.5362 | Val Loss: 1.1827 Acc: 0.6040
Confusion Matrix:
[[61  0  0  0  0]
 [14  0  0  0  0]
 [ 8  0  0  0  0]
 [12  0  0  0  0]
 [ 6  0  0  0  0]]
Classification Report:
              precision    recall  f1-score   support

           0       0.60      1.00      0.75        61
           1       0.00      0.00      0.00        14
           2       0.00      0.00      0.00         8
           3       0.00      0.00      0.00        12
           4       0.00      0.00      0.00         6

    accuracy                           0.60       101
   macro avg       0.12      0.20      0.15       101
weighted avg       0.36      0.60      0.45       101

[Epoch 16/100] Train Loss: 1.2941 Acc: 0.5362 | Val Loss: 1.1815 Acc: 0.6040
Confusion Matrix:
[[61  0  0  0  0]
 [14  0  0  0  0]
 [ 8  0  0  0  0]
 [12  0  0  0  0]
 [ 6  0  0  0  0]]
Classification Report:
              precision    recall  f1-score   support

           0       0.60      1.00      0.75        61
           1       0.00      0.00      0.00        14
           2       0.00      0.00      0.00         8
           3       0.00      0.00      0.00        12
           4       0.00      0.00      0.00         6

    accuracy                           0.60       101
   macro avg       0.12      0.20      0.15       101
weighted avg       0.36      0.60      0.45       101

[Epoch 17/100] Train Loss: 1.2895 Acc: 0.5362 | Val Loss: 1.1710 Acc: 0.6040
Confusion Matrix:
[[61  0  0  0  0]
 [14  0  0  0  0]
 [ 8  0  0  0  0]
 [12  0  0  0  0]
 [ 6  0  0  0  0]]
Classification Report:
              precision    recall  f1-score   support

           0       0.60      1.00      0.75        61
           1       0.00      0.00      0.00        14
           2       0.00      0.00      0.00         8
           3       0.00      0.00      0.00        12
           4       0.00      0.00      0.00         6

    accuracy                           0.60       101
   macro avg       0.12      0.20      0.15       101
weighted avg       0.36      0.60      0.45       101

[Epoch 18/100] Train Loss: 1.2879 Acc: 0.5362 | Val Loss: 1.1562 Acc: 0.6040
Confusion Matrix:
[[61  0  0  0  0]
 [14  0  0  0  0]
 [ 8  0  0  0  0]
 [12  0  0  0  0]
 [ 6  0  0  0  0]]
Classification Report:
              precision    recall  f1-score   support

           0       0.60      1.00      0.75        61
           1       0.00      0.00      0.00        14
           2       0.00      0.00      0.00         8
           3       0.00      0.00      0.00        12
           4       0.00      0.00      0.00         6

    accuracy                           0.60       101
   macro avg       0.12      0.20      0.15       101
weighted avg       0.36      0.60      0.45       101

[Epoch 19/100] Train Loss: 1.2852 Acc: 0.5362 | Val Loss: 1.1566 Acc: 0.6040
Confusion Matrix:
[[61  0  0  0  0]
 [14  0  0  0  0]
 [ 8  0  0  0  0]
 [12  0  0  0  0]
 [ 6  0  0  0  0]]
Classification Report:
              precision    recall  f1-score   support

           0       0.60      1.00      0.75        61
           1       0.00      0.00      0.00        14
           2       0.00      0.00      0.00         8
           3       0.00      0.00      0.00        12
           4       0.00      0.00      0.00         6

    accuracy                           0.60       101
   macro avg       0.12      0.20      0.15       101
weighted avg       0.36      0.60      0.45       101

[Epoch 20/100] Train Loss: 1.2686 Acc: 0.5362 | Val Loss: 1.1427 Acc: 0.6040
Confusion Matrix:
[[61  0  0  0  0]
 [14  0  0  0  0]
 [ 8  0  0  0  0]
 [12  0  0  0  0]
 [ 6  0  0  0  0]]
Classification Report:
              precision    recall  f1-score   support

           0       0.60      1.00      0.75        61
           1       0.00      0.00      0.00        14
           2       0.00      0.00      0.00         8
           3       0.00      0.00      0.00        12
           4       0.00      0.00      0.00         6

    accuracy                           0.60       101
   macro avg       0.12      0.20      0.15       101
weighted avg       0.36      0.60      0.45       101

[Epoch 21/100] Train Loss: 1.2668 Acc: 0.5362 | Val Loss: 1.1283 Acc: 0.6040
Confusion Matrix:
[[61  0  0  0  0]
 [10  0  4  0  0]
 [ 8  0  0  0  0]
 [12  0  0  0  0]
 [ 6  0  0  0  0]]
Classification Report:
              precision    recall  f1-score   support

           0       0.63      1.00      0.77        61
           1       0.00      0.00      0.00        14
           2       0.00      0.00      0.00         8
           3       0.00      0.00      0.00        12
           4       0.00      0.00      0.00         6

    accuracy                           0.60       101
   macro avg       0.13      0.20      0.15       101
weighted avg       0.38      0.60      0.47       101

[Epoch 22/100] Train Loss: 1.2412 Acc: 0.5362 | Val Loss: 1.1405 Acc: 0.6040
Confusion Matrix:
[[61  0  0  0  0]
 [14  0  0  0  0]
 [ 8  0  0  0  0]
 [12  0  0  0  0]
 [ 6  0  0  0  0]]
Classification Report:
              precision    recall  f1-score   support

           0       0.60      1.00      0.75        61
           1       0.00      0.00      0.00        14
           2       0.00      0.00      0.00         8
           3       0.00      0.00      0.00        12
           4       0.00      0.00      0.00         6

    accuracy                           0.60       101
   macro avg       0.12      0.20      0.15       101
weighted avg       0.36      0.60      0.45       101

[Epoch 23/100] Train Loss: 1.2434 Acc: 0.5561 | Val Loss: 1.0990 Acc: 0.6040
Confusion Matrix:
[[61  0  0  0  0]
 [ 8  0  6  0  0]
 [ 6  0  2  0  0]
 [12  0  0  0  0]
 [ 6  0  0  0  0]]
Classification Report:
              precision    recall  f1-score   support

           0       0.66      1.00      0.79        61
           1       0.00      0.00      0.00        14
           2       0.25      0.25      0.25         8
           3       0.00      0.00      0.00        12
           4       0.00      0.00      0.00         6

    accuracy                           0.62       101
   macro avg       0.18      0.25      0.21       101
weighted avg       0.42      0.62      0.50       101

[Epoch 24/100] Train Loss: 1.2450 Acc: 0.5436 | Val Loss: 1.1233 Acc: 0.6238
Confusion Matrix:
[[61  0  0  0  0]
 [10  0  4  0  0]
 [ 6  0  2  0  0]
 [12  0  0  0  0]
 [ 6  0  0  0  0]]
Classification Report:
              precision    recall  f1-score   support

           0       0.64      1.00      0.78        61
           1       0.00      0.00      0.00        14
           2       0.33      0.25      0.29         8
           3       0.00      0.00      0.00        12
           4       0.00      0.00      0.00         6

    accuracy                           0.62       101
   macro avg       0.20      0.25      0.21       101
weighted avg       0.41      0.62      0.49       101

[Epoch 25/100] Train Loss: 1.2222 Acc: 0.5536 | Val Loss: 1.0843 Acc: 0.6238
Confusion Matrix:
[[61  0  0  0  0]
 [10  0  4  0  0]
 [ 6  0  2  0  0]
 [12  0  0  0  0]
 [ 6  0  0  0  0]]
Classification Report:
              precision    recall  f1-score   support

           0       0.64      1.00      0.78        61
           1       0.00      0.00      0.00        14
           2       0.33      0.25      0.29         8
           3       0.00      0.00      0.00        12
           4       0.00      0.00      0.00         6

    accuracy                           0.62       101
   macro avg       0.20      0.25      0.21       101
weighted avg       0.41      0.62      0.49       101

[Epoch 26/100] Train Loss: 1.2157 Acc: 0.5561 | Val Loss: 1.0661 Acc: 0.6238
Confusion Matrix:
[[61  0  0  0  0]
 [ 8  0  6  0  0]
 [ 6  0  2  0  0]
 [12  0  0  0  0]
 [ 6  0  0  0  0]]
Classification Report:
              precision    recall  f1-score   support

           0       0.66      1.00      0.79        61
           1       0.00      0.00      0.00        14
           2       0.25      0.25      0.25         8
           3       0.00      0.00      0.00        12
           4       0.00      0.00      0.00         6

    accuracy                           0.62       101
   macro avg       0.18      0.25      0.21       101
weighted avg       0.42      0.62      0.50       101

[Epoch 27/100] Train Loss: 1.2098 Acc: 0.5586 | Val Loss: 1.0764 Acc: 0.6238
Confusion Matrix:
[[61  0  0  0  0]
 [ 7  0  7  0  0]
 [ 6  0  2  0  0]
 [12  0  0  0  0]
 [ 6  0  0  0  0]]
Classification Report:
              precision    recall  f1-score   support

           0       0.66      1.00      0.80        61
           1       0.00      0.00      0.00        14
           2       0.22      0.25      0.24         8
           3       0.00      0.00      0.00        12
           4       0.00      0.00      0.00         6

    accuracy                           0.62       101
   macro avg       0.18      0.25      0.21       101
weighted avg       0.42      0.62      0.50       101

[Epoch 28/100] Train Loss: 1.2000 Acc: 0.5561 | Val Loss: 1.0640 Acc: 0.6238
Confusion Matrix:
[[61  0  0  0  0]
 [ 8  0  6  0  0]
 [ 6  0  2  0  0]
 [12  0  0  0  0]
 [ 6  0  0  0  0]]
Classification Report:
              precision    recall  f1-score   support

           0       0.66      1.00      0.79        61
           1       0.00      0.00      0.00        14
           2       0.25      0.25      0.25         8
           3       0.00      0.00      0.00        12
           4       0.00      0.00      0.00         6

    accuracy                           0.62       101
   macro avg       0.18      0.25      0.21       101
weighted avg       0.42      0.62      0.50       101

[Epoch 29/100] Train Loss: 1.2026 Acc: 0.5611 | Val Loss: 1.0480 Acc: 0.6238
Confusion Matrix:
[[61  0  0  0  0]
 [ 8  0  6  0  0]
 [ 6  0  2  0  0]
 [12  0  0  0  0]
 [ 6  0  0  0  0]]
Classification Report:
              precision    recall  f1-score   support

           0       0.66      1.00      0.79        61
           1       0.00      0.00      0.00        14
           2       0.25      0.25      0.25         8
           3       0.00      0.00      0.00        12
           4       0.00      0.00      0.00         6

    accuracy                           0.62       101
   macro avg       0.18      0.25      0.21       101
weighted avg       0.42      0.62      0.50       101

[Epoch 30/100] Train Loss: 1.1875 Acc: 0.5636 | Val Loss: 1.0326 Acc: 0.6238
Confusion Matrix:
[[60  0  1  0  0]
 [ 7  0  7  0  0]
 [ 6  0  2  0  0]
 [12  0  0  0  0]
 [ 6  0  0  0  0]]
Classification Report:
              precision    recall  f1-score   support

           0       0.66      0.98      0.79        61
           1       0.00      0.00      0.00        14
           2       0.20      0.25      0.22         8
           3       0.00      0.00      0.00        12
           4       0.00      0.00      0.00         6

    accuracy                           0.61       101
   macro avg       0.17      0.25      0.20       101
weighted avg       0.41      0.61      0.49       101

[Epoch 31/100] Train Loss: 1.1821 Acc: 0.5586 | Val Loss: 1.0487 Acc: 0.6139
Confusion Matrix:
[[61  0  0  0  0]
 [ 8  0  6  0  0]
 [ 6  0  2  0  0]
 [12  0  0  0  0]
 [ 6  0  0  0  0]]
Classification Report:
              precision    recall  f1-score   support

           0       0.66      1.00      0.79        61
           1       0.00      0.00      0.00        14
           2       0.25      0.25      0.25         8
           3       0.00      0.00      0.00        12
           4       0.00      0.00      0.00         6

    accuracy                           0.62       101
   macro avg       0.18      0.25      0.21       101
weighted avg       0.42      0.62      0.50       101

[Epoch 32/100] Train Loss: 1.1779 Acc: 0.5561 | Val Loss: 1.0268 Acc: 0.6238
Confusion Matrix:
[[61  0  0  0  0]
 [ 7  6  1  0  0]
 [ 6  2  0  0  0]
 [12  0  0  0  0]
 [ 6  0  0  0  0]]
Classification Report:
              precision    recall  f1-score   support

           0       0.66      1.00      0.80        61
           1       0.75      0.43      0.55        14
           2       0.00      0.00      0.00         8
           3       0.00      0.00      0.00        12
           4       0.00      0.00      0.00         6

    accuracy                           0.66       101
   macro avg       0.28      0.29      0.27       101
weighted avg       0.50      0.66      0.56       101

[Epoch 33/100] Train Loss: 1.2010 Acc: 0.5561 | Val Loss: 1.0304 Acc: 0.6634
Confusion Matrix:
[[61  0  0  0  0]
 [ 7  3  4  0  0]
 [ 6  0  2  0  0]
 [12  0  0  0  0]
 [ 6  0  0  0  0]]
Classification Report:
              precision    recall  f1-score   support

           0       0.66      1.00      0.80        61
           1       1.00      0.21      0.35        14
           2       0.33      0.25      0.29         8
           3       0.00      0.00      0.00        12
           4       0.00      0.00      0.00         6

    accuracy                           0.65       101
   macro avg       0.40      0.29      0.29       101
weighted avg       0.57      0.65      0.55       101

[Epoch 34/100] Train Loss: 1.1774 Acc: 0.5561 | Val Loss: 1.0280 Acc: 0.6535
Confusion Matrix:
[[61  0  0  0  0]
 [ 7  5  2  0  0]
 [ 6  2  0  0  0]
 [12  0  0  0  0]
 [ 6  0  0  0  0]]
Classification Report:
              precision    recall  f1-score   support

           0       0.66      1.00      0.80        61
           1       0.71      0.36      0.48        14
           2       0.00      0.00      0.00         8
           3       0.00      0.00      0.00        12
           4       0.00      0.00      0.00         6

    accuracy                           0.65       101
   macro avg       0.28      0.27      0.25       101
weighted avg       0.50      0.65      0.55       101

[Epoch 35/100] Train Loss: 1.1670 Acc: 0.5586 | Val Loss: 1.0140 Acc: 0.6535
Confusion Matrix:
[[60  0  1  0  0]
 [ 5  6  3  0  0]
 [ 6  2  0  0  0]
 [12  0  0  0  0]
 [ 6  0  0  0  0]]
Classification Report:
              precision    recall  f1-score   support

           0       0.67      0.98      0.80        61
           1       0.75      0.43      0.55        14
           2       0.00      0.00      0.00         8
           3       0.00      0.00      0.00        12
           4       0.00      0.00      0.00         6

    accuracy                           0.65       101
   macro avg       0.28      0.28      0.27       101
weighted avg       0.51      0.65      0.56       101

[Epoch 36/100] Train Loss: 1.1667 Acc: 0.5536 | Val Loss: 1.0160 Acc: 0.6535
Confusion Matrix:
[[58  3  0  0  0]
 [ 5  9  0  0  0]
 [ 3  5  0  0  0]
 [11  1  0  0  0]
 [ 5  1  0  0  0]]
Classification Report:
              precision    recall  f1-score   support

           0       0.71      0.95      0.81        61
           1       0.47      0.64      0.55        14
           2       0.00      0.00      0.00         8
           3       0.00      0.00      0.00        12
           4       0.00      0.00      0.00         6

    accuracy                           0.66       101
   macro avg       0.24      0.32      0.27       101
weighted avg       0.49      0.66      0.57       101

[Epoch 37/100] Train Loss: 1.1691 Acc: 0.5761 | Val Loss: 1.0200 Acc: 0.6634
Confusion Matrix:
[[59  0  2  0  0]
 [ 5  6  3  0  0]
 [ 4  2  2  0  0]
 [12  0  0  0  0]
 [ 6  0  0  0  0]]
Classification Report:
              precision    recall  f1-score   support

           0       0.69      0.97      0.80        61
           1       0.75      0.43      0.55        14
           2       0.29      0.25      0.27         8
           3       0.00      0.00      0.00        12
           4       0.00      0.00      0.00         6

    accuracy                           0.66       101
   macro avg       0.34      0.33      0.32       101
weighted avg       0.54      0.66      0.58       101

[Epoch 38/100] Train Loss: 1.1694 Acc: 0.5661 | Val Loss: 1.0165 Acc: 0.6634
Confusion Matrix:
[[61  0  0  0  0]
 [ 7  3  4  0  0]
 [ 6  0  2  0  0]
 [12  0  0  0  0]
 [ 6  0  0  0  0]]
Classification Report:
              precision    recall  f1-score   support

           0       0.66      1.00      0.80        61
           1       1.00      0.21      0.35        14
           2       0.33      0.25      0.29         8
           3       0.00      0.00      0.00        12
           4       0.00      0.00      0.00         6

    accuracy                           0.65       101
   macro avg       0.40      0.29      0.29       101
weighted avg       0.57      0.65      0.55       101

[Epoch 39/100] Train Loss: 1.1600 Acc: 0.5736 | Val Loss: 1.0069 Acc: 0.6535
Confusion Matrix:
[[58  0  3  0  0]
 [ 5  4  5  0  0]
 [ 3  2  3  0  0]
 [11  0  1  0  0]
 [ 5  0  1  0  0]]
Classification Report:
              precision    recall  f1-score   support

           0       0.71      0.95      0.81        61
           1       0.67      0.29      0.40        14
           2       0.23      0.38      0.29         8
           3       0.00      0.00      0.00        12
           4       0.00      0.00      0.00         6

    accuracy                           0.64       101
   macro avg       0.32      0.32      0.30       101
weighted avg       0.54      0.64      0.57       101

[Epoch 40/100] Train Loss: 1.1629 Acc: 0.5611 | Val Loss: 1.0220 Acc: 0.6436
Confusion Matrix:
[[61  0  0  0  0]
 [ 7  4  3  0  0]
 [ 6  1  1  0  0]
 [12  0  0  0  0]
 [ 6  0  0  0  0]]
Classification Report:
              precision    recall  f1-score   support

           0       0.66      1.00      0.80        61
           1       0.80      0.29      0.42        14
           2       0.25      0.12      0.17         8
           3       0.00      0.00      0.00        12
           4       0.00      0.00      0.00         6

    accuracy                           0.65       101
   macro avg       0.34      0.28      0.28       101
weighted avg       0.53      0.65      0.55       101

[Epoch 41/100] Train Loss: 1.1557 Acc: 0.5661 | Val Loss: 0.9962 Acc: 0.6535
Confusion Matrix:
[[57  4  0  0  0]
 [ 5  9  0  0  0]
 [ 3  5  0  0  0]
 [11  1  0  0  0]
 [ 5  1  0  0  0]]
Classification Report:
              precision    recall  f1-score   support

           0       0.70      0.93      0.80        61
           1       0.45      0.64      0.53        14
           2       0.00      0.00      0.00         8
           3       0.00      0.00      0.00        12
           4       0.00      0.00      0.00         6

    accuracy                           0.65       101
   macro avg       0.23      0.32      0.27       101
weighted avg       0.49      0.65      0.56       101

[Epoch 42/100] Train Loss: 1.1537 Acc: 0.5611 | Val Loss: 1.0175 Acc: 0.6535
Confusion Matrix:
[[61  0  0  0  0]
 [ 7  4  3  0  0]
 [ 6  2  0  0  0]
 [12  0  0  0  0]
 [ 6  0  0  0  0]]
Classification Report:
              precision    recall  f1-score   support

           0       0.66      1.00      0.80        61
           1       0.67      0.29      0.40        14
           2       0.00      0.00      0.00         8
           3       0.00      0.00      0.00        12
           4       0.00      0.00      0.00         6

    accuracy                           0.64       101
   macro avg       0.27      0.26      0.24       101
weighted avg       0.49      0.64      0.54       101

[Epoch 43/100] Train Loss: 1.1670 Acc: 0.5611 | Val Loss: 0.9892 Acc: 0.6436
Confusion Matrix:
[[61  0  0  0  0]
 [ 6  6  2  0  0]
 [ 6  2  0  0  0]
 [12  0  0  0  0]
 [ 6  0  0  0  0]]
Classification Report:
              precision    recall  f1-score   support

           0       0.67      1.00      0.80        61
           1       0.75      0.43      0.55        14
           2       0.00      0.00      0.00         8
           3       0.00      0.00      0.00        12
           4       0.00      0.00      0.00         6

    accuracy                           0.66       101
   macro avg       0.28      0.29      0.27       101
weighted avg       0.51      0.66      0.56       101

[Epoch 44/100] Train Loss: 1.1557 Acc: 0.5486 | Val Loss: 0.9927 Acc: 0.6634
Confusion Matrix:
[[61  0  0  0  0]
 [ 5  4  5  0  0]
 [ 6  2  0  0  0]
 [12  0  0  0  0]
 [ 6  0  0  0  0]]
Classification Report:
              precision    recall  f1-score   support

           0       0.68      1.00      0.81        61
           1       0.67      0.29      0.40        14
           2       0.00      0.00      0.00         8
           3       0.00      0.00      0.00        12
           4       0.00      0.00      0.00         6

    accuracy                           0.64       101
   macro avg       0.27      0.26      0.24       101
weighted avg       0.50      0.64      0.54       101

[Epoch 45/100] Train Loss: 1.1488 Acc: 0.5411 | Val Loss: 0.9911 Acc: 0.6436
Confusion Matrix:
[[60  0  1  0  0]
 [ 5  7  2  0  0]
 [ 4  2  2  0  0]
 [12  0  0  0  0]
 [ 6  0  0  0  0]]
Classification Report:
              precision    recall  f1-score   support

           0       0.69      0.98      0.81        61
           1       0.78      0.50      0.61        14
           2       0.40      0.25      0.31         8
           3       0.00      0.00      0.00        12
           4       0.00      0.00      0.00         6

    accuracy                           0.68       101
   macro avg       0.37      0.35      0.35       101
weighted avg       0.56      0.68      0.60       101

[Epoch 46/100] Train Loss: 1.1458 Acc: 0.5636 | Val Loss: 0.9958 Acc: 0.6832
Confusion Matrix:
[[61  0  0  0  0]
 [ 7  6  1  0  0]
 [ 6  2  0  0  0]
 [12  0  0  0  0]
 [ 6  0  0  0  0]]
Classification Report:
              precision    recall  f1-score   support

           0       0.66      1.00      0.80        61
           1       0.75      0.43      0.55        14
           2       0.00      0.00      0.00         8
           3       0.00      0.00      0.00        12
           4       0.00      0.00      0.00         6

    accuracy                           0.66       101
   macro avg       0.28      0.29      0.27       101
weighted avg       0.50      0.66      0.56       101

[Epoch 47/100] Train Loss: 1.1424 Acc: 0.5711 | Val Loss: 0.9808 Acc: 0.6634
Confusion Matrix:
[[55  0  6  0  0]
 [ 4  6  4  0  0]
 [ 2  2  4  0  0]
 [10  0  2  0  0]
 [ 5  0  1  0  0]]
Classification Report:
              precision    recall  f1-score   support

           0       0.72      0.90      0.80        61
           1       0.75      0.43      0.55        14
           2       0.24      0.50      0.32         8
           3       0.00      0.00      0.00        12
           4       0.00      0.00      0.00         6

    accuracy                           0.64       101
   macro avg       0.34      0.37      0.33       101
weighted avg       0.56      0.64      0.59       101

[Epoch 48/100] Train Loss: 1.1551 Acc: 0.5511 | Val Loss: 1.0425 Acc: 0.6436
Confusion Matrix:
[[61  0  0  0  0]
 [ 7  6  1  0  0]
 [ 6  2  0  0  0]
 [12  0  0  0  0]
 [ 6  0  0  0  0]]
Classification Report:
              precision    recall  f1-score   support

           0       0.66      1.00      0.80        61
           1       0.75      0.43      0.55        14
           2       0.00      0.00      0.00         8
           3       0.00      0.00      0.00        12
           4       0.00      0.00      0.00         6

    accuracy                           0.66       101
   macro avg       0.28      0.29      0.27       101
weighted avg       0.50      0.66      0.56       101

[Epoch 49/100] Train Loss: 1.1454 Acc: 0.5387 | Val Loss: 0.9794 Acc: 0.6634
Confusion Matrix:
[[60  1  0  0  0]
 [ 5  9  0  0  0]
 [ 3  5  0  0  0]
 [12  0  0  0  0]
 [ 6  0  0  0  0]]
Classification Report:
              precision    recall  f1-score   support

           0       0.70      0.98      0.82        61
           1       0.60      0.64      0.62        14
           2       0.00      0.00      0.00         8
           3       0.00      0.00      0.00        12
           4       0.00      0.00      0.00         6

    accuracy                           0.68       101
   macro avg       0.26      0.33      0.29       101
weighted avg       0.50      0.68      0.58       101

[Epoch 50/100] Train Loss: 1.1399 Acc: 0.5860 | Val Loss: 0.9907 Acc: 0.6832
Confusion Matrix:
[[60  0  1  0  0]
 [ 5  6  3  0  0]
 [ 5  2  1  0  0]
 [12  0  0  0  0]
 [ 6  0  0  0  0]]
Classification Report:
              precision    recall  f1-score   support

           0       0.68      0.98      0.81        61
           1       0.75      0.43      0.55        14
           2       0.20      0.12      0.15         8
           3       0.00      0.00      0.00        12
           4       0.00      0.00      0.00         6

    accuracy                           0.66       101
   macro avg       0.33      0.31      0.30       101
weighted avg       0.53      0.66      0.57       101

[Epoch 51/100] Train Loss: 1.1420 Acc: 0.5636 | Val Loss: 0.9757 Acc: 0.6634
Confusion Matrix:
[[61  0  0  0  0]
 [ 7  6  1  0  0]
 [ 6  2  0  0  0]
 [12  0  0  0  0]
 [ 6  0  0  0  0]]
Classification Report:
              precision    recall  f1-score   support

           0       0.66      1.00      0.80        61
           1       0.75      0.43      0.55        14
           2       0.00      0.00      0.00         8
           3       0.00      0.00      0.00        12
           4       0.00      0.00      0.00         6

    accuracy                           0.66       101
   macro avg       0.28      0.29      0.27       101
weighted avg       0.50      0.66      0.56       101

[Epoch 52/100] Train Loss: 1.1394 Acc: 0.5636 | Val Loss: 0.9762 Acc: 0.6634
Confusion Matrix:
[[57  0  4  0  0]
 [ 5  9  0  0  0]
 [ 3  2  3  0  0]
 [11  0  1  0  0]
 [ 5  0  1  0  0]]
Classification Report:
              precision    recall  f1-score   support

           0       0.70      0.93      0.80        61
           1       0.82      0.64      0.72        14
           2       0.33      0.38      0.35         8
           3       0.00      0.00      0.00        12
           4       0.00      0.00      0.00         6

    accuracy                           0.68       101
   macro avg       0.37      0.39      0.38       101
weighted avg       0.56      0.68      0.61       101

[Epoch 53/100] Train Loss: 1.1406 Acc: 0.5810 | Val Loss: 0.9869 Acc: 0.6832
Confusion Matrix:
[[61  0  0  0  0]
 [ 5  5  4  0  0]
 [ 6  2  0  0  0]
 [12  0  0  0  0]
 [ 6  0  0  0  0]]
Classification Report:
              precision    recall  f1-score   support

           0       0.68      1.00      0.81        61
           1       0.71      0.36      0.48        14
           2       0.00      0.00      0.00         8
           3       0.00      0.00      0.00        12
           4       0.00      0.00      0.00         6

    accuracy                           0.65       101
   macro avg       0.28      0.27      0.26       101
weighted avg       0.51      0.65      0.55       101

[Epoch 54/100] Train Loss: 1.1267 Acc: 0.5711 | Val Loss: 0.9731 Acc: 0.6535
Confusion Matrix:
[[61  0  0  0  0]
 [ 7  6  1  0  0]
 [ 6  2  0  0  0]
 [12  0  0  0  0]
 [ 6  0  0  0  0]]
Classification Report:
              precision    recall  f1-score   support

           0       0.66      1.00      0.80        61
           1       0.75      0.43      0.55        14
           2       0.00      0.00      0.00         8
           3       0.00      0.00      0.00        12
           4       0.00      0.00      0.00         6

    accuracy                           0.66       101
   macro avg       0.28      0.29      0.27       101
weighted avg       0.50      0.66      0.56       101

[Epoch 55/100] Train Loss: 1.1342 Acc: 0.5611 | Val Loss: 0.9637 Acc: 0.6634
Confusion Matrix:
[[59  0  2  0  0]
 [ 5  6  3  0  0]
 [ 3  2  3  0  0]
 [11  0  1  0  0]
 [ 5  0  1  0  0]]
Classification Report:
              precision    recall  f1-score   support

           0       0.71      0.97      0.82        61
           1       0.75      0.43      0.55        14
           2       0.30      0.38      0.33         8
           3       0.00      0.00      0.00        12
           4       0.00      0.00      0.00         6

    accuracy                           0.67       101
   macro avg       0.35      0.35      0.34       101
weighted avg       0.56      0.67      0.60       101

[Epoch 56/100] Train Loss: 1.1197 Acc: 0.5636 | Val Loss: 0.9805 Acc: 0.6733
Confusion Matrix:
[[60  0  1  0  0]
 [ 5  7  2  0  0]
 [ 4  2  2  0  0]
 [12  0  0  0  0]
 [ 6  0  0  0  0]]
Classification Report:
              precision    recall  f1-score   support

           0       0.69      0.98      0.81        61
           1       0.78      0.50      0.61        14
           2       0.40      0.25      0.31         8
           3       0.00      0.00      0.00        12
           4       0.00      0.00      0.00         6

    accuracy                           0.68       101
   macro avg       0.37      0.35      0.35       101
weighted avg       0.56      0.68      0.60       101

[Epoch 57/100] Train Loss: 1.1196 Acc: 0.5786 | Val Loss: 0.9659 Acc: 0.6832
Confusion Matrix:
[[61  0  0  0  0]
 [ 7  7  0  0  0]
 [ 6  2  0  0  0]
 [12  0  0  0  0]
 [ 6  0  0  0  0]]
Classification Report:
              precision    recall  f1-score   support

           0       0.66      1.00      0.80        61
           1       0.78      0.50      0.61        14
           2       0.00      0.00      0.00         8
           3       0.00      0.00      0.00        12
           4       0.00      0.00      0.00         6

    accuracy                           0.67       101
   macro avg       0.29      0.30      0.28       101
weighted avg       0.51      0.67      0.57       101

[Epoch 58/100] Train Loss: 1.1178 Acc: 0.5860 | Val Loss: 0.9499 Acc: 0.6733
Confusion Matrix:
[[58  3  0  0  0]
 [ 5  9  0  0  0]
 [ 3  5  0  0  0]
 [11  1  0  0  0]
 [ 5  1  0  0  0]]
Classification Report:
              precision    recall  f1-score   support

           0       0.71      0.95      0.81        61
           1       0.47      0.64      0.55        14
           2       0.00      0.00      0.00         8
           3       0.00      0.00      0.00        12
           4       0.00      0.00      0.00         6

    accuracy                           0.66       101
   macro avg       0.24      0.32      0.27       101
weighted avg       0.49      0.66      0.57       101

[Epoch 59/100] Train Loss: 1.1176 Acc: 0.5810 | Val Loss: 0.9648 Acc: 0.6634
Confusion Matrix:
[[61  0  0  0  0]
 [ 7  4  3  0  0]
 [ 6  2  0  0  0]
 [12  0  0  0  0]
 [ 6  0  0  0  0]]
Classification Report:
              precision    recall  f1-score   support

           0       0.66      1.00      0.80        61
           1       0.67      0.29      0.40        14
           2       0.00      0.00      0.00         8
           3       0.00      0.00      0.00        12
           4       0.00      0.00      0.00         6

    accuracy                           0.64       101
   macro avg       0.27      0.26      0.24       101
weighted avg       0.49      0.64      0.54       101

[Epoch 60/100] Train Loss: 1.1236 Acc: 0.5611 | Val Loss: 0.9507 Acc: 0.6436
Confusion Matrix:
[[55  0  6  0  0]
 [ 4  7  3  0  0]
 [ 3  2  3  0  0]
 [10  0  2  0  0]
 [ 5  0  1  0  0]]
Classification Report:
              precision    recall  f1-score   support

           0       0.71      0.90      0.80        61
           1       0.78      0.50      0.61        14
           2       0.20      0.38      0.26         8
           3       0.00      0.00      0.00        12
           4       0.00      0.00      0.00         6

    accuracy                           0.64       101
   macro avg       0.34      0.36      0.33       101
weighted avg       0.56      0.64      0.59       101

[Epoch 61/100] Train Loss: 1.1097 Acc: 0.5586 | Val Loss: 0.9855 Acc: 0.6436
Confusion Matrix:
[[61  0  0  0  0]
 [ 7  4  3  0  0]
 [ 6  2  0  0  0]
 [12  0  0  0  0]
 [ 6  0  0  0  0]]
Classification Report:
              precision    recall  f1-score   support

           0       0.66      1.00      0.80        61
           1       0.67      0.29      0.40        14
           2       0.00      0.00      0.00         8
           3       0.00      0.00      0.00        12
           4       0.00      0.00      0.00         6

    accuracy                           0.64       101
   macro avg       0.27      0.26      0.24       101
weighted avg       0.49      0.64      0.54       101

[Epoch 62/100] Train Loss: 1.1179 Acc: 0.5561 | Val Loss: 0.9477 Acc: 0.6436
Confusion Matrix:
[[55  0  6  0  0]
 [ 4  7  3  0  0]
 [ 3  2  3  0  0]
 [10  0  2  0  0]
 [ 5  0  1  0  0]]
Classification Report:
              precision    recall  f1-score   support

           0       0.71      0.90      0.80        61
           1       0.78      0.50      0.61        14
           2       0.20      0.38      0.26         8
           3       0.00      0.00      0.00        12
           4       0.00      0.00      0.00         6

    accuracy                           0.64       101
   macro avg       0.34      0.36      0.33       101
weighted avg       0.56      0.64      0.59       101

[Epoch 63/100] Train Loss: 1.1024 Acc: 0.5761 | Val Loss: 0.9798 Acc: 0.6436
Confusion Matrix:
[[61  0  0  0  0]
 [ 5  6  3  0  0]
 [ 6  2  0  0  0]
 [12  0  0  0  0]
 [ 6  0  0  0  0]]
Classification Report:
              precision    recall  f1-score   support

           0       0.68      1.00      0.81        61
           1       0.75      0.43      0.55        14
           2       0.00      0.00      0.00         8
           3       0.00      0.00      0.00        12
           4       0.00      0.00      0.00         6

    accuracy                           0.66       101
   macro avg       0.29      0.29      0.27       101
weighted avg       0.51      0.66      0.56       101

[Epoch 64/100] Train Loss: 1.1044 Acc: 0.5711 | Val Loss: 0.9353 Acc: 0.6634
Confusion Matrix:
[[61  0  0  0  0]
 [ 5  7  2  0  0]
 [ 5  2  1  0  0]
 [12  0  0  0  0]
 [ 6  0  0  0  0]]
Classification Report:
              precision    recall  f1-score   support

           0       0.69      1.00      0.81        61
           1       0.78      0.50      0.61        14
           2       0.33      0.12      0.18         8
           3       0.00      0.00      0.00        12
           4       0.00      0.00      0.00         6

    accuracy                           0.68       101
   macro avg       0.36      0.33      0.32       101
weighted avg       0.55      0.68      0.59       101

[Epoch 65/100] Train Loss: 1.0970 Acc: 0.5786 | Val Loss: 0.9370 Acc: 0.6832
Confusion Matrix:
[[59  0  2  0  0]
 [ 5  7  2  0  0]
 [ 3  2  3  0  0]
 [11  0  1  0  0]
 [ 5  0  1  0  0]]
Classification Report:
              precision    recall  f1-score   support

           0       0.71      0.97      0.82        61
           1       0.78      0.50      0.61        14
           2       0.33      0.38      0.35         8
           3       0.00      0.00      0.00        12
           4       0.00      0.00      0.00         6

    accuracy                           0.68       101
   macro avg       0.36      0.37      0.36       101
weighted avg       0.56      0.68      0.61       101

[Epoch 66/100] Train Loss: 1.0961 Acc: 0.5686 | Val Loss: 0.9462 Acc: 0.6832
Confusion Matrix:
[[60  0  1  0  0]
 [ 5  6  3  0  0]
 [ 4  2  2  0  0]
 [12  0  0  0  0]
 [ 6  0  0  0  0]]
Classification Report:
              precision    recall  f1-score   support

           0       0.69      0.98      0.81        61
           1       0.75      0.43      0.55        14
           2       0.33      0.25      0.29         8
           3       0.00      0.00      0.00        12
           4       0.00      0.00      0.00         6

    accuracy                           0.67       101
   macro avg       0.35      0.33      0.33       101
weighted avg       0.55      0.67      0.59       101

[Epoch 67/100] Train Loss: 1.0968 Acc: 0.5736 | Val Loss: 0.9340 Acc: 0.6733
Confusion Matrix:
[[61  0  0  0  0]
 [ 5  7  2  0  0]
 [ 4  2  2  0  0]
 [12  0  0  0  0]
 [ 6  0  0  0  0]]
Classification Report:
              precision    recall  f1-score   support

           0       0.69      1.00      0.82        61
           1       0.78      0.50      0.61        14
           2       0.50      0.25      0.33         8
           3       0.00      0.00      0.00        12
           4       0.00      0.00      0.00         6

    accuracy                           0.69       101
   macro avg       0.39      0.35      0.35       101
weighted avg       0.57      0.69      0.61       101

[Epoch 68/100] Train Loss: 1.0910 Acc: 0.5885 | Val Loss: 0.9229 Acc: 0.6931
Confusion Matrix:
[[60  0  1  0  0]
 [ 5  7  2  0  0]
 [ 4  2  2  0  0]
 [12  0  0  0  0]
 [ 6  0  0  0  0]]
Classification Report:
              precision    recall  f1-score   support

           0       0.69      0.98      0.81        61
           1       0.78      0.50      0.61        14
           2       0.40      0.25      0.31         8
           3       0.00      0.00      0.00        12
           4       0.00      0.00      0.00         6

    accuracy                           0.68       101
   macro avg       0.37      0.35      0.35       101
weighted avg       0.56      0.68      0.60       101

[Epoch 69/100] Train Loss: 1.0807 Acc: 0.5810 | Val Loss: 0.9328 Acc: 0.6832
Confusion Matrix:
[[60  0  1  0  0]
 [ 5  7  2  0  0]
 [ 4  2  2  0  0]
 [12  0  0  0  0]
 [ 6  0  0  0  0]]
Classification Report:
              precision    recall  f1-score   support

           0       0.69      0.98      0.81        61
           1       0.78      0.50      0.61        14
           2       0.40      0.25      0.31         8
           3       0.00      0.00      0.00        12
           4       0.00      0.00      0.00         6

    accuracy                           0.68       101
   macro avg       0.37      0.35      0.35       101
weighted avg       0.56      0.68      0.60       101

[Epoch 70/100] Train Loss: 1.0748 Acc: 0.5736 | Val Loss: 0.9231 Acc: 0.6832
Confusion Matrix:
[[61  0  0  0  0]
 [ 5  7  2  0  0]
 [ 5  2  1  0  0]
 [12  0  0  0  0]
 [ 6  0  0  0  0]]
Classification Report:
              precision    recall  f1-score   support

           0       0.69      1.00      0.81        61
           1       0.78      0.50      0.61        14
           2       0.33      0.12      0.18         8
           3       0.00      0.00      0.00        12
           4       0.00      0.00      0.00         6

    accuracy                           0.68       101
   macro avg       0.36      0.33      0.32       101
weighted avg       0.55      0.68      0.59       101

[Epoch 71/100] Train Loss: 1.0782 Acc: 0.5835 | Val Loss: 0.9156 Acc: 0.6832
Confusion Matrix:
[[60  0  1  0  0]
 [ 5  9  0  0  0]
 [ 4  3  1  0  0]
 [12  0  0  0  0]
 [ 5  0  1  0  0]]
Classification Report:
              precision    recall  f1-score   support

           0       0.70      0.98      0.82        61
           1       0.75      0.64      0.69        14
           2       0.33      0.12      0.18         8
           3       0.00      0.00      0.00        12
           4       0.00      0.00      0.00         6

    accuracy                           0.69       101
   macro avg       0.36      0.35      0.34       101
weighted avg       0.55      0.69      0.60       101

[Epoch 72/100] Train Loss: 1.0835 Acc: 0.5736 | Val Loss: 0.9227 Acc: 0.6931
Confusion Matrix:
[[59  0  2  0  0]
 [ 4  7  3  0  0]
 [ 3  2  3  0  0]
 [11  0  1  0  0]
 [ 5  0  1  0  0]]
Classification Report:
              precision    recall  f1-score   support

           0       0.72      0.97      0.83        61
           1       0.78      0.50      0.61        14
           2       0.30      0.38      0.33         8
           3       0.00      0.00      0.00        12
           4       0.00      0.00      0.00         6

    accuracy                           0.68       101
   macro avg       0.36      0.37      0.35       101
weighted avg       0.57      0.68      0.61       101

[Epoch 73/100] Train Loss: 1.0785 Acc: 0.5786 | Val Loss: 0.9195 Acc: 0.6832
Confusion Matrix:
[[61  0  0  0  0]
 [ 5  7  2  0  0]
 [ 4  2  2  0  0]
 [12  0  0  0  0]
 [ 6  0  0  0  0]]
Classification Report:
              precision    recall  f1-score   support

           0       0.69      1.00      0.82        61
           1       0.78      0.50      0.61        14
           2       0.50      0.25      0.33         8
           3       0.00      0.00      0.00        12
           4       0.00      0.00      0.00         6

    accuracy                           0.69       101
   macro avg       0.39      0.35      0.35       101
weighted avg       0.57      0.69      0.61       101

[Epoch 74/100] Train Loss: 1.0725 Acc: 0.5835 | Val Loss: 0.9058 Acc: 0.6931
Confusion Matrix:
[[61  0  0  0  0]
 [ 5  7  2  0  0]
 [ 4  2  2  0  0]
 [12  0  0  0  0]
 [ 6  0  0  0  0]]
Classification Report:
              precision    recall  f1-score   support

           0       0.69      1.00      0.82        61
           1       0.78      0.50      0.61        14
           2       0.50      0.25      0.33         8
           3       0.00      0.00      0.00        12
           4       0.00      0.00      0.00         6

    accuracy                           0.69       101
   macro avg       0.39      0.35      0.35       101
weighted avg       0.57      0.69      0.61       101

[Epoch 75/100] Train Loss: 1.0594 Acc: 0.5810 | Val Loss: 0.8960 Acc: 0.6931
Confusion Matrix:
[[61  0  0  0  0]
 [ 5  7  2  0  0]
 [ 4  2  2  0  0]
 [12  0  0  0  0]
 [ 6  0  0  0  0]]
Classification Report:
              precision    recall  f1-score   support

           0       0.69      1.00      0.82        61
           1       0.78      0.50      0.61        14
           2       0.50      0.25      0.33         8
           3       0.00      0.00      0.00        12
           4       0.00      0.00      0.00         6

    accuracy                           0.69       101
   macro avg       0.39      0.35      0.35       101
weighted avg       0.57      0.69      0.61       101

[Epoch 76/100] Train Loss: 1.0591 Acc: 0.5835 | Val Loss: 0.8998 Acc: 0.6931
Confusion Matrix:
[[61  0  0  0  0]
 [ 5  7  2  0  0]
 [ 5  2  1  0  0]
 [12  0  0  0  0]
 [ 6  0  0  0  0]]
Classification Report:
              precision    recall  f1-score   support

           0       0.69      1.00      0.81        61
           1       0.78      0.50      0.61        14
           2       0.33      0.12      0.18         8
           3       0.00      0.00      0.00        12
           4       0.00      0.00      0.00         6

    accuracy                           0.68       101
   macro avg       0.36      0.33      0.32       101
weighted avg       0.55      0.68      0.59       101

[Epoch 77/100] Train Loss: 1.0577 Acc: 0.5910 | Val Loss: 0.8841 Acc: 0.6832
Confusion Matrix:
[[59  0  2  0  0]
 [ 4  7  3  0  0]
 [ 3  2  3  0  0]
 [11  0  1  0  0]
 [ 5  0  1  0  0]]
Classification Report:
              precision    recall  f1-score   support

           0       0.72      0.97      0.83        61
           1       0.78      0.50      0.61        14
           2       0.30      0.38      0.33         8
           3       0.00      0.00      0.00        12
           4       0.00      0.00      0.00         6

    accuracy                           0.68       101
   macro avg       0.36      0.37      0.35       101
weighted avg       0.57      0.68      0.61       101

[Epoch 78/100] Train Loss: 1.0461 Acc: 0.5761 | Val Loss: 0.9084 Acc: 0.6832
Confusion Matrix:
[[61  0  0  0  0]
 [ 7  5  2  0  0]
 [ 6  2  0  0  0]
 [12  0  0  0  0]
 [ 6  0  0  0  0]]
Classification Report:
              precision    recall  f1-score   support

           0       0.66      1.00      0.80        61
           1       0.71      0.36      0.48        14
           2       0.00      0.00      0.00         8
           3       0.00      0.00      0.00        12
           4       0.00      0.00      0.00         6

    accuracy                           0.65       101
   macro avg       0.28      0.27      0.25       101
weighted avg       0.50      0.65      0.55       101

[Epoch 79/100] Train Loss: 1.0421 Acc: 0.5636 | Val Loss: 0.8838 Acc: 0.6535
Confusion Matrix:
[[59  0  2  0  0]
 [ 4  9  1  0  0]
 [ 3  3  2  0  0]
 [11  0  1  0  0]
 [ 5  0  1  0  0]]
Classification Report:
              precision    recall  f1-score   support

           0       0.72      0.97      0.83        61
           1       0.75      0.64      0.69        14
           2       0.29      0.25      0.27         8
           3       0.00      0.00      0.00        12
           4       0.00      0.00      0.00         6

    accuracy                           0.69       101
   macro avg       0.35      0.37      0.36       101
weighted avg       0.56      0.69      0.62       101

[Epoch 80/100] Train Loss: 1.0531 Acc: 0.5711 | Val Loss: 0.8972 Acc: 0.6931
Confusion Matrix:
[[59  0  2  0  0]
 [ 4  7  3  0  0]
 [ 3  2  3  0  0]
 [11  0  1  0  0]
 [ 5  0  1  0  0]]
Classification Report:
              precision    recall  f1-score   support

           0       0.72      0.97      0.83        61
           1       0.78      0.50      0.61        14
           2       0.30      0.38      0.33         8
           3       0.00      0.00      0.00        12
           4       0.00      0.00      0.00         6

    accuracy                           0.68       101
   macro avg       0.36      0.37      0.35       101
weighted avg       0.57      0.68      0.61       101

[Epoch 81/100] Train Loss: 1.0526 Acc: 0.5761 | Val Loss: 0.9075 Acc: 0.6832
Confusion Matrix:
[[61  0  0  0  0]
 [ 5  6  3  0  0]
 [ 4  2  2  0  0]
 [12  0  0  0  0]
 [ 6  0  0  0  0]]
Classification Report:
              precision    recall  f1-score   support

           0       0.69      1.00      0.82        61
           1       0.75      0.43      0.55        14
           2       0.40      0.25      0.31         8
           3       0.00      0.00      0.00        12
           4       0.00      0.00      0.00         6

    accuracy                           0.68       101
   macro avg       0.37      0.34      0.33       101
weighted avg       0.55      0.68      0.59       101

[Epoch 82/100] Train Loss: 1.0343 Acc: 0.5761 | Val Loss: 0.8703 Acc: 0.6832
Confusion Matrix:
[[61  0  0  0  0]
 [ 5  7  2  0  0]
 [ 4  2  2  0  0]
 [12  0  0  0  0]
 [ 6  0  0  0  0]]
Classification Report:
              precision    recall  f1-score   support

           0       0.69      1.00      0.82        61
           1       0.78      0.50      0.61        14
           2       0.50      0.25      0.33         8
           3       0.00      0.00      0.00        12
           4       0.00      0.00      0.00         6

    accuracy                           0.69       101
   macro avg       0.39      0.35      0.35       101
weighted avg       0.57      0.69      0.61       101

[Epoch 83/100] Train Loss: 1.0262 Acc: 0.5686 | Val Loss: 0.8726 Acc: 0.6931
Confusion Matrix:
[[60  0  1  0  0]
 [ 5  6  3  0  0]
 [ 4  2  2  0  0]
 [11  0  1  0  0]
 [ 5  0  1  0  0]]
Classification Report:
              precision    recall  f1-score   support

           0       0.71      0.98      0.82        61
           1       0.75      0.43      0.55        14
           2       0.25      0.25      0.25         8
           3       0.00      0.00      0.00        12
           4       0.00      0.00      0.00         6

    accuracy                           0.67       101
   macro avg       0.34      0.33      0.32       101
weighted avg       0.55      0.67      0.59       101

[Epoch 84/100] Train Loss: 1.0301 Acc: 0.5810 | Val Loss: 0.8666 Acc: 0.6733
Confusion Matrix:
[[61  0  0  0  0]
 [ 5  6  3  0  0]
 [ 4  2  2  0  0]
 [12  0  0  0  0]
 [ 6  0  0  0  0]]
Classification Report:
              precision    recall  f1-score   support

           0       0.69      1.00      0.82        61
           1       0.75      0.43      0.55        14
           2       0.40      0.25      0.31         8
           3       0.00      0.00      0.00        12
           4       0.00      0.00      0.00         6

    accuracy                           0.68       101
   macro avg       0.37      0.34      0.33       101
weighted avg       0.55      0.68      0.59       101

[Epoch 85/100] Train Loss: 1.0109 Acc: 0.5736 | Val Loss: 0.8595 Acc: 0.6832
Confusion Matrix:
[[61  0  0  0  0]
 [ 5  5  4  0  0]
 [ 5  2  1  0  0]
 [12  0  0  0  0]
 [ 6  0  0  0  0]]
Classification Report:
              precision    recall  f1-score   support

           0       0.69      1.00      0.81        61
           1       0.71      0.36      0.48        14
           2       0.20      0.12      0.15         8
           3       0.00      0.00      0.00        12
           4       0.00      0.00      0.00         6

    accuracy                           0.66       101
   macro avg       0.32      0.30      0.29       101
weighted avg       0.53      0.66      0.57       101

[Epoch 86/100] Train Loss: 1.0146 Acc: 0.5810 | Val Loss: 0.8490 Acc: 0.6634
Confusion Matrix:
[[59  0  2  0  0]
 [ 4  9  1  0  0]
 [ 3  2  3  0  0]
 [11  0  1  0  0]
 [ 5  0  1  0  0]]
Classification Report:
              precision    recall  f1-score   support

           0       0.72      0.97      0.83        61
           1       0.82      0.64      0.72        14
           2       0.38      0.38      0.38         8
           3       0.00      0.00      0.00        12
           4       0.00      0.00      0.00         6

    accuracy                           0.70       101
   macro avg       0.38      0.40      0.38       101
weighted avg       0.58      0.70      0.63       101

[Epoch 87/100] Train Loss: 1.0147 Acc: 0.5736 | Val Loss: 0.8601 Acc: 0.7030
Confusion Matrix:
[[59  0  2  0  0]
 [ 4  9  1  0  0]
 [ 4  4  0  0  0]
 [ 9  0  1  2  0]
 [ 5  0  1  0  0]]
Classification Report:
              precision    recall  f1-score   support

           0       0.73      0.97      0.83        61
           1       0.69      0.64      0.67        14
           2       0.00      0.00      0.00         8
           3       1.00      0.17      0.29        12
           4       0.00      0.00      0.00         6

    accuracy                           0.69       101
   macro avg       0.48      0.36      0.36       101
weighted avg       0.65      0.69      0.63       101

[Epoch 88/100] Train Loss: 0.9986 Acc: 0.5910 | Val Loss: 0.8548 Acc: 0.6931
Confusion Matrix:
[[59  0  2  0  0]
 [ 4  9  1  0  0]
 [ 3  2  3  0  0]
 [10  0  1  1  0]
 [ 5  0  1  0  0]]
Classification Report:
              precision    recall  f1-score   support

           0       0.73      0.97      0.83        61
           1       0.82      0.64      0.72        14
           2       0.38      0.38      0.38         8
           3       1.00      0.08      0.15        12
           4       0.00      0.00      0.00         6

    accuracy                           0.71       101
   macro avg       0.58      0.41      0.42       101
weighted avg       0.70      0.71      0.65       101

[Epoch 89/100] Train Loss: 0.9929 Acc: 0.5860 | Val Loss: 0.8510 Acc: 0.7129
Confusion Matrix:
[[61  0  0  0  0]
 [ 5  9  0  0  0]
 [ 4  3  1  0  0]
 [10  0  0  2  0]
 [ 6  0  0  0  0]]
Classification Report:
              precision    recall  f1-score   support

           0       0.71      1.00      0.83        61
           1       0.75      0.64      0.69        14
           2       1.00      0.12      0.22         8
           3       1.00      0.17      0.29        12
           4       0.00      0.00      0.00         6

    accuracy                           0.72       101
   macro avg       0.69      0.39      0.41       101
weighted avg       0.73      0.72      0.65       101

[Epoch 90/100] Train Loss: 0.9964 Acc: 0.5835 | Val Loss: 0.8496 Acc: 0.7228
Confusion Matrix:
[[61  0  0  0  0]
 [ 5  6  3  0  0]
 [ 5  2  1  0  0]
 [12  0  0  0  0]
 [ 6  0  0  0  0]]
Classification Report:
              precision    recall  f1-score   support

           0       0.69      1.00      0.81        61
           1       0.75      0.43      0.55        14
           2       0.25      0.12      0.17         8
           3       0.00      0.00      0.00        12
           4       0.00      0.00      0.00         6

    accuracy                           0.67       101
   macro avg       0.34      0.31      0.31       101
weighted avg       0.54      0.67      0.58       101

[Epoch 91/100] Train Loss: 0.9797 Acc: 0.5985 | Val Loss: 0.8256 Acc: 0.6733
Confusion Matrix:
[[61  0  0  0  0]
 [ 5  6  3  0  0]
 [ 4  2  2  0  0]
 [10  0  0  2  0]
 [ 6  0  0  0  0]]
Classification Report:
              precision    recall  f1-score   support

           0       0.71      1.00      0.83        61
           1       0.75      0.43      0.55        14
           2       0.40      0.25      0.31         8
           3       1.00      0.17      0.29        12
           4       0.00      0.00      0.00         6

    accuracy                           0.70       101
   macro avg       0.57      0.37      0.39       101
weighted avg       0.68      0.70      0.64       101

[Epoch 92/100] Train Loss: 1.0217 Acc: 0.5860 | Val Loss: 0.8171 Acc: 0.7030
Confusion Matrix:
[[59  0  2  0  0]
 [ 4  9  1  0  0]
 [ 4  3  1  0  0]
 [ 8  0  1  2  1]
 [ 4  0  1  0  1]]
Classification Report:
              precision    recall  f1-score   support

           0       0.75      0.97      0.84        61
           1       0.75      0.64      0.69        14
           2       0.17      0.12      0.14         8
           3       1.00      0.17      0.29        12
           4       0.50      0.17      0.25         6

    accuracy                           0.71       101
   macro avg       0.63      0.41      0.44       101
weighted avg       0.72      0.71      0.67       101

[Epoch 93/100] Train Loss: 0.9856 Acc: 0.5885 | Val Loss: 0.8428 Acc: 0.7129
Confusion Matrix:
[[59  0  2  0  0]
 [ 4  6  4  0  0]
 [ 3  2  3  0  0]
 [ 9  0  1  2  0]
 [ 5  0  1  0  0]]
Classification Report:
              precision    recall  f1-score   support

           0       0.74      0.97      0.84        61
           1       0.75      0.43      0.55        14
           2       0.27      0.38      0.32         8
           3       1.00      0.17      0.29        12
           4       0.00      0.00      0.00         6

    accuracy                           0.69       101
   macro avg       0.55      0.39      0.40       101
weighted avg       0.69      0.69      0.64       101

[Epoch 94/100] Train Loss: 0.9706 Acc: 0.5960 | Val Loss: 0.8343 Acc: 0.6931
Confusion Matrix:
[[59  0  2  0  0]
 [ 4  8  2  0  0]
 [ 4  2  2  0  0]
 [ 8  0  1  2  1]
 [ 2  0  1  1  2]]
Classification Report:
              precision    recall  f1-score   support

           0       0.77      0.97      0.86        61
           1       0.80      0.57      0.67        14
           2       0.25      0.25      0.25         8
           3       0.67      0.17      0.27        12
           4       0.67      0.33      0.44         6

    accuracy                           0.72       101
   macro avg       0.63      0.46      0.50       101
weighted avg       0.71      0.72      0.69       101

[Epoch 95/100] Train Loss: 0.9661 Acc: 0.5910 | Val Loss: 0.8292 Acc: 0.7228
Confusion Matrix:
[[59  0  2  0  0]
 [ 4  7  3  0  0]
 [ 2  2  4  0  0]
 [ 8  0  2  2  0]
 [ 5  0  1  0  0]]
Classification Report:
              precision    recall  f1-score   support

           0       0.76      0.97      0.85        61
           1       0.78      0.50      0.61        14
           2       0.33      0.50      0.40         8
           3       1.00      0.17      0.29        12
           4       0.00      0.00      0.00         6

    accuracy                           0.71       101
   macro avg       0.57      0.43      0.43       101
weighted avg       0.71      0.71      0.66       101

[Epoch 96/100] Train Loss: 0.9585 Acc: 0.6085 | Val Loss: 0.8394 Acc: 0.7129
Confusion Matrix:
[[61  0  0  0  0]
 [ 5  6  3  0  0]
 [ 4  2  2  0  0]
 [10  0  0  2  0]
 [ 6  0  0  0  0]]
Classification Report:
              precision    recall  f1-score   support

           0       0.71      1.00      0.83        61
           1       0.75      0.43      0.55        14
           2       0.40      0.25      0.31         8
           3       1.00      0.17      0.29        12
           4       0.00      0.00      0.00         6

    accuracy                           0.70       101
   macro avg       0.57      0.37      0.39       101
weighted avg       0.68      0.70      0.64       101

[Epoch 97/100] Train Loss: 0.9643 Acc: 0.5910 | Val Loss: 0.7986 Acc: 0.7030
Confusion Matrix:
[[61  0  0  0  0]
 [ 5  6  3  0  0]
 [ 5  2  1  0  0]
 [10  0  0  2  0]
 [ 6  0  0  0  0]]
Classification Report:
              precision    recall  f1-score   support

           0       0.70      1.00      0.82        61
           1       0.75      0.43      0.55        14
           2       0.25      0.12      0.17         8
           3       1.00      0.17      0.29        12
           4       0.00      0.00      0.00         6

    accuracy                           0.69       101
   macro avg       0.54      0.34      0.36       101
weighted avg       0.67      0.69      0.62       101

[Epoch 98/100] Train Loss: 0.9817 Acc: 0.6060 | Val Loss: 0.7970 Acc: 0.6931
Confusion Matrix:
[[61  0  0  0  0]
 [ 5  6  3  0  0]
 [ 4  2  2  0  0]
 [12  0  0  0  0]
 [ 6  0  0  0  0]]
Classification Report:
              precision    recall  f1-score   support

           0       0.69      1.00      0.82        61
           1       0.75      0.43      0.55        14
           2       0.40      0.25      0.31         8
           3       0.00      0.00      0.00        12
           4       0.00      0.00      0.00         6

    accuracy                           0.68       101
   macro avg       0.37      0.34      0.33       101
weighted avg       0.55      0.68      0.59       101

[Epoch 99/100] Train Loss: 0.9665 Acc: 0.6160 | Val Loss: 0.8179 Acc: 0.6832
Confusion Matrix:
[[60  0  1  0  0]
 [ 5  6  3  0  0]
 [ 4  2  2  0  0]
 [ 9  0  1  2  0]
 [ 5  0  1  0  0]]
Classification Report:
              precision    recall  f1-score   support

           0       0.72      0.98      0.83        61
           1       0.75      0.43      0.55        14
           2       0.25      0.25      0.25         8
           3       1.00      0.17      0.29        12
           4       0.00      0.00      0.00         6

    accuracy                           0.69       101
   macro avg       0.54      0.37      0.38       101
weighted avg       0.68      0.69      0.63       101

[Epoch 100/100] Train Loss: 0.9812 Acc: 0.5935 | Val Loss: 0.7957 Acc: 0.6931
Completed in 2.81 seconds.
Start training model for task DRAGGING: Mon Nov 17 14:24:14 2025
Labels = tensor([0, 1, 2])
Using device: cpu
Train size: 548, Val size: 137
Confusion Matrix:
[[104   0   0]
 [ 13   0   0]
 [ 20   0   0]]
Classification Report:
              precision    recall  f1-score   support

           0       0.76      1.00      0.86       104
           1       0.00      0.00      0.00        13
           2       0.00      0.00      0.00        20

    accuracy                           0.76       137
   macro avg       0.25      0.33      0.29       137
weighted avg       0.58      0.76      0.66       137

[Epoch 1/100] Train Loss: 1.6456 Acc: 0.7774 | Val Loss: 1.2386 Acc: 0.7591
Confusion Matrix:
[[104   0   0]
 [ 13   0   0]
 [ 20   0   0]]
Classification Report:
              precision    recall  f1-score   support

           0       0.76      1.00      0.86       104
           1       0.00      0.00      0.00        13
           2       0.00      0.00      0.00        20

    accuracy                           0.76       137
   macro avg       0.25      0.33      0.29       137
weighted avg       0.58      0.76      0.66       137

[Epoch 2/100] Train Loss: 0.8564 Acc: 0.8157 | Val Loss: 0.9604 Acc: 0.7591
Confusion Matrix:
[[104   0   0]
 [ 13   0   0]
 [ 20   0   0]]
Classification Report:
              precision    recall  f1-score   support

           0       0.76      1.00      0.86       104
           1       0.00      0.00      0.00        13
           2       0.00      0.00      0.00        20

    accuracy                           0.76       137
   macro avg       0.25      0.33      0.29       137
weighted avg       0.58      0.76      0.66       137

[Epoch 3/100] Train Loss: 0.7098 Acc: 0.8157 | Val Loss: 0.7768 Acc: 0.7591
Confusion Matrix:
[[104   0   0]
 [ 13   0   0]
 [ 20   0   0]]
Classification Report:
              precision    recall  f1-score   support

           0       0.76      1.00      0.86       104
           1       0.00      0.00      0.00        13
           2       0.00      0.00      0.00        20

    accuracy                           0.76       137
   macro avg       0.25      0.33      0.29       137
weighted avg       0.58      0.76      0.66       137

[Epoch 4/100] Train Loss: 0.6394 Acc: 0.8157 | Val Loss: 0.7529 Acc: 0.7591
Confusion Matrix:
[[104   0   0]
 [ 13   0   0]
 [ 20   0   0]]
Classification Report:
              precision    recall  f1-score   support

           0       0.76      1.00      0.86       104
           1       0.00      0.00      0.00        13
           2       0.00      0.00      0.00        20

    accuracy                           0.76       137
   macro avg       0.25      0.33      0.29       137
weighted avg       0.58      0.76      0.66       137

[Epoch 5/100] Train Loss: 0.6221 Acc: 0.8157 | Val Loss: 0.7436 Acc: 0.7591
Confusion Matrix:
[[104   0   0]
 [ 13   0   0]
 [ 20   0   0]]
Classification Report:
              precision    recall  f1-score   support

           0       0.76      1.00      0.86       104
           1       0.00      0.00      0.00        13
           2       0.00      0.00      0.00        20

    accuracy                           0.76       137
   macro avg       0.25      0.33      0.29       137
weighted avg       0.58      0.76      0.66       137

[Epoch 6/100] Train Loss: 0.6156 Acc: 0.8157 | Val Loss: 0.7288 Acc: 0.7591
Confusion Matrix:
[[104   0   0]
 [ 13   0   0]
 [ 20   0   0]]
Classification Report:
              precision    recall  f1-score   support

           0       0.76      1.00      0.86       104
           1       0.00      0.00      0.00        13
           2       0.00      0.00      0.00        20

    accuracy                           0.76       137
   macro avg       0.25      0.33      0.29       137
weighted avg       0.58      0.76      0.66       137

[Epoch 7/100] Train Loss: 0.6099 Acc: 0.8157 | Val Loss: 0.7354 Acc: 0.7591
Confusion Matrix:
[[104   0   0]
 [ 13   0   0]
 [ 20   0   0]]
Classification Report:
              precision    recall  f1-score   support

           0       0.76      1.00      0.86       104
           1       0.00      0.00      0.00        13
           2       0.00      0.00      0.00        20

    accuracy                           0.76       137
   macro avg       0.25      0.33      0.29       137
weighted avg       0.58      0.76      0.66       137

[Epoch 8/100] Train Loss: 0.6086 Acc: 0.8157 | Val Loss: 0.7228 Acc: 0.7591
Confusion Matrix:
[[104   0   0]
 [ 13   0   0]
 [ 20   0   0]]
Classification Report:
              precision    recall  f1-score   support

           0       0.76      1.00      0.86       104
           1       0.00      0.00      0.00        13
           2       0.00      0.00      0.00        20

    accuracy                           0.76       137
   macro avg       0.25      0.33      0.29       137
weighted avg       0.58      0.76      0.66       137

[Epoch 9/100] Train Loss: 0.6109 Acc: 0.8157 | Val Loss: 0.7271 Acc: 0.7591
Confusion Matrix:
[[104   0   0]
 [ 13   0   0]
 [ 20   0   0]]
Classification Report:
              precision    recall  f1-score   support

           0       0.76      1.00      0.86       104
           1       0.00      0.00      0.00        13
           2       0.00      0.00      0.00        20

    accuracy                           0.76       137
   macro avg       0.25      0.33      0.29       137
weighted avg       0.58      0.76      0.66       137

[Epoch 10/100] Train Loss: 0.6234 Acc: 0.8157 | Val Loss: 0.7340 Acc: 0.7591
Confusion Matrix:
[[104   0   0]
 [ 13   0   0]
 [ 20   0   0]]
Classification Report:
              precision    recall  f1-score   support

           0       0.76      1.00      0.86       104
           1       0.00      0.00      0.00        13
           2       0.00      0.00      0.00        20

    accuracy                           0.76       137
   macro avg       0.25      0.33      0.29       137
weighted avg       0.58      0.76      0.66       137

[Epoch 11/100] Train Loss: 0.6151 Acc: 0.8157 | Val Loss: 0.7252 Acc: 0.7591
Confusion Matrix:
[[104   0   0]
 [ 13   0   0]
 [ 20   0   0]]
Classification Report:
              precision    recall  f1-score   support

           0       0.76      1.00      0.86       104
           1       0.00      0.00      0.00        13
           2       0.00      0.00      0.00        20

    accuracy                           0.76       137
   macro avg       0.25      0.33      0.29       137
weighted avg       0.58      0.76      0.66       137

[Epoch 12/100] Train Loss: 0.6091 Acc: 0.8157 | Val Loss: 0.7221 Acc: 0.7591
Confusion Matrix:
[[104   0   0]
 [ 13   0   0]
 [ 20   0   0]]
Classification Report:
              precision    recall  f1-score   support

           0       0.76      1.00      0.86       104
           1       0.00      0.00      0.00        13
           2       0.00      0.00      0.00        20

    accuracy                           0.76       137
   macro avg       0.25      0.33      0.29       137
weighted avg       0.58      0.76      0.66       137

[Epoch 13/100] Train Loss: 0.6067 Acc: 0.8157 | Val Loss: 0.7275 Acc: 0.7591
Confusion Matrix:
[[104   0   0]
 [ 13   0   0]
 [ 20   0   0]]
Classification Report:
              precision    recall  f1-score   support

           0       0.76      1.00      0.86       104
           1       0.00      0.00      0.00        13
           2       0.00      0.00      0.00        20

    accuracy                           0.76       137
   macro avg       0.25      0.33      0.29       137
weighted avg       0.58      0.76      0.66       137

[Epoch 14/100] Train Loss: 0.6035 Acc: 0.8157 | Val Loss: 0.7209 Acc: 0.7591
Confusion Matrix:
[[104   0   0]
 [ 13   0   0]
 [ 20   0   0]]
Classification Report:
              precision    recall  f1-score   support

           0       0.76      1.00      0.86       104
           1       0.00      0.00      0.00        13
           2       0.00      0.00      0.00        20

    accuracy                           0.76       137
   macro avg       0.25      0.33      0.29       137
weighted avg       0.58      0.76      0.66       137

[Epoch 15/100] Train Loss: 0.6094 Acc: 0.8157 | Val Loss: 0.7235 Acc: 0.7591
Confusion Matrix:
[[104   0   0]
 [ 13   0   0]
 [ 20   0   0]]
Classification Report:
              precision    recall  f1-score   support

           0       0.76      1.00      0.86       104
           1       0.00      0.00      0.00        13
           2       0.00      0.00      0.00        20

    accuracy                           0.76       137
   macro avg       0.25      0.33      0.29       137
weighted avg       0.58      0.76      0.66       137

[Epoch 16/100] Train Loss: 0.6010 Acc: 0.8157 | Val Loss: 0.7266 Acc: 0.7591
Confusion Matrix:
[[104   0   0]
 [ 13   0   0]
 [ 20   0   0]]
Classification Report:
              precision    recall  f1-score   support

           0       0.76      1.00      0.86       104
           1       0.00      0.00      0.00        13
           2       0.00      0.00      0.00        20

    accuracy                           0.76       137
   macro avg       0.25      0.33      0.29       137
weighted avg       0.58      0.76      0.66       137

[Epoch 17/100] Train Loss: 0.6055 Acc: 0.8157 | Val Loss: 0.7245 Acc: 0.7591
Confusion Matrix:
[[104   0   0]
 [ 13   0   0]
 [ 20   0   0]]
Classification Report:
              precision    recall  f1-score   support

           0       0.76      1.00      0.86       104
           1       0.00      0.00      0.00        13
           2       0.00      0.00      0.00        20

    accuracy                           0.76       137
   macro avg       0.25      0.33      0.29       137
weighted avg       0.58      0.76      0.66       137

[Epoch 18/100] Train Loss: 0.6029 Acc: 0.8157 | Val Loss: 0.7274 Acc: 0.7591
Confusion Matrix:
[[104   0   0]
 [ 13   0   0]
 [ 20   0   0]]
Classification Report:
              precision    recall  f1-score   support

           0       0.76      1.00      0.86       104
           1       0.00      0.00      0.00        13
           2       0.00      0.00      0.00        20

    accuracy                           0.76       137
   macro avg       0.25      0.33      0.29       137
weighted avg       0.58      0.76      0.66       137

[Epoch 19/100] Train Loss: 0.6033 Acc: 0.8157 | Val Loss: 0.7314 Acc: 0.7591
Confusion Matrix:
[[104   0   0]
 [ 13   0   0]
 [ 20   0   0]]
Classification Report:
              precision    recall  f1-score   support

           0       0.76      1.00      0.86       104
           1       0.00      0.00      0.00        13
           2       0.00      0.00      0.00        20

    accuracy                           0.76       137
   macro avg       0.25      0.33      0.29       137
weighted avg       0.58      0.76      0.66       137

[Epoch 20/100] Train Loss: 0.6057 Acc: 0.8157 | Val Loss: 0.7184 Acc: 0.7591
Confusion Matrix:
[[104   0   0]
 [ 13   0   0]
 [ 20   0   0]]
Classification Report:
              precision    recall  f1-score   support

           0       0.76      1.00      0.86       104
           1       0.00      0.00      0.00        13
           2       0.00      0.00      0.00        20

    accuracy                           0.76       137
   macro avg       0.25      0.33      0.29       137
weighted avg       0.58      0.76      0.66       137

[Epoch 21/100] Train Loss: 0.6060 Acc: 0.8157 | Val Loss: 0.7150 Acc: 0.7591
Confusion Matrix:
[[104   0   0]
 [ 13   0   0]
 [ 20   0   0]]
Classification Report:
              precision    recall  f1-score   support

           0       0.76      1.00      0.86       104
           1       0.00      0.00      0.00        13
           2       0.00      0.00      0.00        20

    accuracy                           0.76       137
   macro avg       0.25      0.33      0.29       137
weighted avg       0.58      0.76      0.66       137

[Epoch 22/100] Train Loss: 0.5999 Acc: 0.8157 | Val Loss: 0.7232 Acc: 0.7591
Confusion Matrix:
[[104   0   0]
 [ 13   0   0]
 [ 20   0   0]]
Classification Report:
              precision    recall  f1-score   support

           0       0.76      1.00      0.86       104
           1       0.00      0.00      0.00        13
           2       0.00      0.00      0.00        20

    accuracy                           0.76       137
   macro avg       0.25      0.33      0.29       137
weighted avg       0.58      0.76      0.66       137

[Epoch 23/100] Train Loss: 0.6070 Acc: 0.8157 | Val Loss: 0.7177 Acc: 0.7591
Confusion Matrix:
[[104   0   0]
 [ 13   0   0]
 [ 20   0   0]]
Classification Report:
              precision    recall  f1-score   support

           0       0.76      1.00      0.86       104
           1       0.00      0.00      0.00        13
           2       0.00      0.00      0.00        20

    accuracy                           0.76       137
   macro avg       0.25      0.33      0.29       137
weighted avg       0.58      0.76      0.66       137

[Epoch 24/100] Train Loss: 0.6006 Acc: 0.8157 | Val Loss: 0.7244 Acc: 0.7591
Confusion Matrix:
[[104   0   0]
 [ 13   0   0]
 [ 20   0   0]]
Classification Report:
              precision    recall  f1-score   support

           0       0.76      1.00      0.86       104
           1       0.00      0.00      0.00        13
           2       0.00      0.00      0.00        20

    accuracy                           0.76       137
   macro avg       0.25      0.33      0.29       137
weighted avg       0.58      0.76      0.66       137

[Epoch 25/100] Train Loss: 0.6027 Acc: 0.8157 | Val Loss: 0.7177 Acc: 0.7591
Confusion Matrix:
[[104   0   0]
 [ 13   0   0]
 [ 20   0   0]]
Classification Report:
              precision    recall  f1-score   support

           0       0.76      1.00      0.86       104
           1       0.00      0.00      0.00        13
           2       0.00      0.00      0.00        20

    accuracy                           0.76       137
   macro avg       0.25      0.33      0.29       137
weighted avg       0.58      0.76      0.66       137

[Epoch 26/100] Train Loss: 0.5999 Acc: 0.8157 | Val Loss: 0.7195 Acc: 0.7591
Confusion Matrix:
[[104   0   0]
 [ 13   0   0]
 [ 20   0   0]]
Classification Report:
              precision    recall  f1-score   support

           0       0.76      1.00      0.86       104
           1       0.00      0.00      0.00        13
           2       0.00      0.00      0.00        20

    accuracy                           0.76       137
   macro avg       0.25      0.33      0.29       137
weighted avg       0.58      0.76      0.66       137

[Epoch 27/100] Train Loss: 0.5966 Acc: 0.8157 | Val Loss: 0.7207 Acc: 0.7591
Confusion Matrix:
[[104   0   0]
 [ 13   0   0]
 [ 20   0   0]]
Classification Report:
              precision    recall  f1-score   support

           0       0.76      1.00      0.86       104
           1       0.00      0.00      0.00        13
           2       0.00      0.00      0.00        20

    accuracy                           0.76       137
   macro avg       0.25      0.33      0.29       137
weighted avg       0.58      0.76      0.66       137

[Epoch 28/100] Train Loss: 0.6038 Acc: 0.8157 | Val Loss: 0.7110 Acc: 0.7591
Confusion Matrix:
[[104   0   0]
 [ 13   0   0]
 [ 20   0   0]]
Classification Report:
              precision    recall  f1-score   support

           0       0.76      1.00      0.86       104
           1       0.00      0.00      0.00        13
           2       0.00      0.00      0.00        20

    accuracy                           0.76       137
   macro avg       0.25      0.33      0.29       137
weighted avg       0.58      0.76      0.66       137

[Epoch 29/100] Train Loss: 0.6013 Acc: 0.8157 | Val Loss: 0.7304 Acc: 0.7591
Confusion Matrix:
[[104   0   0]
 [ 13   0   0]
 [ 20   0   0]]
Classification Report:
              precision    recall  f1-score   support

           0       0.76      1.00      0.86       104
           1       0.00      0.00      0.00        13
           2       0.00      0.00      0.00        20

    accuracy                           0.76       137
   macro avg       0.25      0.33      0.29       137
weighted avg       0.58      0.76      0.66       137

[Epoch 30/100] Train Loss: 0.5982 Acc: 0.8157 | Val Loss: 0.7201 Acc: 0.7591
Confusion Matrix:
[[104   0   0]
 [ 13   0   0]
 [ 20   0   0]]
Classification Report:
              precision    recall  f1-score   support

           0       0.76      1.00      0.86       104
           1       0.00      0.00      0.00        13
           2       0.00      0.00      0.00        20

    accuracy                           0.76       137
   macro avg       0.25      0.33      0.29       137
weighted avg       0.58      0.76      0.66       137

[Epoch 31/100] Train Loss: 0.5969 Acc: 0.8157 | Val Loss: 0.7146 Acc: 0.7591
Confusion Matrix:
[[104   0   0]
 [ 13   0   0]
 [ 20   0   0]]
Classification Report:
              precision    recall  f1-score   support

           0       0.76      1.00      0.86       104
           1       0.00      0.00      0.00        13
           2       0.00      0.00      0.00        20

    accuracy                           0.76       137
   macro avg       0.25      0.33      0.29       137
weighted avg       0.58      0.76      0.66       137

[Epoch 32/100] Train Loss: 0.5945 Acc: 0.8157 | Val Loss: 0.7141 Acc: 0.7591
Confusion Matrix:
[[104   0   0]
 [ 13   0   0]
 [ 20   0   0]]
Classification Report:
              precision    recall  f1-score   support

           0       0.76      1.00      0.86       104
           1       0.00      0.00      0.00        13
           2       0.00      0.00      0.00        20

    accuracy                           0.76       137
   macro avg       0.25      0.33      0.29       137
weighted avg       0.58      0.76      0.66       137

[Epoch 33/100] Train Loss: 0.5955 Acc: 0.8157 | Val Loss: 0.7119 Acc: 0.7591
Confusion Matrix:
[[104   0   0]
 [ 13   0   0]
 [ 20   0   0]]
Classification Report:
              precision    recall  f1-score   support

           0       0.76      1.00      0.86       104
           1       0.00      0.00      0.00        13
           2       0.00      0.00      0.00        20

    accuracy                           0.76       137
   macro avg       0.25      0.33      0.29       137
weighted avg       0.58      0.76      0.66       137

[Epoch 34/100] Train Loss: 0.5952 Acc: 0.8157 | Val Loss: 0.7092 Acc: 0.7591
Confusion Matrix:
[[104   0   0]
 [ 13   0   0]
 [ 20   0   0]]
Classification Report:
              precision    recall  f1-score   support

           0       0.76      1.00      0.86       104
           1       0.00      0.00      0.00        13
           2       0.00      0.00      0.00        20

    accuracy                           0.76       137
   macro avg       0.25      0.33      0.29       137
weighted avg       0.58      0.76      0.66       137

[Epoch 35/100] Train Loss: 0.5932 Acc: 0.8157 | Val Loss: 0.7197 Acc: 0.7591
Confusion Matrix:
[[104   0   0]
 [ 13   0   0]
 [ 20   0   0]]
Classification Report:
              precision    recall  f1-score   support

           0       0.76      1.00      0.86       104
           1       0.00      0.00      0.00        13
           2       0.00      0.00      0.00        20

    accuracy                           0.76       137
   macro avg       0.25      0.33      0.29       137
weighted avg       0.58      0.76      0.66       137

[Epoch 36/100] Train Loss: 0.5959 Acc: 0.8157 | Val Loss: 0.7080 Acc: 0.7591
Confusion Matrix:
[[104   0   0]
 [ 13   0   0]
 [ 20   0   0]]
Classification Report:
              precision    recall  f1-score   support

           0       0.76      1.00      0.86       104
           1       0.00      0.00      0.00        13
           2       0.00      0.00      0.00        20

    accuracy                           0.76       137
   macro avg       0.25      0.33      0.29       137
weighted avg       0.58      0.76      0.66       137

[Epoch 37/100] Train Loss: 0.5910 Acc: 0.8157 | Val Loss: 0.7068 Acc: 0.7591
Confusion Matrix:
[[104   0   0]
 [ 13   0   0]
 [ 20   0   0]]
Classification Report:
              precision    recall  f1-score   support

           0       0.76      1.00      0.86       104
           1       0.00      0.00      0.00        13
           2       0.00      0.00      0.00        20

    accuracy                           0.76       137
   macro avg       0.25      0.33      0.29       137
weighted avg       0.58      0.76      0.66       137

[Epoch 38/100] Train Loss: 0.5908 Acc: 0.8157 | Val Loss: 0.7143 Acc: 0.7591
Confusion Matrix:
[[104   0   0]
 [ 13   0   0]
 [ 20   0   0]]
Classification Report:
              precision    recall  f1-score   support

           0       0.76      1.00      0.86       104
           1       0.00      0.00      0.00        13
           2       0.00      0.00      0.00        20

    accuracy                           0.76       137
   macro avg       0.25      0.33      0.29       137
weighted avg       0.58      0.76      0.66       137

[Epoch 39/100] Train Loss: 0.5904 Acc: 0.8157 | Val Loss: 0.7109 Acc: 0.7591
Confusion Matrix:
[[104   0   0]
 [ 13   0   0]
 [ 20   0   0]]
Classification Report:
              precision    recall  f1-score   support

           0       0.76      1.00      0.86       104
           1       0.00      0.00      0.00        13
           2       0.00      0.00      0.00        20

    accuracy                           0.76       137
   macro avg       0.25      0.33      0.29       137
weighted avg       0.58      0.76      0.66       137

[Epoch 40/100] Train Loss: 0.5876 Acc: 0.8157 | Val Loss: 0.7074 Acc: 0.7591
Confusion Matrix:
[[104   0   0]
 [ 13   0   0]
 [ 20   0   0]]
Classification Report:
              precision    recall  f1-score   support

           0       0.76      1.00      0.86       104
           1       0.00      0.00      0.00        13
           2       0.00      0.00      0.00        20

    accuracy                           0.76       137
   macro avg       0.25      0.33      0.29       137
weighted avg       0.58      0.76      0.66       137

[Epoch 41/100] Train Loss: 0.5928 Acc: 0.8157 | Val Loss: 0.7068 Acc: 0.7591
Confusion Matrix:
[[104   0   0]
 [ 13   0   0]
 [ 20   0   0]]
Classification Report:
              precision    recall  f1-score   support

           0       0.76      1.00      0.86       104
           1       0.00      0.00      0.00        13
           2       0.00      0.00      0.00        20

    accuracy                           0.76       137
   macro avg       0.25      0.33      0.29       137
weighted avg       0.58      0.76      0.66       137

[Epoch 42/100] Train Loss: 0.5836 Acc: 0.8157 | Val Loss: 0.7060 Acc: 0.7591
Confusion Matrix:
[[104   0   0]
 [ 13   0   0]
 [ 20   0   0]]
Classification Report:
              precision    recall  f1-score   support

           0       0.76      1.00      0.86       104
           1       0.00      0.00      0.00        13
           2       0.00      0.00      0.00        20

    accuracy                           0.76       137
   macro avg       0.25      0.33      0.29       137
weighted avg       0.58      0.76      0.66       137

[Epoch 43/100] Train Loss: 0.5957 Acc: 0.8157 | Val Loss: 0.7056 Acc: 0.7591
Confusion Matrix:
[[104   0   0]
 [ 13   0   0]
 [ 20   0   0]]
Classification Report:
              precision    recall  f1-score   support

           0       0.76      1.00      0.86       104
           1       0.00      0.00      0.00        13
           2       0.00      0.00      0.00        20

    accuracy                           0.76       137
   macro avg       0.25      0.33      0.29       137
weighted avg       0.58      0.76      0.66       137

[Epoch 44/100] Train Loss: 0.5859 Acc: 0.8157 | Val Loss: 0.7027 Acc: 0.7591
Confusion Matrix:
[[104   0   0]
 [ 13   0   0]
 [ 20   0   0]]
Classification Report:
              precision    recall  f1-score   support

           0       0.76      1.00      0.86       104
           1       0.00      0.00      0.00        13
           2       0.00      0.00      0.00        20

    accuracy                           0.76       137
   macro avg       0.25      0.33      0.29       137
weighted avg       0.58      0.76      0.66       137

[Epoch 45/100] Train Loss: 0.5887 Acc: 0.8157 | Val Loss: 0.7060 Acc: 0.7591
Confusion Matrix:
[[104   0   0]
 [ 13   0   0]
 [ 20   0   0]]
Classification Report:
              precision    recall  f1-score   support

           0       0.76      1.00      0.86       104
           1       0.00      0.00      0.00        13
           2       0.00      0.00      0.00        20

    accuracy                           0.76       137
   macro avg       0.25      0.33      0.29       137
weighted avg       0.58      0.76      0.66       137

[Epoch 46/100] Train Loss: 0.5804 Acc: 0.8157 | Val Loss: 0.7020 Acc: 0.7591
Confusion Matrix:
[[104   0   0]
 [ 13   0   0]
 [ 20   0   0]]
Classification Report:
              precision    recall  f1-score   support

           0       0.76      1.00      0.86       104
           1       0.00      0.00      0.00        13
           2       0.00      0.00      0.00        20

    accuracy                           0.76       137
   macro avg       0.25      0.33      0.29       137
weighted avg       0.58      0.76      0.66       137

[Epoch 47/100] Train Loss: 0.5808 Acc: 0.8157 | Val Loss: 0.7055 Acc: 0.7591
Confusion Matrix:
[[104   0   0]
 [ 13   0   0]
 [ 20   0   0]]
Classification Report:
              precision    recall  f1-score   support

           0       0.76      1.00      0.86       104
           1       0.00      0.00      0.00        13
           2       0.00      0.00      0.00        20

    accuracy                           0.76       137
   macro avg       0.25      0.33      0.29       137
weighted avg       0.58      0.76      0.66       137

[Epoch 48/100] Train Loss: 0.5801 Acc: 0.8157 | Val Loss: 0.6954 Acc: 0.7591
Confusion Matrix:
[[104   0   0]
 [ 13   0   0]
 [ 20   0   0]]
Classification Report:
              precision    recall  f1-score   support

           0       0.76      1.00      0.86       104
           1       0.00      0.00      0.00        13
           2       0.00      0.00      0.00        20

    accuracy                           0.76       137
   macro avg       0.25      0.33      0.29       137
weighted avg       0.58      0.76      0.66       137

[Epoch 49/100] Train Loss: 0.5852 Acc: 0.8157 | Val Loss: 0.6979 Acc: 0.7591
Confusion Matrix:
[[104   0   0]
 [ 13   0   0]
 [ 20   0   0]]
Classification Report:
              precision    recall  f1-score   support

           0       0.76      1.00      0.86       104
           1       0.00      0.00      0.00        13
           2       0.00      0.00      0.00        20

    accuracy                           0.76       137
   macro avg       0.25      0.33      0.29       137
weighted avg       0.58      0.76      0.66       137

[Epoch 50/100] Train Loss: 0.5748 Acc: 0.8157 | Val Loss: 0.6914 Acc: 0.7591
Confusion Matrix:
[[104   0   0]
 [ 13   0   0]
 [ 20   0   0]]
Classification Report:
              precision    recall  f1-score   support

           0       0.76      1.00      0.86       104
           1       0.00      0.00      0.00        13
           2       0.00      0.00      0.00        20

    accuracy                           0.76       137
   macro avg       0.25      0.33      0.29       137
weighted avg       0.58      0.76      0.66       137

[Epoch 51/100] Train Loss: 0.5781 Acc: 0.8157 | Val Loss: 0.7004 Acc: 0.7591
Confusion Matrix:
[[104   0   0]
 [ 13   0   0]
 [ 20   0   0]]
Classification Report:
              precision    recall  f1-score   support

           0       0.76      1.00      0.86       104
           1       0.00      0.00      0.00        13
           2       0.00      0.00      0.00        20

    accuracy                           0.76       137
   macro avg       0.25      0.33      0.29       137
weighted avg       0.58      0.76      0.66       137

[Epoch 52/100] Train Loss: 0.5814 Acc: 0.8157 | Val Loss: 0.6953 Acc: 0.7591
Confusion Matrix:
[[104   0   0]
 [ 13   0   0]
 [ 20   0   0]]
Classification Report:
              precision    recall  f1-score   support

           0       0.76      1.00      0.86       104
           1       0.00      0.00      0.00        13
           2       0.00      0.00      0.00        20

    accuracy                           0.76       137
   macro avg       0.25      0.33      0.29       137
weighted avg       0.58      0.76      0.66       137

[Epoch 53/100] Train Loss: 0.5730 Acc: 0.8157 | Val Loss: 0.7004 Acc: 0.7591
Confusion Matrix:
[[104   0   0]
 [ 13   0   0]
 [ 20   0   0]]
Classification Report:
              precision    recall  f1-score   support

           0       0.76      1.00      0.86       104
           1       0.00      0.00      0.00        13
           2       0.00      0.00      0.00        20

    accuracy                           0.76       137
   macro avg       0.25      0.33      0.29       137
weighted avg       0.58      0.76      0.66       137

[Epoch 54/100] Train Loss: 0.5707 Acc: 0.8157 | Val Loss: 0.6927 Acc: 0.7591
Confusion Matrix:
[[104   0   0]
 [ 13   0   0]
 [ 20   0   0]]
Classification Report:
              precision    recall  f1-score   support

           0       0.76      1.00      0.86       104
           1       0.00      0.00      0.00        13
           2       0.00      0.00      0.00        20

    accuracy                           0.76       137
   macro avg       0.25      0.33      0.29       137
weighted avg       0.58      0.76      0.66       137

[Epoch 55/100] Train Loss: 0.5705 Acc: 0.8157 | Val Loss: 0.6973 Acc: 0.7591
Confusion Matrix:
[[104   0   0]
 [ 13   0   0]
 [ 20   0   0]]
Classification Report:
              precision    recall  f1-score   support

           0       0.76      1.00      0.86       104
           1       0.00      0.00      0.00        13
           2       0.00      0.00      0.00        20

    accuracy                           0.76       137
   macro avg       0.25      0.33      0.29       137
weighted avg       0.58      0.76      0.66       137

[Epoch 56/100] Train Loss: 0.5752 Acc: 0.8157 | Val Loss: 0.7027 Acc: 0.7591
Confusion Matrix:
[[104   0   0]
 [ 13   0   0]
 [ 20   0   0]]
Classification Report:
              precision    recall  f1-score   support

           0       0.76      1.00      0.86       104
           1       0.00      0.00      0.00        13
           2       0.00      0.00      0.00        20

    accuracy                           0.76       137
   macro avg       0.25      0.33      0.29       137
weighted avg       0.58      0.76      0.66       137

[Epoch 57/100] Train Loss: 0.5868 Acc: 0.8157 | Val Loss: 0.7011 Acc: 0.7591
Confusion Matrix:
[[104   0   0]
 [ 13   0   0]
 [ 20   0   0]]
Classification Report:
              precision    recall  f1-score   support

           0       0.76      1.00      0.86       104
           1       0.00      0.00      0.00        13
           2       0.00      0.00      0.00        20

    accuracy                           0.76       137
   macro avg       0.25      0.33      0.29       137
weighted avg       0.58      0.76      0.66       137

[Epoch 58/100] Train Loss: 0.5856 Acc: 0.8157 | Val Loss: 0.6921 Acc: 0.7591
Confusion Matrix:
[[104   0   0]
 [ 13   0   0]
 [ 20   0   0]]
Classification Report:
              precision    recall  f1-score   support

           0       0.76      1.00      0.86       104
           1       0.00      0.00      0.00        13
           2       0.00      0.00      0.00        20

    accuracy                           0.76       137
   macro avg       0.25      0.33      0.29       137
weighted avg       0.58      0.76      0.66       137

[Epoch 59/100] Train Loss: 0.5711 Acc: 0.8157 | Val Loss: 0.6987 Acc: 0.7591
Confusion Matrix:
[[104   0   0]
 [ 13   0   0]
 [ 20   0   0]]
Classification Report:
              precision    recall  f1-score   support

           0       0.76      1.00      0.86       104
           1       0.00      0.00      0.00        13
           2       0.00      0.00      0.00        20

    accuracy                           0.76       137
   macro avg       0.25      0.33      0.29       137
weighted avg       0.58      0.76      0.66       137

[Epoch 60/100] Train Loss: 0.5660 Acc: 0.8157 | Val Loss: 0.6968 Acc: 0.7591
Early stopping triggered.
Completed in 2.08 seconds.
Start training model for task POINT_N_CLICK: Mon Nov 17 14:24:16 2025
Labels = tensor([0, 1, 2])
Using device: cpu
Train size: 746, Val size: 187
Confusion Matrix:
[[135   0   0]
 [ 22   0   0]
 [ 30   0   0]]
Classification Report:
              precision    recall  f1-score   support

           0       0.72      1.00      0.84       135
           1       0.00      0.00      0.00        22
           2       0.00      0.00      0.00        30

    accuracy                           0.72       187
   macro avg       0.24      0.33      0.28       187
weighted avg       0.52      0.72      0.61       187

[Epoch 1/100] Train Loss: 1.6287 Acc: 0.3954 | Val Loss: 1.0136 Acc: 0.7219
Confusion Matrix:
[[135   0   0]
 [ 22   0   0]
 [ 30   0   0]]
Classification Report:
              precision    recall  f1-score   support

           0       0.72      1.00      0.84       135
           1       0.00      0.00      0.00        22
           2       0.00      0.00      0.00        30

    accuracy                           0.72       187
   macro avg       0.24      0.33      0.28       187
weighted avg       0.52      0.72      0.61       187

[Epoch 2/100] Train Loss: 0.9284 Acc: 0.6810 | Val Loss: 0.8075 Acc: 0.7219
Confusion Matrix:
[[135   0   0]
 [ 22   0   0]
 [ 30   0   0]]
Classification Report:
              precision    recall  f1-score   support

           0       0.72      1.00      0.84       135
           1       0.00      0.00      0.00        22
           2       0.00      0.00      0.00        30

    accuracy                           0.72       187
   macro avg       0.24      0.33      0.28       187
weighted avg       0.52      0.72      0.61       187

[Epoch 3/100] Train Loss: 0.8642 Acc: 0.6810 | Val Loss: 0.7995 Acc: 0.7219
Confusion Matrix:
[[135   0   0]
 [ 22   0   0]
 [ 30   0   0]]
Classification Report:
              precision    recall  f1-score   support

           0       0.72      1.00      0.84       135
           1       0.00      0.00      0.00        22
           2       0.00      0.00      0.00        30

    accuracy                           0.72       187
   macro avg       0.24      0.33      0.28       187
weighted avg       0.52      0.72      0.61       187

[Epoch 4/100] Train Loss: 0.8574 Acc: 0.6810 | Val Loss: 0.8014 Acc: 0.7219
Confusion Matrix:
[[135   0   0]
 [ 22   0   0]
 [ 30   0   0]]
Classification Report:
              precision    recall  f1-score   support

           0       0.72      1.00      0.84       135
           1       0.00      0.00      0.00        22
           2       0.00      0.00      0.00        30

    accuracy                           0.72       187
   macro avg       0.24      0.33      0.28       187
weighted avg       0.52      0.72      0.61       187

[Epoch 5/100] Train Loss: 0.8593 Acc: 0.6810 | Val Loss: 0.8010 Acc: 0.7219
Confusion Matrix:
[[135   0   0]
 [ 22   0   0]
 [ 30   0   0]]
Classification Report:
              precision    recall  f1-score   support

           0       0.72      1.00      0.84       135
           1       0.00      0.00      0.00        22
           2       0.00      0.00      0.00        30

    accuracy                           0.72       187
   macro avg       0.24      0.33      0.28       187
weighted avg       0.52      0.72      0.61       187

[Epoch 6/100] Train Loss: 0.8580 Acc: 0.6810 | Val Loss: 0.7879 Acc: 0.7219
Confusion Matrix:
[[135   0   0]
 [ 22   0   0]
 [ 30   0   0]]
Classification Report:
              precision    recall  f1-score   support

           0       0.72      1.00      0.84       135
           1       0.00      0.00      0.00        22
           2       0.00      0.00      0.00        30

    accuracy                           0.72       187
   macro avg       0.24      0.33      0.28       187
weighted avg       0.52      0.72      0.61       187

[Epoch 7/100] Train Loss: 0.8546 Acc: 0.6810 | Val Loss: 0.7924 Acc: 0.7219
Confusion Matrix:
[[135   0   0]
 [ 22   0   0]
 [ 30   0   0]]
Classification Report:
              precision    recall  f1-score   support

           0       0.72      1.00      0.84       135
           1       0.00      0.00      0.00        22
           2       0.00      0.00      0.00        30

    accuracy                           0.72       187
   macro avg       0.24      0.33      0.28       187
weighted avg       0.52      0.72      0.61       187

[Epoch 8/100] Train Loss: 0.8537 Acc: 0.6810 | Val Loss: 0.7909 Acc: 0.7219
Confusion Matrix:
[[135   0   0]
 [ 22   0   0]
 [ 30   0   0]]
Classification Report:
              precision    recall  f1-score   support

           0       0.72      1.00      0.84       135
           1       0.00      0.00      0.00        22
           2       0.00      0.00      0.00        30

    accuracy                           0.72       187
   macro avg       0.24      0.33      0.28       187
weighted avg       0.52      0.72      0.61       187

[Epoch 9/100] Train Loss: 0.8519 Acc: 0.6810 | Val Loss: 0.7872 Acc: 0.7219
Confusion Matrix:
[[135   0   0]
 [ 22   0   0]
 [ 30   0   0]]
Classification Report:
              precision    recall  f1-score   support

           0       0.72      1.00      0.84       135
           1       0.00      0.00      0.00        22
           2       0.00      0.00      0.00        30

    accuracy                           0.72       187
   macro avg       0.24      0.33      0.28       187
weighted avg       0.52      0.72      0.61       187

[Epoch 10/100] Train Loss: 0.8540 Acc: 0.6810 | Val Loss: 0.7854 Acc: 0.7219
Confusion Matrix:
[[135   0   0]
 [ 22   0   0]
 [ 30   0   0]]
Classification Report:
              precision    recall  f1-score   support

           0       0.72      1.00      0.84       135
           1       0.00      0.00      0.00        22
           2       0.00      0.00      0.00        30

    accuracy                           0.72       187
   macro avg       0.24      0.33      0.28       187
weighted avg       0.52      0.72      0.61       187

[Epoch 11/100] Train Loss: 0.8555 Acc: 0.6810 | Val Loss: 0.7840 Acc: 0.7219
Confusion Matrix:
[[135   0   0]
 [ 22   0   0]
 [ 30   0   0]]
Classification Report:
              precision    recall  f1-score   support

           0       0.72      1.00      0.84       135
           1       0.00      0.00      0.00        22
           2       0.00      0.00      0.00        30

    accuracy                           0.72       187
   macro avg       0.24      0.33      0.28       187
weighted avg       0.52      0.72      0.61       187

[Epoch 12/100] Train Loss: 0.8497 Acc: 0.6810 | Val Loss: 0.7859 Acc: 0.7219
Confusion Matrix:
[[135   0   0]
 [ 22   0   0]
 [ 30   0   0]]
Classification Report:
              precision    recall  f1-score   support

           0       0.72      1.00      0.84       135
           1       0.00      0.00      0.00        22
           2       0.00      0.00      0.00        30

    accuracy                           0.72       187
   macro avg       0.24      0.33      0.28       187
weighted avg       0.52      0.72      0.61       187

[Epoch 13/100] Train Loss: 0.8486 Acc: 0.6810 | Val Loss: 0.7834 Acc: 0.7219
Confusion Matrix:
[[135   0   0]
 [ 22   0   0]
 [ 30   0   0]]
Classification Report:
              precision    recall  f1-score   support

           0       0.72      1.00      0.84       135
           1       0.00      0.00      0.00        22
           2       0.00      0.00      0.00        30

    accuracy                           0.72       187
   macro avg       0.24      0.33      0.28       187
weighted avg       0.52      0.72      0.61       187

[Epoch 14/100] Train Loss: 0.8496 Acc: 0.6810 | Val Loss: 0.7800 Acc: 0.7219
Confusion Matrix:
[[135   0   0]
 [ 22   0   0]
 [ 30   0   0]]
Classification Report:
              precision    recall  f1-score   support

           0       0.72      1.00      0.84       135
           1       0.00      0.00      0.00        22
           2       0.00      0.00      0.00        30

    accuracy                           0.72       187
   macro avg       0.24      0.33      0.28       187
weighted avg       0.52      0.72      0.61       187

[Epoch 15/100] Train Loss: 0.8457 Acc: 0.6810 | Val Loss: 0.7863 Acc: 0.7219
Confusion Matrix:
[[135   0   0]
 [ 22   0   0]
 [ 30   0   0]]
Classification Report:
              precision    recall  f1-score   support

           0       0.72      1.00      0.84       135
           1       0.00      0.00      0.00        22
           2       0.00      0.00      0.00        30

    accuracy                           0.72       187
   macro avg       0.24      0.33      0.28       187
weighted avg       0.52      0.72      0.61       187

[Epoch 16/100] Train Loss: 0.8449 Acc: 0.6810 | Val Loss: 0.7771 Acc: 0.7219
Confusion Matrix:
[[135   0   0]
 [ 22   0   0]
 [ 30   0   0]]
Classification Report:
              precision    recall  f1-score   support

           0       0.72      1.00      0.84       135
           1       0.00      0.00      0.00        22
           2       0.00      0.00      0.00        30

    accuracy                           0.72       187
   macro avg       0.24      0.33      0.28       187
weighted avg       0.52      0.72      0.61       187

[Epoch 17/100] Train Loss: 0.8482 Acc: 0.6810 | Val Loss: 0.7748 Acc: 0.7219
Confusion Matrix:
[[135   0   0]
 [ 22   0   0]
 [ 30   0   0]]
Classification Report:
              precision    recall  f1-score   support

           0       0.72      1.00      0.84       135
           1       0.00      0.00      0.00        22
           2       0.00      0.00      0.00        30

    accuracy                           0.72       187
   macro avg       0.24      0.33      0.28       187
weighted avg       0.52      0.72      0.61       187

[Epoch 18/100] Train Loss: 0.8469 Acc: 0.6810 | Val Loss: 0.7749 Acc: 0.7219
Confusion Matrix:
[[135   0   0]
 [ 22   0   0]
 [ 30   0   0]]
Classification Report:
              precision    recall  f1-score   support

           0       0.72      1.00      0.84       135
           1       0.00      0.00      0.00        22
           2       0.00      0.00      0.00        30

    accuracy                           0.72       187
   macro avg       0.24      0.33      0.28       187
weighted avg       0.52      0.72      0.61       187

[Epoch 19/100] Train Loss: 0.8420 Acc: 0.6810 | Val Loss: 0.7793 Acc: 0.7219
Confusion Matrix:
[[135   0   0]
 [ 22   0   0]
 [ 30   0   0]]
Classification Report:
              precision    recall  f1-score   support

           0       0.72      1.00      0.84       135
           1       0.00      0.00      0.00        22
           2       0.00      0.00      0.00        30

    accuracy                           0.72       187
   macro avg       0.24      0.33      0.28       187
weighted avg       0.52      0.72      0.61       187

[Epoch 20/100] Train Loss: 0.8412 Acc: 0.6810 | Val Loss: 0.7808 Acc: 0.7219
Confusion Matrix:
[[135   0   0]
 [ 22   0   0]
 [ 30   0   0]]
Classification Report:
              precision    recall  f1-score   support

           0       0.72      1.00      0.84       135
           1       0.00      0.00      0.00        22
           2       0.00      0.00      0.00        30

    accuracy                           0.72       187
   macro avg       0.24      0.33      0.28       187
weighted avg       0.52      0.72      0.61       187

[Epoch 21/100] Train Loss: 0.8355 Acc: 0.6810 | Val Loss: 0.7768 Acc: 0.7219
Confusion Matrix:
[[135   0   0]
 [ 22   0   0]
 [ 30   0   0]]
Classification Report:
              precision    recall  f1-score   support

           0       0.72      1.00      0.84       135
           1       0.00      0.00      0.00        22
           2       0.00      0.00      0.00        30

    accuracy                           0.72       187
   macro avg       0.24      0.33      0.28       187
weighted avg       0.52      0.72      0.61       187

[Epoch 22/100] Train Loss: 0.8396 Acc: 0.6810 | Val Loss: 0.7667 Acc: 0.7219
Confusion Matrix:
[[135   0   0]
 [ 22   0   0]
 [ 30   0   0]]
Classification Report:
              precision    recall  f1-score   support

           0       0.72      1.00      0.84       135
           1       0.00      0.00      0.00        22
           2       0.00      0.00      0.00        30

    accuracy                           0.72       187
   macro avg       0.24      0.33      0.28       187
weighted avg       0.52      0.72      0.61       187

[Epoch 23/100] Train Loss: 0.8371 Acc: 0.6810 | Val Loss: 0.7816 Acc: 0.7219
Confusion Matrix:
[[135   0   0]
 [ 22   0   0]
 [ 30   0   0]]
Classification Report:
              precision    recall  f1-score   support

           0       0.72      1.00      0.84       135
           1       0.00      0.00      0.00        22
           2       0.00      0.00      0.00        30

    accuracy                           0.72       187
   macro avg       0.24      0.33      0.28       187
weighted avg       0.52      0.72      0.61       187

[Epoch 24/100] Train Loss: 0.8317 Acc: 0.6810 | Val Loss: 0.7708 Acc: 0.7219
Confusion Matrix:
[[135   0   0]
 [ 22   0   0]
 [ 30   0   0]]
Classification Report:
              precision    recall  f1-score   support

           0       0.72      1.00      0.84       135
           1       0.00      0.00      0.00        22
           2       0.00      0.00      0.00        30

    accuracy                           0.72       187
   macro avg       0.24      0.33      0.28       187
weighted avg       0.52      0.72      0.61       187

[Epoch 25/100] Train Loss: 0.8283 Acc: 0.6810 | Val Loss: 0.7654 Acc: 0.7219
Confusion Matrix:
[[135   0   0]
 [ 22   0   0]
 [ 30   0   0]]
Classification Report:
              precision    recall  f1-score   support

           0       0.72      1.00      0.84       135
           1       0.00      0.00      0.00        22
           2       0.00      0.00      0.00        30

    accuracy                           0.72       187
   macro avg       0.24      0.33      0.28       187
weighted avg       0.52      0.72      0.61       187

[Epoch 26/100] Train Loss: 0.8229 Acc: 0.6810 | Val Loss: 0.7654 Acc: 0.7219
Confusion Matrix:
[[135   0   0]
 [ 22   0   0]
 [ 30   0   0]]
Classification Report:
              precision    recall  f1-score   support

           0       0.72      1.00      0.84       135
           1       0.00      0.00      0.00        22
           2       0.00      0.00      0.00        30

    accuracy                           0.72       187
   macro avg       0.24      0.33      0.28       187
weighted avg       0.52      0.72      0.61       187

[Epoch 27/100] Train Loss: 0.8281 Acc: 0.6810 | Val Loss: 0.7573 Acc: 0.7219
Confusion Matrix:
[[135   0   0]
 [ 22   0   0]
 [ 30   0   0]]
Classification Report:
              precision    recall  f1-score   support

           0       0.72      1.00      0.84       135
           1       0.00      0.00      0.00        22
           2       0.00      0.00      0.00        30

    accuracy                           0.72       187
   macro avg       0.24      0.33      0.28       187
weighted avg       0.52      0.72      0.61       187

[Epoch 28/100] Train Loss: 0.8251 Acc: 0.6810 | Val Loss: 0.7534 Acc: 0.7219
Confusion Matrix:
[[135   0   0]
 [ 22   0   0]
 [ 30   0   0]]
Classification Report:
              precision    recall  f1-score   support

           0       0.72      1.00      0.84       135
           1       0.00      0.00      0.00        22
           2       0.00      0.00      0.00        30

    accuracy                           0.72       187
   macro avg       0.24      0.33      0.28       187
weighted avg       0.52      0.72      0.61       187

[Epoch 29/100] Train Loss: 0.8138 Acc: 0.6810 | Val Loss: 0.7590 Acc: 0.7219
Confusion Matrix:
[[135   0   0]
 [ 22   0   0]
 [ 30   0   0]]
Classification Report:
              precision    recall  f1-score   support

           0       0.72      1.00      0.84       135
           1       0.00      0.00      0.00        22
           2       0.00      0.00      0.00        30

    accuracy                           0.72       187
   macro avg       0.24      0.33      0.28       187
weighted avg       0.52      0.72      0.61       187

[Epoch 30/100] Train Loss: 0.8075 Acc: 0.6810 | Val Loss: 0.7576 Acc: 0.7219
Confusion Matrix:
[[135   0   0]
 [ 22   0   0]
 [ 30   0   0]]
Classification Report:
              precision    recall  f1-score   support

           0       0.72      1.00      0.84       135
           1       0.00      0.00      0.00        22
           2       0.00      0.00      0.00        30

    accuracy                           0.72       187
   macro avg       0.24      0.33      0.28       187
weighted avg       0.52      0.72      0.61       187

[Epoch 31/100] Train Loss: 0.8033 Acc: 0.6810 | Val Loss: 0.7480 Acc: 0.7219
Confusion Matrix:
[[135   0   0]
 [ 22   0   0]
 [ 30   0   0]]
Classification Report:
              precision    recall  f1-score   support

           0       0.72      1.00      0.84       135
           1       0.00      0.00      0.00        22
           2       0.00      0.00      0.00        30

    accuracy                           0.72       187
   macro avg       0.24      0.33      0.28       187
weighted avg       0.52      0.72      0.61       187

[Epoch 32/100] Train Loss: 0.8000 Acc: 0.6810 | Val Loss: 0.7378 Acc: 0.7219
Confusion Matrix:
[[135   0   0]
 [ 22   0   0]
 [ 30   0   0]]
Classification Report:
              precision    recall  f1-score   support

           0       0.72      1.00      0.84       135
           1       0.00      0.00      0.00        22
           2       0.00      0.00      0.00        30

    accuracy                           0.72       187
   macro avg       0.24      0.33      0.28       187
weighted avg       0.52      0.72      0.61       187

[Epoch 33/100] Train Loss: 0.7902 Acc: 0.6810 | Val Loss: 0.7589 Acc: 0.7219
Confusion Matrix:
[[135   0   0]
 [ 22   0   0]
 [ 30   0   0]]
Classification Report:
              precision    recall  f1-score   support

           0       0.72      1.00      0.84       135
           1       0.00      0.00      0.00        22
           2       0.00      0.00      0.00        30

    accuracy                           0.72       187
   macro avg       0.24      0.33      0.28       187
weighted avg       0.52      0.72      0.61       187

[Epoch 34/100] Train Loss: 0.8156 Acc: 0.6810 | Val Loss: 0.7259 Acc: 0.7219
Confusion Matrix:
[[135   0   0]
 [ 22   0   0]
 [ 30   0   0]]
Classification Report:
              precision    recall  f1-score   support

           0       0.72      1.00      0.84       135
           1       0.00      0.00      0.00        22
           2       0.00      0.00      0.00        30

    accuracy                           0.72       187
   macro avg       0.24      0.33      0.28       187
weighted avg       0.52      0.72      0.61       187

[Epoch 35/100] Train Loss: 0.7832 Acc: 0.6810 | Val Loss: 0.7217 Acc: 0.7219
Confusion Matrix:
[[135   0   0]
 [ 22   0   0]
 [ 30   0   0]]
Classification Report:
              precision    recall  f1-score   support

           0       0.72      1.00      0.84       135
           1       0.00      0.00      0.00        22
           2       0.00      0.00      0.00        30

    accuracy                           0.72       187
   macro avg       0.24      0.33      0.28       187
weighted avg       0.52      0.72      0.61       187

[Epoch 36/100] Train Loss: 0.7781 Acc: 0.6810 | Val Loss: 0.7257 Acc: 0.7219
Confusion Matrix:
[[135   0   0]
 [ 22   0   0]
 [ 30   0   0]]
Classification Report:
              precision    recall  f1-score   support

           0       0.72      1.00      0.84       135
           1       0.00      0.00      0.00        22
           2       0.00      0.00      0.00        30

    accuracy                           0.72       187
   macro avg       0.24      0.33      0.28       187
weighted avg       0.52      0.72      0.61       187

[Epoch 37/100] Train Loss: 0.7763 Acc: 0.6810 | Val Loss: 0.7141 Acc: 0.7219
Confusion Matrix:
[[135   0   0]
 [ 22   0   0]
 [ 30   0   0]]
Classification Report:
              precision    recall  f1-score   support

           0       0.72      1.00      0.84       135
           1       0.00      0.00      0.00        22
           2       0.00      0.00      0.00        30

    accuracy                           0.72       187
   macro avg       0.24      0.33      0.28       187
weighted avg       0.52      0.72      0.61       187

[Epoch 38/100] Train Loss: 0.7729 Acc: 0.6810 | Val Loss: 0.7092 Acc: 0.7219
Confusion Matrix:
[[135   0   0]
 [ 22   0   0]
 [ 30   0   0]]
Classification Report:
              precision    recall  f1-score   support

           0       0.72      1.00      0.84       135
           1       0.00      0.00      0.00        22
           2       0.00      0.00      0.00        30

    accuracy                           0.72       187
   macro avg       0.24      0.33      0.28       187
weighted avg       0.52      0.72      0.61       187

[Epoch 39/100] Train Loss: 0.7530 Acc: 0.6823 | Val Loss: 0.7026 Acc: 0.7219
Confusion Matrix:
[[135   0   0]
 [ 22   0   0]
 [ 29   1   0]]
Classification Report:
              precision    recall  f1-score   support

           0       0.73      1.00      0.84       135
           1       0.00      0.00      0.00        22
           2       0.00      0.00      0.00        30

    accuracy                           0.72       187
   macro avg       0.24      0.33      0.28       187
weighted avg       0.52      0.72      0.61       187

[Epoch 40/100] Train Loss: 0.7470 Acc: 0.6836 | Val Loss: 0.7091 Acc: 0.7219
Confusion Matrix:
[[135   0   0]
 [ 22   0   0]
 [ 30   0   0]]
Classification Report:
              precision    recall  f1-score   support

           0       0.72      1.00      0.84       135
           1       0.00      0.00      0.00        22
           2       0.00      0.00      0.00        30

    accuracy                           0.72       187
   macro avg       0.24      0.33      0.28       187
weighted avg       0.52      0.72      0.61       187

[Epoch 41/100] Train Loss: 0.7399 Acc: 0.6930 | Val Loss: 0.6885 Acc: 0.7219
Confusion Matrix:
[[135   0   0]
 [ 22   0   0]
 [ 30   0   0]]
Classification Report:
              precision    recall  f1-score   support

           0       0.72      1.00      0.84       135
           1       0.00      0.00      0.00        22
           2       0.00      0.00      0.00        30

    accuracy                           0.72       187
   macro avg       0.24      0.33      0.28       187
weighted avg       0.52      0.72      0.61       187

[Epoch 42/100] Train Loss: 0.7416 Acc: 0.6944 | Val Loss: 0.6830 Acc: 0.7219
Confusion Matrix:
[[135   0   0]
 [ 20   2   0]
 [ 28   2   0]]
Classification Report:
              precision    recall  f1-score   support

           0       0.74      1.00      0.85       135
           1       0.50      0.09      0.15        22
           2       0.00      0.00      0.00        30

    accuracy                           0.73       187
   macro avg       0.41      0.36      0.33       187
weighted avg       0.59      0.73      0.63       187

[Epoch 43/100] Train Loss: 0.7313 Acc: 0.6944 | Val Loss: 0.6893 Acc: 0.7326
Confusion Matrix:
[[135   0   0]
 [ 22   0   0]
 [ 29   1   0]]
Classification Report:
              precision    recall  f1-score   support

           0       0.73      1.00      0.84       135
           1       0.00      0.00      0.00        22
           2       0.00      0.00      0.00        30

    accuracy                           0.72       187
   macro avg       0.24      0.33      0.28       187
weighted avg       0.52      0.72      0.61       187

[Epoch 44/100] Train Loss: 0.7180 Acc: 0.7011 | Val Loss: 0.6655 Acc: 0.7219
Confusion Matrix:
[[135   0   0]
 [ 20   2   0]
 [ 27   3   0]]
Classification Report:
              precision    recall  f1-score   support

           0       0.74      1.00      0.85       135
           1       0.40      0.09      0.15        22
           2       0.00      0.00      0.00        30

    accuracy                           0.73       187
   macro avg       0.38      0.36      0.33       187
weighted avg       0.58      0.73      0.63       187

[Epoch 45/100] Train Loss: 0.7018 Acc: 0.7051 | Val Loss: 0.6754 Acc: 0.7326
Confusion Matrix:
[[135   0   0]
 [ 22   0   0]
 [ 28   2   0]]
Classification Report:
              precision    recall  f1-score   support

           0       0.73      1.00      0.84       135
           1       0.00      0.00      0.00        22
           2       0.00      0.00      0.00        30

    accuracy                           0.72       187
   macro avg       0.24      0.33      0.28       187
weighted avg       0.53      0.72      0.61       187

[Epoch 46/100] Train Loss: 0.6918 Acc: 0.7011 | Val Loss: 0.6483 Acc: 0.7219
Confusion Matrix:
[[135   0   0]
 [ 21   1   0]
 [ 28   2   0]]
Classification Report:
              precision    recall  f1-score   support

           0       0.73      1.00      0.85       135
           1       0.33      0.05      0.08        22
           2       0.00      0.00      0.00        30

    accuracy                           0.73       187
   macro avg       0.36      0.35      0.31       187
weighted avg       0.57      0.73      0.62       187

[Epoch 47/100] Train Loss: 0.6835 Acc: 0.7118 | Val Loss: 0.6410 Acc: 0.7273
Confusion Matrix:
[[127   1   7]
 [ 10   2  10]
 [ 16   5   9]]
Classification Report:
              precision    recall  f1-score   support

           0       0.83      0.94      0.88       135
           1       0.25      0.09      0.13        22
           2       0.35      0.30      0.32        30

    accuracy                           0.74       187
   macro avg       0.48      0.44      0.45       187
weighted avg       0.68      0.74      0.70       187

[Epoch 48/100] Train Loss: 0.6782 Acc: 0.7064 | Val Loss: 0.7140 Acc: 0.7380
Confusion Matrix:
[[135   0   0]
 [ 22   0   0]
 [ 28   2   0]]
Classification Report:
              precision    recall  f1-score   support

           0       0.73      1.00      0.84       135
           1       0.00      0.00      0.00        22
           2       0.00      0.00      0.00        30

    accuracy                           0.72       187
   macro avg       0.24      0.33      0.28       187
weighted avg       0.53      0.72      0.61       187

[Epoch 49/100] Train Loss: 0.6713 Acc: 0.7225 | Val Loss: 0.6278 Acc: 0.7219
Confusion Matrix:
[[135   0   0]
 [ 16   5   1]
 [ 26   3   1]]
Classification Report:
              precision    recall  f1-score   support

           0       0.76      1.00      0.87       135
           1       0.62      0.23      0.33        22
           2       0.50      0.03      0.06        30

    accuracy                           0.75       187
   macro avg       0.63      0.42      0.42       187
weighted avg       0.70      0.75      0.67       187

[Epoch 50/100] Train Loss: 0.6791 Acc: 0.7225 | Val Loss: 0.6216 Acc: 0.7540
Confusion Matrix:
[[135   0   0]
 [ 14   0   8]
 [ 25   2   3]]
Classification Report:
              precision    recall  f1-score   support

           0       0.78      1.00      0.87       135
           1       0.00      0.00      0.00        22
           2       0.27      0.10      0.15        30

    accuracy                           0.74       187
   macro avg       0.35      0.37      0.34       187
weighted avg       0.60      0.74      0.65       187

[Epoch 51/100] Train Loss: 0.6441 Acc: 0.7292 | Val Loss: 0.6120 Acc: 0.7380
Confusion Matrix:
[[135   0   0]
 [ 22   0   0]
 [ 28   1   1]]
Classification Report:
              precision    recall  f1-score   support

           0       0.73      1.00      0.84       135
           1       0.00      0.00      0.00        22
           2       1.00      0.03      0.06        30

    accuracy                           0.73       187
   macro avg       0.58      0.34      0.30       187
weighted avg       0.69      0.73      0.62       187

[Epoch 52/100] Train Loss: 0.6556 Acc: 0.7346 | Val Loss: 0.6219 Acc: 0.7273
Confusion Matrix:
[[135   0   0]
 [ 11   2   9]
 [ 19   3   8]]
Classification Report:
              precision    recall  f1-score   support

           0       0.82      1.00      0.90       135
           1       0.40      0.09      0.15        22
           2       0.47      0.27      0.34        30

    accuracy                           0.78       187
   macro avg       0.56      0.45      0.46       187
weighted avg       0.71      0.78      0.72       187

[Epoch 53/100] Train Loss: 0.6947 Acc: 0.7172 | Val Loss: 0.6092 Acc: 0.7754
Confusion Matrix:
[[110  14  11]
 [  5  11   6]
 [  9  15   6]]
Classification Report:
              precision    recall  f1-score   support

           0       0.89      0.81      0.85       135
           1       0.28      0.50      0.35        22
           2       0.26      0.20      0.23        30

    accuracy                           0.68       187
   macro avg       0.47      0.50      0.48       187
weighted avg       0.71      0.68      0.69       187

[Epoch 54/100] Train Loss: 0.6609 Acc: 0.7131 | Val Loss: 0.7777 Acc: 0.6791
Confusion Matrix:
[[135   0   0]
 [ 11   2   9]
 [ 19   4   7]]
Classification Report:
              precision    recall  f1-score   support

           0       0.82      1.00      0.90       135
           1       0.33      0.09      0.14        22
           2       0.44      0.23      0.30        30

    accuracy                           0.77       187
   macro avg       0.53      0.44      0.45       187
weighted avg       0.70      0.77      0.72       187

[Epoch 55/100] Train Loss: 0.6514 Acc: 0.7212 | Val Loss: 0.5954 Acc: 0.7701
Confusion Matrix:
[[135   0   0]
 [ 14   2   6]
 [ 23   2   5]]
Classification Report:
              precision    recall  f1-score   support

           0       0.78      1.00      0.88       135
           1       0.50      0.09      0.15        22
           2       0.45      0.17      0.24        30

    accuracy                           0.76       187
   macro avg       0.58      0.42      0.43       187
weighted avg       0.70      0.76      0.69       187

[Epoch 56/100] Train Loss: 0.6178 Acc: 0.7534 | Val Loss: 0.5882 Acc: 0.7594
Confusion Matrix:
[[135   0   0]
 [ 16   1   5]
 [ 25   2   3]]
Classification Report:
              precision    recall  f1-score   support

           0       0.77      1.00      0.87       135
           1       0.33      0.05      0.08        22
           2       0.38      0.10      0.16        30

    accuracy                           0.74       187
   macro avg       0.49      0.38      0.37       187
weighted avg       0.65      0.74      0.66       187

[Epoch 57/100] Train Loss: 0.6129 Acc: 0.7493 | Val Loss: 0.5882 Acc: 0.7433
Confusion Matrix:
[[135   0   0]
 [  6   2  14]
 [ 14   6  10]]
Classification Report:
              precision    recall  f1-score   support

           0       0.87      1.00      0.93       135
           1       0.25      0.09      0.13        22
           2       0.42      0.33      0.37        30

    accuracy                           0.79       187
   macro avg       0.51      0.47      0.48       187
weighted avg       0.73      0.79      0.75       187

[Epoch 58/100] Train Loss: 0.6187 Acc: 0.7547 | Val Loss: 0.6215 Acc: 0.7861
Confusion Matrix:
[[117   2  16]
 [  5   2  15]
 [ 10  10  10]]
Classification Report:
              precision    recall  f1-score   support

           0       0.89      0.87      0.88       135
           1       0.14      0.09      0.11        22
           2       0.24      0.33      0.28        30

    accuracy                           0.69       187
   macro avg       0.42      0.43      0.42       187
weighted avg       0.70      0.69      0.69       187

[Epoch 59/100] Train Loss: 0.5956 Acc: 0.7493 | Val Loss: 0.6825 Acc: 0.6898
Confusion Matrix:
[[135   0   0]
 [ 10   2  10]
 [ 17   5   8]]
Classification Report:
              precision    recall  f1-score   support

           0       0.83      1.00      0.91       135
           1       0.29      0.09      0.14        22
           2       0.44      0.27      0.33        30

    accuracy                           0.78       187
   macro avg       0.52      0.45      0.46       187
weighted avg       0.71      0.78      0.73       187

[Epoch 60/100] Train Loss: 0.6159 Acc: 0.7399 | Val Loss: 0.5724 Acc: 0.7754
Confusion Matrix:
[[135   0   0]
 [ 10   3   9]
 [ 20   4   6]]
Classification Report:
              precision    recall  f1-score   support

           0       0.82      1.00      0.90       135
           1       0.43      0.14      0.21        22
           2       0.40      0.20      0.27        30

    accuracy                           0.77       187
   macro avg       0.55      0.45      0.46       187
weighted avg       0.71      0.77      0.72       187

[Epoch 61/100] Train Loss: 0.5941 Acc: 0.7641 | Val Loss: 0.5703 Acc: 0.7701
Confusion Matrix:
[[116   8  11]
 [  5  12   5]
 [  9  17   4]]
Classification Report:
              precision    recall  f1-score   support

           0       0.89      0.86      0.88       135
           1       0.32      0.55      0.41        22
           2       0.20      0.13      0.16        30

    accuracy                           0.71       187
   macro avg       0.47      0.51      0.48       187
weighted avg       0.71      0.71      0.71       187

[Epoch 62/100] Train Loss: 0.5853 Acc: 0.7560 | Val Loss: 0.6974 Acc: 0.7059
Confusion Matrix:
[[134   0   1]
 [  6   2  14]
 [ 12   8  10]]
Classification Report:
              precision    recall  f1-score   support

           0       0.88      0.99      0.93       135
           1       0.20      0.09      0.12        22
           2       0.40      0.33      0.36        30

    accuracy                           0.78       187
   macro avg       0.49      0.47      0.47       187
weighted avg       0.72      0.78      0.75       187

[Epoch 63/100] Train Loss: 0.5950 Acc: 0.7601 | Val Loss: 0.6074 Acc: 0.7807
Confusion Matrix:
[[135   0   0]
 [ 13   2   7]
 [ 22   3   5]]
Classification Report:
              precision    recall  f1-score   support

           0       0.79      1.00      0.89       135
           1       0.40      0.09      0.15        22
           2       0.42      0.17      0.24        30

    accuracy                           0.76       187
   macro avg       0.54      0.42      0.42       187
weighted avg       0.69      0.76      0.69       187

[Epoch 64/100] Train Loss: 0.5888 Acc: 0.7587 | Val Loss: 0.5825 Acc: 0.7594
Confusion Matrix:
[[135   0   0]
 [ 13   1   8]
 [ 22   3   5]]
Classification Report:
              precision    recall  f1-score   support

           0       0.79      1.00      0.89       135
           1       0.25      0.05      0.08        22
           2       0.38      0.17      0.23        30

    accuracy                           0.75       187
   macro avg       0.48      0.40      0.40       187
weighted avg       0.66      0.75      0.69       187

[Epoch 65/100] Train Loss: 0.6194 Acc: 0.7466 | Val Loss: 0.5777 Acc: 0.7540
Confusion Matrix:
[[135   0   0]
 [  8   2  12]
 [ 16   5   9]]
Classification Report:
              precision    recall  f1-score   support

           0       0.85      1.00      0.92       135
           1       0.29      0.09      0.14        22
           2       0.43      0.30      0.35        30

    accuracy                           0.78       187
   macro avg       0.52      0.46      0.47       187
weighted avg       0.72      0.78      0.74       187

[Epoch 66/100] Train Loss: 0.5836 Acc: 0.7654 | Val Loss: 0.5594 Acc: 0.7807
Confusion Matrix:
[[135   0   0]
 [  9   3  10]
 [ 20   5   5]]
Classification Report:
              precision    recall  f1-score   support

           0       0.82      1.00      0.90       135
           1       0.38      0.14      0.20        22
           2       0.33      0.17      0.22        30

    accuracy                           0.76       187
   macro avg       0.51      0.43      0.44       187
weighted avg       0.69      0.76      0.71       187

[Epoch 67/100] Train Loss: 0.5982 Acc: 0.7507 | Val Loss: 0.5613 Acc: 0.7647
Confusion Matrix:
[[135   0   0]
 [  7   2  13]
 [ 14   6  10]]
Classification Report:
              precision    recall  f1-score   support

           0       0.87      1.00      0.93       135
           1       0.25      0.09      0.13        22
           2       0.43      0.33      0.38        30

    accuracy                           0.79       187
   macro avg       0.52      0.47      0.48       187
weighted avg       0.72      0.79      0.75       187

[Epoch 68/100] Train Loss: 0.5702 Acc: 0.7627 | Val Loss: 0.5648 Acc: 0.7861
Confusion Matrix:
[[135   0   0]
 [  9   8   5]
 [ 16  10   4]]
Classification Report:
              precision    recall  f1-score   support

           0       0.84      1.00      0.92       135
           1       0.44      0.36      0.40        22
           2       0.44      0.13      0.21        30

    accuracy                           0.79       187
   macro avg       0.58      0.50      0.51       187
weighted avg       0.73      0.79      0.74       187

[Epoch 69/100] Train Loss: 0.5648 Acc: 0.7815 | Val Loss: 0.5528 Acc: 0.7861
Confusion Matrix:
[[135   0   0]
 [  9   3  10]
 [ 16   6   8]]
Classification Report:
              precision    recall  f1-score   support

           0       0.84      1.00      0.92       135
           1       0.33      0.14      0.19        22
           2       0.44      0.27      0.33        30

    accuracy                           0.78       187
   macro avg       0.54      0.47      0.48       187
weighted avg       0.72      0.78      0.74       187

[Epoch 70/100] Train Loss: 0.5620 Acc: 0.7694 | Val Loss: 0.5493 Acc: 0.7807
Confusion Matrix:
[[129   0   6]
 [  6   2  14]
 [ 10   9  11]]
Classification Report:
              precision    recall  f1-score   support

           0       0.89      0.96      0.92       135
           1       0.18      0.09      0.12        22
           2       0.35      0.37      0.36        30

    accuracy                           0.76       187
   macro avg       0.48      0.47      0.47       187
weighted avg       0.72      0.76      0.74       187

[Epoch 71/100] Train Loss: 0.5690 Acc: 0.7560 | Val Loss: 0.6058 Acc: 0.7594
Confusion Matrix:
[[135   0   0]
 [  8   3  11]
 [ 16   6   8]]
Classification Report:
              precision    recall  f1-score   support

           0       0.85      1.00      0.92       135
           1       0.33      0.14      0.19        22
           2       0.42      0.27      0.33        30

    accuracy                           0.78       187
   macro avg       0.53      0.47      0.48       187
weighted avg       0.72      0.78      0.74       187

[Epoch 72/100] Train Loss: 0.5567 Acc: 0.7748 | Val Loss: 0.5489 Acc: 0.7807
Confusion Matrix:
[[135   0   0]
 [  9   8   5]
 [ 16  10   4]]
Classification Report:
              precision    recall  f1-score   support

           0       0.84      1.00      0.92       135
           1       0.44      0.36      0.40        22
           2       0.44      0.13      0.21        30

    accuracy                           0.79       187
   macro avg       0.58      0.50      0.51       187
weighted avg       0.73      0.79      0.74       187

[Epoch 73/100] Train Loss: 0.5648 Acc: 0.7668 | Val Loss: 0.5480 Acc: 0.7861
Confusion Matrix:
[[135   0   0]
 [  7   3  12]
 [ 14   7   9]]
Classification Report:
              precision    recall  f1-score   support

           0       0.87      1.00      0.93       135
           1       0.30      0.14      0.19        22
           2       0.43      0.30      0.35        30

    accuracy                           0.79       187
   macro avg       0.53      0.48      0.49       187
weighted avg       0.73      0.79      0.75       187

[Epoch 74/100] Train Loss: 0.5581 Acc: 0.7748 | Val Loss: 0.5485 Acc: 0.7861
Confusion Matrix:
[[132   1   2]
 [  6   3  13]
 [ 11   9  10]]
Classification Report:
              precision    recall  f1-score   support

           0       0.89      0.98      0.93       135
           1       0.23      0.14      0.17        22
           2       0.40      0.33      0.36        30

    accuracy                           0.78       187
   macro avg       0.51      0.48      0.49       187
weighted avg       0.73      0.78      0.75       187

[Epoch 75/100] Train Loss: 0.5558 Acc: 0.7641 | Val Loss: 0.5715 Acc: 0.7754
Confusion Matrix:
[[131   2   2]
 [  6  10   6]
 [ 10  14   6]]
Classification Report:
              precision    recall  f1-score   support

           0       0.89      0.97      0.93       135
           1       0.38      0.45      0.42        22
           2       0.43      0.20      0.27        30

    accuracy                           0.79       187
   macro avg       0.57      0.54      0.54       187
weighted avg       0.76      0.79      0.76       187

[Epoch 76/100] Train Loss: 0.5634 Acc: 0.7587 | Val Loss: 0.5896 Acc: 0.7861
Confusion Matrix:
[[135   0   0]
 [  7   2  13]
 [ 14   5  11]]
Classification Report:
              precision    recall  f1-score   support

           0       0.87      1.00      0.93       135
           1       0.29      0.09      0.14        22
           2       0.46      0.37      0.41        30

    accuracy                           0.79       187
   macro avg       0.54      0.49      0.49       187
weighted avg       0.73      0.79      0.75       187

[Epoch 77/100] Train Loss: 0.5479 Acc: 0.7748 | Val Loss: 0.5402 Acc: 0.7914
Confusion Matrix:
[[132   0   3]
 [  6   2  14]
 [ 11   9  10]]
Classification Report:
              precision    recall  f1-score   support

           0       0.89      0.98      0.93       135
           1       0.18      0.09      0.12        22
           2       0.37      0.33      0.35        30

    accuracy                           0.77       187
   macro avg       0.48      0.47      0.47       187
weighted avg       0.72      0.77      0.74       187

[Epoch 78/100] Train Loss: 0.5462 Acc: 0.7855 | Val Loss: 0.5584 Acc: 0.7701
Confusion Matrix:
[[135   0   0]
 [  8   4  10]
 [ 16   7   7]]
Classification Report:
              precision    recall  f1-score   support

           0       0.85      1.00      0.92       135
           1       0.36      0.18      0.24        22
           2       0.41      0.23      0.30        30

    accuracy                           0.78       187
   macro avg       0.54      0.47      0.49       187
weighted avg       0.72      0.78      0.74       187

[Epoch 79/100] Train Loss: 0.5530 Acc: 0.7761 | Val Loss: 0.5374 Acc: 0.7807
Confusion Matrix:
[[131   2   2]
 [  6   4  12]
 [ 11  10   9]]
Classification Report:
              precision    recall  f1-score   support

           0       0.89      0.97      0.93       135
           1       0.25      0.18      0.21        22
           2       0.39      0.30      0.34        30

    accuracy                           0.77       187
   macro avg       0.51      0.48      0.49       187
weighted avg       0.73      0.77      0.75       187

[Epoch 80/100] Train Loss: 0.5475 Acc: 0.7681 | Val Loss: 0.5729 Acc: 0.7701
Confusion Matrix:
[[135   0   0]
 [  8   2  12]
 [ 15   5  10]]
Classification Report:
              precision    recall  f1-score   support

           0       0.85      1.00      0.92       135
           1       0.29      0.09      0.14        22
           2       0.45      0.33      0.38        30

    accuracy                           0.79       187
   macro avg       0.53      0.47      0.48       187
weighted avg       0.72      0.79      0.74       187

[Epoch 81/100] Train Loss: 0.5852 Acc: 0.7694 | Val Loss: 0.5378 Acc: 0.7861
Confusion Matrix:
[[135   0   0]
 [ 10   1  11]
 [ 18   4   8]]
Classification Report:
              precision    recall  f1-score   support

           0       0.83      1.00      0.91       135
           1       0.20      0.05      0.07        22
           2       0.42      0.27      0.33        30

    accuracy                           0.77       187
   macro avg       0.48      0.44      0.44       187
weighted avg       0.69      0.77      0.72       187

[Epoch 82/100] Train Loss: 0.5539 Acc: 0.7788 | Val Loss: 0.5522 Acc: 0.7701
Confusion Matrix:
[[132   0   3]
 [  6   2  14]
 [ 11   9  10]]
Classification Report:
              precision    recall  f1-score   support

           0       0.89      0.98      0.93       135
           1       0.18      0.09      0.12        22
           2       0.37      0.33      0.35        30

    accuracy                           0.77       187
   macro avg       0.48      0.47      0.47       187
weighted avg       0.72      0.77      0.74       187

[Epoch 83/100] Train Loss: 0.5579 Acc: 0.7654 | Val Loss: 0.5482 Acc: 0.7701
Confusion Matrix:
[[131   4   0]
 [  6  11   5]
 [ 10  16   4]]
Classification Report:
              precision    recall  f1-score   support

           0       0.89      0.97      0.93       135
           1       0.35      0.50      0.42        22
           2       0.44      0.13      0.21        30

    accuracy                           0.78       187
   macro avg       0.56      0.53      0.52       187
weighted avg       0.76      0.78      0.75       187

[Epoch 84/100] Train Loss: 0.5367 Acc: 0.7895 | Val Loss: 0.5777 Acc: 0.7807
Confusion Matrix:
[[133   0   2]
 [  6   2  14]
 [ 11   8  11]]
Classification Report:
              precision    recall  f1-score   support

           0       0.89      0.99      0.93       135
           1       0.20      0.09      0.12        22
           2       0.41      0.37      0.39        30

    accuracy                           0.78       187
   macro avg       0.50      0.48      0.48       187
weighted avg       0.73      0.78      0.75       187

[Epoch 85/100] Train Loss: 0.5382 Acc: 0.7815 | Val Loss: 0.5412 Acc: 0.7807
Confusion Matrix:
[[135   0   0]
 [  9   2  11]
 [ 16   5   9]]
Classification Report:
              precision    recall  f1-score   support

           0       0.84      1.00      0.92       135
           1       0.29      0.09      0.14        22
           2       0.45      0.30      0.36        30

    accuracy                           0.78       187
   macro avg       0.53      0.46      0.47       187
weighted avg       0.71      0.78      0.73       187

[Epoch 86/100] Train Loss: 0.5322 Acc: 0.7828 | Val Loss: 0.5343 Acc: 0.7807
Confusion Matrix:
[[135   0   0]
 [  9   3  10]
 [ 16   7   7]]
Classification Report:
              precision    recall  f1-score   support

           0       0.84      1.00      0.92       135
           1       0.30      0.14      0.19        22
           2       0.41      0.23      0.30        30

    accuracy                           0.78       187
   macro avg       0.52      0.46      0.47       187
weighted avg       0.71      0.78      0.73       187

[Epoch 87/100] Train Loss: 0.5518 Acc: 0.7641 | Val Loss: 0.5413 Acc: 0.7754
Confusion Matrix:
[[131   1   3]
 [  6   3  13]
 [ 11   9  10]]
Classification Report:
              precision    recall  f1-score   support

           0       0.89      0.97      0.93       135
           1       0.23      0.14      0.17        22
           2       0.38      0.33      0.36        30

    accuracy                           0.77       187
   macro avg       0.50      0.48      0.48       187
weighted avg       0.73      0.77      0.75       187

[Epoch 88/100] Train Loss: 0.5304 Acc: 0.7842 | Val Loss: 0.5557 Acc: 0.7701
Confusion Matrix:
[[131   2   2]
 [  6   5  11]
 [ 10  11   9]]
Classification Report:
              precision    recall  f1-score   support

           0       0.89      0.97      0.93       135
           1       0.28      0.23      0.25        22
           2       0.41      0.30      0.35        30

    accuracy                           0.78       187
   macro avg       0.53      0.50      0.51       187
weighted avg       0.74      0.78      0.76       187

[Epoch 89/100] Train Loss: 0.5336 Acc: 0.7775 | Val Loss: 0.5682 Acc: 0.7754
Confusion Matrix:
[[135   0   0]
 [  7   3  12]
 [ 12   9   9]]
Classification Report:
              precision    recall  f1-score   support

           0       0.88      1.00      0.93       135
           1       0.25      0.14      0.18        22
           2       0.43      0.30      0.35        30

    accuracy                           0.79       187
   macro avg       0.52      0.48      0.49       187
weighted avg       0.73      0.79      0.75       187

[Epoch 90/100] Train Loss: 0.5273 Acc: 0.7869 | Val Loss: 0.5275 Acc: 0.7861
Confusion Matrix:
[[131   4   0]
 [  6  11   5]
 [ 11  15   4]]
Classification Report:
              precision    recall  f1-score   support

           0       0.89      0.97      0.93       135
           1       0.37      0.50      0.42        22
           2       0.44      0.13      0.21        30

    accuracy                           0.78       187
   macro avg       0.57      0.53      0.52       187
weighted avg       0.75      0.78      0.75       187

[Epoch 91/100] Train Loss: 0.5286 Acc: 0.7828 | Val Loss: 0.5503 Acc: 0.7807
Confusion Matrix:
[[133   2   0]
 [  6   3  13]
 [ 11  10   9]]
Classification Report:
              precision    recall  f1-score   support

           0       0.89      0.99      0.93       135
           1       0.20      0.14      0.16        22
           2       0.41      0.30      0.35        30

    accuracy                           0.78       187
   macro avg       0.50      0.47      0.48       187
weighted avg       0.73      0.78      0.75       187

[Epoch 92/100] Train Loss: 0.5263 Acc: 0.7761 | Val Loss: 0.5340 Acc: 0.7754
Confusion Matrix:
[[135   0   0]
 [ 10   1  11]
 [ 18   4   8]]
Classification Report:
              precision    recall  f1-score   support

           0       0.83      1.00      0.91       135
           1       0.20      0.05      0.07        22
           2       0.42      0.27      0.33        30

    accuracy                           0.77       187
   macro avg       0.48      0.44      0.44       187
weighted avg       0.69      0.77      0.72       187

[Epoch 93/100] Train Loss: 0.5266 Acc: 0.7775 | Val Loss: 0.5571 Acc: 0.7701
Confusion Matrix:
[[132   1   2]
 [  6   2  14]
 [ 11   9  10]]
Classification Report:
              precision    recall  f1-score   support

           0       0.89      0.98      0.93       135
           1       0.17      0.09      0.12        22
           2       0.38      0.33      0.36        30

    accuracy                           0.77       187
   macro avg       0.48      0.47      0.47       187
weighted avg       0.72      0.77      0.74       187

[Epoch 94/100] Train Loss: 0.5451 Acc: 0.7748 | Val Loss: 0.5375 Acc: 0.7701
Confusion Matrix:
[[135   0   0]
 [  8   2  12]
 [ 15   6   9]]
Classification Report:
              precision    recall  f1-score   support

           0       0.85      1.00      0.92       135
           1       0.25      0.09      0.13        22
           2       0.43      0.30      0.35        30

    accuracy                           0.78       187
   macro avg       0.51      0.46      0.47       187
weighted avg       0.72      0.78      0.74       187

[Epoch 95/100] Train Loss: 0.5359 Acc: 0.7721 | Val Loss: 0.5219 Acc: 0.7807
Confusion Matrix:
[[134   1   0]
 [  7   4  11]
 [ 12  10   8]]
Classification Report:
              precision    recall  f1-score   support

           0       0.88      0.99      0.93       135
           1       0.27      0.18      0.22        22
           2       0.42      0.27      0.33        30

    accuracy                           0.78       187
   macro avg       0.52      0.48      0.49       187
weighted avg       0.73      0.78      0.75       187

[Epoch 96/100] Train Loss: 0.5341 Acc: 0.7735 | Val Loss: 0.5245 Acc: 0.7807
Confusion Matrix:
[[135   0   0]
 [  9   2  11]
 [ 16   6   8]]
Classification Report:
              precision    recall  f1-score   support

           0       0.84      1.00      0.92       135
           1       0.25      0.09      0.13        22
           2       0.42      0.27      0.33        30

    accuracy                           0.78       187
   macro avg       0.50      0.45      0.46       187
weighted avg       0.71      0.78      0.73       187

[Epoch 97/100] Train Loss: 0.5259 Acc: 0.7748 | Val Loss: 0.5282 Acc: 0.7754
Confusion Matrix:
[[135   0   0]
 [  7   2  13]
 [ 12   9   9]]
Classification Report:
              precision    recall  f1-score   support

           0       0.88      1.00      0.93       135
           1       0.18      0.09      0.12        22
           2       0.41      0.30      0.35        30

    accuracy                           0.78       187
   macro avg       0.49      0.46      0.47       187
weighted avg       0.72      0.78      0.74       187

[Epoch 98/100] Train Loss: 0.5289 Acc: 0.7694 | Val Loss: 0.5203 Acc: 0.7807
Confusion Matrix:
[[134   0   1]
 [  7   2  13]
 [ 12   9   9]]
Classification Report:
              precision    recall  f1-score   support

           0       0.88      0.99      0.93       135
           1       0.18      0.09      0.12        22
           2       0.39      0.30      0.34        30

    accuracy                           0.78       187
   macro avg       0.48      0.46      0.46       187
weighted avg       0.72      0.78      0.74       187

[Epoch 99/100] Train Loss: 0.5151 Acc: 0.7802 | Val Loss: 0.5203 Acc: 0.7754
Confusion Matrix:
[[131   1   3]
 [  6   2  14]
 [ 11   9  10]]
Classification Report:
              precision    recall  f1-score   support

           0       0.89      0.97      0.93       135
           1       0.17      0.09      0.12        22
           2       0.37      0.33      0.35        30

    accuracy                           0.76       187
   macro avg       0.47      0.46      0.46       187
weighted avg       0.72      0.76      0.74       187

[Epoch 100/100] Train Loss: 0.5146 Acc: 0.7815 | Val Loss: 0.5474 Acc: 0.7647
Completed in 4.42 seconds.
