2025-11-26 19:40:50,448 [INFO] camera.__init__(): camera fps: 30.0
2025-11-26 19:40:50,657 [DEBUG] camera.run(): Captured frame at timestamp: 30
2025-11-26 19:40:50,694 [DEBUG] camera.run(): Captured frame at timestamp: 67
2025-11-26 19:40:50,727 [DEBUG] camera.run(): Captured frame at timestamp: 99
2025-11-26 19:40:50,756 [DEBUG] camera.run(): Captured frame at timestamp: 128
2025-11-26 19:40:50,776 [DEBUG] camera.run(): Captured frame at timestamp: 148
2025-11-26 19:40:50,808 [DEBUG] camera.run(): Captured frame at timestamp: 181
2025-11-26 19:40:50,842 [DEBUG] camera.run(): Captured frame at timestamp: 214
2025-11-26 19:40:50,873 [DEBUG] camera.run(): Captured frame at timestamp: 246
2025-11-26 19:40:50,907 [DEBUG] camera.run(): Captured frame at timestamp: 280
2025-11-26 19:40:50,941 [DEBUG] camera.run(): Captured frame at timestamp: 314
2025-11-26 19:40:50,975 [DEBUG] camera.run(): Captured frame at timestamp: 347
2025-11-26 19:40:51,008 [DEBUG] camera.run(): Captured frame at timestamp: 380
2025-11-26 19:40:51,041 [DEBUG] camera.run(): Captured frame at timestamp: 413
2025-11-26 19:40:51,074 [DEBUG] camera.run(): Captured frame at timestamp: 446
2025-11-26 19:40:51,106 [DEBUG] camera.run(): Captured frame at timestamp: 479
2025-11-26 19:40:51,141 [DEBUG] camera.run(): Captured frame at timestamp: 513
2025-11-26 19:40:51,174 [DEBUG] camera.run(): Captured frame at timestamp: 547
2025-11-26 19:40:51,207 [DEBUG] camera.run(): Captured frame at timestamp: 579
2025-11-26 19:40:51,247 [DEBUG] camera.run(): Captured frame at timestamp: 619
2025-11-26 19:40:51,275 [DEBUG] camera.run(): Captured frame at timestamp: 647
2025-11-26 19:40:51,308 [DEBUG] camera.run(): Captured frame at timestamp: 680
2025-11-26 19:40:51,342 [DEBUG] camera.run(): Captured frame at timestamp: 714
2025-11-26 19:40:51,375 [DEBUG] camera.run(): Captured frame at timestamp: 748
2025-11-26 19:40:51,411 [DEBUG] camera.run(): Captured frame at timestamp: 783
2025-11-26 19:40:51,444 [DEBUG] camera.run(): Captured frame at timestamp: 817
2025-11-26 19:40:51,477 [DEBUG] camera.run(): Captured frame at timestamp: 850
2025-11-26 19:40:51,510 [DEBUG] camera.run(): Captured frame at timestamp: 883
2025-11-26 19:40:51,543 [DEBUG] camera.run(): Captured frame at timestamp: 916
2025-11-26 19:40:51,577 [DEBUG] camera.run(): Captured frame at timestamp: 949
2025-11-26 19:40:51,610 [DEBUG] camera.run(): Captured frame at timestamp: 983
2025-11-26 19:40:51,643 [DEBUG] camera.run(): Captured frame at timestamp: 1015
2025-11-26 19:40:51,676 [DEBUG] camera.run(): Captured frame at timestamp: 1049
2025-11-26 19:40:51,709 [DEBUG] camera.run(): Captured frame at timestamp: 1081
2025-11-26 19:40:51,743 [DEBUG] camera.run(): Captured frame at timestamp: 1116
2025-11-26 19:40:51,778 [DEBUG] camera.run(): Captured frame at timestamp: 1150
2025-11-26 19:40:51,810 [DEBUG] camera.run(): Captured frame at timestamp: 1182
2025-11-26 19:40:51,843 [DEBUG] camera.run(): Captured frame at timestamp: 1215
2025-11-26 19:40:51,876 [DEBUG] camera.run(): Captured frame at timestamp: 1249
2025-11-26 19:40:51,910 [DEBUG] camera.run(): Captured frame at timestamp: 1283
2025-11-26 19:40:51,943 [DEBUG] camera.run(): Captured frame at timestamp: 1316
2025-11-26 19:40:51,976 [DEBUG] camera.run(): Captured frame at timestamp: 1349
2025-11-26 19:40:52,010 [DEBUG] camera.run(): Captured frame at timestamp: 1382
2025-11-26 19:40:52,047 [DEBUG] camera.run(): Captured frame at timestamp: 1420
2025-11-26 19:40:52,080 [DEBUG] camera.run(): Captured frame at timestamp: 1452
2025-11-26 19:40:52,113 [DEBUG] camera.run(): Captured frame at timestamp: 1486
2025-11-26 19:40:52,146 [DEBUG] camera.run(): Captured frame at timestamp: 1519
2025-11-26 19:40:52,180 [DEBUG] camera.run(): Captured frame at timestamp: 1552
2025-11-26 19:40:52,213 [DEBUG] camera.run(): Captured frame at timestamp: 1586
2025-11-26 19:40:52,239 [DEBUG] mapper.update_and_detect(): std=0.0, velocity=0.0
2025-11-26 19:40:52,239 [DEBUG] mapper.update_and_detect(): stationary detected
2025-11-26 19:40:52,242 [DEBUG] camera.run(): Captured frame at timestamp: 1615
2025-11-26 19:40:52,254 [DEBUG] smoother.update(): velocity=0.1579400533102418
2025-11-26 19:40:52,255 [DEBUG] mapper.update_and_detect(): std=0.0035896301269531805, velocity=0.005468747163009887
2025-11-26 19:40:52,255 [DEBUG] mapper.mapping_use_palm(): mapping pos: (1274, 468)
2025-11-26 19:40:52,279 [DEBUG] camera.run(): Captured frame at timestamp: 1652
2025-11-26 19:40:52,289 [DEBUG] smoother.update(): velocity=0.24001807562726946
2025-11-26 19:40:52,290 [DEBUG] mapper.update_and_detect(): std=0.0062526162325135335, velocity=0.013794290883714578
2025-11-26 19:40:52,290 [DEBUG] mapper.update_and_compute(): velocity=0.015396420801851574
2025-11-26 19:40:52,290 [DEBUG] mapper.mapping_use_palm(): mapping pos: (1241, 481)
2025-11-26 19:40:52,312 [DEBUG] camera.run(): Captured frame at timestamp: 1685
2025-11-26 19:40:52,323 [DEBUG] smoother.update(): velocity=0.30059345580990665
2025-11-26 19:40:52,323 [DEBUG] mapper.update_and_detect(): std=0.00925483148017663, velocity=0.024537044701592393
2025-11-26 19:40:52,324 [DEBUG] mapper.update_and_compute(): velocity=0.019110819638154454
2025-11-26 19:40:52,324 [DEBUG] mapper.mapping_use_palm(): mapping pos: (1206, 499)
2025-11-26 19:40:52,346 [DEBUG] camera.run(): Captured frame at timestamp: 1719
2025-11-26 19:40:52,357 [DEBUG] smoother.update(): velocity=0.33673396499973723
2025-11-26 19:40:52,357 [DEBUG] mapper.update_and_detect(): std=0.012051612143264615, velocity=0.03605717967480778
2025-11-26 19:40:52,357 [DEBUG] mapper.update_and_compute(): velocity=0.02082922848871565
2025-11-26 19:40:52,358 [DEBUG] mapper.mapping_use_palm(): mapping pos: (1168, 518)
2025-11-26 19:40:52,380 [DEBUG] camera.run(): Captured frame at timestamp: 1752
2025-11-26 19:40:52,390 [DEBUG] smoother.update(): velocity=0.33924057923119594
2025-11-26 19:40:52,408 [DEBUG] camera.run(): Captured frame at timestamp: 1781
2025-11-26 19:40:52,413 [DEBUG] controller._on_landmark_update(): Gesture detected: NONE
2025-11-26 19:40:52,413 [DEBUG] mapper.update_and_detect(): std=0.014693174142489423, velocity=0.04745861077323488
2025-11-26 19:40:52,413 [DEBUG] mapper.update_and_compute(): velocity=0.021083083094105302
2025-11-26 19:40:52,413 [DEBUG] mapper.mapping_use_palm(): mapping pos: (1129, 536)
2025-11-26 19:40:52,413 [INFO] mouse._move_mouse(): Moving mouse to (1129, 536)
2025-11-26 19:40:52,430 [DEBUG] smoother.update(): velocity=0.33064360117155306
2025-11-26 19:40:52,431 [DEBUG] controller._on_landmark_update(): Gesture detected: NONE
2025-11-26 19:40:52,431 [DEBUG] mapper.update_and_detect(): std=0.017106829132376225, velocity=0.05809648557106873
2025-11-26 19:40:52,432 [DEBUG] mapper.update_and_compute(): velocity=0.02050754658030771
2025-11-26 19:40:52,432 [DEBUG] mapper.mapping_use_palm(): mapping pos: (1095, 554)
2025-11-26 19:40:52,432 [INFO] mouse._move_mouse(): Moving mouse to (1095, 554)
2025-11-26 19:40:52,442 [DEBUG] camera.run(): Captured frame at timestamp: 1814
2025-11-26 19:40:52,452 [DEBUG] smoother.update(): velocity=0.30095303979321775
2025-11-26 19:40:52,454 [DEBUG] controller._on_landmark_update(): Gesture detected: NONE
2025-11-26 19:40:52,454 [DEBUG] mapper.update_and_detect(): std=0.019446034442275658, velocity=0.06713792739344855
2025-11-26 19:40:52,454 [DEBUG] mapper.update_and_compute(): velocity=0.01878499348153873
2025-11-26 19:40:52,454 [DEBUG] mapper.mapping_use_palm(): mapping pos: (1064, 571)
2025-11-26 19:40:52,454 [INFO] mouse._move_mouse(): Moving mouse to (1064, 571)
2025-11-26 19:40:52,476 [DEBUG] camera.run(): Captured frame at timestamp: 1848
2025-11-26 19:40:52,486 [DEBUG] smoother.update(): velocity=0.26369566847019515
2025-11-26 19:40:52,488 [DEBUG] controller._on_landmark_update(): Gesture detected: NONE
2025-11-26 19:40:52,488 [DEBUG] mapper.update_and_detect(): std=0.02259179411131323, velocity=0.07456674406873662
2025-11-26 19:40:52,488 [DEBUG] mapper.update_and_compute(): velocity=0.016875757068244727
2025-11-26 19:40:52,488 [DEBUG] mapper.mapping_use_palm(): mapping pos: (1033, 586)
2025-11-26 19:40:52,488 [INFO] mouse._move_mouse(): Moving mouse to (1033, 586)
2025-11-26 19:40:52,508 [DEBUG] camera.run(): Captured frame at timestamp: 1880
2025-11-26 19:40:52,519 [DEBUG] smoother.update(): velocity=0.23307623681417772
2025-11-26 19:40:52,521 [DEBUG] controller._on_landmark_update(): Gesture detected: NONE
2025-11-26 19:40:52,521 [DEBUG] mapper.update_and_detect(): std=0.024331563525645677, velocity=0.07205503555673698
2025-11-26 19:40:52,521 [DEBUG] mapper.update_and_compute(): velocity=0.01473955360644624
2025-11-26 19:40:52,521 [DEBUG] mapper.mapping_use_palm(): mapping pos: (1007, 599)
2025-11-26 19:40:52,521 [INFO] mouse._move_mouse(): Moving mouse to (1007, 599)
2025-11-26 19:40:52,542 [DEBUG] camera.run(): Captured frame at timestamp: 1914
2025-11-26 19:40:52,552 [DEBUG] smoother.update(): velocity=0.2009337494331328
2025-11-26 19:40:52,553 [DEBUG] controller._on_landmark_update(): Gesture detected: NONE
2025-11-26 19:40:52,554 [DEBUG] mapper.update_and_detect(): std=0.024657039632904533, velocity=0.06657150281593009
2025-11-26 19:40:52,554 [DEBUG] mapper.update_and_compute(): velocity=0.012083409200075211
2025-11-26 19:40:52,554 [DEBUG] mapper.mapping_use_palm(): mapping pos: (988, 609)
2025-11-26 19:40:52,554 [INFO] mouse._move_mouse(): Moving mouse to (988, 609)
2025-11-26 19:40:52,576 [DEBUG] camera.run(): Captured frame at timestamp: 1948
2025-11-26 19:40:52,586 [DEBUG] smoother.update(): velocity=0.1681116510884097
2025-11-26 19:40:52,588 [DEBUG] controller._on_landmark_update(): Gesture detected: NONE
2025-11-26 19:40:52,588 [DEBUG] mapper.update_and_detect(): std=0.023719642816844168, velocity=0.05923885077337427
2025-11-26 19:40:52,588 [DEBUG] mapper.update_and_compute(): velocity=0.009762700294767706
2025-11-26 19:40:52,588 [DEBUG] mapper.mapping_use_palm(): mapping pos: (971, 616)
2025-11-26 19:40:52,588 [INFO] mouse._move_mouse(): Moving mouse to (971, 616)
2025-11-26 19:40:52,609 [DEBUG] camera.run(): Captured frame at timestamp: 1982
2025-11-26 19:40:52,620 [DEBUG] smoother.update(): velocity=0.13917142612505876
2025-11-26 19:40:52,622 [DEBUG] controller._on_landmark_update(): Gesture detected: NONE
2025-11-26 19:40:52,622 [DEBUG] mapper.update_and_detect(): std=0.021781935172846097, velocity=0.051209507062112504
2025-11-26 19:40:52,622 [DEBUG] mapper.update_and_compute(): velocity=0.007976836552146071
2025-11-26 19:40:52,622 [DEBUG] mapper.mapping_use_palm(): mapping pos: (957, 622)
2025-11-26 19:40:52,622 [INFO] mouse._move_mouse(): Moving mouse to (957, 622)
2025-11-26 19:40:52,642 [DEBUG] camera.run(): Captured frame at timestamp: 2014
2025-11-26 19:40:52,652 [DEBUG] smoother.update(): velocity=0.1176121462236407
2025-11-26 19:40:52,653 [DEBUG] controller._on_landmark_update(): Gesture detected: NONE
2025-11-26 19:40:52,653 [DEBUG] mapper.update_and_detect(): std=0.0192859404020729, velocity=0.04322772525432193
2025-11-26 19:40:52,653 [DEBUG] mapper.update_and_compute(): velocity=0.006357422973234667
2025-11-26 19:40:52,653 [DEBUG] mapper.mapping_use_palm(): mapping pos: (944, 627)
2025-11-26 19:40:52,653 [INFO] mouse._move_mouse(): Moving mouse to (944, 627)
2025-11-26 19:40:52,676 [DEBUG] camera.run(): Captured frame at timestamp: 2048
2025-11-26 19:40:52,686 [DEBUG] smoother.update(): velocity=0.09164557575010603
2025-11-26 19:40:52,688 [DEBUG] controller._on_landmark_update(): Gesture detected: NONE
2025-11-26 19:40:52,688 [DEBUG] mapper.update_and_detect(): std=0.016541640332213826, velocity=0.03566523173321771
2025-11-26 19:40:52,688 [DEBUG] mapper.update_and_compute(): velocity=0.00486189900942882
2025-11-26 19:40:52,688 [DEBUG] mapper.update_and_compute(): slow movement detected, applying scaling factor: 1.0
2025-11-26 19:40:52,688 [DEBUG] mapper.mapping_use_palm(): mapping pos: (934, 630)
2025-11-26 19:40:52,688 [INFO] mouse._move_mouse(): Moving mouse to (934, 630)
2025-11-26 19:40:52,709 [DEBUG] camera.run(): Captured frame at timestamp: 2081
2025-11-26 19:40:52,719 [DEBUG] smoother.update(): velocity=0.06440630445851865
2025-11-26 19:40:52,721 [DEBUG] controller._on_landmark_update(): Gesture detected: NONE
2025-11-26 19:40:52,721 [DEBUG] mapper.update_and_detect(): std=0.013758996364769661, velocity=0.02825473922055503
2025-11-26 19:40:52,721 [DEBUG] mapper.update_and_compute(): velocity=0.0031067142318365335
2025-11-26 19:40:52,721 [DEBUG] mapper.update_and_compute(): slow movement detected, applying scaling factor: 0.9999946278911059
2025-11-26 19:40:52,721 [DEBUG] mapper.mapping_use_palm(): mapping pos: (925, 633)
2025-11-26 19:40:52,721 [INFO] mouse._move_mouse(): Moving mouse to (925, 633)
2025-11-26 19:40:52,743 [DEBUG] camera.run(): Captured frame at timestamp: 2115
2025-11-26 19:40:52,753 [DEBUG] smoother.update(): velocity=0.045193116346269116
2025-11-26 19:40:52,755 [DEBUG] controller._on_landmark_update(): Gesture detected: NONE
2025-11-26 19:40:52,755 [DEBUG] mapper.update_and_detect(): std=0.0111285082667085, velocity=0.021672456196929042
2025-11-26 19:40:52,755 [DEBUG] mapper.update_and_compute(): velocity=0.002262561337975857
2025-11-26 19:40:52,755 [DEBUG] mapper.update_and_compute(): slow movement detected, applying scaling factor: 0.00858792396052886
2025-11-26 19:40:52,755 [DEBUG] mapper.mapping_use_palm(): mapping pos: (925, 633)
2025-11-26 19:40:52,755 [INFO] mouse._move_mouse(): Moving mouse to (925, 633)
2025-11-26 19:40:52,777 [DEBUG] camera.run(): Captured frame at timestamp: 2149
2025-11-26 19:40:52,787 [DEBUG] smoother.update(): velocity=0.033356246683389996
2025-11-26 19:40:52,789 [DEBUG] controller._on_landmark_update(): Gesture detected: NONE
2025-11-26 19:40:52,789 [DEBUG] mapper.update_and_detect(): std=0.008708668130541598, velocity=0.01563484395556051
2025-11-26 19:40:52,789 [DEBUG] mapper.update_and_compute(): velocity=0.0034689518491895716
2025-11-26 19:40:52,789 [DEBUG] mapper.update_and_compute(): slow movement detected, applying scaling factor: 0.9999999961647721
2025-11-26 19:40:52,789 [DEBUG] mapper.mapping_use_palm(): mapping pos: (923, 632)
2025-11-26 19:40:52,789 [INFO] mouse._move_mouse(): Moving mouse to (923, 632)
2025-11-26 19:40:52,808 [DEBUG] camera.run(): Captured frame at timestamp: 2181
2025-11-26 19:40:52,818 [DEBUG] smoother.update(): velocity=0.029215085623290324
2025-11-26 19:40:52,819 [DEBUG] controller._on_landmark_update(): Gesture detected: NONE
2025-11-26 19:40:52,820 [DEBUG] mapper.update_and_detect(): std=0.006587099380805153, velocity=0.010993863288453974
2025-11-26 19:40:52,820 [DEBUG] mapper.update_and_compute(): velocity=0.0014777586857211275
2025-11-26 19:40:52,820 [DEBUG] mapper.update_and_compute(): slow movement detected, applying scaling factor: 1.3210667445607852e-09
2025-11-26 19:40:52,820 [DEBUG] mapper.mapping_use_palm(): mapping pos: (923, 632)
2025-11-26 19:40:52,820 [INFO] mouse._move_mouse(): Moving mouse to (923, 632)
2025-11-26 19:40:52,844 [DEBUG] camera.run(): Captured frame at timestamp: 2217
2025-11-26 19:40:52,855 [DEBUG] smoother.update(): velocity=0.028079202257933526
2025-11-26 19:40:52,856 [DEBUG] controller._on_landmark_update(): Gesture detected: NONE
2025-11-26 19:40:52,856 [DEBUG] mapper.update_and_detect(): std=0.004811053581473272, velocity=0.007663366135396321
2025-11-26 19:40:52,856 [DEBUG] mapper.update_and_compute(): velocity=0.0031078627650282784
2025-11-26 19:40:52,856 [DEBUG] mapper.update_and_compute(): slow movement detected, applying scaling factor: 0.9999947498848628
2025-11-26 19:40:52,856 [DEBUG] mapper.mapping_use_palm(): mapping pos: (927, 635)
2025-11-26 19:40:52,856 [INFO] mouse._move_mouse(): Moving mouse to (927, 635)
2025-11-26 19:40:52,876 [DEBUG] camera.run(): Captured frame at timestamp: 2248
2025-11-26 19:40:52,886 [DEBUG] smoother.update(): velocity=0.02566691964130115
2025-11-26 19:40:52,888 [DEBUG] controller._on_landmark_update(): Gesture detected: NONE
2025-11-26 19:40:52,888 [DEBUG] mapper.update_and_detect(): std=0.0033688208331362976, velocity=0.0056914445033712825
2025-11-26 19:40:52,888 [DEBUG] mapper.update_and_compute(): velocity=0.0013096131320488313
2025-11-26 19:40:52,888 [DEBUG] mapper.update_and_compute(): slow movement detected, applying scaling factor: 4.575420759853167e-11
2025-11-26 19:40:52,888 [DEBUG] mapper.mapping_use_palm(): mapping pos: (927, 635)
2025-11-26 19:40:52,888 [INFO] mouse._move_mouse(): Moving mouse to (927, 635)
2025-11-26 19:40:52,911 [DEBUG] camera.run(): Captured frame at timestamp: 2284
2025-11-26 19:40:52,922 [DEBUG] smoother.update(): velocity=0.020819558442854325
2025-11-26 19:40:52,923 [DEBUG] controller._on_landmark_update(): Gesture detected: NONE
2025-11-26 19:40:52,923 [DEBUG] mapper.update_and_detect(): std=0.002326256798448204, velocity=0.0048945167822220465
2025-11-26 19:40:52,923 [DEBUG] mapper.update_and_compute(): velocity=0.0024586041404728756
2025-11-26 19:40:52,923 [DEBUG] mapper.update_and_compute(): slow movement detected, applying scaling factor: 0.30408564930790666
2025-11-26 19:40:52,923 [DEBUG] mapper.mapping_use_palm(): mapping pos: (928, 636)
2025-11-26 19:40:52,923 [INFO] mouse._move_mouse(): Moving mouse to (928, 636)
2025-11-26 19:40:52,944 [DEBUG] camera.run(): Captured frame at timestamp: 2317
2025-11-26 19:40:52,955 [DEBUG] smoother.update(): velocity=0.017779254754802003
2025-11-26 19:40:52,956 [DEBUG] controller._on_landmark_update(): Gesture detected: NONE
2025-11-26 19:40:52,956 [DEBUG] mapper.update_and_detect(): std=0.002060727182676673, velocity=0.004461842175349149
2025-11-26 19:40:52,956 [DEBUG] mapper.update_and_compute(): velocity=0.002503367718542637
2025-11-26 19:40:52,956 [DEBUG] mapper.update_and_compute(): slow movement detected, applying scaling factor: 0.5168322297540044
2025-11-26 19:40:52,956 [DEBUG] mapper.mapping_use_palm(): mapping pos: (932, 637)
2025-11-26 19:40:52,956 [INFO] mouse._move_mouse(): Moving mouse to (932, 637)
2025-11-26 19:40:52,975 [DEBUG] camera.run(): Captured frame at timestamp: 2347
2025-11-26 19:40:52,985 [DEBUG] smoother.update(): velocity=0.015041762147022625
2025-11-26 19:40:52,986 [DEBUG] controller._on_landmark_update(): Gesture detected: NONE
2025-11-26 19:40:52,986 [DEBUG] mapper.update_and_detect(): std=0.0018580822669287483, velocity=0.0038737638961806424
2025-11-26 19:40:52,986 [DEBUG] mapper.update_and_compute(): velocity=0.0016983313454275411
2025-11-26 19:40:52,986 [DEBUG] mapper.update_and_compute(): slow movement detected, applying scaling factor: 1.0884149359334454e-07
2025-11-26 19:40:52,986 [DEBUG] mapper.mapping_use_palm(): mapping pos: (932, 637)
2025-11-26 19:40:52,986 [INFO] mouse._move_mouse(): Moving mouse to (932, 637)
2025-11-26 19:40:53,013 [DEBUG] camera.run(): Captured frame at timestamp: 2386
2025-11-26 19:40:53,024 [DEBUG] smoother.update(): velocity=0.015596535375483495
2025-11-26 19:40:53,025 [DEBUG] controller._on_landmark_update(): Gesture detected: NONE
2025-11-26 19:40:53,025 [DEBUG] mapper.update_and_detect(): std=0.001501666426683711, velocity=0.0036235116798362856
2025-11-26 19:40:53,025 [DEBUG] mapper.update_and_compute(): velocity=0.002560173137376225
2025-11-26 19:40:53,025 [DEBUG] mapper.update_and_compute(): slow movement detected, applying scaling factor: 0.7691402141699669
2025-11-26 19:40:53,025 [DEBUG] mapper.mapping_use_palm(): mapping pos: (938, 641)
2025-11-26 19:40:53,025 [INFO] mouse._move_mouse(): Moving mouse to (938, 641)
2025-11-26 19:40:53,042 [DEBUG] camera.run(): Captured frame at timestamp: 2415
2025-11-26 19:40:53,053 [DEBUG] smoother.update(): velocity=0.01646885969208402
2025-11-26 19:40:53,054 [DEBUG] controller._on_landmark_update(): Gesture detected: NONE
2025-11-26 19:40:53,054 [DEBUG] mapper.update_and_detect(): std=0.001265131316235922, velocity=0.003432145953655547
2025-11-26 19:40:53,054 [DEBUG] mapper.update_and_compute(): velocity=0.00163334384900485
2025-11-26 19:40:53,054 [DEBUG] mapper.update_and_compute(): slow movement detected, applying scaling factor: 2.9670188496200186e-08
2025-11-26 19:40:53,054 [DEBUG] mapper.mapping_use_palm(): mapping pos: (938, 641)
2025-11-26 19:40:53,054 [INFO] mouse._move_mouse(): Moving mouse to (938, 641)
2025-11-26 19:40:53,077 [DEBUG] camera.run(): Captured frame at timestamp: 2449
2025-11-26 19:40:53,087 [DEBUG] smoother.update(): velocity=0.015349123874337128
2025-11-26 19:40:53,088 [DEBUG] controller._on_landmark_update(): Gesture detected: NONE
2025-11-26 19:40:53,088 [DEBUG] mapper.update_and_detect(): std=0.0011074337596974435, velocity=0.0029981264083896817
2025-11-26 19:40:53,089 [DEBUG] mapper.update_and_compute(): velocity=0.0023926934381244226
2025-11-26 19:40:53,089 [DEBUG] mapper.update_and_compute(): slow movement detected, applying scaling factor: 0.10469329813995715
2025-11-26 19:40:53,089 [DEBUG] mapper.mapping_use_palm(): mapping pos: (938, 641)
2025-11-26 19:40:53,089 [INFO] mouse._move_mouse(): Moving mouse to (938, 641)
2025-11-26 19:40:53,110 [DEBUG] camera.run(): Captured frame at timestamp: 2483
2025-11-26 19:40:53,121 [DEBUG] smoother.update(): velocity=0.024294333924894457
2025-11-26 19:40:53,122 [DEBUG] controller._on_landmark_update(): Gesture detected: NONE
2025-11-26 19:40:53,122 [DEBUG] mapper.update_and_detect(): std=0.001043224624494694, velocity=0.0028667823110179263
2025-11-26 19:40:53,122 [DEBUG] mapper.update_and_compute(): velocity=0.003050585520303784
2025-11-26 19:40:53,122 [DEBUG] mapper.update_and_compute(): slow movement detected, applying scaling factor: 0.9999834930146682
2025-11-26 19:40:53,122 [DEBUG] mapper.mapping_use_palm(): mapping pos: (934, 645)
2025-11-26 19:40:53,122 [INFO] mouse._move_mouse(): Moving mouse to (934, 645)
2025-11-26 19:40:53,142 [DEBUG] camera.run(): Captured frame at timestamp: 2514
2025-11-26 19:40:53,152 [DEBUG] smoother.update(): velocity=0.030695617519804257
2025-11-26 19:40:53,153 [DEBUG] controller._on_landmark_update(): Gesture detected: NONE
2025-11-26 19:40:53,153 [DEBUG] mapper.update_and_detect(): std=0.001157577932702007, velocity=0.0036138045140655982
2025-11-26 19:40:53,153 [DEBUG] mapper.update_and_compute(): velocity=0.0019268974077033733
2025-11-26 19:40:53,153 [DEBUG] mapper.update_and_compute(): slow movement detected, applying scaling factor: 1.0521788371873273e-05
2025-11-26 19:40:53,153 [DEBUG] mapper.mapping_use_palm(): mapping pos: (934, 645)
2025-11-26 19:40:53,153 [INFO] mouse._move_mouse(): Moving mouse to (934, 645)
2025-11-26 19:40:53,181 [DEBUG] camera.run(): Captured frame at timestamp: 2554
2025-11-26 19:40:53,192 [DEBUG] smoother.update(): velocity=0.03808045650447223
2025-11-26 19:40:53,193 [DEBUG] controller._on_landmark_update(): Gesture detected: NONE
2025-11-26 19:40:53,193 [DEBUG] mapper.update_and_detect(): std=0.001344082877107566, velocity=0.004953255039924653
2025-11-26 19:40:53,193 [DEBUG] mapper.update_and_compute(): velocity=0.004304574231342484
2025-11-26 19:40:53,193 [DEBUG] mapper.update_and_compute(): slow movement detected, applying scaling factor: 0.9999999999999998
2025-11-26 19:40:53,193 [DEBUG] mapper.mapping_use_palm(): mapping pos: (918, 641)
2025-11-26 19:40:53,193 [INFO] mouse._move_mouse(): Moving mouse to (918, 641)
2025-11-26 19:40:53,209 [DEBUG] camera.run(): Captured frame at timestamp: 2582
2025-11-26 19:40:53,220 [DEBUG] smoother.update(): velocity=0.046197545313532686
2025-11-26 19:40:53,221 [DEBUG] controller._on_landmark_update(): Gesture detected: NONE
2025-11-26 19:40:53,221 [DEBUG] mapper.update_and_detect(): std=0.0019083704827561497, velocity=0.006822762553170999
2025-11-26 19:40:53,221 [DEBUG] mapper.update_and_compute(): velocity=0.0031672856381995997
2025-11-26 19:40:53,221 [DEBUG] mapper.update_and_compute(): slow movement detected, applying scaling factor: 0.9999984003318615
2025-11-26 19:40:53,221 [DEBUG] mapper.mapping_use_palm(): mapping pos: (906, 637)
2025-11-26 19:40:53,221 [INFO] mouse._move_mouse(): Moving mouse to (906, 637)
2025-11-26 19:40:53,243 [DEBUG] camera.run(): Captured frame at timestamp: 2616
2025-11-26 19:40:53,254 [DEBUG] smoother.update(): velocity=0.05617172738574935
2025-11-26 19:40:53,255 [DEBUG] controller._on_landmark_update(): Gesture detected: NONE
2025-11-26 19:40:53,256 [DEBUG] mapper.update_and_detect(): std=0.0025052526180999912, velocity=0.00901211877896365
2025-11-26 19:40:53,256 [DEBUG] mapper.update_and_compute(): velocity=0.003755162097305086
2025-11-26 19:40:53,256 [DEBUG] mapper.update_and_compute(): slow movement detected, applying scaling factor: 0.9999999999874742
2025-11-26 19:40:53,256 [DEBUG] mapper.mapping_use_palm(): mapping pos: (888, 634)
2025-11-26 19:40:53,256 [INFO] mouse._move_mouse(): Moving mouse to (888, 634)
2025-11-26 19:40:53,277 [DEBUG] camera.run(): Captured frame at timestamp: 2649
2025-11-26 19:40:53,287 [DEBUG] smoother.update(): velocity=0.05748631406757693
2025-11-26 19:40:53,289 [DEBUG] controller._on_landmark_update(): Gesture detected: NONE
2025-11-26 19:40:53,289 [DEBUG] mapper.update_and_detect(): std=0.0032680336105429812, velocity=0.011147842629965574
2025-11-26 19:40:53,289 [DEBUG] mapper.update_and_compute(): velocity=0.004175277311469396
2025-11-26 19:40:53,289 [DEBUG] mapper.update_and_compute(): slow movement detected, applying scaling factor: 0.9999999999999971
2025-11-26 19:40:53,289 [DEBUG] mapper.mapping_use_palm(): mapping pos: (872, 631)
2025-11-26 19:40:53,289 [INFO] mouse._move_mouse(): Moving mouse to (872, 631)
2025-11-26 19:40:53,308 [DEBUG] camera.run(): Captured frame at timestamp: 2681
2025-11-26 19:40:53,319 [DEBUG] smoother.update(): velocity=0.0644409389600181
2025-11-26 19:40:53,321 [DEBUG] controller._on_landmark_update(): Gesture detected: NONE
2025-11-26 19:40:53,321 [DEBUG] mapper.update_and_detect(): std=0.004070337728753833, velocity=0.013232690777125846
2025-11-26 19:40:53,321 [DEBUG] mapper.update_and_compute(): velocity=0.004621164271496309
2025-11-26 19:40:53,321 [DEBUG] mapper.update_and_compute(): slow movement detected, applying scaling factor: 1.0
2025-11-26 19:40:53,321 [DEBUG] mapper.mapping_use_palm(): mapping pos: (855, 629)
2025-11-26 19:40:53,321 [INFO] mouse._move_mouse(): Moving mouse to (855, 629)
2025-11-26 19:40:53,340 [DEBUG] camera.run(): Captured frame at timestamp: 2712
2025-11-26 19:40:53,351 [DEBUG] smoother.update(): velocity=0.06881323988615151
2025-11-26 19:40:53,353 [DEBUG] controller._on_landmark_update(): Gesture detected: NONE
2025-11-26 19:40:53,353 [DEBUG] mapper.update_and_detect(): std=0.004837480127586894, velocity=0.015054626344212087
2025-11-26 19:40:53,353 [DEBUG] mapper.update_and_compute(): velocity=0.004868960355484917
2025-11-26 19:40:53,353 [DEBUG] mapper.update_and_compute(): slow movement detected, applying scaling factor: 1.0
2025-11-26 19:40:53,353 [DEBUG] mapper.mapping_use_palm(): mapping pos: (841, 625)
2025-11-26 19:40:53,353 [INFO] mouse._move_mouse(): Moving mouse to (841, 625)
2025-11-26 19:40:53,376 [DEBUG] camera.run(): Captured frame at timestamp: 2749
2025-11-26 19:40:53,388 [DEBUG] smoother.update(): velocity=0.07563808125814966
2025-11-26 19:40:53,389 [DEBUG] controller._on_landmark_update(): Gesture detected: NONE
2025-11-26 19:40:53,389 [DEBUG] mapper.update_and_detect(): std=0.005545080606636513, velocity=0.016919024222630603
2025-11-26 19:40:53,389 [DEBUG] mapper.update_and_compute(): velocity=0.0053235607088138286
2025-11-26 19:40:53,389 [DEBUG] mapper.mapping_use_palm(): mapping pos: (825, 621)
2025-11-26 19:40:53,389 [INFO] mouse._move_mouse(): Moving mouse to (825, 621)
2025-11-26 19:40:53,408 [DEBUG] camera.run(): Captured frame at timestamp: 2780
2025-11-26 19:40:53,419 [DEBUG] smoother.update(): velocity=0.07496660312526336
2025-11-26 19:40:53,420 [DEBUG] controller._on_landmark_update(): Gesture detected: NONE
2025-11-26 19:40:53,420 [DEBUG] mapper.update_and_detect(): std=0.006131716692784511, velocity=0.018439424067709754
2025-11-26 19:40:53,420 [DEBUG] mapper.update_and_compute(): velocity=0.005379620807635368
2025-11-26 19:40:53,420 [DEBUG] mapper.mapping_use_palm(): mapping pos: (808, 617)
2025-11-26 19:40:53,420 [INFO] mouse._move_mouse(): Moving mouse to (808, 617)
2025-11-26 19:40:53,443 [DEBUG] camera.run(): Captured frame at timestamp: 2816
2025-11-26 19:40:53,454 [DEBUG] smoother.update(): velocity=0.07181172949855526
2025-11-26 19:40:53,456 [DEBUG] controller._on_landmark_update(): Gesture detected: NONE
2025-11-26 19:40:53,456 [DEBUG] mapper.update_and_detect(): std=0.006493813942425747, velocity=0.019327705810661438
2025-11-26 19:40:53,456 [DEBUG] mapper.update_and_compute(): velocity=0.005203457904142935
2025-11-26 19:40:53,456 [DEBUG] mapper.mapping_use_palm(): mapping pos: (797, 612)
2025-11-26 19:40:53,456 [INFO] mouse._move_mouse(): Moving mouse to (797, 612)
2025-11-26 19:40:53,475 [DEBUG] camera.run(): Captured frame at timestamp: 2847
2025-11-26 19:40:53,486 [DEBUG] smoother.update(): velocity=0.06660013165674274
2025-11-26 19:40:53,487 [DEBUG] controller._on_landmark_update(): Gesture detected: NONE
2025-11-26 19:40:53,488 [DEBUG] mapper.update_and_detect(): std=0.006606604899218671, velocity=0.019551913861162343
2025-11-26 19:40:53,488 [DEBUG] mapper.update_and_compute(): velocity=0.004812360260276694
2025-11-26 19:40:53,488 [DEBUG] mapper.update_and_compute(): slow movement detected, applying scaling factor: 1.0
2025-11-26 19:40:53,488 [DEBUG] mapper.mapping_use_palm(): mapping pos: (786, 609)
2025-11-26 19:40:53,488 [INFO] mouse._move_mouse(): Moving mouse to (786, 609)
2025-11-26 19:40:53,509 [DEBUG] camera.run(): Captured frame at timestamp: 2881
2025-11-26 19:40:53,519 [DEBUG] smoother.update(): velocity=0.06179841589499611
2025-11-26 19:40:53,521 [DEBUG] controller._on_landmark_update(): Gesture detected: NONE
2025-11-26 19:40:53,521 [DEBUG] mapper.update_and_detect(): std=0.006428600711868031, velocity=0.019228990996878283
2025-11-26 19:40:53,521 [DEBUG] mapper.update_and_compute(): velocity=0.004605370741261271
2025-11-26 19:40:53,521 [DEBUG] mapper.update_and_compute(): slow movement detected, applying scaling factor: 1.0
2025-11-26 19:40:53,521 [DEBUG] mapper.mapping_use_palm(): mapping pos: (783, 604)
2025-11-26 19:40:53,521 [INFO] mouse._move_mouse(): Moving mouse to (783, 604)
2025-11-26 19:40:53,542 [DEBUG] camera.run(): Captured frame at timestamp: 2914
2025-11-26 19:40:53,552 [DEBUG] smoother.update(): velocity=0.05438475538329827
2025-11-26 19:40:53,554 [DEBUG] controller._on_landmark_update(): Gesture detected: NONE
2025-11-26 19:40:53,554 [DEBUG] mapper.update_and_detect(): std=0.005966367784052916, velocity=0.018230038809458143
2025-11-26 19:40:53,554 [DEBUG] mapper.update_and_compute(): velocity=0.0038483787002803753
2025-11-26 19:40:53,554 [DEBUG] mapper.update_and_compute(): slow movement detected, applying scaling factor: 0.9999999999980584
2025-11-26 19:40:53,554 [DEBUG] mapper.mapping_use_palm(): mapping pos: (780, 601)
2025-11-26 19:40:53,554 [INFO] mouse._move_mouse(): Moving mouse to (780, 601)
2025-11-26 19:40:53,576 [DEBUG] camera.run(): Captured frame at timestamp: 2948
2025-11-26 19:40:53,586 [DEBUG] smoother.update(): velocity=0.041252082664033705
2025-11-26 19:40:53,588 [DEBUG] controller._on_landmark_update(): Gesture detected: NONE
2025-11-26 19:40:53,588 [DEBUG] mapper.update_and_detect(): std=0.005613121554153834, velocity=0.016652250129630307
2025-11-26 19:40:53,588 [DEBUG] mapper.update_and_compute(): velocity=0.0029829467838025634
2025-11-26 19:40:53,588 [DEBUG] mapper.update_and_compute(): slow movement detected, applying scaling factor: 0.9999361516314088
2025-11-26 19:40:53,588 [DEBUG] mapper.mapping_use_palm(): mapping pos: (778, 599)
2025-11-26 19:40:53,588 [INFO] mouse._move_mouse(): Moving mouse to (778, 599)
2025-11-26 19:40:53,610 [DEBUG] camera.run(): Captured frame at timestamp: 2982
2025-11-26 19:40:53,621 [DEBUG] smoother.update(): velocity=0.030093831818544588
2025-11-26 19:40:53,623 [DEBUG] controller._on_landmark_update(): Gesture detected: NONE
2025-11-26 19:40:53,623 [DEBUG] mapper.update_and_detect(): std=0.005096546050429716, velocity=0.014463518154674851
2025-11-26 19:40:53,623 [DEBUG] mapper.update_and_compute(): velocity=0.0020633833884754218
2025-11-26 19:40:53,623 [DEBUG] mapper.update_and_compute(): slow movement detected, applying scaling factor: 0.0001612598525051504
2025-11-26 19:40:53,623 [DEBUG] mapper.mapping_use_palm(): mapping pos: (778, 599)
2025-11-26 19:40:53,623 [INFO] mouse._move_mouse(): Moving mouse to (778, 599)
2025-11-26 19:40:53,641 [DEBUG] camera.run(): Captured frame at timestamp: 3014
2025-11-26 19:40:53,652 [DEBUG] smoother.update(): velocity=0.0196825057404677
2025-11-26 19:40:53,653 [DEBUG] controller._on_landmark_update(): Gesture detected: NONE
2025-11-26 19:40:53,653 [DEBUG] mapper.update_and_detect(): std=0.004592470623540133, velocity=0.011883533394503546
2025-11-26 19:40:53,653 [DEBUG] mapper.update_and_compute(): velocity=0.0032263413025413515
2025-11-26 19:40:53,653 [DEBUG] mapper.update_and_compute(): slow movement detected, applying scaling factor: 0.9999995090023729
2025-11-26 19:40:53,653 [DEBUG] mapper.mapping_use_palm(): mapping pos: (776, 597)
2025-11-26 19:40:53,653 [INFO] mouse._move_mouse(): Moving mouse to (776, 597)
2025-11-26 19:40:53,676 [DEBUG] camera.run(): Captured frame at timestamp: 3049
2025-11-26 19:40:53,687 [DEBUG] smoother.update(): velocity=0.019995701062551906
2025-11-26 19:40:53,689 [DEBUG] controller._on_landmark_update(): Gesture detected: NONE
2025-11-26 19:40:53,689 [DEBUG] mapper.update_and_detect(): std=0.004206990472207439, velocity=0.009318665588793455
2025-11-26 19:40:53,689 [DEBUG] mapper.update_and_compute(): velocity=0.0008830601329467535
2025-11-26 19:40:53,689 [DEBUG] mapper.update_and_compute(): slow movement detected, applying scaling factor: 9.024824462089008e-15
2025-11-26 19:40:53,689 [DEBUG] mapper.mapping_use_palm(): mapping pos: (776, 597)
2025-11-26 19:40:53,689 [INFO] mouse._move_mouse(): Moving mouse to (776, 597)
2025-11-26 19:40:53,709 [DEBUG] camera.run(): Captured frame at timestamp: 3082
2025-11-26 19:40:53,719 [DEBUG] smoother.update(): velocity=0.014044905462676926
2025-11-26 19:40:53,721 [DEBUG] controller._on_landmark_update(): Gesture detected: NONE
2025-11-26 19:40:53,721 [DEBUG] mapper.update_and_detect(): std=0.0036563856843858187, velocity=0.006896144392120334
2025-11-26 19:40:53,721 [DEBUG] mapper.update_and_compute(): velocity=0.0015566027434236352
2025-11-26 19:40:53,721 [DEBUG] mapper.update_and_compute(): slow movement detected, applying scaling factor: 6.3937483907417075e-09
2025-11-26 19:40:53,721 [DEBUG] mapper.mapping_use_palm(): mapping pos: (776, 597)
2025-11-26 19:40:53,721 [INFO] mouse._move_mouse(): Moving mouse to (776, 597)
2025-11-26 19:40:53,743 [DEBUG] camera.run(): Captured frame at timestamp: 3115
2025-11-26 19:40:53,754 [DEBUG] smoother.update(): velocity=0.010543405132184805
2025-11-26 19:40:53,755 [DEBUG] controller._on_landmark_update(): Gesture detected: NONE
2025-11-26 19:40:53,755 [DEBUG] mapper.update_and_detect(): std=0.0029850310808027434, velocity=0.00486590379255358
2025-11-26 19:40:53,755 [DEBUG] mapper.update_and_compute(): velocity=0.0019175673558015913
2025-11-26 19:40:53,755 [DEBUG] mapper.update_and_compute(): slow movement detected, applying scaling factor: 8.730729626068123e-06
2025-11-26 19:40:53,755 [DEBUG] mapper.mapping_use_palm(): mapping pos: (776, 597)
2025-11-26 19:40:53,756 [INFO] mouse._move_mouse(): Moving mouse to (776, 597)
2025-11-26 19:40:53,776 [DEBUG] camera.run(): Captured frame at timestamp: 3149
2025-11-26 19:40:53,787 [DEBUG] smoother.update(): velocity=0.011212923004585405
2025-11-26 19:40:53,788 [DEBUG] controller._on_landmark_update(): Gesture detected: NONE
2025-11-26 19:40:53,788 [DEBUG] mapper.update_and_detect(): std=0.0022774989119475264, velocity=0.0034413749222312914
2025-11-26 19:40:53,788 [DEBUG] mapper.update_and_compute(): velocity=0.0024855774391466623
2025-11-26 19:40:53,788 [DEBUG] mapper.update_and_compute(): slow movement detected, applying scaling factor: 0.4283830769820194
2025-11-26 19:40:53,788 [DEBUG] mapper.mapping_use_palm(): mapping pos: (777, 597)
2025-11-26 19:40:53,788 [INFO] mouse._move_mouse(): Moving mouse to (777, 597)
2025-11-26 19:40:53,808 [DEBUG] camera.run(): Captured frame at timestamp: 3180
2025-11-26 19:40:53,818 [DEBUG] smoother.update(): velocity=0.016189728963339676
2025-11-26 19:40:53,820 [DEBUG] controller._on_landmark_update(): Gesture detected: NONE
2025-11-26 19:40:53,820 [DEBUG] mapper.update_and_detect(): std=0.0015922868740430275, velocity=0.002372264842778421
2025-11-26 19:40:53,820 [DEBUG] mapper.update_and_compute(): velocity=0.001823149248786081
2025-11-26 19:40:53,820 [DEBUG] mapper.update_and_compute(): slow movement detected, applying scaling factor: 1.3211389593429868e-06
2025-11-26 19:40:53,820 [DEBUG] mapper.mapping_use_palm(): mapping pos: (777, 597)
2025-11-26 19:40:53,820 [INFO] mouse._move_mouse(): Moving mouse to (777, 597)
2025-11-26 19:40:53,849 [DEBUG] camera.run(): Captured frame at timestamp: 3221
2025-11-26 19:40:53,859 [DEBUG] smoother.update(): velocity=0.0401877214505569
2025-11-26 19:40:53,860 [DEBUG] controller._on_landmark_update(): Gesture detected: NONE
2025-11-26 19:40:53,860 [DEBUG] mapper.update_and_detect(): std=0.0010937577200586348, velocity=0.0023207285123734477
2025-11-26 19:40:53,860 [DEBUG] mapper.update_and_compute(): velocity=0.0027560667908888563
2025-11-26 19:40:53,860 [DEBUG] mapper.update_and_compute(): slow movement detected, applying scaling factor: 0.9940673609122543
2025-11-26 19:40:53,860 [DEBUG] mapper.mapping_use_palm(): mapping pos: (774, 597)
2025-11-26 19:40:53,860 [INFO] mouse._move_mouse(): Moving mouse to (774, 597)
2025-11-26 19:40:53,875 [DEBUG] camera.run(): Captured frame at timestamp: 3248
2025-11-26 19:40:53,885 [DEBUG] smoother.update(): velocity=0.06907346055916751
2025-11-26 19:40:53,887 [DEBUG] controller._on_landmark_update(): Gesture detected: NONE
2025-11-26 19:40:53,887 [DEBUG] mapper.update_and_detect(): std=0.0010355599142480027, velocity=0.003250951946883982
2025-11-26 19:40:53,887 [DEBUG] mapper.update_and_compute(): velocity=0.0018457096290821356
2025-11-26 19:40:53,887 [DEBUG] mapper.update_and_compute(): slow movement detected, applying scaling factor: 2.074460386459898e-06
2025-11-26 19:40:53,887 [DEBUG] mapper.mapping_use_palm(): mapping pos: (774, 597)
2025-11-26 19:40:53,887 [INFO] mouse._move_mouse(): Moving mouse to (774, 597)
2025-11-26 19:40:53,909 [DEBUG] camera.run(): Captured frame at timestamp: 3281
2025-11-26 19:40:53,919 [DEBUG] smoother.update(): velocity=0.11229892678762156
2025-11-26 19:40:53,920 [DEBUG] controller._on_landmark_update(): Gesture detected: NONE
2025-11-26 19:40:53,921 [DEBUG] mapper.update_and_detect(): std=0.001242026115166781, velocity=0.004494020041756698
2025-11-26 19:40:53,921 [DEBUG] mapper.update_and_compute(): velocity=0.0039092120588155544
2025-11-26 19:40:53,921 [DEBUG] mapper.update_and_compute(): slow movement detected, applying scaling factor: 0.9999999999994249
2025-11-26 19:40:53,921 [DEBUG] mapper.mapping_use_palm(): mapping pos: (764, 594)
2025-11-26 19:40:53,921 [INFO] mouse._move_mouse(): Moving mouse to (764, 594)
2025-11-26 19:40:53,943 [DEBUG] camera.run(): Captured frame at timestamp: 3316
2025-11-26 19:40:53,954 [DEBUG] smoother.update(): velocity=0.1272198341643058
2025-11-26 19:40:53,956 [DEBUG] controller._on_landmark_update(): Gesture detected: LEFT_PRESS
2025-11-26 19:40:53,956 [DEBUG] mapper.update_and_detect(): std=0.0016363583801216025, velocity=0.005553808047018628
2025-11-26 19:40:53,956 [DEBUG] mapper.update_and_compute(): velocity=0.002157767894134409
2025-11-26 19:40:53,956 [DEBUG] mapper.update_and_compute(): slow movement detected, applying scaling factor: 0.001064014034520215
2025-11-26 19:40:53,956 [DEBUG] mapper.mapping_use_palm(): mapping pos: (764, 594)
2025-11-26 19:40:53,976 [DEBUG] camera.run(): Captured frame at timestamp: 3348
2025-11-26 19:40:53,986 [DEBUG] smoother.update(): velocity=0.1203073400672887
2025-11-26 19:40:53,988 [DEBUG] controller._on_landmark_update(): Gesture detected: LEFT_PRESS
2025-11-26 19:40:53,988 [DEBUG] mapper.update_and_detect(): std=0.0021574927450939644, velocity=0.005881036396773119
2025-11-26 19:40:53,988 [DEBUG] mapper.update_and_compute(): velocity=0.003749674214793571
2025-11-26 19:40:53,988 [DEBUG] mapper.update_and_compute(): slow movement detected, applying scaling factor: 0.9999999999860212
2025-11-26 19:40:53,988 [DEBUG] mapper.mapping_use_palm(): mapping pos: (765, 591)
2025-11-26 19:40:54,010 [DEBUG] camera.run(): Captured frame at timestamp: 3383
2025-11-26 19:40:54,021 [DEBUG] smoother.update(): velocity=0.11519426513810033
2025-11-26 19:40:54,022 [DEBUG] controller._on_landmark_update(): Gesture detected: LEFT_PRESS
2025-11-26 19:40:54,022 [DEBUG] mapper.update_and_detect(): std=0.002518433780729681, velocity=0.006073844822928371
2025-11-26 19:40:54,022 [DEBUG] mapper.update_and_compute(): velocity=0.0019761225494118505
2025-11-26 19:40:54,022 [DEBUG] mapper.update_and_compute(): slow movement detected, applying scaling factor: 2.8160868852076655e-05
2025-11-26 19:40:54,022 [DEBUG] mapper.mapping_use_palm(): mapping pos: (765, 591)
2025-11-26 19:40:54,040 [DEBUG] camera.run(): Captured frame at timestamp: 3413
2025-11-26 19:40:54,051 [DEBUG] smoother.update(): velocity=0.11133642619531525
2025-11-26 19:40:54,052 [DEBUG] controller._on_landmark_update(): Gesture detected: LEFT_PRESS
2025-11-26 19:40:54,053 [DEBUG] mapper.update_and_detect(): std=0.002821077797027383, velocity=0.006934365666835074
2025-11-26 19:40:54,053 [DEBUG] mapper.update_and_compute(): velocity=0.00430077813910602
2025-11-26 19:40:54,053 [DEBUG] mapper.update_and_compute(): slow movement detected, applying scaling factor: 0.9999999999999998
2025-11-26 19:40:54,053 [DEBUG] mapper.mapping_use_palm(): mapping pos: (768, 594)
2025-11-26 19:40:54,081 [DEBUG] camera.run(): Captured frame at timestamp: 3454
2025-11-26 19:40:54,104 [DEBUG] smoother.update(): velocity=0.10994856737463594
2025-11-26 19:40:54,106 [DEBUG] controller._on_landmark_update(): Gesture detected: LEFT_PRESS
2025-11-26 19:40:54,106 [DEBUG] mapper.update_and_detect(): std=0.002986840348585783, velocity=0.006929181080764373
2025-11-26 19:40:54,106 [DEBUG] mapper.update_and_compute(): velocity=0.001604874249675154
2025-11-26 19:40:54,106 [DEBUG] mapper.update_and_compute(): slow movement detected, applying scaling factor: 1.6789451690713504e-08
2025-11-26 19:40:54,106 [DEBUG] mapper.mapping_use_palm(): mapping pos: (768, 594)
2025-11-26 19:40:54,109 [DEBUG] camera.run(): Captured frame at timestamp: 3482
2025-11-26 19:40:54,124 [DEBUG] smoother.update(): velocity=0.09273477633253079
2025-11-26 19:40:54,125 [DEBUG] controller._on_landmark_update(): Gesture detected: LEFT_PRESS
2025-11-26 19:40:54,125 [DEBUG] mapper.update_and_detect(): std=0.0029591634675372363, velocity=0.007360479404961603
2025-11-26 19:40:54,125 [DEBUG] mapper.update_and_compute(): velocity=0.0036303474010462686
2025-11-26 19:40:54,125 [DEBUG] mapper.update_and_compute(): slow movement detected, applying scaling factor: 0.9999999998479707
2025-11-26 19:40:54,125 [DEBUG] mapper.mapping_use_palm(): mapping pos: (765, 596)
2025-11-26 19:40:54,144 [DEBUG] camera.run(): Captured frame at timestamp: 3517
2025-11-26 19:40:54,155 [DEBUG] smoother.update(): velocity=0.0708922667355772
2025-11-26 19:40:54,156 [DEBUG] controller._on_landmark_update(): Gesture detected: NONE
2025-11-26 19:40:54,156 [DEBUG] mapper.update_and_detect(): std=0.002813450489482027, velocity=0.007243019701518597
2025-11-26 19:40:54,156 [DEBUG] mapper.update_and_compute(): velocity=0.0017625320369939247
2025-11-26 19:40:54,156 [DEBUG] mapper.update_and_compute(): slow movement detected, applying scaling factor: 3.9303795459626516e-07
2025-11-26 19:40:54,156 [DEBUG] mapper.mapping_use_palm(): mapping pos: (765, 596)
2025-11-26 19:40:54,156 [INFO] mouse._move_mouse(): Moving mouse to (765, 596)
2025-11-26 19:40:54,176 [DEBUG] camera.run(): Captured frame at timestamp: 3548
2025-11-26 19:40:54,186 [DEBUG] smoother.update(): velocity=0.0662085535753873
2025-11-26 19:40:54,188 [DEBUG] controller._on_landmark_update(): Gesture detected: NONE
2025-11-26 19:40:54,188 [DEBUG] mapper.update_and_detect(): std=0.002592247047425021, velocity=0.006831655499574884
2025-11-26 19:40:54,188 [DEBUG] mapper.update_and_compute(): velocity=0.0032952469433931457
2025-11-26 19:40:54,188 [DEBUG] mapper.update_and_compute(): slow movement detected, applying scaling factor: 0.9999998762421485
2025-11-26 19:40:54,188 [DEBUG] mapper.mapping_use_palm(): mapping pos: (762, 594)
2025-11-26 19:40:54,188 [INFO] mouse._move_mouse(): Moving mouse to (762, 594)
2025-11-26 19:40:54,208 [DEBUG] camera.run(): Captured frame at timestamp: 3581
2025-11-26 19:40:54,219 [DEBUG] smoother.update(): velocity=0.04626894838955134
2025-11-26 19:40:54,220 [DEBUG] controller._on_landmark_update(): Gesture detected: NONE
2025-11-26 19:40:54,220 [DEBUG] mapper.update_and_detect(): std=0.0023556067404565937, velocity=0.006285452477188661
2025-11-26 19:40:54,220 [DEBUG] mapper.update_and_compute(): velocity=0.001251047123308388
2025-11-26 19:40:54,220 [DEBUG] mapper.update_and_compute(): slow movement detected, applying scaling factor: 1.4181858566460154e-11
2025-11-26 19:40:54,220 [DEBUG] mapper.mapping_use_palm(): mapping pos: (762, 594)
2025-11-26 19:40:54,220 [INFO] mouse._move_mouse(): Moving mouse to (762, 594)
2025-11-26 19:40:54,248 [DEBUG] camera.run(): Captured frame at timestamp: 3621
2025-11-26 19:40:54,259 [DEBUG] smoother.update(): velocity=0.02772518266851073
2025-11-26 19:40:54,260 [DEBUG] controller._on_landmark_update(): Gesture detected: NONE
2025-11-26 19:40:54,260 [DEBUG] mapper.update_and_detect(): std=0.002300055091035813, velocity=0.005498438069067836
2025-11-26 19:40:54,260 [DEBUG] mapper.update_and_compute(): velocity=0.002135802324662931
2025-11-26 19:40:54,260 [DEBUG] mapper.update_and_compute(): slow movement detected, applying scaling factor: 0.0006859953302522015
2025-11-26 19:40:54,260 [DEBUG] mapper.mapping_use_palm(): mapping pos: (762, 594)
2025-11-26 19:40:54,260 [INFO] mouse._move_mouse(): Moving mouse to (762, 594)
2025-11-26 19:40:54,276 [DEBUG] camera.run(): Captured frame at timestamp: 3648
2025-11-26 19:40:54,286 [DEBUG] smoother.update(): velocity=0.02301825012804333
2025-11-26 19:40:54,288 [DEBUG] controller._on_landmark_update(): Gesture detected: NONE
2025-11-26 19:40:54,288 [DEBUG] mapper.update_and_detect(): std=0.0021446008351311795, velocity=0.00438175731855927
2025-11-26 19:40:54,288 [DEBUG] mapper.update_and_compute(): velocity=0.00239283431578706
2025-11-26 19:40:54,288 [DEBUG] mapper.update_and_compute(): slow movement detected, applying scaling factor: 0.10495768906737228
2025-11-26 19:40:54,288 [DEBUG] mapper.mapping_use_palm(): mapping pos: (763, 594)
2025-11-26 19:40:54,288 [INFO] mouse._move_mouse(): Moving mouse to (763, 594)
2025-11-26 19:40:54,310 [DEBUG] camera.run(): Captured frame at timestamp: 3682
2025-11-26 19:40:54,321 [DEBUG] smoother.update(): velocity=0.06816382690915947
2025-11-26 19:40:54,322 [DEBUG] controller._on_landmark_update(): Gesture detected: NONE
2025-11-26 19:40:54,322 [DEBUG] mapper.update_and_detect(): std=0.0018704527829696102, velocity=0.0037263254962189847
2025-11-26 19:40:54,322 [DEBUG] mapper.update_and_compute(): velocity=0.0026764862146715644
2025-11-26 19:40:54,322 [DEBUG] mapper.update_and_compute(): slow movement detected, applying scaling factor: 0.9715217852710427
2025-11-26 19:40:54,322 [DEBUG] mapper.mapping_use_palm(): mapping pos: (765, 595)
2025-11-26 19:40:54,322 [INFO] mouse._move_mouse(): Moving mouse to (765, 595)
2025-11-26 19:40:54,343 [DEBUG] camera.run(): Captured frame at timestamp: 3716
2025-11-26 19:40:54,354 [DEBUG] smoother.update(): velocity=0.12332071597990577
2025-11-26 19:40:54,355 [DEBUG] controller._on_landmark_update(): Gesture detected: NONE
2025-11-26 19:40:54,355 [DEBUG] mapper.update_and_detect(): std=0.001526816155922747, velocity=0.0025229330348576864
2025-11-26 19:40:54,356 [DEBUG] mapper.update_and_compute(): velocity=0.0009621352885435186
2025-11-26 19:40:54,356 [DEBUG] mapper.update_and_compute(): slow movement detected, applying scaling factor: 4.3881032524958245e-14
2025-11-26 19:40:54,356 [DEBUG] mapper.mapping_use_palm(): mapping pos: (765, 595)
2025-11-26 19:40:54,356 [INFO] mouse._move_mouse(): Moving mouse to (765, 595)
2025-11-26 19:40:54,376 [DEBUG] camera.run(): Captured frame at timestamp: 3748
2025-11-26 19:40:54,386 [DEBUG] smoother.update(): velocity=0.1347941067617754
2025-11-26 19:40:54,387 [DEBUG] controller._on_landmark_update(): Gesture detected: LEFT_RELEASE
2025-11-26 19:40:54,388 [DEBUG] mapper.update_and_detect(): std=0.001070554294158361, velocity=0.0018395108172345452
2025-11-26 19:40:54,388 [DEBUG] mapper.update_and_compute(): velocity=0.0025246181721348773
2025-11-26 19:40:54,388 [DEBUG] mapper.update_and_compute(): slow movement detected, applying scaling factor: 0.6206630407840731
2025-11-26 19:40:54,388 [DEBUG] mapper.mapping_use_palm(): mapping pos: (765, 598)
2025-11-26 19:40:54,388 [INFO] mouse._left_press(): Left mouse button pressed
2025-11-26 19:40:54,410 [DEBUG] camera.run(): Captured frame at timestamp: 3783
2025-11-26 19:40:54,421 [DEBUG] smoother.update(): velocity=0.12729846224441982
2025-11-26 19:40:54,422 [DEBUG] controller._on_landmark_update(): Gesture detected: LEFT_RELEASE
2025-11-26 19:40:54,422 [DEBUG] mapper.update_and_detect(): std=0.0009245480188260987, velocity=0.003076880070927885
2025-11-26 19:40:54,422 [DEBUG] mapper.update_and_compute(): velocity=0.003066287329493923
2025-11-26 19:40:54,422 [DEBUG] mapper.update_and_compute(): slow movement detected, applying scaling factor: 0.9999879417157936
2025-11-26 19:40:54,422 [DEBUG] mapper.mapping_use_palm(): mapping pos: (773, 601)
2025-11-26 19:40:54,441 [DEBUG] camera.run(): Captured frame at timestamp: 3813
2025-11-26 19:40:54,451 [DEBUG] smoother.update(): velocity=0.11590220274389672
2025-11-26 19:40:54,453 [DEBUG] controller._on_landmark_update(): Gesture detected: LEFT_RELEASE
2025-11-26 19:40:54,453 [DEBUG] mapper.update_and_detect(): std=0.0014370493134053346, velocity=0.005291044560124122
2025-11-26 19:40:54,453 [DEBUG] mapper.update_and_compute(): velocity=0.0028740617636149528
2025-11-26 19:40:54,453 [DEBUG] mapper.update_and_compute(): slow movement detected, applying scaling factor: 0.9994367565875875
2025-11-26 19:40:54,453 [DEBUG] mapper.mapping_use_palm(): mapping pos: (785, 605)
2025-11-26 19:40:54,480 [DEBUG] camera.run(): Captured frame at timestamp: 3852
2025-11-26 19:40:54,490 [DEBUG] smoother.update(): velocity=0.1000945697581052
2025-11-26 19:40:54,491 [DEBUG] controller._on_landmark_update(): Gesture detected: LEFT_RELEASE
2025-11-26 19:40:54,491 [DEBUG] mapper.update_and_detect(): std=0.002146888293165827, velocity=0.006991642272802098
2025-11-26 19:40:54,491 [DEBUG] mapper.update_and_compute(): velocity=0.0026841251536665572
2025-11-26 19:40:54,491 [DEBUG] mapper.update_and_compute(): slow movement detected, applying scaling factor: 0.975457566797832
2025-11-26 19:40:54,491 [DEBUG] mapper.mapping_use_palm(): mapping pos: (794, 608)
2025-11-26 19:40:54,511 [DEBUG] camera.run(): Captured frame at timestamp: 3883
2025-11-26 19:40:54,521 [DEBUG] smoother.update(): velocity=0.08223858222328954
2025-11-26 19:40:54,522 [DEBUG] controller._on_landmark_update(): Gesture detected: LEFT_RELEASE
2025-11-26 19:40:54,523 [DEBUG] mapper.update_and_detect(): std=0.0027458084760031577, velocity=0.00788640074684787
2025-11-26 19:40:54,523 [DEBUG] mapper.update_and_compute(): velocity=0.002246196853664525
2025-11-26 19:40:54,523 [DEBUG] mapper.update_and_compute(): slow movement detected, applying scaling factor: 0.006205694402290657
2025-11-26 19:40:54,523 [DEBUG] mapper.mapping_use_palm(): mapping pos: (794, 608)
2025-11-26 19:40:54,546 [DEBUG] camera.run(): Captured frame at timestamp: 3918
2025-11-26 19:40:54,556 [DEBUG] smoother.update(): velocity=0.06454984852121087
2025-11-26 19:40:54,558 [DEBUG] controller._on_landmark_update(): Gesture detected: LEFT_RELEASE
2025-11-26 19:40:54,558 [DEBUG] mapper.update_and_detect(): std=0.0032218033114244427, velocity=0.008082609357373064
2025-11-26 19:40:54,558 [DEBUG] mapper.update_and_compute(): velocity=0.0038823469632258815
2025-11-26 19:40:54,558 [DEBUG] mapper.update_and_compute(): slow movement detected, applying scaling factor: 0.9999999999990159
2025-11-26 19:40:54,558 [DEBUG] mapper.mapping_use_palm(): mapping pos: (808, 612)
2025-11-26 19:40:54,578 [DEBUG] camera.run(): Captured frame at timestamp: 3951
2025-11-26 19:40:54,589 [DEBUG] smoother.update(): velocity=0.038758792054064684
2025-11-26 19:40:54,590 [DEBUG] controller._on_landmark_update(): Gesture detected: LEFT_RELEASE
2025-11-26 19:40:54,590 [DEBUG] mapper.update_and_detect(): std=0.0034990826055110876, velocity=0.007472939262412908
2025-11-26 19:40:54,590 [DEBUG] mapper.update_and_compute(): velocity=0.0009950886244535757
2025-11-26 19:40:54,590 [DEBUG] mapper.update_and_compute(): slow movement detected, applying scaling factor: 8.482148605396105e-14
2025-11-26 19:40:54,590 [DEBUG] mapper.mapping_use_palm(): mapping pos: (808, 612)
2025-11-26 19:40:54,612 [DEBUG] camera.run(): Captured frame at timestamp: 3984
2025-11-26 19:40:54,623 [DEBUG] smoother.update(): velocity=0.02108532023795413
2025-11-26 19:40:54,624 [DEBUG] controller._on_landmark_update(): Gesture detected: LEFT_RELEASE
2025-11-26 19:40:54,624 [DEBUG] mapper.update_and_detect(): std=0.003296892946852976, velocity=0.005260301597634934
2025-11-26 19:40:54,624 [DEBUG] mapper.update_and_compute(): velocity=0.0012220041473387834
2025-11-26 19:40:54,624 [DEBUG] mapper.update_and_compute(): slow movement detected, applying scaling factor: 7.933577451205699e-12
2025-11-26 19:40:54,624 [DEBUG] mapper.mapping_use_palm(): mapping pos: (808, 612)
2025-11-26 19:40:54,645 [DEBUG] camera.run(): Captured frame at timestamp: 4018
2025-11-26 19:40:54,656 [DEBUG] smoother.update(): velocity=0.04960527789317948
2025-11-26 19:40:54,657 [DEBUG] controller._on_landmark_update(): Gesture detected: LEFT_RELEASE
2025-11-26 19:40:54,657 [DEBUG] mapper.update_and_detect(): std=0.0027121490268394964, velocity=0.002882915385082201
2025-11-26 19:40:54,657 [DEBUG] mapper.update_and_compute(): velocity=0.0026226375053472043
2025-11-26 19:40:54,657 [DEBUG] mapper.update_and_compute(): slow movement detected, applying scaling factor: 0.9207623283590225
2025-11-26 19:40:54,657 [DEBUG] mapper.mapping_use_palm(): mapping pos: (798, 609)
2025-11-26 19:40:54,677 [DEBUG] camera.run(): Captured frame at timestamp: 4050
2025-11-26 19:40:54,688 [DEBUG] smoother.update(): velocity=0.08200032549142566
2025-11-26 19:40:54,689 [DEBUG] controller._on_landmark_update(): Gesture detected: LEFT_RELEASE
2025-11-26 19:40:54,689 [DEBUG] mapper.update_and_detect(): std=0.0020823977183627024, velocity=0.002032184110965163
2025-11-26 19:40:54,689 [DEBUG] mapper.update_and_compute(): velocity=0.0012109955988232012
2025-11-26 19:40:54,689 [DEBUG] mapper.update_and_compute(): slow movement detected, applying scaling factor: 6.365756591262048e-12
2025-11-26 19:40:54,689 [DEBUG] mapper.mapping_use_palm(): mapping pos: (798, 609)
2025-11-26 19:40:54,713 [DEBUG] camera.run(): Captured frame at timestamp: 4086
2025-11-26 19:40:54,724 [DEBUG] smoother.update(): velocity=0.10109470347434064
2025-11-26 19:40:54,726 [DEBUG] controller._on_landmark_update(): Gesture detected: LEFT_PRESS
2025-11-26 19:40:54,726 [DEBUG] mapper.update_and_detect(): std=0.0014773600015116459, velocity=0.0020898808290405516
2025-11-26 19:40:54,726 [DEBUG] mapper.update_and_compute(): velocity=0.0021194090984741018
2025-11-26 19:40:54,726 [DEBUG] mapper.update_and_compute(): slow movement detected, applying scaling factor: 0.0004943274134023424
2025-11-26 19:40:54,726 [DEBUG] mapper.mapping_use_palm(): mapping pos: (798, 609)
2025-11-26 19:40:54,726 [INFO] mouse._left_release(): Left mouse button released
2025-11-26 19:40:54,742 [DEBUG] camera.run(): Captured frame at timestamp: 4115
2025-11-26 19:40:54,753 [DEBUG] smoother.update(): velocity=0.09317647960573683
2025-11-26 19:40:54,755 [DEBUG] controller._on_landmark_update(): Gesture detected: LEFT_PRESS
2025-11-26 19:40:54,755 [DEBUG] mapper.update_and_detect(): std=0.0012557003669135345, velocity=0.002694632261177313
2025-11-26 19:40:54,755 [DEBUG] mapper.update_and_compute(): velocity=0.0029525941992183274
2025-11-26 19:40:54,755 [DEBUG] mapper.update_and_compute(): slow movement detected, applying scaling factor: 0.999882843644976
2025-11-26 19:40:54,755 [DEBUG] mapper.mapping_use_palm(): mapping pos: (797, 604)
2025-11-26 19:40:54,780 [DEBUG] camera.run(): Captured frame at timestamp: 4152
2025-11-26 19:40:54,790 [DEBUG] smoother.update(): velocity=0.07945684166612148
2025-11-26 19:40:54,791 [DEBUG] controller._on_landmark_update(): Gesture detected: LEFT_PRESS
2025-11-26 19:40:54,791 [DEBUG] mapper.update_and_detect(): std=0.001335123420603936, velocity=0.0030306772061696107
2025-11-26 19:40:54,791 [DEBUG] mapper.update_and_compute(): velocity=0.0006499860245114812
2025-11-26 19:40:54,791 [DEBUG] mapper.update_and_compute(): slow movement detected, applying scaling factor: 8.530662888855773e-17
2025-11-26 19:40:54,791 [DEBUG] mapper.mapping_use_palm(): mapping pos: (797, 604)
2025-11-26 19:40:54,812 [DEBUG] camera.run(): Captured frame at timestamp: 4184
2025-11-26 19:40:54,823 [DEBUG] smoother.update(): velocity=0.0587640064051799
2025-11-26 19:40:54,824 [DEBUG] controller._on_landmark_update(): Gesture detected: LEFT_PRESS
2025-11-26 19:40:54,824 [DEBUG] mapper.update_and_detect(): std=0.0014830175895813103, velocity=0.0031657813995507214
2025-11-26 19:40:54,824 [DEBUG] mapper.update_and_compute(): velocity=0.0012277100838853357
2025-11-26 19:40:54,824 [DEBUG] mapper.update_and_compute(): slow movement detected, applying scaling factor: 8.892629553872277e-12
2025-11-26 19:40:54,824 [DEBUG] mapper.mapping_use_palm(): mapping pos: (797, 604)
2025-11-26 19:40:54,846 [DEBUG] camera.run(): Captured frame at timestamp: 4219
2025-11-26 19:40:54,857 [DEBUG] smoother.update(): velocity=0.020162227184194983
2025-11-26 19:40:54,858 [DEBUG] controller._on_landmark_update(): Gesture detected: LEFT_PRESS
2025-11-26 19:40:54,858 [DEBUG] mapper.update_and_detect(): std=0.001471715708929338, velocity=0.0031661031231225004
2025-11-26 19:40:54,858 [DEBUG] mapper.update_and_compute(): velocity=0.0019486320790259252
2025-11-26 19:40:54,858 [DEBUG] mapper.update_and_compute(): slow movement detected, applying scaling factor: 1.6250698421752746e-05
2025-11-26 19:40:54,858 [DEBUG] mapper.mapping_use_palm(): mapping pos: (797, 604)
2025-11-26 19:40:54,878 [DEBUG] camera.run(): Captured frame at timestamp: 4251
2025-11-26 19:40:54,889 [DEBUG] smoother.update(): velocity=0.03313741748259717
2025-11-26 19:40:54,890 [DEBUG] controller._on_landmark_update(): Gesture detected: LEFT_RELEASE
2025-11-26 19:40:54,890 [DEBUG] mapper.update_and_detect(): std=0.0012023348560299663, velocity=0.0029074451996656857
2025-11-26 19:40:54,890 [DEBUG] mapper.update_and_compute(): velocity=0.0025690298769292783
2025-11-26 19:40:54,890 [DEBUG] mapper.update_and_compute(): slow movement detected, applying scaling factor: 0.7990869504194061
2025-11-26 19:40:54,890 [DEBUG] mapper.mapping_use_palm(): mapping pos: (794, 601)
2025-11-26 19:40:54,890 [INFO] mouse._left_press(): Left mouse button pressed
2025-11-26 19:40:54,911 [DEBUG] camera.run(): Captured frame at timestamp: 4284
2025-11-26 19:40:54,922 [DEBUG] smoother.update(): velocity=0.0641113480043311
2025-11-26 19:40:54,923 [DEBUG] controller._on_landmark_update(): Gesture detected: LEFT_RELEASE
2025-11-26 19:40:54,923 [DEBUG] mapper.update_and_detect(): std=0.0010802536893578856, velocity=0.003005958973821147
2025-11-26 19:40:54,923 [DEBUG] mapper.update_and_compute(): velocity=0.0016830719721421495
2025-11-26 19:40:54,923 [DEBUG] mapper.update_and_compute(): slow movement detected, applying scaling factor: 8.021457243688338e-08
2025-11-26 19:40:54,923 [DEBUG] mapper.mapping_use_palm(): mapping pos: (794, 601)
2025-11-26 19:40:54,945 [DEBUG] camera.run(): Captured frame at timestamp: 4318
2025-11-26 19:40:54,956 [DEBUG] smoother.update(): velocity=0.0707357922943405
2025-11-26 19:40:54,957 [DEBUG] controller._on_landmark_update(): Gesture detected: LEFT_RELEASE
2025-11-26 19:40:54,957 [DEBUG] mapper.update_and_detect(): std=0.0011751575786139992, velocity=0.0029788511174629897
2025-11-26 19:40:54,957 [DEBUG] mapper.update_and_compute(): velocity=0.0025009551243787725
2025-11-26 19:40:54,957 [DEBUG] mapper.update_and_compute(): slow movement detected, applying scaling factor: 0.5047754766784569
2025-11-26 19:40:54,957 [DEBUG] mapper.mapping_use_palm(): mapping pos: (790, 600)
2025-11-26 19:40:54,979 [DEBUG] camera.run(): Captured frame at timestamp: 4351
2025-11-26 19:40:54,989 [DEBUG] smoother.update(): velocity=0.07782444951286045
2025-11-26 19:40:54,990 [DEBUG] controller._on_landmark_update(): Gesture detected: LEFT_RELEASE
2025-11-26 19:40:54,990 [DEBUG] mapper.update_and_detect(): std=0.0011709237309591378, velocity=0.0027640955698928003
2025-11-26 19:40:54,990 [DEBUG] mapper.update_and_compute(): velocity=0.001953267858769603
2025-11-26 19:40:54,990 [DEBUG] mapper.update_and_compute(): slow movement detected, applying scaling factor: 1.782942003345071e-05
2025-11-26 19:40:54,991 [DEBUG] mapper.mapping_use_palm(): mapping pos: (790, 600)
2025-11-26 19:40:55,012 [DEBUG] camera.run(): Captured frame at timestamp: 4385
2025-11-26 19:40:55,023 [DEBUG] smoother.update(): velocity=0.07036928354064531
2025-11-26 19:40:55,024 [DEBUG] controller._on_landmark_update(): Gesture detected: LEFT_RELEASE
2025-11-26 19:40:55,024 [DEBUG] mapper.update_and_detect(): std=0.0010860483703406456, velocity=0.0029902897808244244
2025-11-26 19:40:55,024 [DEBUG] mapper.update_and_compute(): velocity=0.0030086294273101314
2025-11-26 19:40:55,024 [DEBUG] mapper.update_and_compute(): slow movement detected, applying scaling factor: 0.9999617981551409
2025-11-26 19:40:55,024 [DEBUG] mapper.mapping_use_palm(): mapping pos: (792, 600)
2025-11-26 19:40:55,046 [DEBUG] camera.run(): Captured frame at timestamp: 4418
2025-11-26 19:40:55,056 [DEBUG] smoother.update(): velocity=0.06778387524888545
2025-11-26 19:40:55,057 [DEBUG] controller._on_landmark_update(): Gesture detected: LEFT_RELEASE
2025-11-26 19:40:55,058 [DEBUG] mapper.update_and_detect(): std=0.0009211202460197808, velocity=0.003208048126529225
2025-11-26 19:40:55,058 [DEBUG] mapper.update_and_compute(): velocity=0.0014253351108146582
2025-11-26 19:40:55,058 [DEBUG] mapper.update_and_compute(): slow movement detected, applying scaling factor: 4.6299827656556393e-10
2025-11-26 19:40:55,058 [DEBUG] mapper.mapping_use_palm(): mapping pos: (792, 600)
2025-11-26 19:40:55,079 [DEBUG] camera.run(): Captured frame at timestamp: 4452
2025-11-26 19:40:55,090 [DEBUG] smoother.update(): velocity=0.06509226529922128
2025-11-26 19:40:55,091 [DEBUG] controller._on_landmark_update(): Gesture detected: LEFT_RELEASE
2025-11-26 19:40:55,091 [DEBUG] mapper.update_and_detect(): std=0.0010884889022537648, velocity=0.0039139328206852005
2025-11-26 19:40:55,091 [DEBUG] mapper.update_and_compute(): velocity=0.0031790935645157645
2025-11-26 19:40:55,091 [DEBUG] mapper.update_and_compute(): slow movement detected, applying scaling factor: 0.9999987368128587
2025-11-26 19:40:55,091 [DEBUG] mapper.mapping_use_palm(): mapping pos: (803, 603)
2025-11-26 19:40:55,113 [DEBUG] camera.run(): Captured frame at timestamp: 4486
2025-11-26 19:40:55,124 [DEBUG] smoother.update(): velocity=0.06170857839751285
2025-11-26 19:40:55,125 [DEBUG] controller._on_landmark_update(): Gesture detected: LEFT_RELEASE
2025-11-26 19:40:55,125 [DEBUG] mapper.update_and_detect(): std=0.001344026657079824, velocity=0.004914900345677215
2025-11-26 19:40:55,125 [DEBUG] mapper.update_and_compute(): velocity=0.0019925034716853068
2025-11-26 19:40:55,125 [DEBUG] mapper.update_and_compute(): slow movement detected, applying scaling factor: 3.907726787453686e-05
2025-11-26 19:40:55,125 [DEBUG] mapper.mapping_use_palm(): mapping pos: (803, 603)
2025-11-26 19:40:55,146 [DEBUG] camera.run(): Captured frame at timestamp: 4519
2025-11-26 19:40:55,157 [DEBUG] smoother.update(): velocity=0.0593272594032245
2025-11-26 19:40:55,158 [DEBUG] controller._on_landmark_update(): Gesture detected: LEFT_RELEASE
2025-11-26 19:40:55,158 [DEBUG] mapper.update_and_detect(): std=0.0016255169062819703, velocity=0.006307285236061778
2025-11-26 19:40:55,158 [DEBUG] mapper.update_and_compute(): velocity=0.004558397337082956
2025-11-26 19:40:55,158 [DEBUG] mapper.update_and_compute(): slow movement detected, applying scaling factor: 1.0
2025-11-26 19:40:55,158 [DEBUG] mapper.mapping_use_palm(): mapping pos: (819, 607)
2025-11-26 19:40:55,180 [DEBUG] camera.run(): Captured frame at timestamp: 4552
2025-11-26 19:40:55,190 [DEBUG] smoother.update(): velocity=0.057458693873753026
2025-11-26 19:40:55,191 [DEBUG] controller._on_landmark_update(): Gesture detected: LEFT_RELEASE
2025-11-26 19:40:55,191 [DEBUG] mapper.update_and_detect(): std=0.0021102209061048868, velocity=0.007600738586661331
2025-11-26 19:40:55,191 [DEBUG] mapper.update_and_compute(): velocity=0.0026635762288373774
2025-11-26 19:40:55,191 [DEBUG] mapper.update_and_compute(): slow movement detected, applying scaling factor: 0.9634389119480655
2025-11-26 19:40:55,191 [DEBUG] mapper.mapping_use_palm(): mapping pos: (829, 609)
2025-11-26 19:40:55,213 [DEBUG] camera.run(): Captured frame at timestamp: 4586
2025-11-26 19:40:55,224 [DEBUG] smoother.update(): velocity=0.0517553823635465
2025-11-26 19:40:55,225 [DEBUG] controller._on_landmark_update(): Gesture detected: LEFT_RELEASE
2025-11-26 19:40:55,225 [DEBUG] mapper.update_and_detect(): std=0.002632201008673874, velocity=0.00841704748538157
2025-11-26 19:40:55,225 [DEBUG] mapper.update_and_compute(): velocity=0.0025135788362903983
2025-11-26 19:40:55,225 [DEBUG] mapper.update_and_compute(): slow movement detected, applying scaling factor: 0.5674799478282742
2025-11-26 19:40:55,225 [DEBUG] mapper.mapping_use_palm(): mapping pos: (833, 610)
2025-11-26 19:40:55,247 [DEBUG] camera.run(): Captured frame at timestamp: 4619
2025-11-26 19:40:55,257 [DEBUG] smoother.update(): velocity=0.04715460093699123
2025-11-26 19:40:55,258 [DEBUG] controller._on_landmark_update(): Gesture detected: LEFT_RELEASE
2025-11-26 19:40:55,258 [DEBUG] mapper.update_and_detect(): std=0.0030683041528307953, velocity=0.00888424084356005
2025-11-26 19:40:55,258 [DEBUG] mapper.update_and_compute(): velocity=0.003387498165614997
2025-11-26 19:40:55,258 [DEBUG] mapper.update_and_compute(): slow movement detected, applying scaling factor: 0.9999999804436018
2025-11-26 19:40:55,258 [DEBUG] mapper.mapping_use_palm(): mapping pos: (845, 613)
2025-11-26 19:40:55,280 [DEBUG] camera.run(): Captured frame at timestamp: 4652
2025-11-26 19:40:55,290 [DEBUG] smoother.update(): velocity=0.04244625961529407
2025-11-26 19:40:55,291 [DEBUG] controller._on_landmark_update(): Gesture detected: LEFT_RELEASE
2025-11-26 19:40:55,291 [DEBUG] mapper.update_and_detect(): std=0.0033972753409818143, velocity=0.009187849412792803
2025-11-26 19:40:55,291 [DEBUG] mapper.update_and_compute(): velocity=0.002336111390627613
2025-11-26 19:40:55,291 [DEBUG] mapper.update_and_compute(): slow movement detected, applying scaling factor: 0.036341655924887334
2025-11-26 19:40:55,291 [DEBUG] mapper.mapping_use_palm(): mapping pos: (845, 613)
2025-11-26 19:40:55,313 [DEBUG] camera.run(): Captured frame at timestamp: 4686
2025-11-26 19:40:55,324 [DEBUG] smoother.update(): velocity=0.03848609713172344
2025-11-26 19:40:55,325 [DEBUG] controller._on_landmark_update(): Gesture detected: NONE
2025-11-26 19:40:55,325 [DEBUG] mapper.update_and_detect(): std=0.003580249262083191, velocity=0.00926319943681571
2025-11-26 19:40:55,325 [DEBUG] mapper.update_and_compute(): velocity=0.004490369229750258
2025-11-26 19:40:55,325 [DEBUG] mapper.update_and_compute(): slow movement detected, applying scaling factor: 1.0
2025-11-26 19:40:55,325 [DEBUG] mapper.mapping_use_palm(): mapping pos: (862, 614)
2025-11-26 19:40:55,325 [INFO] mouse._move_mouse(): Moving mouse to (862, 614)
2025-11-26 19:40:55,344 [DEBUG] camera.run(): Captured frame at timestamp: 4716
2025-11-26 19:40:55,355 [DEBUG] smoother.update(): velocity=0.032259599489568136
2025-11-26 19:40:55,356 [DEBUG] controller._on_landmark_update(): Gesture detected: NONE
2025-11-26 19:40:55,356 [DEBUG] mapper.update_and_detect(): std=0.0036165161125903795, velocity=0.00898404510868982
2025-11-26 19:40:55,356 [DEBUG] mapper.update_and_compute(): velocity=0.002023726462855107
2025-11-26 19:40:55,356 [DEBUG] mapper.update_and_compute(): slow movement detected, applying scaling factor: 7.296404958125557e-05
2025-11-26 19:40:55,356 [DEBUG] mapper.mapping_use_palm(): mapping pos: (862, 614)
2025-11-26 19:40:55,357 [INFO] mouse._move_mouse(): Moving mouse to (862, 614)
2025-11-26 19:40:55,376 [DEBUG] camera.run(): Captured frame at timestamp: 4748
2025-11-26 19:40:55,386 [DEBUG] smoother.update(): velocity=0.03306286450505678
2025-11-26 19:40:55,387 [DEBUG] controller._on_landmark_update(): Gesture detected: NONE
2025-11-26 19:40:55,387 [DEBUG] mapper.update_and_detect(): std=0.0035393463469019044, velocity=0.008790802855452895
2025-11-26 19:40:55,387 [DEBUG] mapper.update_and_compute(): velocity=0.004083211111804337
2025-11-26 19:40:55,388 [DEBUG] mapper.update_and_compute(): slow movement detected, applying scaling factor: 0.9999999999999822
2025-11-26 19:40:55,388 [DEBUG] mapper.mapping_use_palm(): mapping pos: (878, 614)
2025-11-26 19:40:55,388 [INFO] mouse._move_mouse(): Moving mouse to (878, 614)
2025-11-26 19:40:55,409 [DEBUG] camera.run(): Captured frame at timestamp: 4782
2025-11-26 19:40:55,420 [DEBUG] smoother.update(): velocity=0.03522706024362103
2025-11-26 19:40:55,421 [DEBUG] controller._on_landmark_update(): Gesture detected: NONE
2025-11-26 19:40:55,421 [DEBUG] mapper.update_and_detect(): std=0.0034295275841175884, velocity=0.008871832394215727
2025-11-26 19:40:55,421 [DEBUG] mapper.update_and_compute(): velocity=0.002518049926463559
2025-11-26 19:40:55,422 [DEBUG] mapper.update_and_compute(): slow movement detected, applying scaling factor: 0.5892821283288004
2025-11-26 19:40:55,422 [DEBUG] mapper.mapping_use_palm(): mapping pos: (884, 615)
2025-11-26 19:40:55,422 [INFO] mouse._move_mouse(): Moving mouse to (884, 615)
2025-11-26 19:40:55,442 [DEBUG] camera.run(): Captured frame at timestamp: 4814
2025-11-26 19:40:55,452 [DEBUG] smoother.update(): velocity=0.03997728117000717
2025-11-26 19:40:55,454 [DEBUG] controller._on_landmark_update(): Gesture detected: NONE
2025-11-26 19:40:55,454 [DEBUG] mapper.update_and_detect(): std=0.003366228860957639, velocity=0.009461034887744644
2025-11-26 19:40:55,454 [DEBUG] mapper.update_and_compute(): velocity=0.003944995852728009
2025-11-26 19:40:55,454 [DEBUG] mapper.update_and_compute(): slow movement detected, applying scaling factor: 0.9999999999997189
2025-11-26 19:40:55,454 [DEBUG] mapper.mapping_use_palm(): mapping pos: (899, 618)
2025-11-26 19:40:55,454 [INFO] mouse._move_mouse(): Moving mouse to (899, 618)
2025-11-26 19:40:55,474 [DEBUG] camera.run(): Captured frame at timestamp: 4847
2025-11-26 19:40:55,484 [DEBUG] smoother.update(): velocity=0.045428886189514996
2025-11-26 19:40:55,486 [DEBUG] controller._on_landmark_update(): Gesture detected: NONE
2025-11-26 19:40:55,486 [DEBUG] mapper.update_and_detect(): std=0.0035093035869601693, velocity=0.010380006185003631
2025-11-26 19:40:55,486 [DEBUG] mapper.update_and_compute(): velocity=0.003362857572757228
2025-11-26 19:40:55,486 [DEBUG] mapper.update_and_compute(): slow movement detected, applying scaling factor: 0.9999999679878874
2025-11-26 19:40:55,486 [DEBUG] mapper.mapping_use_palm(): mapping pos: (910, 619)
2025-11-26 19:40:55,486 [INFO] mouse._move_mouse(): Moving mouse to (910, 619)
2025-11-26 19:40:55,511 [DEBUG] camera.run(): Captured frame at timestamp: 4884
2025-11-26 19:40:55,522 [DEBUG] smoother.update(): velocity=0.04988854280319069
2025-11-26 19:40:55,523 [DEBUG] controller._on_landmark_update(): Gesture detected: NONE
2025-11-26 19:40:55,523 [DEBUG] mapper.update_and_detect(): std=0.0038401073742629567, velocity=0.011314587002121852
2025-11-26 19:40:55,523 [DEBUG] mapper.update_and_compute(): velocity=0.003572484405844972
2025-11-26 19:40:55,523 [DEBUG] mapper.update_and_compute(): slow movement detected, applying scaling factor: 0.9999999995163638
2025-11-26 19:40:55,523 [DEBUG] mapper.mapping_use_palm(): mapping pos: (919, 619)
2025-11-26 19:40:55,523 [INFO] mouse._move_mouse(): Moving mouse to (919, 619)
2025-11-26 19:40:55,542 [DEBUG] camera.run(): Captured frame at timestamp: 4914
2025-11-26 19:40:55,552 [DEBUG] smoother.update(): velocity=0.060380525004783366
2025-11-26 19:40:55,554 [DEBUG] controller._on_landmark_update(): Gesture detected: NONE
2025-11-26 19:40:55,554 [DEBUG] mapper.update_and_detect(): std=0.004316565053711571, velocity=0.01292680801938312
2025-11-26 19:40:55,554 [DEBUG] mapper.update_and_compute(): velocity=0.0043937776344628926
2025-11-26 19:40:55,554 [DEBUG] mapper.update_and_compute(): slow movement detected, applying scaling factor: 1.0
2025-11-26 19:40:55,554 [DEBUG] mapper.mapping_use_palm(): mapping pos: (935, 621)
2025-11-26 19:40:55,554 [INFO] mouse._move_mouse(): Moving mouse to (935, 621)
2025-11-26 19:40:55,579 [DEBUG] camera.run(): Captured frame at timestamp: 4952
2025-11-26 19:40:55,590 [DEBUG] smoother.update(): velocity=0.07114609513582769
2025-11-26 19:40:55,591 [DEBUG] controller._on_landmark_update(): Gesture detected: NONE
2025-11-26 19:40:55,591 [DEBUG] mapper.update_and_detect(): std=0.004942696504421652, velocity=0.015088376637200886
2025-11-26 19:40:55,591 [DEBUG] mapper.update_and_compute(): velocity=0.0052896241926150825
2025-11-26 19:40:55,591 [DEBUG] mapper.mapping_use_palm(): mapping pos: (953, 623)
2025-11-26 19:40:55,591 [INFO] mouse._move_mouse(): Moving mouse to (953, 623)
2025-11-26 19:40:55,609 [DEBUG] camera.run(): Captured frame at timestamp: 4981
2025-11-26 19:40:55,619 [DEBUG] smoother.update(): velocity=0.08163849736080774
2025-11-26 19:40:55,621 [DEBUG] controller._on_landmark_update(): Gesture detected: NONE
2025-11-26 19:40:55,621 [DEBUG] mapper.update_and_detect(): std=0.005729667978970633, velocity=0.017564240635939858
2025-11-26 19:40:55,621 [DEBUG] mapper.update_and_compute(): velocity=0.006105016295876219
2025-11-26 19:40:55,621 [DEBUG] mapper.mapping_use_palm(): mapping pos: (971, 623)
2025-11-26 19:40:55,621 [INFO] mouse._move_mouse(): Moving mouse to (971, 623)
2025-11-26 19:40:55,642 [DEBUG] camera.run(): Captured frame at timestamp: 5015
2025-11-26 19:40:55,653 [DEBUG] smoother.update(): velocity=0.09574049297134152
2025-11-26 19:40:55,654 [DEBUG] controller._on_landmark_update(): Gesture detected: NONE
2025-11-26 19:40:55,654 [DEBUG] mapper.update_and_detect(): std=0.006639366556758454, velocity=0.020298527249971703
2025-11-26 19:40:55,654 [DEBUG] mapper.update_and_compute(): velocity=0.006930476672428051
2025-11-26 19:40:55,654 [DEBUG] mapper.mapping_use_palm(): mapping pos: (989, 622)
2025-11-26 19:40:55,654 [INFO] mouse._move_mouse(): Moving mouse to (989, 622)
2025-11-26 19:40:55,677 [DEBUG] camera.run(): Captured frame at timestamp: 5050
2025-11-26 19:40:55,688 [DEBUG] smoother.update(): velocity=0.10479366310738912
2025-11-26 19:40:55,689 [DEBUG] controller._on_landmark_update(): Gesture detected: NONE
2025-11-26 19:40:55,689 [DEBUG] mapper.update_and_detect(): std=0.007624971485086644, velocity=0.02308786464796297
2025-11-26 19:40:55,689 [DEBUG] mapper.update_and_compute(): velocity=0.007508800352889889
2025-11-26 19:40:55,689 [DEBUG] mapper.mapping_use_palm(): mapping pos: (1006, 621)
2025-11-26 19:40:55,689 [INFO] mouse._move_mouse(): Moving mouse to (1006, 621)
2025-11-26 19:40:55,708 [DEBUG] camera.run(): Captured frame at timestamp: 5081
2025-11-26 19:40:55,719 [DEBUG] smoother.update(): velocity=0.11085826207646353
2025-11-26 19:40:55,720 [DEBUG] controller._on_landmark_update(): Gesture detected: NONE
2025-11-26 19:40:55,721 [DEBUG] mapper.update_and_detect(): std=0.008644484188760095, velocity=0.025787872172202065
2025-11-26 19:40:55,721 [DEBUG] mapper.update_and_compute(): velocity=0.007996379063263484
2025-11-26 19:40:55,721 [DEBUG] mapper.mapping_use_palm(): mapping pos: (1025, 622)
2025-11-26 19:40:55,721 [INFO] mouse._move_mouse(): Moving mouse to (1025, 622)
2025-11-26 19:40:55,745 [DEBUG] camera.run(): Captured frame at timestamp: 5117
2025-11-26 19:40:55,756 [DEBUG] smoother.update(): velocity=0.10991306417584974
2025-11-26 19:40:55,757 [DEBUG] controller._on_landmark_update(): Gesture detected: NONE
2025-11-26 19:40:55,757 [DEBUG] mapper.update_and_detect(): std=0.009613640912932776, velocity=0.02781311581620228
2025-11-26 19:40:55,757 [DEBUG] mapper.update_and_compute(): velocity=0.007889905475128842
2025-11-26 19:40:55,757 [DEBUG] mapper.mapping_use_palm(): mapping pos: (1043, 623)
2025-11-26 19:40:55,757 [INFO] mouse._move_mouse(): Moving mouse to (1043, 623)
2025-11-26 19:40:55,775 [DEBUG] camera.run(): Captured frame at timestamp: 5147
2025-11-26 19:40:55,785 [DEBUG] smoother.update(): velocity=0.11126101605340752
2025-11-26 19:40:55,787 [DEBUG] controller._on_landmark_update(): Gesture detected: NONE
2025-11-26 19:40:55,787 [DEBUG] mapper.update_and_detect(): std=0.01046189993747966, velocity=0.029464289621872485
2025-11-26 19:40:55,787 [DEBUG] mapper.update_and_compute(): velocity=0.008033228553723471
2025-11-26 19:40:55,787 [DEBUG] mapper.mapping_use_palm(): mapping pos: (1064, 624)
2025-11-26 19:40:55,787 [INFO] mouse._move_mouse(): Moving mouse to (1064, 624)
2025-11-26 19:40:55,810 [DEBUG] camera.run(): Captured frame at timestamp: 5182
2025-11-26 19:40:55,820 [DEBUG] smoother.update(): velocity=0.10965848045133002
2025-11-26 19:40:55,822 [DEBUG] controller._on_landmark_update(): Gesture detected: NONE
2025-11-26 19:40:55,822 [DEBUG] mapper.update_and_detect(): std=0.011076079408962464, velocity=0.030216046827665148
2025-11-26 19:40:55,822 [DEBUG] mapper.update_and_compute(): velocity=0.007598320157765543
2025-11-26 19:40:55,822 [DEBUG] mapper.mapping_use_palm(): mapping pos: (1084, 626)
2025-11-26 19:40:55,822 [INFO] mouse._move_mouse(): Moving mouse to (1084, 626)
2025-11-26 19:40:55,843 [DEBUG] camera.run(): Captured frame at timestamp: 5215
2025-11-26 19:40:55,854 [DEBUG] smoother.update(): velocity=0.10444052401114944
2025-11-26 19:40:55,855 [DEBUG] controller._on_landmark_update(): Gesture detected: NONE
2025-11-26 19:40:55,855 [DEBUG] mapper.update_and_detect(): std=0.011451336069823794, velocity=0.03022364586320533
2025-11-26 19:40:55,855 [DEBUG] mapper.update_and_compute(): velocity=0.007187898211855142
2025-11-26 19:40:55,855 [DEBUG] mapper.mapping_use_palm(): mapping pos: (1104, 629)
2025-11-26 19:40:55,855 [INFO] mouse._move_mouse(): Moving mouse to (1104, 629)
2025-11-26 19:40:55,877 [DEBUG] camera.run(): Captured frame at timestamp: 5249
2025-11-26 19:40:55,888 [DEBUG] smoother.update(): velocity=0.09905242598760401
2025-11-26 19:40:55,889 [DEBUG] controller._on_landmark_update(): Gesture detected: NONE
2025-11-26 19:40:55,889 [DEBUG] mapper.update_and_detect(): std=0.011565633386785743, velocity=0.02959630332982044
2025-11-26 19:40:55,889 [DEBUG] mapper.update_and_compute(): velocity=0.006693350737248228
2025-11-26 19:40:55,889 [DEBUG] mapper.mapping_use_palm(): mapping pos: (1124, 630)
2025-11-26 19:40:55,889 [INFO] mouse._move_mouse(): Moving mouse to (1124, 630)
2025-11-26 19:40:55,907 [DEBUG] camera.run(): Captured frame at timestamp: 5280
2025-11-26 19:40:55,918 [DEBUG] smoother.update(): velocity=0.09075980961052901
2025-11-26 19:40:55,920 [DEBUG] controller._on_landmark_update(): Gesture detected: NONE
2025-11-26 19:40:55,920 [DEBUG] mapper.update_and_detect(): std=0.011423579154205814, velocity=0.028379020797770868
2025-11-26 19:40:55,920 [DEBUG] mapper.update_and_compute(): velocity=0.0060866460343348035
2025-11-26 19:40:55,920 [DEBUG] mapper.mapping_use_palm(): mapping pos: (1140, 632)
2025-11-26 19:40:55,920 [INFO] mouse._move_mouse(): Moving mouse to (1140, 632)
2025-11-26 19:40:55,945 [DEBUG] camera.run(): Captured frame at timestamp: 5317
2025-11-26 19:40:55,956 [DEBUG] smoother.update(): velocity=0.07406882310180009
2025-11-26 19:40:55,957 [DEBUG] controller._on_landmark_update(): Gesture detected: NONE
2025-11-26 19:40:55,957 [DEBUG] mapper.update_and_detect(): std=0.010974795692295035, velocity=0.026115766290385065
2025-11-26 19:40:55,957 [DEBUG] mapper.update_and_compute(): velocity=0.004887271501646965
2025-11-26 19:40:55,957 [DEBUG] mapper.update_and_compute(): slow movement detected, applying scaling factor: 1.0
2025-11-26 19:40:55,957 [DEBUG] mapper.mapping_use_palm(): mapping pos: (1149, 633)
2025-11-26 19:40:55,957 [INFO] mouse._move_mouse(): Moving mouse to (1149, 633)
2025-11-26 19:40:55,975 [DEBUG] camera.run(): Captured frame at timestamp: 5348
2025-11-26 19:40:55,986 [DEBUG] smoother.update(): velocity=0.051280177896522866
2025-11-26 19:40:55,988 [DEBUG] controller._on_landmark_update(): Gesture detected: NONE
2025-11-26 19:40:55,988 [DEBUG] mapper.update_and_detect(): std=0.010184261297580599, velocity=0.022811125571610615
2025-11-26 19:40:55,988 [DEBUG] mapper.update_and_compute(): velocity=0.0033710856240475938
2025-11-26 19:40:55,988 [DEBUG] mapper.update_and_compute(): slow movement detected, applying scaling factor: 0.9999999728452135
2025-11-26 19:40:55,988 [DEBUG] mapper.mapping_use_palm(): mapping pos: (1157, 635)
2025-11-26 19:40:55,988 [INFO] mouse._move_mouse(): Moving mouse to (1157, 635)
2025-11-26 19:40:56,009 [DEBUG] camera.run(): Captured frame at timestamp: 5381
2025-11-26 19:40:56,020 [DEBUG] smoother.update(): velocity=0.024824370976804053
2025-11-26 19:40:56,021 [DEBUG] controller._on_landmark_update(): Gesture detected: NONE
2025-11-26 19:40:56,021 [DEBUG] mapper.update_and_detect(): std=0.00907025252823752, velocity=0.018521188552542835
2025-11-26 19:40:56,022 [DEBUG] mapper.update_and_compute(): velocity=0.0018075568465776258
2025-11-26 19:40:56,022 [DEBUG] mapper.update_and_compute(): slow movement detected, applying scaling factor: 9.671966167415325e-07
2025-11-26 19:40:56,022 [DEBUG] mapper.mapping_use_palm(): mapping pos: (1157, 635)
2025-11-26 19:40:56,022 [INFO] mouse._move_mouse(): Moving mouse to (1157, 635)
2025-11-26 19:40:56,042 [DEBUG] camera.run(): Captured frame at timestamp: 5415
2025-11-26 19:40:56,053 [DEBUG] smoother.update(): velocity=0.018846756450139217
2025-11-26 19:40:56,055 [DEBUG] controller._on_landmark_update(): Gesture detected: NONE
2025-11-26 19:40:56,055 [DEBUG] mapper.update_and_detect(): std=0.007632902794375204, velocity=0.013226376499435755
2025-11-26 19:40:56,055 [DEBUG] mapper.update_and_compute(): velocity=0.0025450403309959266
2025-11-26 19:40:56,055 [DEBUG] mapper.update_and_compute(): slow movement detected, applying scaling factor: 0.7111152350568042
2025-11-26 19:40:56,055 [DEBUG] mapper.mapping_use_palm(): mapping pos: (1163, 639)
2025-11-26 19:40:56,055 [INFO] mouse._move_mouse(): Moving mouse to (1163, 639)
2025-11-26 19:40:56,077 [DEBUG] camera.run(): Captured frame at timestamp: 5449
2025-11-26 19:40:56,088 [DEBUG] smoother.update(): velocity=0.03524166276457264
2025-11-26 19:40:56,089 [DEBUG] controller._on_landmark_update(): Gesture detected: NONE
2025-11-26 19:40:56,089 [DEBUG] mapper.update_and_detect(): std=0.005967418601751579, velocity=0.007720734677430765
2025-11-26 19:40:56,089 [DEBUG] mapper.update_and_compute(): velocity=0.0026072567786497
2025-11-26 19:40:56,089 [DEBUG] mapper.update_and_compute(): slow movement detected, applying scaling factor: 0.8952133388853827
2025-11-26 19:40:56,089 [DEBUG] mapper.mapping_use_palm(): mapping pos: (1161, 643)
2025-11-26 19:40:56,089 [INFO] mouse._move_mouse(): Moving mouse to (1161, 643)
2025-11-26 19:40:56,109 [DEBUG] camera.run(): Captured frame at timestamp: 5482
2025-11-26 19:40:56,119 [DEBUG] smoother.update(): velocity=0.05527084812493446
2025-11-26 19:40:56,121 [DEBUG] controller._on_landmark_update(): Gesture detected: NONE
2025-11-26 19:40:56,121 [DEBUG] mapper.update_and_detect(): std=0.004241760065139051, velocity=0.003773475116751465
2025-11-26 19:40:56,121 [DEBUG] mapper.update_and_compute(): velocity=0.0040444074930350215
2025-11-26 19:40:56,121 [DEBUG] mapper.update_and_compute(): slow movement detected, applying scaling factor: 0.9999999999999616
2025-11-26 19:40:56,121 [DEBUG] mapper.mapping_use_palm(): mapping pos: (1151, 647)
2025-11-26 19:40:56,121 [INFO] mouse._move_mouse(): Moving mouse to (1151, 647)
2025-11-26 19:40:56,143 [DEBUG] camera.run(): Captured frame at timestamp: 5515
2025-11-26 19:40:56,153 [DEBUG] smoother.update(): velocity=0.07169661119089031
2025-11-26 19:40:56,155 [DEBUG] controller._on_landmark_update(): Gesture detected: NONE
2025-11-26 19:40:56,155 [DEBUG] mapper.update_and_detect(): std=0.0030535112831757963, velocity=0.006051271183905641
2025-11-26 19:40:56,155 [DEBUG] mapper.update_and_compute(): velocity=0.004988044316054978
2025-11-26 19:40:56,155 [DEBUG] mapper.update_and_compute(): slow movement detected, applying scaling factor: 1.0
2025-11-26 19:40:56,155 [DEBUG] mapper.mapping_use_palm(): mapping pos: (1138, 646)
2025-11-26 19:40:56,155 [INFO] mouse._move_mouse(): Moving mouse to (1138, 646)
2025-11-26 19:40:56,176 [DEBUG] camera.run(): Captured frame at timestamp: 5548
2025-11-26 19:40:56,187 [DEBUG] smoother.update(): velocity=0.08580893586458482
2025-11-26 19:40:56,188 [DEBUG] controller._on_landmark_update(): Gesture detected: NONE
2025-11-26 19:40:56,188 [DEBUG] mapper.update_and_detect(): std=0.0034123574117687623, velocity=0.011427625751851786
2025-11-26 19:40:56,188 [DEBUG] mapper.update_and_compute(): velocity=0.006117142190117357
2025-11-26 19:40:56,188 [DEBUG] mapper.mapping_use_palm(): mapping pos: (1121, 644)
2025-11-26 19:40:56,188 [INFO] mouse._move_mouse(): Moving mouse to (1121, 644)
2025-11-26 19:40:56,209 [DEBUG] camera.run(): Captured frame at timestamp: 5581
2025-11-26 19:40:56,220 [DEBUG] smoother.update(): velocity=0.09611396915144513
2025-11-26 19:40:56,221 [DEBUG] controller._on_landmark_update(): Gesture detected: NONE
2025-11-26 19:40:56,222 [DEBUG] mapper.update_and_detect(): std=0.0049085078651353135, velocity=0.016607197279118014
2025-11-26 19:40:56,222 [DEBUG] mapper.update_and_compute(): velocity=0.006980920438212805
2025-11-26 19:40:56,222 [DEBUG] mapper.mapping_use_palm(): mapping pos: (1106, 642)
2025-11-26 19:40:56,222 [INFO] mouse._move_mouse(): Moving mouse to (1106, 642)
2025-11-26 19:40:56,243 [DEBUG] camera.run(): Captured frame at timestamp: 5615
2025-11-26 19:40:56,254 [DEBUG] smoother.update(): velocity=0.10511624593459994
2025-11-26 19:40:56,255 [DEBUG] controller._on_landmark_update(): Gesture detected: NONE
2025-11-26 19:40:56,255 [DEBUG] mapper.update_and_detect(): std=0.006589606420292676, velocity=0.02092029895951686
2025-11-26 19:40:56,255 [DEBUG] mapper.update_and_compute(): velocity=0.007323906115514906
2025-11-26 19:40:56,255 [DEBUG] mapper.mapping_use_palm(): mapping pos: (1091, 639)
2025-11-26 19:40:56,255 [INFO] mouse._move_mouse(): Moving mouse to (1091, 639)
2025-11-26 19:40:56,277 [DEBUG] camera.run(): Captured frame at timestamp: 5649
2025-11-26 19:40:56,287 [DEBUG] smoother.update(): velocity=0.1059133849169182
2025-11-26 19:40:56,289 [DEBUG] controller._on_landmark_update(): Gesture detected: NONE
2025-11-26 19:40:56,289 [DEBUG] mapper.update_and_detect(): std=0.008116075850837415, velocity=0.024333002790158383
2025-11-26 19:40:56,289 [DEBUG] mapper.update_and_compute(): velocity=0.007610195660688589
2025-11-26 19:40:56,289 [DEBUG] mapper.mapping_use_palm(): mapping pos: (1071, 635)
2025-11-26 19:40:56,289 [INFO] mouse._move_mouse(): Moving mouse to (1071, 635)
2025-11-26 19:40:56,309 [DEBUG] camera.run(): Captured frame at timestamp: 5681
2025-11-26 19:40:56,319 [DEBUG] smoother.update(): velocity=0.10563428521185253
2025-11-26 19:40:56,321 [DEBUG] controller._on_landmark_update(): Gesture detected: NONE
2025-11-26 19:40:56,321 [DEBUG] mapper.update_and_detect(): std=0.009339320866044058, velocity=0.026875253702704716
2025-11-26 19:40:56,321 [DEBUG] mapper.update_and_compute(): velocity=0.00773470546899679
2025-11-26 19:40:56,321 [DEBUG] mapper.mapping_use_palm(): mapping pos: (1050, 632)
2025-11-26 19:40:56,321 [INFO] mouse._move_mouse(): Moving mouse to (1050, 632)
2025-11-26 19:40:56,343 [DEBUG] camera.run(): Captured frame at timestamp: 5715
2025-11-26 19:40:56,353 [DEBUG] smoother.update(): velocity=0.10205441927817607
2025-11-26 19:40:56,355 [DEBUG] controller._on_landmark_update(): Gesture detected: NONE
2025-11-26 19:40:56,355 [DEBUG] mapper.update_and_detect(): std=0.010188763815864916, velocity=0.028274191434978804
2025-11-26 19:40:56,355 [DEBUG] mapper.update_and_compute(): velocity=0.007376007804536315
2025-11-26 19:40:56,355 [DEBUG] mapper.mapping_use_palm(): mapping pos: (1032, 627)
2025-11-26 19:40:56,355 [INFO] mouse._move_mouse(): Moving mouse to (1032, 627)
2025-11-26 19:40:56,376 [DEBUG] camera.run(): Captured frame at timestamp: 5748
2025-11-26 19:40:56,386 [DEBUG] smoother.update(): velocity=0.09911288026457911
2025-11-26 19:40:56,387 [DEBUG] controller._on_landmark_update(): Gesture detected: NONE
2025-11-26 19:40:56,388 [DEBUG] mapper.update_and_detect(): std=0.010669448431854545, velocity=0.028680635269863433
2025-11-26 19:40:56,388 [DEBUG] mapper.update_and_compute(): velocity=0.006955989154433622
2025-11-26 19:40:56,388 [DEBUG] mapper.mapping_use_palm(): mapping pos: (1013, 622)
2025-11-26 19:40:56,388 [INFO] mouse._move_mouse(): Moving mouse to (1013, 622)
2025-11-26 19:40:56,410 [DEBUG] camera.run(): Captured frame at timestamp: 5782
2025-11-26 19:40:56,421 [DEBUG] smoother.update(): velocity=0.09085519388924738
2025-11-26 19:40:56,422 [DEBUG] controller._on_landmark_update(): Gesture detected: NONE
2025-11-26 19:40:56,422 [DEBUG] mapper.update_and_detect(): std=0.010784124141819744, velocity=0.028211156018011944
2025-11-26 19:40:56,422 [DEBUG] mapper.update_and_compute(): velocity=0.006377135571015621
2025-11-26 19:40:56,422 [DEBUG] mapper.mapping_use_palm(): mapping pos: (996, 617)
2025-11-26 19:40:56,422 [INFO] mouse._move_mouse(): Moving mouse to (996, 617)
2025-11-26 19:40:56,443 [DEBUG] camera.run(): Captured frame at timestamp: 5815
2025-11-26 19:40:56,454 [DEBUG] smoother.update(): velocity=0.08166104331868404
2025-11-26 19:40:56,455 [DEBUG] controller._on_landmark_update(): Gesture detected: NONE
2025-11-26 19:40:56,455 [DEBUG] mapper.update_and_detect(): std=0.010606173462187436, velocity=0.02713485270778335
2025-11-26 19:40:56,455 [DEBUG] mapper.update_and_compute(): velocity=0.0058451732991458005
2025-11-26 19:40:56,455 [DEBUG] mapper.mapping_use_palm(): mapping pos: (981, 611)
2025-11-26 19:40:56,455 [INFO] mouse._move_mouse(): Moving mouse to (981, 611)
2025-11-26 19:40:56,477 [DEBUG] camera.run(): Captured frame at timestamp: 5850
2025-11-26 19:40:56,488 [DEBUG] smoother.update(): velocity=0.06753299365111988
2025-11-26 19:40:56,489 [DEBUG] controller._on_landmark_update(): Gesture detected: NONE
2025-11-26 19:40:56,489 [DEBUG] mapper.update_and_detect(): std=0.010146171607985076, velocity=0.025179969651310776
2025-11-26 19:40:56,489 [DEBUG] mapper.update_and_compute(): velocity=0.004784336706728535
2025-11-26 19:40:56,489 [DEBUG] mapper.update_and_compute(): slow movement detected, applying scaling factor: 1.0
2025-11-26 19:40:56,489 [DEBUG] mapper.mapping_use_palm(): mapping pos: (970, 608)
2025-11-26 19:40:56,489 [INFO] mouse._move_mouse(): Moving mouse to (970, 608)
2025-11-26 19:40:56,509 [DEBUG] camera.run(): Captured frame at timestamp: 5881
2025-11-26 19:40:56,519 [DEBUG] smoother.update(): velocity=0.054183801058223596
2025-11-26 19:40:56,521 [DEBUG] controller._on_landmark_update(): Gesture detected: NONE
2025-11-26 19:40:56,521 [DEBUG] mapper.update_and_detect(): std=0.00942704233758463, velocity=0.02257382227773412
2025-11-26 19:40:56,521 [DEBUG] mapper.update_and_compute(): velocity=0.00380905345102652
2025-11-26 19:40:56,521 [DEBUG] mapper.update_and_compute(): slow movement detected, applying scaling factor: 0.9999999999957372
2025-11-26 19:40:56,521 [DEBUG] mapper.mapping_use_palm(): mapping pos: (961, 606)
2025-11-26 19:40:56,521 [INFO] mouse._move_mouse(): Moving mouse to (961, 606)
2025-11-26 19:40:56,543 [DEBUG] camera.run(): Captured frame at timestamp: 5915
2025-11-26 19:40:56,554 [DEBUG] smoother.update(): velocity=0.03932677126343371
2025-11-26 19:40:56,555 [DEBUG] controller._on_landmark_update(): Gesture detected: NONE
2025-11-26 19:40:56,556 [DEBUG] mapper.update_and_detect(): std=0.008470847752439227, velocity=0.019494853296329058
2025-11-26 19:40:56,556 [DEBUG] mapper.update_and_compute(): velocity=0.002839250283544036
2025-11-26 19:40:56,556 [DEBUG] mapper.update_and_compute(): slow movement detected, applying scaling factor: 0.9988706755236137
2025-11-26 19:40:56,556 [DEBUG] mapper.mapping_use_palm(): mapping pos: (952, 603)
2025-11-26 19:40:56,556 [INFO] mouse._move_mouse(): Moving mouse to (952, 603)
2025-11-26 19:40:56,576 [DEBUG] camera.run(): Captured frame at timestamp: 5948
2025-11-26 19:40:56,586 [DEBUG] smoother.update(): velocity=0.02282922724585992
2025-11-26 19:40:56,588 [DEBUG] controller._on_landmark_update(): Gesture detected: NONE
2025-11-26 19:40:56,588 [DEBUG] mapper.update_and_detect(): std=0.00735020833286917, velocity=0.015759084740977338
2025-11-26 19:40:56,588 [DEBUG] mapper.update_and_compute(): velocity=0.001662938247736211
2025-11-26 19:40:56,588 [DEBUG] mapper.update_and_compute(): slow movement detected, applying scaling factor: 5.362582372904542e-08
2025-11-26 19:40:56,588 [DEBUG] mapper.mapping_use_palm(): mapping pos: (952, 603)
2025-11-26 19:40:56,588 [INFO] mouse._move_mouse(): Moving mouse to (952, 603)
2025-11-26 19:40:56,610 [DEBUG] camera.run(): Captured frame at timestamp: 5982
2025-11-26 19:40:56,620 [DEBUG] smoother.update(): velocity=0.025007690739817814
2025-11-26 19:40:56,622 [DEBUG] controller._on_landmark_update(): Gesture detected: NONE
2025-11-26 19:40:56,622 [DEBUG] mapper.update_and_detect(): std=0.006080131663413208, velocity=0.011577430376502251
2025-11-26 19:40:56,622 [DEBUG] mapper.update_and_compute(): velocity=0.0020873440649720743
2025-11-26 19:40:56,622 [DEBUG] mapper.update_and_compute(): slow movement detected, applying scaling factor: 0.00026037722535528094
2025-11-26 19:40:56,622 [DEBUG] mapper.mapping_use_palm(): mapping pos: (952, 603)
2025-11-26 19:40:56,622 [INFO] mouse._move_mouse(): Moving mouse to (952, 603)
2025-11-26 19:40:56,643 [DEBUG] camera.run(): Captured frame at timestamp: 6016
2025-11-26 19:40:56,654 [DEBUG] smoother.update(): velocity=0.06567875221305167
2025-11-26 19:40:56,656 [DEBUG] controller._on_landmark_update(): Gesture detected: NONE
2025-11-26 19:40:56,656 [DEBUG] mapper.update_and_detect(): std=0.004801408017940391, velocity=0.007895816865491104
2025-11-26 19:40:56,656 [DEBUG] mapper.update_and_compute(): velocity=0.0032741195216048013
2025-11-26 19:40:56,656 [DEBUG] mapper.update_and_compute(): slow movement detected, applying scaling factor: 0.9999998111646983
2025-11-26 19:40:56,656 [DEBUG] mapper.mapping_use_palm(): mapping pos: (943, 594)
2025-11-26 19:40:56,656 [INFO] mouse._move_mouse(): Moving mouse to (943, 594)
2025-11-26 19:40:56,677 [DEBUG] camera.run(): Captured frame at timestamp: 6050
2025-11-26 19:40:56,688 [DEBUG] smoother.update(): velocity=0.09139072168976783
2025-11-26 19:40:56,689 [DEBUG] controller._on_landmark_update(): Gesture detected: NONE
2025-11-26 19:40:56,690 [DEBUG] mapper.update_and_detect(): std=0.0036100449971491074, velocity=0.005792712304802912
2025-11-26 19:40:56,690 [DEBUG] mapper.update_and_compute(): velocity=0.0025892320690679214
2025-11-26 19:40:56,690 [DEBUG] mapper.update_and_compute(): slow movement detected, applying scaling factor: 0.8562690368325918
2025-11-26 19:40:56,690 [DEBUG] mapper.mapping_use_palm(): mapping pos: (942, 589)
2025-11-26 19:40:56,690 [INFO] mouse._move_mouse(): Moving mouse to (942, 589)
2025-11-26 19:40:56,709 [DEBUG] camera.run(): Captured frame at timestamp: 6082
2025-11-26 19:40:56,720 [DEBUG] smoother.update(): velocity=0.0960224878858689
2025-11-26 19:40:56,721 [DEBUG] controller._on_landmark_update(): Gesture detected: LEFT_PRESS
2025-11-26 19:40:56,721 [DEBUG] mapper.update_and_detect(): std=0.0024751537066414237, velocity=0.005434681561854374
2025-11-26 19:40:56,721 [DEBUG] mapper.update_and_compute(): velocity=0.002950450123988339
2025-11-26 19:40:56,721 [DEBUG] mapper.update_and_compute(): slow movement detected, applying scaling factor: 0.9998777111606882
2025-11-26 19:40:56,721 [DEBUG] mapper.mapping_use_palm(): mapping pos: (946, 584)
2025-11-26 19:40:56,721 [INFO] mouse._left_release(): Left mouse button released
2025-11-26 19:40:56,743 [DEBUG] camera.run(): Captured frame at timestamp: 6116
2025-11-26 19:40:56,754 [DEBUG] smoother.update(): velocity=0.08744314117326792
2025-11-26 19:40:56,755 [DEBUG] controller._on_landmark_update(): Gesture detected: LEFT_PRESS
2025-11-26 19:40:56,756 [DEBUG] mapper.update_and_detect(): std=0.0021121719808636892, velocity=0.006017249532926402
2025-11-26 19:40:56,756 [DEBUG] mapper.update_and_compute(): velocity=0.0022359923555319797
2025-11-26 19:40:56,756 [DEBUG] mapper.update_and_compute(): slow movement detected, applying scaling factor: 0.005065858682846632
2025-11-26 19:40:56,756 [DEBUG] mapper.mapping_use_palm(): mapping pos: (947, 584)
2025-11-26 19:40:56,777 [DEBUG] camera.run(): Captured frame at timestamp: 6149
2025-11-26 19:40:56,787 [DEBUG] smoother.update(): velocity=0.07596977794303092
2025-11-26 19:40:56,788 [DEBUG] controller._on_landmark_update(): Gesture detected: LEFT_PRESS
2025-11-26 19:40:56,789 [DEBUG] mapper.update_and_detect(): std=0.002143030235711895, velocity=0.006772844961020954
2025-11-26 19:40:56,789 [DEBUG] mapper.update_and_compute(): velocity=0.004074407087460053
2025-11-26 19:40:56,789 [DEBUG] mapper.update_and_compute(): slow movement detected, applying scaling factor: 0.9999999999999789
2025-11-26 19:40:56,789 [DEBUG] mapper.mapping_use_palm(): mapping pos: (959, 580)
2025-11-26 19:40:56,812 [DEBUG] camera.run(): Captured frame at timestamp: 6184
2025-11-26 19:40:56,823 [DEBUG] smoother.update(): velocity=0.05377713878093448
2025-11-26 19:40:56,824 [DEBUG] controller._on_landmark_update(): Gesture detected: LEFT_PRESS
2025-11-26 19:40:56,824 [DEBUG] mapper.update_and_detect(): std=0.0026642104305928407, velocity=0.007164849189903508
2025-11-26 19:40:56,824 [DEBUG] mapper.update_and_compute(): velocity=0.0018036601160526346
2025-11-26 19:40:56,824 [DEBUG] mapper.update_and_compute(): slow movement detected, applying scaling factor: 8.946810296659794e-07
2025-11-26 19:40:56,824 [DEBUG] mapper.mapping_use_palm(): mapping pos: (959, 580)
2025-11-26 19:40:56,844 [DEBUG] camera.run(): Captured frame at timestamp: 6216
2025-11-26 19:40:56,854 [DEBUG] smoother.update(): velocity=0.04173186469425526
2025-11-26 19:40:56,856 [DEBUG] controller._on_landmark_update(): Gesture detected: LEFT_PRESS
2025-11-26 19:40:56,856 [DEBUG] mapper.update_and_detect(): std=0.003014325394095724, velocity=0.007772471765483063
2025-11-26 19:40:56,856 [DEBUG] mapper.update_and_compute(): velocity=0.0040635937115151115
2025-11-26 19:40:56,856 [DEBUG] mapper.update_and_compute(): slow movement detected, applying scaling factor: 0.9999999999999738
2025-11-26 19:40:56,856 [DEBUG] mapper.mapping_use_palm(): mapping pos: (960, 575)
2025-11-26 19:40:56,877 [DEBUG] camera.run(): Captured frame at timestamp: 6250
2025-11-26 19:40:56,888 [DEBUG] smoother.update(): velocity=0.03489219575994813
2025-11-26 19:40:56,889 [DEBUG] controller._on_landmark_update(): Gesture detected: LEFT_PRESS
2025-11-26 19:40:56,889 [DEBUG] mapper.update_and_detect(): std=0.0031660400533099157, velocity=0.007890326333278257
2025-11-26 19:40:56,889 [DEBUG] mapper.update_and_compute(): velocity=0.0021057199639682796
2025-11-26 19:40:56,889 [DEBUG] mapper.update_and_compute(): slow movement detected, applying scaling factor: 0.000375979186740879
2025-11-26 19:40:56,889 [DEBUG] mapper.mapping_use_palm(): mapping pos: (960, 575)
2025-11-26 19:40:56,911 [DEBUG] camera.run(): Captured frame at timestamp: 6283
2025-11-26 19:40:56,921 [DEBUG] smoother.update(): velocity=0.05098817831462821
2025-11-26 19:40:56,922 [DEBUG] controller._on_landmark_update(): Gesture detected: LEFT_RELEASE
2025-11-26 19:40:56,922 [DEBUG] mapper.update_and_detect(): std=0.0031329622738790843, velocity=0.007393465069832036
2025-11-26 19:40:56,922 [DEBUG] mapper.update_and_compute(): velocity=0.003758197564315393
2025-11-26 19:40:56,922 [DEBUG] mapper.update_and_compute(): slow movement detected, applying scaling factor: 0.9999999999882121
2025-11-26 19:40:56,922 [DEBUG] mapper.mapping_use_palm(): mapping pos: (964, 575)
2025-11-26 19:40:56,923 [INFO] mouse._left_press(): Left mouse button pressed
2025-11-26 19:40:56,943 [DEBUG] camera.run(): Captured frame at timestamp: 6316
2025-11-26 19:40:56,954 [DEBUG] smoother.update(): velocity=0.06420809414592792
2025-11-26 19:40:56,955 [DEBUG] controller._on_landmark_update(): Gesture detected: LEFT_RELEASE
2025-11-26 19:40:56,956 [DEBUG] mapper.update_and_detect(): std=0.0029945404449185976, velocity=0.006869967330010612
2025-11-26 19:40:56,956 [DEBUG] mapper.update_and_compute(): velocity=0.002037725011577671
2025-11-26 19:40:56,956 [DEBUG] mapper.update_and_compute(): slow movement detected, applying scaling factor: 9.653583137638447e-05
2025-11-26 19:40:56,956 [DEBUG] mapper.mapping_use_palm(): mapping pos: (964, 575)
2025-11-26 19:40:56,979 [DEBUG] camera.run(): Captured frame at timestamp: 6351
2025-11-26 19:40:56,990 [DEBUG] smoother.update(): velocity=0.06504623320802011
2025-11-26 19:40:56,991 [DEBUG] controller._on_landmark_update(): Gesture detected: LEFT_RELEASE
2025-11-26 19:40:56,991 [DEBUG] mapper.update_and_detect(): std=0.0027898578898314296, velocity=0.0067500616088065546
2025-11-26 19:40:56,991 [DEBUG] mapper.update_and_compute(): velocity=0.00443213864783852
2025-11-26 19:40:56,991 [DEBUG] mapper.update_and_compute(): slow movement detected, applying scaling factor: 1.0
2025-11-26 19:40:56,991 [DEBUG] mapper.mapping_use_palm(): mapping pos: (972, 583)
2025-11-26 19:40:57,011 [DEBUG] camera.run(): Captured frame at timestamp: 6384
2025-11-26 19:40:57,022 [DEBUG] smoother.update(): velocity=0.05885400089431175
2025-11-26 19:40:57,023 [DEBUG] controller._on_landmark_update(): Gesture detected: LEFT_RELEASE
2025-11-26 19:40:57,023 [DEBUG] mapper.update_and_detect(): std=0.0025234373886016286, velocity=0.006989034640151723
2025-11-26 19:40:57,023 [DEBUG] mapper.update_and_compute(): velocity=0.00253613323898463
2025-11-26 19:40:57,023 [DEBUG] mapper.update_and_compute(): slow movement detected, applying scaling factor: 0.6731935495952382
2025-11-26 19:40:57,023 [DEBUG] mapper.mapping_use_palm(): mapping pos: (975, 587)
2025-11-26 19:40:57,046 [DEBUG] camera.run(): Captured frame at timestamp: 6418
2025-11-26 19:40:57,057 [DEBUG] smoother.update(): velocity=0.05038234589385248
2025-11-26 19:40:57,058 [DEBUG] controller._on_landmark_update(): Gesture detected: LEFT_RELEASE
2025-11-26 19:40:57,058 [DEBUG] mapper.update_and_detect(): std=0.0022021494631873245, velocity=0.007258359902632681
2025-11-26 19:40:57,058 [DEBUG] mapper.update_and_compute(): velocity=0.003015782221707825
2025-11-26 19:40:57,058 [DEBUG] mapper.update_and_compute(): slow movement detected, applying scaling factor: 0.9999668900774183
2025-11-26 19:40:57,058 [DEBUG] mapper.mapping_use_palm(): mapping pos: (982, 593)
2025-11-26 19:40:57,079 [DEBUG] camera.run(): Captured frame at timestamp: 6452
2025-11-26 19:40:57,090 [DEBUG] smoother.update(): velocity=0.04228130305348181
2025-11-26 19:40:57,091 [DEBUG] controller._on_landmark_update(): Gesture detected: LEFT_RELEASE
2025-11-26 19:40:57,091 [DEBUG] mapper.update_and_detect(): std=0.0026503213173697873, velocity=0.007571667905920691
2025-11-26 19:40:57,091 [DEBUG] mapper.update_and_compute(): velocity=0.0019788902719419517
2025-11-26 19:40:57,091 [DEBUG] mapper.update_and_compute(): slow movement detected, applying scaling factor: 2.9763601856286864e-05
2025-11-26 19:40:57,091 [DEBUG] mapper.mapping_use_palm(): mapping pos: (982, 593)
2025-11-26 19:40:57,113 [DEBUG] camera.run(): Captured frame at timestamp: 6485
2025-11-26 19:40:57,123 [DEBUG] smoother.update(): velocity=0.03405088484792923
2025-11-26 19:40:57,124 [DEBUG] controller._on_landmark_update(): Gesture detected: LEFT_RELEASE
2025-11-26 19:40:57,125 [DEBUG] mapper.update_and_detect(): std=0.0032593964009649487, velocity=0.00732166668004674
2025-11-26 19:40:57,125 [DEBUG] mapper.update_and_compute(): velocity=0.0032787653494366535
2025-11-26 19:40:57,125 [DEBUG] mapper.update_and_compute(): slow movement detected, applying scaling factor: 0.9999998279201393
2025-11-26 19:40:57,125 [DEBUG] mapper.mapping_use_palm(): mapping pos: (988, 601)
2025-11-26 19:40:57,146 [DEBUG] camera.run(): Captured frame at timestamp: 6519
2025-11-26 19:40:57,157 [DEBUG] smoother.update(): velocity=0.026663206838487108
2025-11-26 19:40:57,158 [DEBUG] controller._on_landmark_update(): Gesture detected: NONE
2025-11-26 19:40:57,158 [DEBUG] mapper.update_and_detect(): std=0.0036115624253583397, velocity=0.006604829102378331
2025-11-26 19:40:57,158 [DEBUG] mapper.update_and_compute(): velocity=0.0011184949791878509
2025-11-26 19:40:57,158 [DEBUG] mapper.update_and_compute(): slow movement detected, applying scaling factor: 1.000921123658624e-12
2025-11-26 19:40:57,158 [DEBUG] mapper.mapping_use_palm(): mapping pos: (988, 601)
2025-11-26 19:40:57,158 [INFO] mouse._move_mouse(): Moving mouse to (988, 601)
2025-11-26 19:40:57,177 [DEBUG] camera.run(): Captured frame at timestamp: 6550
2025-11-26 19:40:57,188 [DEBUG] smoother.update(): velocity=0.022675398484590593
2025-11-26 19:40:57,189 [DEBUG] controller._on_landmark_update(): Gesture detected: NONE
2025-11-26 19:40:57,189 [DEBUG] mapper.update_and_detect(): std=0.003618763754062252, velocity=0.005766936714637857
2025-11-26 19:40:57,189 [DEBUG] mapper.update_and_compute(): velocity=0.002127387407848047
2025-11-26 19:40:57,189 [DEBUG] mapper.update_and_compute(): slow movement detected, applying scaling factor: 0.0005797974099697099
2025-11-26 19:40:57,189 [DEBUG] mapper.mapping_use_palm(): mapping pos: (988, 601)
2025-11-26 19:40:57,189 [INFO] mouse._move_mouse(): Moving mouse to (988, 601)
2025-11-26 19:40:57,210 [DEBUG] camera.run(): Captured frame at timestamp: 6582
2025-11-26 19:40:57,221 [DEBUG] smoother.update(): velocity=0.019376507014531117
2025-11-26 19:40:57,222 [DEBUG] controller._on_landmark_update(): Gesture detected: NONE
2025-11-26 19:40:57,222 [DEBUG] mapper.update_and_detect(): std=0.003364997931292043, velocity=0.004827999367842813
2025-11-26 19:40:57,222 [DEBUG] mapper.update_and_compute(): velocity=0.002890085835578797
2025-11-26 19:40:57,222 [DEBUG] mapper.update_and_compute(): slow movement detected, applying scaling factor: 0.9995911350533052
2025-11-26 19:40:57,223 [DEBUG] mapper.mapping_use_palm(): mapping pos: (985, 610)
2025-11-26 19:40:57,223 [INFO] mouse._move_mouse(): Moving mouse to (985, 610)
2025-11-26 19:40:57,243 [DEBUG] camera.run(): Captured frame at timestamp: 6616
2025-11-26 19:40:57,254 [DEBUG] smoother.update(): velocity=0.017310347078473353
2025-11-26 19:40:57,255 [DEBUG] controller._on_landmark_update(): Gesture detected: NONE
2025-11-26 19:40:57,255 [DEBUG] mapper.update_and_detect(): std=0.002919037941714686, velocity=0.004183588567027781
2025-11-26 19:40:57,255 [DEBUG] mapper.update_and_compute(): velocity=0.0009286519890968102
2025-11-26 19:40:57,255 [DEBUG] mapper.update_and_compute(): slow movement detected, applying scaling factor: 2.2461801982754753e-14
2025-11-26 19:40:57,255 [DEBUG] mapper.mapping_use_palm(): mapping pos: (985, 610)
2025-11-26 19:40:57,255 [INFO] mouse._move_mouse(): Moving mouse to (985, 610)
2025-11-26 19:40:57,277 [DEBUG] camera.run(): Captured frame at timestamp: 6649
2025-11-26 19:40:57,288 [DEBUG] smoother.update(): velocity=0.014418303720657073
2025-11-26 19:40:57,289 [DEBUG] controller._on_landmark_update(): Gesture detected: NONE
2025-11-26 19:40:57,289 [DEBUG] mapper.update_and_detect(): std=0.0024126755542936444, velocity=0.0036080945937120683
2025-11-26 19:40:57,289 [DEBUG] mapper.update_and_compute(): velocity=0.0015803298371498105
2025-11-26 19:40:57,289 [DEBUG] mapper.update_and_compute(): slow movement detected, applying scaling factor: 1.0276529129162503e-08
2025-11-26 19:40:57,289 [DEBUG] mapper.mapping_use_palm(): mapping pos: (985, 610)
2025-11-26 19:40:57,289 [INFO] mouse._move_mouse(): Moving mouse to (985, 610)
2025-11-26 19:40:57,310 [DEBUG] camera.run(): Captured frame at timestamp: 6682
2025-11-26 19:40:57,320 [DEBUG] smoother.update(): velocity=0.014572959552377862
2025-11-26 19:40:57,322 [DEBUG] controller._on_landmark_update(): Gesture detected: NONE
2025-11-26 19:40:57,322 [DEBUG] mapper.update_and_detect(): std=0.0019447225747441141, velocity=0.003374109710977747
2025-11-26 19:40:57,322 [DEBUG] mapper.update_and_compute(): velocity=0.0024391539015566287
2025-11-26 19:40:57,322 [DEBUG] mapper.update_and_compute(): slow movement detected, applying scaling factor: 0.2284785804407575
2025-11-26 19:40:57,322 [DEBUG] mapper.mapping_use_palm(): mapping pos: (985, 611)
2025-11-26 19:40:57,322 [INFO] mouse._move_mouse(): Moving mouse to (985, 611)
2025-11-26 19:40:57,343 [DEBUG] camera.run(): Captured frame at timestamp: 6715
2025-11-26 19:40:57,354 [DEBUG] smoother.update(): velocity=0.022313857160605077
2025-11-26 19:40:57,355 [DEBUG] controller._on_landmark_update(): Gesture detected: NONE
2025-11-26 19:40:57,355 [DEBUG] mapper.update_and_detect(): std=0.0015382444992745395, velocity=0.0032346237252847757
2025-11-26 19:40:57,355 [DEBUG] mapper.update_and_compute(): velocity=0.002702093379448019
2025-11-26 19:40:57,355 [DEBUG] mapper.update_and_compute(): slow movement detected, applying scaling factor: 0.9827385528346395
2025-11-26 19:40:57,355 [DEBUG] mapper.mapping_use_palm(): mapping pos: (981, 617)
2025-11-26 19:40:57,355 [INFO] mouse._move_mouse(): Moving mouse to (981, 617)
2025-11-26 19:40:57,377 [DEBUG] camera.run(): Captured frame at timestamp: 6749
2025-11-26 19:40:57,387 [DEBUG] smoother.update(): velocity=0.040553189873080354
2025-11-26 19:40:57,389 [DEBUG] controller._on_landmark_update(): Gesture detected: NONE
2025-11-26 19:40:57,389 [DEBUG] mapper.update_and_detect(): std=0.0013984309959857216, velocity=0.0041360855737776
2025-11-26 19:40:57,389 [DEBUG] mapper.update_and_compute(): velocity=0.002066522771191218
2025-11-26 19:40:57,389 [DEBUG] mapper.update_and_compute(): slow movement detected, applying scaling factor: 0.00017170781103914521
2025-11-26 19:40:57,389 [DEBUG] mapper.mapping_use_palm(): mapping pos: (981, 617)
2025-11-26 19:40:57,389 [INFO] mouse._move_mouse(): Moving mouse to (981, 617)
2025-11-26 19:40:57,409 [DEBUG] camera.run(): Captured frame at timestamp: 6782
2025-11-26 19:40:57,420 [DEBUG] smoother.update(): velocity=0.0512414587962071
2025-11-26 19:40:57,421 [DEBUG] controller._on_landmark_update(): Gesture detected: NONE
2025-11-26 19:40:57,421 [DEBUG] mapper.update_and_detect(): std=0.0015710761388958905, velocity=0.00549828842114536
2025-11-26 19:40:57,421 [DEBUG] mapper.update_and_compute(): velocity=0.004650506657512672
2025-11-26 19:40:57,421 [DEBUG] mapper.update_and_compute(): slow movement detected, applying scaling factor: 1.0
2025-11-26 19:40:57,421 [DEBUG] mapper.mapping_use_palm(): mapping pos: (991, 627)
2025-11-26 19:40:57,421 [INFO] mouse._move_mouse(): Moving mouse to (991, 627)
2025-11-26 19:40:57,443 [DEBUG] camera.run(): Captured frame at timestamp: 6815
2025-11-26 19:40:57,453 [DEBUG] smoother.update(): velocity=0.05145695478254938
2025-11-26 19:40:57,454 [DEBUG] controller._on_landmark_update(): Gesture detected: NONE
2025-11-26 19:40:57,455 [DEBUG] mapper.update_and_detect(): std=0.0017014980028690029, velocity=0.005999460958511216
2025-11-26 19:40:57,455 [DEBUG] mapper.update_and_compute(): velocity=0.0019428372409809017
2025-11-26 19:40:57,455 [DEBUG] mapper.update_and_compute(): slow movement detected, applying scaling factor: 1.4472364076980352e-05
2025-11-26 19:40:57,455 [DEBUG] mapper.mapping_use_palm(): mapping pos: (991, 627)
2025-11-26 19:40:57,455 [INFO] mouse._move_mouse(): Moving mouse to (991, 627)
2025-11-26 19:40:57,476 [DEBUG] camera.run(): Captured frame at timestamp: 6848
2025-11-26 19:40:57,486 [DEBUG] smoother.update(): velocity=0.07183574893433174
2025-11-26 19:40:57,488 [DEBUG] controller._on_landmark_update(): Gesture detected: NONE
2025-11-26 19:40:57,488 [DEBUG] mapper.update_and_detect(): std=0.001985034358620763, velocity=0.0061369972688165185
2025-11-26 19:40:57,488 [DEBUG] mapper.update_and_compute(): velocity=0.0037957792876703957
2025-11-26 19:40:57,488 [DEBUG] mapper.update_and_compute(): slow movement detected, applying scaling factor: 0.9999999999944409
2025-11-26 19:40:57,488 [DEBUG] mapper.mapping_use_palm(): mapping pos: (994, 628)
2025-11-26 19:40:57,488 [INFO] mouse._move_mouse(): Moving mouse to (994, 628)
2025-11-26 19:40:57,510 [DEBUG] camera.run(): Captured frame at timestamp: 6882
2025-11-26 19:40:57,521 [DEBUG] smoother.update(): velocity=0.12408648031280209
2025-11-26 19:40:57,522 [DEBUG] controller._on_landmark_update(): Gesture detected: LEFT_PRESS
2025-11-26 19:40:57,522 [DEBUG] mapper.update_and_detect(): std=0.002582887970491254, velocity=0.00682481516452685
2025-11-26 19:40:57,522 [DEBUG] mapper.update_and_compute(): velocity=0.0034015552353601976
2025-11-26 19:40:57,522 [DEBUG] mapper.update_and_compute(): slow movement detected, applying scaling factor: 0.9999999852364527
2025-11-26 19:40:57,522 [DEBUG] mapper.mapping_use_palm(): mapping pos: (989, 622)
2025-11-26 19:40:57,522 [INFO] mouse._left_release(): Left mouse button released
2025-11-26 19:40:57,544 [DEBUG] camera.run(): Captured frame at timestamp: 6916
2025-11-26 19:40:57,554 [DEBUG] smoother.update(): velocity=0.14034675722661466
2025-11-26 19:40:57,555 [DEBUG] controller._on_landmark_update(): Gesture detected: LEFT_PRESS
2025-11-26 19:40:57,556 [DEBUG] mapper.update_and_detect(): std=0.0029911782777813823, velocity=0.008415357802881801
2025-11-26 19:40:57,556 [DEBUG] mapper.update_and_compute(): velocity=0.00443561934862662
2025-11-26 19:40:57,556 [DEBUG] mapper.update_and_compute(): slow movement detected, applying scaling factor: 1.0
2025-11-26 19:40:57,556 [DEBUG] mapper.mapping_use_palm(): mapping pos: (976, 614)
2025-11-26 19:40:57,579 [DEBUG] camera.run(): Captured frame at timestamp: 6951
2025-11-26 19:40:57,589 [DEBUG] smoother.update(): velocity=0.12092604730070555
2025-11-26 19:40:57,591 [DEBUG] controller._on_landmark_update(): Gesture detected: LEFT_PRESS
2025-11-26 19:40:57,591 [DEBUG] mapper.update_and_detect(): std=0.0031782501198709683, velocity=0.009654667668998227
2025-11-26 19:40:57,591 [DEBUG] mapper.update_and_compute(): velocity=0.003485888263794456
2025-11-26 19:40:57,591 [DEBUG] mapper.update_and_compute(): slow movement detected, applying scaling factor: 0.9999999972667248
2025-11-26 19:40:57,591 [DEBUG] mapper.mapping_use_palm(): mapping pos: (968, 606)
2025-11-26 19:40:57,611 [DEBUG] camera.run(): Captured frame at timestamp: 6984
2025-11-26 19:40:57,622 [DEBUG] smoother.update(): velocity=0.09226040293169935
2025-11-26 19:40:57,623 [DEBUG] controller._on_landmark_update(): Gesture detected: LEFT_PRESS
2025-11-26 19:40:57,623 [DEBUG] mapper.update_and_detect(): std=0.004178279590739043, velocity=0.01022085779049632
2025-11-26 19:40:57,623 [DEBUG] mapper.update_and_compute(): velocity=0.0026990450443039587
2025-11-26 19:40:57,623 [DEBUG] mapper.update_and_compute(): slow movement detected, applying scaling factor: 0.9816733240065796
2025-11-26 19:40:57,623 [DEBUG] mapper.mapping_use_palm(): mapping pos: (962, 601)
2025-11-26 19:40:57,646 [DEBUG] camera.run(): Captured frame at timestamp: 7018
2025-11-26 19:40:57,656 [DEBUG] smoother.update(): velocity=0.07279788114199753
2025-11-26 19:40:57,657 [DEBUG] controller._on_landmark_update(): Gesture detected: LEFT_PRESS
2025-11-26 19:40:57,657 [DEBUG] mapper.update_and_detect(): std=0.00515316534301112, velocity=0.010235433939369869
2025-11-26 19:40:57,657 [DEBUG] mapper.update_and_compute(): velocity=0.0020720467079363082
2025-11-26 19:40:57,658 [DEBUG] mapper.update_and_compute(): slow movement detected, applying scaling factor: 0.00019176160054593108
2025-11-26 19:40:57,658 [DEBUG] mapper.mapping_use_palm(): mapping pos: (962, 601)
2025-11-26 19:40:57,679 [DEBUG] camera.run(): Captured frame at timestamp: 7051
2025-11-26 19:40:57,690 [DEBUG] smoother.update(): velocity=0.06080002959217292
2025-11-26 19:40:57,691 [DEBUG] controller._on_landmark_update(): Gesture detected: LEFT_PRESS
2025-11-26 19:40:57,691 [DEBUG] mapper.update_and_detect(): std=0.005922113313862101, velocity=0.010358446613080094
2025-11-26 19:40:57,691 [DEBUG] mapper.update_and_compute(): velocity=0.004297920726226003
2025-11-26 19:40:57,691 [DEBUG] mapper.update_and_compute(): slow movement detected, applying scaling factor: 0.9999999999999998
2025-11-26 19:40:57,691 [DEBUG] mapper.mapping_use_palm(): mapping pos: (955, 591)
2025-11-26 19:40:57,712 [DEBUG] camera.run(): Captured frame at timestamp: 7084
2025-11-26 19:40:57,722 [DEBUG] smoother.update(): velocity=0.05013621522379436
2025-11-26 19:40:57,723 [DEBUG] controller._on_landmark_update(): Gesture detected: LEFT_PRESS
2025-11-26 19:40:57,724 [DEBUG] mapper.update_and_detect(): std=0.006173788629514671, velocity=0.009979248488612699
2025-11-26 19:40:57,724 [DEBUG] mapper.update_and_compute(): velocity=0.002190269479655901
2025-11-26 19:40:57,724 [DEBUG] mapper.update_and_compute(): slow movement detected, applying scaling factor: 0.0020362432233323497
2025-11-26 19:40:57,724 [DEBUG] mapper.mapping_use_palm(): mapping pos: (955, 591)
2025-11-26 19:40:57,746 [DEBUG] camera.run(): Captured frame at timestamp: 7118
2025-11-26 19:40:57,756 [DEBUG] smoother.update(): velocity=0.0384370573983629
2025-11-26 19:40:57,757 [DEBUG] controller._on_landmark_update(): Gesture detected: LEFT_PRESS
2025-11-26 19:40:57,757 [DEBUG] mapper.update_and_detect(): std=0.0059028261472048905, velocity=0.009139747085783124
2025-11-26 19:40:57,757 [DEBUG] mapper.update_and_compute(): velocity=0.003976806709686778
2025-11-26 19:40:57,757 [DEBUG] mapper.update_and_compute(): slow movement detected, applying scaling factor: 0.9999999999998512
2025-11-26 19:40:57,757 [DEBUG] mapper.mapping_use_palm(): mapping pos: (953, 588)
2025-11-26 19:40:57,778 [DEBUG] camera.run(): Captured frame at timestamp: 7151
2025-11-26 19:40:57,789 [DEBUG] smoother.update(): velocity=0.040901251282025014
2025-11-26 19:40:57,790 [DEBUG] controller._on_landmark_update(): Gesture detected: LEFT_PRESS
2025-11-26 19:40:57,790 [DEBUG] mapper.update_and_detect(): std=0.0051723408536671345, velocity=0.00833777691933115
2025-11-26 19:40:57,790 [DEBUG] mapper.update_and_compute(): velocity=0.002369416736989672
2025-11-26 19:40:57,790 [DEBUG] mapper.update_and_compute(): slow movement detected, applying scaling factor: 0.06839142698042311
2025-11-26 19:40:57,790 [DEBUG] mapper.mapping_use_palm(): mapping pos: (953, 588)
2025-11-26 19:40:57,813 [DEBUG] camera.run(): Captured frame at timestamp: 7186
2025-11-26 19:40:57,824 [DEBUG] smoother.update(): velocity=0.06865003828262116
2025-11-26 19:40:57,825 [DEBUG] controller._on_landmark_update(): Gesture detected: LEFT_RELEASE
2025-11-26 19:40:57,825 [DEBUG] mapper.update_and_detect(): std=0.004105541937917822, velocity=0.007384164325253087
2025-11-26 19:40:57,825 [DEBUG] mapper.update_and_compute(): velocity=0.004022855861162905
2025-11-26 19:40:57,825 [DEBUG] mapper.update_and_compute(): slow movement detected, applying scaling factor: 0.9999999999999407
2025-11-26 19:40:57,825 [DEBUG] mapper.mapping_use_palm(): mapping pos: (964, 588)
2025-11-26 19:40:57,825 [INFO] mouse._left_press(): Left mouse button pressed
2025-11-26 19:40:57,845 [DEBUG] camera.run(): Captured frame at timestamp: 7218
2025-11-26 19:40:57,856 [DEBUG] smoother.update(): velocity=0.09200097347854554
2025-11-26 19:40:57,857 [DEBUG] controller._on_landmark_update(): Gesture detected: LEFT_RELEASE
2025-11-26 19:40:57,857 [DEBUG] mapper.update_and_detect(): std=0.0030227954470618736, velocity=0.006252476535958689
2025-11-26 19:40:57,857 [DEBUG] mapper.update_and_compute(): velocity=0.002712910084812368
2025-11-26 19:40:57,857 [DEBUG] mapper.update_and_compute(): slow movement detected, applying scaling factor: 0.9860496442982631
2025-11-26 19:40:57,857 [DEBUG] mapper.mapping_use_palm(): mapping pos: (971, 595)
2025-11-26 19:40:57,878 [DEBUG] camera.run(): Captured frame at timestamp: 7251
2025-11-26 19:40:57,889 [DEBUG] smoother.update(): velocity=0.09345246272907065
2025-11-26 19:40:57,890 [DEBUG] controller._on_landmark_update(): Gesture detected: LEFT_RELEASE
2025-11-26 19:40:57,890 [DEBUG] mapper.update_and_detect(): std=0.0024707147921961773, velocity=0.006310668176746065
2025-11-26 19:40:57,890 [DEBUG] mapper.update_and_compute(): velocity=0.0025349373952648887
2025-11-26 19:40:57,890 [DEBUG] mapper.update_and_compute(): slow movement detected, applying scaling factor: 0.6679101082179515
2025-11-26 19:40:57,890 [DEBUG] mapper.mapping_use_palm(): mapping pos: (975, 599)
2025-11-26 19:40:57,913 [DEBUG] camera.run(): Captured frame at timestamp: 7285
2025-11-26 19:40:57,923 [DEBUG] smoother.update(): velocity=0.08878773222375155
2025-11-26 19:40:57,924 [DEBUG] controller._on_landmark_update(): Gesture detected: LEFT_RELEASE
2025-11-26 19:40:57,924 [DEBUG] mapper.update_and_detect(): std=0.002433789763230285, velocity=0.006678571334042156
2025-11-26 19:40:57,925 [DEBUG] mapper.update_and_compute(): velocity=0.002809907586865462
2025-11-26 19:40:57,925 [DEBUG] mapper.update_and_compute(): slow movement detected, applying scaling factor: 0.9979709404278339
2025-11-26 19:40:57,925 [DEBUG] mapper.mapping_use_palm(): mapping pos: (981, 608)
2025-11-26 19:40:57,945 [DEBUG] camera.run(): Captured frame at timestamp: 7318
2025-11-26 19:40:57,956 [DEBUG] smoother.update(): velocity=0.08428046367714713
2025-11-26 19:40:57,957 [DEBUG] controller._on_landmark_update(): Gesture detected: LEFT_RELEASE
2025-11-26 19:40:57,957 [DEBUG] mapper.update_and_detect(): std=0.002319161532120965, velocity=0.007001276954771741
2025-11-26 19:40:57,957 [DEBUG] mapper.update_and_compute(): velocity=0.00183638180016301
2025-11-26 19:40:57,957 [DEBUG] mapper.update_and_compute(): slow movement detected, applying scaling factor: 1.7214119234523735e-06
2025-11-26 19:40:57,957 [DEBUG] mapper.mapping_use_palm(): mapping pos: (981, 608)
2025-11-26 19:40:57,979 [DEBUG] camera.run(): Captured frame at timestamp: 7351
2025-11-26 19:40:57,990 [DEBUG] smoother.update(): velocity=0.07325858505404581
2025-11-26 19:40:57,991 [DEBUG] controller._on_landmark_update(): Gesture detected: LEFT_RELEASE
2025-11-26 19:40:57,991 [DEBUG] mapper.update_and_detect(): std=0.0026837209306478224, velocity=0.007370299373265477
2025-11-26 19:40:57,991 [DEBUG] mapper.update_and_compute(): velocity=0.0038461224217700416
2025-11-26 19:40:57,991 [DEBUG] mapper.update_and_compute(): slow movement detected, applying scaling factor: 0.999999999997969
2025-11-26 19:40:57,991 [DEBUG] mapper.mapping_use_palm(): mapping pos: (980, 618)
2025-11-26 19:40:58,012 [DEBUG] camera.run(): Captured frame at timestamp: 7384
2025-11-26 19:40:58,023 [DEBUG] smoother.update(): velocity=0.0731394834829797
2025-11-26 19:40:58,024 [DEBUG] controller._on_landmark_update(): Gesture detected: LEFT_RELEASE
2025-11-26 19:40:58,024 [DEBUG] mapper.update_and_detect(): std=0.0031735353676022363, velocity=0.008189323397418851
2025-11-26 19:40:58,024 [DEBUG] mapper.update_and_compute(): velocity=0.002524291445468221
2025-11-26 19:40:58,024 [DEBUG] mapper.update_and_compute(): slow movement detected, applying scaling factor: 0.6191233389022102
2025-11-26 19:40:58,024 [DEBUG] mapper.mapping_use_palm(): mapping pos: (982, 622)
2025-11-26 19:40:58,046 [DEBUG] camera.run(): Captured frame at timestamp: 7419
2025-11-26 19:40:58,057 [DEBUG] smoother.update(): velocity=0.06433590954639473
2025-11-26 19:40:58,058 [DEBUG] controller._on_landmark_update(): Gesture detected: LEFT_RELEASE
2025-11-26 19:40:58,058 [DEBUG] mapper.update_and_detect(): std=0.0034452827203832123, velocity=0.008939132438105965
2025-11-26 19:40:58,058 [DEBUG] mapper.update_and_compute(): velocity=0.003706375565879422
2025-11-26 19:40:58,058 [DEBUG] mapper.update_and_compute(): slow movement detected, applying scaling factor: 0.9999999999667681
2025-11-26 19:40:58,058 [DEBUG] mapper.mapping_use_palm(): mapping pos: (986, 629)
2025-11-26 19:40:58,079 [DEBUG] camera.run(): Captured frame at timestamp: 7452
2025-11-26 19:40:58,090 [DEBUG] smoother.update(): velocity=0.06609258328968542
2025-11-26 19:40:58,091 [DEBUG] controller._on_landmark_update(): Gesture detected: LEFT_RELEASE
2025-11-26 19:40:58,091 [DEBUG] mapper.update_and_detect(): std=0.003364418529222385, velocity=0.010058457300625255
2025-11-26 19:40:58,091 [DEBUG] mapper.update_and_compute(): velocity=0.003568335587863908
2025-11-26 19:40:58,091 [DEBUG] mapper.update_and_compute(): slow movement detected, applying scaling factor: 0.9999999994745215
2025-11-26 19:40:58,091 [DEBUG] mapper.mapping_use_palm(): mapping pos: (989, 635)
2025-11-26 19:40:58,111 [DEBUG] camera.run(): Captured frame at timestamp: 7484
2025-11-26 19:40:58,122 [DEBUG] smoother.update(): velocity=0.0696014008326991
2025-11-26 19:40:58,123 [DEBUG] controller._on_landmark_update(): Gesture detected: LEFT_RELEASE
2025-11-26 19:40:58,123 [DEBUG] mapper.update_and_detect(): std=0.003624889428287165, velocity=0.01197432196652517
2025-11-26 19:40:58,123 [DEBUG] mapper.update_and_compute(): velocity=0.004747676672055777
2025-11-26 19:40:58,123 [DEBUG] mapper.update_and_compute(): slow movement detected, applying scaling factor: 1.0
2025-11-26 19:40:58,123 [DEBUG] mapper.mapping_use_palm(): mapping pos: (991, 641)
2025-11-26 19:40:58,146 [DEBUG] camera.run(): Captured frame at timestamp: 7519
2025-11-26 19:40:58,157 [DEBUG] smoother.update(): velocity=0.07207197027340688
2025-11-26 19:40:58,158 [DEBUG] controller._on_landmark_update(): Gesture detected: LEFT_RELEASE
2025-11-26 19:40:58,158 [DEBUG] mapper.update_and_detect(): std=0.004607350625978855, velocity=0.014284932932084547
2025-11-26 19:40:58,158 [DEBUG] mapper.update_and_compute(): velocity=0.005232417387432902
2025-11-26 19:40:58,158 [DEBUG] mapper.mapping_use_palm(): mapping pos: (992, 648)
2025-11-26 19:40:58,179 [DEBUG] camera.run(): Captured frame at timestamp: 7552
2025-11-26 19:40:58,190 [DEBUG] smoother.update(): velocity=0.071867060219455
2025-11-26 19:40:58,191 [DEBUG] controller._on_landmark_update(): Gesture detected: LEFT_RELEASE
2025-11-26 19:40:58,191 [DEBUG] mapper.update_and_detect(): std=0.005622064418489117, velocity=0.016442249621856364
2025-11-26 19:40:58,191 [DEBUG] mapper.update_and_compute(): velocity=0.005425657657903162
2025-11-26 19:40:58,191 [DEBUG] mapper.mapping_use_palm(): mapping pos: (995, 654)
2025-11-26 19:40:58,212 [DEBUG] camera.run(): Captured frame at timestamp: 7584
2025-11-26 19:40:58,222 [DEBUG] smoother.update(): velocity=0.06992634397939114
2025-11-26 19:40:58,223 [DEBUG] controller._on_landmark_update(): Gesture detected: NONE
2025-11-26 19:40:58,224 [DEBUG] mapper.update_and_detect(): std=0.006585335580746526, velocity=0.01819400889342299
2025-11-26 19:40:58,224 [DEBUG] mapper.update_and_compute(): velocity=0.005365765098609138
2025-11-26 19:40:58,224 [DEBUG] mapper.mapping_use_palm(): mapping pos: (997, 660)
2025-11-26 19:40:58,224 [INFO] mouse._move_mouse(): Moving mouse to (997, 660)
2025-11-26 19:40:58,244 [DEBUG] camera.run(): Captured frame at timestamp: 7616
2025-11-26 19:40:58,255 [DEBUG] smoother.update(): velocity=0.06337958973124187
2025-11-26 19:40:58,256 [DEBUG] controller._on_landmark_update(): Gesture detected: NONE
2025-11-26 19:40:58,256 [DEBUG] mapper.update_and_detect(): std=0.007386221400382995, velocity=0.019271566958371723
2025-11-26 19:40:58,256 [DEBUG] mapper.update_and_compute(): velocity=0.005084294389116761
2025-11-26 19:40:58,256 [DEBUG] mapper.mapping_use_palm(): mapping pos: (1001, 665)
2025-11-26 19:40:58,256 [INFO] mouse._move_mouse(): Moving mouse to (1001, 665)
2025-11-26 19:40:58,277 [DEBUG] camera.run(): Captured frame at timestamp: 7649
2025-11-26 19:40:58,288 [DEBUG] smoother.update(): velocity=0.0558512351977102
2025-11-26 19:40:58,289 [DEBUG] controller._on_landmark_update(): Gesture detected: NONE
2025-11-26 19:40:58,289 [DEBUG] mapper.update_and_detect(): std=0.008033920500158154, velocity=0.01972601502942754
2025-11-26 19:40:58,289 [DEBUG] mapper.update_and_compute(): velocity=0.004761400041406582
2025-11-26 19:40:58,289 [DEBUG] mapper.update_and_compute(): slow movement detected, applying scaling factor: 1.0
2025-11-26 19:40:58,289 [DEBUG] mapper.mapping_use_palm(): mapping pos: (1003, 671)
2025-11-26 19:40:58,289 [INFO] mouse._move_mouse(): Moving mouse to (1003, 671)
2025-11-26 19:40:58,309 [DEBUG] camera.run(): Captured frame at timestamp: 7682
2025-11-26 19:40:58,320 [DEBUG] smoother.update(): velocity=0.04366236904181177
2025-11-26 19:40:58,321 [DEBUG] controller._on_landmark_update(): Gesture detected: NONE
2025-11-26 19:40:58,321 [DEBUG] mapper.update_and_detect(): std=0.00839822542326682, velocity=0.019133007897367906
2025-11-26 19:40:58,321 [DEBUG] mapper.update_and_compute(): velocity=0.003956076454313274
2025-11-26 19:40:58,321 [DEBUG] mapper.update_and_compute(): slow movement detected, applying scaling factor: 0.9999999999997748
2025-11-26 19:40:58,321 [DEBUG] mapper.mapping_use_palm(): mapping pos: (1006, 675)
2025-11-26 19:40:58,321 [INFO] mouse._move_mouse(): Moving mouse to (1006, 675)
2025-11-26 19:40:58,344 [DEBUG] camera.run(): Captured frame at timestamp: 7716
2025-11-26 19:40:58,354 [DEBUG] smoother.update(): velocity=0.030531489043953457
2025-11-26 19:40:58,356 [DEBUG] controller._on_landmark_update(): Gesture detected: NONE
2025-11-26 19:40:58,356 [DEBUG] mapper.update_and_detect(): std=0.008362090553726498, velocity=0.017511341441445977
2025-11-26 19:40:58,356 [DEBUG] mapper.update_and_compute(): velocity=0.0029570032665961745
2025-11-26 19:40:58,356 [DEBUG] mapper.update_and_compute(): slow movement detected, applying scaling factor: 0.9998927311873794
2025-11-26 19:40:58,356 [DEBUG] mapper.mapping_use_palm(): mapping pos: (1008, 678)
2025-11-26 19:40:58,356 [INFO] mouse._move_mouse(): Moving mouse to (1008, 678)
2025-11-26 19:40:58,377 [DEBUG] camera.run(): Captured frame at timestamp: 7750
2025-11-26 19:40:58,388 [DEBUG] smoother.update(): velocity=0.016969941293098846
2025-11-26 19:40:58,389 [DEBUG] controller._on_landmark_update(): Gesture detected: NONE
2025-11-26 19:40:58,389 [DEBUG] mapper.update_and_detect(): std=0.007844382291868516, velocity=0.014653336363207786
2025-11-26 19:40:58,389 [DEBUG] mapper.update_and_compute(): velocity=0.0015761095005468306
2025-11-26 19:40:58,389 [DEBUG] mapper.update_and_compute(): slow movement detected, applying scaling factor: 9.444719841699342e-09
2025-11-26 19:40:58,389 [DEBUG] mapper.mapping_use_palm(): mapping pos: (1008, 678)
2025-11-26 19:40:58,389 [INFO] mouse._move_mouse(): Moving mouse to (1008, 678)
2025-11-26 19:40:58,410 [DEBUG] camera.run(): Captured frame at timestamp: 7783
2025-11-26 19:40:58,421 [DEBUG] smoother.update(): velocity=0.013010639965575136
2025-11-26 19:40:58,422 [DEBUG] controller._on_landmark_update(): Gesture detected: NONE
2025-11-26 19:40:58,422 [DEBUG] mapper.update_and_detect(): std=0.006936905396456871, velocity=0.011169180340320757
2025-11-26 19:40:58,423 [DEBUG] mapper.update_and_compute(): velocity=0.0021124783072703716
2025-11-26 19:40:58,423 [DEBUG] mapper.update_and_compute(): slow movement detected, applying scaling factor: 0.00043037040304889327
2025-11-26 19:40:58,423 [DEBUG] mapper.mapping_use_palm(): mapping pos: (1008, 678)
2025-11-26 19:40:58,423 [INFO] mouse._move_mouse(): Moving mouse to (1008, 678)
2025-11-26 19:40:58,444 [DEBUG] camera.run(): Captured frame at timestamp: 7816
2025-11-26 19:40:58,454 [DEBUG] smoother.update(): velocity=0.011950822897185161
2025-11-26 19:40:58,456 [DEBUG] controller._on_landmark_update(): Gesture detected: NONE
2025-11-26 19:40:58,456 [DEBUG] mapper.update_and_detect(): std=0.005797900901478155, velocity=0.007751069245352603
2025-11-26 19:40:58,456 [DEBUG] mapper.update_and_compute(): velocity=0.002001686882884149
2025-11-26 19:40:58,456 [DEBUG] mapper.update_and_compute(): slow movement detected, applying scaling factor: 4.695554293184427e-05
2025-11-26 19:40:58,456 [DEBUG] mapper.mapping_use_palm(): mapping pos: (1008, 678)
2025-11-26 19:40:58,456 [INFO] mouse._move_mouse(): Moving mouse to (1008, 678)
2025-11-26 19:40:58,477 [DEBUG] camera.run(): Captured frame at timestamp: 7849
2025-11-26 19:40:58,488 [DEBUG] smoother.update(): velocity=0.014229566632259494
2025-11-26 19:40:58,489 [DEBUG] controller._on_landmark_update(): Gesture detected: NONE
2025-11-26 19:40:58,489 [DEBUG] mapper.update_and_detect(): std=0.004522503368902952, velocity=0.0046450053166294004
2025-11-26 19:40:58,489 [DEBUG] mapper.update_and_compute(): velocity=0.0017336818685803146
2025-11-26 19:40:58,489 [DEBUG] mapper.update_and_compute(): slow movement detected, applying scaling factor: 2.2072177855168074e-07
2025-11-26 19:40:58,489 [DEBUG] mapper.mapping_use_palm(): mapping pos: (1008, 678)
2025-11-26 19:40:58,489 [INFO] mouse._move_mouse(): Moving mouse to (1008, 678)
2025-11-26 19:40:58,509 [DEBUG] camera.run(): Captured frame at timestamp: 7881
2025-11-26 19:40:58,519 [DEBUG] smoother.update(): velocity=0.025093511142194304
2025-11-26 19:40:58,520 [DEBUG] controller._on_landmark_update(): Gesture detected: NONE
2025-11-26 19:40:58,521 [DEBUG] mapper.update_and_detect(): std=0.0032274863345883656, velocity=0.0023335862940283498
2025-11-26 19:40:58,521 [DEBUG] mapper.update_and_compute(): velocity=0.00207721494333163
2025-11-26 19:40:58,521 [DEBUG] mapper.update_and_compute(): slow movement detected, applying scaling factor: 0.00021263918513018422
2025-11-26 19:40:58,521 [DEBUG] mapper.mapping_use_palm(): mapping pos: (1008, 678)
2025-11-26 19:40:58,521 [INFO] mouse._move_mouse(): Moving mouse to (1008, 678)
2025-11-26 19:40:58,543 [DEBUG] camera.run(): Captured frame at timestamp: 7915
2025-11-26 19:40:58,553 [DEBUG] smoother.update(): velocity=0.03489178134691931
2025-11-26 19:40:58,555 [DEBUG] controller._on_landmark_update(): Gesture detected: NONE
2025-11-26 19:40:58,555 [DEBUG] mapper.update_and_detect(): std=0.0020122610502559366, velocity=0.002999491587257467
2025-11-26 19:40:58,555 [DEBUG] mapper.update_and_compute(): velocity=0.0036358281677822987
2025-11-26 19:40:58,555 [DEBUG] mapper.update_and_compute(): slow movement detected, applying scaling factor: 0.9999999998637545
2025-11-26 19:40:58,555 [DEBUG] mapper.mapping_use_palm(): mapping pos: (1004, 676)
2025-11-26 19:40:58,555 [INFO] mouse._move_mouse(): Moving mouse to (1004, 676)
2025-11-26 19:40:58,575 [DEBUG] camera.run(): Captured frame at timestamp: 7948
2025-11-26 19:40:58,586 [DEBUG] smoother.update(): velocity=0.05069208364011416
2025-11-26 19:40:58,587 [DEBUG] controller._on_landmark_update(): Gesture detected: NONE
2025-11-26 19:40:58,588 [DEBUG] mapper.update_and_detect(): std=0.0013888084455035011, velocity=0.005611132501217264
2025-11-26 19:40:58,588 [DEBUG] mapper.update_and_compute(): velocity=0.0033713655793953545
2025-11-26 19:40:58,588 [DEBUG] mapper.update_and_compute(): slow movement detected, applying scaling factor: 0.9999999729968313
2025-11-26 19:40:58,588 [DEBUG] mapper.mapping_use_palm(): mapping pos: (997, 674)
2025-11-26 19:40:58,588 [INFO] mouse._move_mouse(): Moving mouse to (997, 674)
2025-11-26 19:40:58,610 [DEBUG] camera.run(): Captured frame at timestamp: 7982
2025-11-26 19:40:58,620 [DEBUG] smoother.update(): velocity=0.06611904173216035
2025-11-26 19:40:58,622 [DEBUG] controller._on_landmark_update(): Gesture detected: NONE
2025-11-26 19:40:58,622 [DEBUG] mapper.update_and_detect(): std=0.002322912527466782, velocity=0.008716886344144961
2025-11-26 19:40:58,622 [DEBUG] mapper.update_and_compute(): velocity=0.004318613723404552
2025-11-26 19:40:58,622 [DEBUG] mapper.update_and_compute(): slow movement detected, applying scaling factor: 0.9999999999999998
2025-11-26 19:40:58,622 [DEBUG] mapper.mapping_use_palm(): mapping pos: (986, 673)
2025-11-26 19:40:58,622 [INFO] mouse._move_mouse(): Moving mouse to (986, 673)
2025-11-26 19:40:58,643 [DEBUG] camera.run(): Captured frame at timestamp: 8016
2025-11-26 19:40:58,654 [DEBUG] smoother.update(): velocity=0.07315958815803211
2025-11-26 19:40:58,655 [DEBUG] controller._on_landmark_update(): Gesture detected: NONE
2025-11-26 19:40:58,655 [DEBUG] mapper.update_and_detect(): std=0.0033940443204091147, velocity=0.012070788389010215
2025-11-26 19:40:58,655 [DEBUG] mapper.update_and_compute(): velocity=0.005164189248939836
2025-11-26 19:40:58,655 [DEBUG] mapper.mapping_use_palm(): mapping pos: (971, 671)
2025-11-26 19:40:58,655 [INFO] mouse._move_mouse(): Moving mouse to (971, 671)
2025-11-26 19:40:58,677 [DEBUG] camera.run(): Captured frame at timestamp: 8050
2025-11-26 19:40:58,688 [DEBUG] smoother.update(): velocity=0.08601558709673388
2025-11-26 19:40:58,689 [DEBUG] controller._on_landmark_update(): Gesture detected: NONE
2025-11-26 19:40:58,689 [DEBUG] mapper.update_and_detect(): std=0.00456891095173946, velocity=0.015614230892902713
2025-11-26 19:40:58,689 [DEBUG] mapper.update_and_compute(): velocity=0.006105284487988714
2025-11-26 19:40:58,689 [DEBUG] mapper.mapping_use_palm(): mapping pos: (955, 665)
2025-11-26 19:40:58,689 [INFO] mouse._move_mouse(): Moving mouse to (955, 665)
2025-11-26 19:40:58,709 [DEBUG] camera.run(): Captured frame at timestamp: 8082
2025-11-26 19:40:58,720 [DEBUG] smoother.update(): velocity=0.09861367252281525
2025-11-26 19:40:58,721 [DEBUG] controller._on_landmark_update(): Gesture detected: NONE
2025-11-26 19:40:58,721 [DEBUG] mapper.update_and_detect(): std=0.005902384438579409, velocity=0.01933602969819929
2025-11-26 19:40:58,721 [DEBUG] mapper.update_and_compute(): velocity=0.007052038499779267
2025-11-26 19:40:58,721 [DEBUG] mapper.mapping_use_palm(): mapping pos: (933, 661)
2025-11-26 19:40:58,721 [INFO] mouse._move_mouse(): Moving mouse to (933, 661)
2025-11-26 19:40:58,742 [DEBUG] camera.run(): Captured frame at timestamp: 8115
2025-11-26 19:40:58,753 [DEBUG] smoother.update(): velocity=0.10982297325055802
2025-11-26 19:40:58,754 [DEBUG] controller._on_landmark_update(): Gesture detected: NONE
2025-11-26 19:40:58,754 [DEBUG] mapper.update_and_detect(): std=0.00730877059647604, velocity=0.022851043889459244
2025-11-26 19:40:58,755 [DEBUG] mapper.update_and_compute(): velocity=0.007756328700567175
2025-11-26 19:40:58,755 [DEBUG] mapper.mapping_use_palm(): mapping pos: (911, 656)
2025-11-26 19:40:58,755 [INFO] mouse._move_mouse(): Moving mouse to (911, 656)
2025-11-26 19:40:58,776 [DEBUG] camera.run(): Captured frame at timestamp: 8149
2025-11-26 19:40:58,787 [DEBUG] smoother.update(): velocity=0.11644390374123188
2025-11-26 19:40:58,788 [DEBUG] controller._on_landmark_update(): Gesture detected: NONE
2025-11-26 19:40:58,788 [DEBUG] mapper.update_and_detect(): std=0.008661463680705795, velocity=0.026121826871618625
2025-11-26 19:40:58,789 [DEBUG] mapper.update_and_compute(): velocity=0.008427721703853731
2025-11-26 19:40:58,789 [DEBUG] mapper.mapping_use_palm(): mapping pos: (887, 651)
2025-11-26 19:40:58,789 [INFO] mouse._move_mouse(): Moving mouse to (887, 651)
2025-11-26 19:40:58,810 [DEBUG] camera.run(): Captured frame at timestamp: 8182
2025-11-26 19:40:58,820 [DEBUG] smoother.update(): velocity=0.1270304926053212
2025-11-26 19:40:58,822 [DEBUG] controller._on_landmark_update(): Gesture detected: NONE
2025-11-26 19:40:58,822 [DEBUG] mapper.update_and_detect(): std=0.00988655420784292, velocity=0.029565422915267283
2025-11-26 19:40:58,822 [DEBUG] mapper.update_and_compute(): velocity=0.009538781111685688
2025-11-26 19:40:58,822 [DEBUG] mapper.mapping_use_palm(): mapping pos: (861, 643)
2025-11-26 19:40:58,822 [INFO] mouse._move_mouse(): Moving mouse to (861, 643)
2025-11-26 19:40:58,843 [DEBUG] camera.run(): Captured frame at timestamp: 8215
2025-11-26 19:40:58,853 [DEBUG] smoother.update(): velocity=0.13212229620723584
2025-11-26 19:40:58,855 [DEBUG] controller._on_landmark_update(): Gesture detected: NONE
2025-11-26 19:40:58,855 [DEBUG] mapper.update_and_detect(): std=0.01091082885913966, velocity=0.03276934221658661
2025-11-26 19:40:58,855 [DEBUG] mapper.update_and_compute(): velocity=0.010180630502343883
2025-11-26 19:40:58,855 [DEBUG] mapper.mapping_use_palm(): mapping pos: (838, 636)
2025-11-26 19:40:58,855 [INFO] mouse._move_mouse(): Moving mouse to (838, 636)
2025-11-26 19:40:58,877 [DEBUG] camera.run(): Captured frame at timestamp: 8249
2025-11-26 19:40:58,888 [DEBUG] smoother.update(): velocity=0.127055426013952
2025-11-26 19:40:58,889 [DEBUG] controller._on_landmark_update(): Gesture detected: NONE
2025-11-26 19:40:58,889 [DEBUG] mapper.update_and_detect(): std=0.011656535624882882, velocity=0.03478835828724418
2025-11-26 19:40:58,889 [DEBUG] mapper.update_and_compute(): velocity=0.009518395888917473
2025-11-26 19:40:58,889 [DEBUG] mapper.mapping_use_palm(): mapping pos: (818, 629)
2025-11-26 19:40:58,889 [INFO] mouse._move_mouse(): Moving mouse to (818, 629)
2025-11-26 19:40:58,909 [DEBUG] camera.run(): Captured frame at timestamp: 8281
2025-11-26 19:40:58,919 [DEBUG] smoother.update(): velocity=0.12630102937101612
2025-11-26 19:40:58,921 [DEBUG] controller._on_landmark_update(): Gesture detected: NONE
2025-11-26 19:40:58,921 [DEBUG] mapper.update_and_detect(): std=0.012156157175292689, velocity=0.03626642716625261
2025-11-26 19:40:58,921 [DEBUG] mapper.update_and_compute(): velocity=0.009526011951231478
2025-11-26 19:40:58,921 [DEBUG] mapper.mapping_use_palm(): mapping pos: (798, 622)
2025-11-26 19:40:58,921 [INFO] mouse._move_mouse(): Moving mouse to (798, 622)
2025-11-26 19:40:58,942 [DEBUG] camera.run(): Captured frame at timestamp: 8315
2025-11-26 19:40:58,953 [DEBUG] smoother.update(): velocity=0.1166801759019031
2025-11-26 19:40:58,954 [DEBUG] controller._on_landmark_update(): Gesture detected: NONE
2025-11-26 19:40:58,954 [DEBUG] mapper.update_and_detect(): std=0.012358869450854857, velocity=0.03618738206967449
2025-11-26 19:40:58,954 [DEBUG] mapper.update_and_compute(): velocity=0.008361469182566954
2025-11-26 19:40:58,954 [DEBUG] mapper.mapping_use_palm(): mapping pos: (781, 618)
2025-11-26 19:40:58,954 [INFO] mouse._move_mouse(): Moving mouse to (781, 618)
2025-11-26 19:40:58,977 [DEBUG] camera.run(): Captured frame at timestamp: 8350
2025-11-26 19:40:58,988 [DEBUG] smoother.update(): velocity=0.10660355442705576
2025-11-26 19:40:58,989 [DEBUG] controller._on_landmark_update(): Gesture detected: NONE
2025-11-26 19:40:58,989 [DEBUG] mapper.update_and_detect(): std=0.0122086643152807, velocity=0.03503555549743243
2025-11-26 19:40:58,989 [DEBUG] mapper.update_and_compute(): velocity=0.007423201408313733
2025-11-26 19:40:58,989 [DEBUG] mapper.mapping_use_palm(): mapping pos: (764, 614)
2025-11-26 19:40:58,989 [INFO] mouse._move_mouse(): Moving mouse to (764, 614)
2025-11-26 19:40:59,010 [DEBUG] camera.run(): Captured frame at timestamp: 8382
2025-11-26 19:40:59,020 [DEBUG] smoother.update(): velocity=0.09049449153576442
2025-11-26 19:40:59,022 [DEBUG] controller._on_landmark_update(): Gesture detected: NONE
2025-11-26 19:40:59,022 [DEBUG] mapper.update_and_detect(): std=0.011678450582411187, velocity=0.032582695290544174
2025-11-26 19:40:59,022 [DEBUG] mapper.update_and_compute(): velocity=0.006208750245189679
2025-11-26 19:40:59,022 [DEBUG] mapper.mapping_use_palm(): mapping pos: (747, 611)
2025-11-26 19:40:59,022 [INFO] mouse._move_mouse(): Moving mouse to (747, 611)
2025-11-26 19:40:59,043 [DEBUG] camera.run(): Captured frame at timestamp: 8416
2025-11-26 19:40:59,054 [DEBUG] smoother.update(): velocity=0.08010870859606124
2025-11-26 19:40:59,055 [DEBUG] controller._on_landmark_update(): Gesture detected: NONE
2025-11-26 19:40:59,055 [DEBUG] mapper.update_and_detect(): std=0.010767945587240379, velocity=0.029448495825594143
2025-11-26 19:40:59,055 [DEBUG] mapper.update_and_compute(): velocity=0.005278840636732441
2025-11-26 19:40:59,055 [DEBUG] mapper.mapping_use_palm(): mapping pos: (741, 608)
2025-11-26 19:40:59,055 [INFO] mouse._move_mouse(): Moving mouse to (741, 608)
2025-11-26 19:40:59,077 [DEBUG] camera.run(): Captured frame at timestamp: 8449
2025-11-26 19:40:59,088 [DEBUG] smoother.update(): velocity=0.07253134283611369
2025-11-26 19:40:59,089 [DEBUG] controller._on_landmark_update(): Gesture detected: NONE
2025-11-26 19:40:59,089 [DEBUG] mapper.update_and_detect(): std=0.009507635299618214, velocity=0.026347472497206814
2025-11-26 19:40:59,089 [DEBUG] mapper.update_and_compute(): velocity=0.005196169926451832
2025-11-26 19:40:59,089 [DEBUG] mapper.mapping_use_palm(): mapping pos: (737, 603)
2025-11-26 19:40:59,089 [INFO] mouse._move_mouse(): Moving mouse to (737, 603)
2025-11-26 19:40:59,109 [DEBUG] camera.run(): Captured frame at timestamp: 8481
2025-11-26 19:40:59,120 [DEBUG] smoother.update(): velocity=0.05978168371456639
2025-11-26 19:40:59,121 [DEBUG] controller._on_landmark_update(): Gesture detected: NONE
2025-11-26 19:40:59,121 [DEBUG] mapper.update_and_detect(): std=0.007956540357185325, velocity=0.022389450621031884
2025-11-26 19:40:59,121 [DEBUG] mapper.update_and_compute(): velocity=0.003973494021064366
2025-11-26 19:40:59,121 [DEBUG] mapper.update_and_compute(): slow movement detected, applying scaling factor: 0.999999999999841
2025-11-26 19:40:59,121 [DEBUG] mapper.mapping_use_palm(): mapping pos: (741, 600)
2025-11-26 19:40:59,121 [INFO] mouse._move_mouse(): Moving mouse to (741, 600)
2025-11-26 19:40:59,142 [DEBUG] camera.run(): Captured frame at timestamp: 8515
2025-11-26 19:40:59,153 [DEBUG] smoother.update(): velocity=0.06830166616485323
2025-11-26 19:40:59,154 [DEBUG] controller._on_landmark_update(): Gesture detected: NONE
2025-11-26 19:40:59,154 [DEBUG] mapper.update_and_detect(): std=0.006923929951035573, velocity=0.019383682636245944
2025-11-26 19:40:59,154 [DEBUG] mapper.update_and_compute(): velocity=0.004848614731525614
2025-11-26 19:40:59,154 [DEBUG] mapper.update_and_compute(): slow movement detected, applying scaling factor: 1.0
2025-11-26 19:40:59,154 [DEBUG] mapper.mapping_use_palm(): mapping pos: (748, 596)
2025-11-26 19:40:59,154 [INFO] mouse._move_mouse(): Moving mouse to (748, 596)
2025-11-26 19:40:59,176 [DEBUG] camera.run(): Captured frame at timestamp: 8549
2025-11-26 19:40:59,187 [DEBUG] smoother.update(): velocity=0.07785290063670153
2025-11-26 19:40:59,189 [DEBUG] controller._on_landmark_update(): Gesture detected: NONE
2025-11-26 19:40:59,189 [DEBUG] mapper.update_and_detect(): std=0.00660273733259566, velocity=0.017224147222052344
2025-11-26 19:40:59,189 [DEBUG] mapper.update_and_compute(): velocity=0.005211463636942865
2025-11-26 19:40:59,189 [DEBUG] mapper.mapping_use_palm(): mapping pos: (761, 594)
2025-11-26 19:40:59,189 [INFO] mouse._move_mouse(): Moving mouse to (761, 594)
2025-11-26 19:40:59,208 [DEBUG] camera.run(): Captured frame at timestamp: 8581
2025-11-26 19:40:59,219 [DEBUG] smoother.update(): velocity=0.09254238717656679
2025-11-26 19:40:59,221 [DEBUG] controller._on_landmark_update(): Gesture detected: NONE
2025-11-26 19:40:59,221 [DEBUG] mapper.update_and_detect(): std=0.006495088198723741, velocity=0.017397446899449748
2025-11-26 19:40:59,221 [DEBUG] mapper.update_and_compute(): velocity=0.0063518345850895035
2025-11-26 19:40:59,221 [DEBUG] mapper.mapping_use_palm(): mapping pos: (778, 591)
2025-11-26 19:40:59,221 [INFO] mouse._move_mouse(): Moving mouse to (778, 591)
2025-11-26 19:40:59,243 [DEBUG] camera.run(): Captured frame at timestamp: 8615
2025-11-26 19:40:59,253 [DEBUG] smoother.update(): velocity=0.11034593466579071
2025-11-26 19:40:59,255 [DEBUG] controller._on_landmark_update(): Gesture detected: NONE
2025-11-26 19:40:59,255 [DEBUG] mapper.update_and_detect(): std=0.006397826111629295, velocity=0.01941307448622681
2025-11-26 19:40:59,255 [DEBUG] mapper.update_and_compute(): velocity=0.0072260195423887496
2025-11-26 19:40:59,255 [DEBUG] mapper.mapping_use_palm(): mapping pos: (796, 587)
2025-11-26 19:40:59,255 [INFO] mouse._move_mouse(): Moving mouse to (796, 587)
2025-11-26 19:40:59,277 [DEBUG] camera.run(): Captured frame at timestamp: 8649
2025-11-26 19:40:59,288 [DEBUG] smoother.update(): velocity=0.12473817891721709
2025-11-26 19:40:59,289 [DEBUG] controller._on_landmark_update(): Gesture detected: NONE
2025-11-26 19:40:59,289 [DEBUG] mapper.update_and_detect(): std=0.006318241708061546, velocity=0.022743951024164162
2025-11-26 19:40:59,289 [DEBUG] mapper.update_and_compute(): velocity=0.00819470597142954
2025-11-26 19:40:59,289 [DEBUG] mapper.mapping_use_palm(): mapping pos: (819, 584)
2025-11-26 19:40:59,289 [INFO] mouse._move_mouse(): Moving mouse to (819, 584)
2025-11-26 19:40:59,308 [DEBUG] camera.run(): Captured frame at timestamp: 8681
2025-11-26 19:40:59,319 [DEBUG] smoother.update(): velocity=0.1404053126962834
2025-11-26 19:40:59,320 [DEBUG] controller._on_landmark_update(): Gesture detected: NONE
2025-11-26 19:40:59,320 [DEBUG] mapper.update_and_detect(): std=0.00708936150065565, velocity=0.02690421872438477
2025-11-26 19:40:59,320 [DEBUG] mapper.update_and_compute(): velocity=0.0094599778922684
2025-11-26 19:40:59,320 [DEBUG] mapper.mapping_use_palm(): mapping pos: (845, 580)
2025-11-26 19:40:59,321 [INFO] mouse._move_mouse(): Moving mouse to (845, 580)
2025-11-26 19:40:59,343 [DEBUG] camera.run(): Captured frame at timestamp: 8715
2025-11-26 19:40:59,353 [DEBUG] smoother.update(): velocity=0.14749886057792605
2025-11-26 19:40:59,355 [DEBUG] controller._on_landmark_update(): Gesture detected: NONE
2025-11-26 19:40:59,355 [DEBUG] mapper.update_and_detect(): std=0.009144298922449827, velocity=0.030814661793721842
2025-11-26 19:40:59,355 [DEBUG] mapper.update_and_compute(): velocity=0.009869305862460303
2025-11-26 19:40:59,355 [DEBUG] mapper.mapping_use_palm(): mapping pos: (870, 579)
2025-11-26 19:40:59,355 [INFO] mouse._move_mouse(): Moving mouse to (870, 579)
2025-11-26 19:40:59,377 [DEBUG] camera.run(): Captured frame at timestamp: 8749
2025-11-26 19:40:59,387 [DEBUG] smoother.update(): velocity=0.14992889074029758
2025-11-26 19:40:59,388 [DEBUG] controller._on_landmark_update(): Gesture detected: NONE
2025-11-26 19:40:59,389 [DEBUG] mapper.update_and_detect(): std=0.010968227250001027, velocity=0.03415435015749597
2025-11-26 19:40:59,389 [DEBUG] mapper.update_and_compute(): velocity=0.010246308032050995
2025-11-26 19:40:59,389 [DEBUG] mapper.mapping_use_palm(): mapping pos: (892, 577)
2025-11-26 19:40:59,389 [INFO] mouse._move_mouse(): Moving mouse to (892, 577)
2025-11-26 19:40:59,410 [DEBUG] camera.run(): Captured frame at timestamp: 8782
2025-11-26 19:40:59,421 [DEBUG] smoother.update(): velocity=0.15134099378090873
2025-11-26 19:40:59,422 [DEBUG] controller._on_landmark_update(): Gesture detected: NONE
2025-11-26 19:40:59,422 [DEBUG] mapper.update_and_detect(): std=0.012482707784434792, velocity=0.036751361136025444
2025-11-26 19:40:59,422 [DEBUG] mapper.update_and_compute(): velocity=0.010365296763168112
2025-11-26 19:40:59,422 [DEBUG] mapper.mapping_use_palm(): mapping pos: (916, 578)
2025-11-26 19:40:59,422 [INFO] mouse._move_mouse(): Moving mouse to (916, 578)
2025-11-26 19:40:59,442 [DEBUG] camera.run(): Captured frame at timestamp: 8814
2025-11-26 19:40:59,453 [DEBUG] smoother.update(): velocity=0.14541283286942855
2025-11-26 19:40:59,454 [DEBUG] controller._on_landmark_update(): Gesture detected: NONE
2025-11-26 19:40:59,454 [DEBUG] mapper.update_and_detect(): std=0.013654315768350836, velocity=0.03829557291642112
2025-11-26 19:40:59,454 [DEBUG] mapper.update_and_compute(): velocity=0.01003985911635641
2025-11-26 19:40:59,454 [DEBUG] mapper.mapping_use_palm(): mapping pos: (941, 580)
2025-11-26 19:40:59,454 [INFO] mouse._move_mouse(): Moving mouse to (941, 580)
2025-11-26 19:40:59,477 [DEBUG] camera.run(): Captured frame at timestamp: 8849
2025-11-26 19:40:59,488 [DEBUG] smoother.update(): velocity=0.13886615262252094
2025-11-26 19:40:59,490 [DEBUG] controller._on_landmark_update(): Gesture detected: NONE
2025-11-26 19:40:59,490 [DEBUG] mapper.update_and_detect(): std=0.014458446034171653, velocity=0.03895587606116454
2025-11-26 19:40:59,490 [DEBUG] mapper.update_and_compute(): velocity=0.00967257736273323
2025-11-26 19:40:59,490 [DEBUG] mapper.mapping_use_palm(): mapping pos: (967, 582)
2025-11-26 19:40:59,490 [INFO] mouse._move_mouse(): Moving mouse to (967, 582)
2025-11-26 19:40:59,508 [DEBUG] camera.run(): Captured frame at timestamp: 8881
2025-11-26 19:40:59,519 [DEBUG] smoother.update(): velocity=0.13465431058106275
2025-11-26 19:40:59,520 [DEBUG] controller._on_landmark_update(): Gesture detected: NONE
2025-11-26 19:40:59,520 [DEBUG] mapper.update_and_detect(): std=0.014891916921265609, velocity=0.03891843966343255
2025-11-26 19:40:59,520 [DEBUG] mapper.update_and_compute(): velocity=0.009350879271882667
2025-11-26 19:40:59,521 [DEBUG] mapper.mapping_use_palm(): mapping pos: (993, 584)
2025-11-26 19:40:59,521 [INFO] mouse._move_mouse(): Moving mouse to (993, 584)
2025-11-26 19:40:59,543 [DEBUG] camera.run(): Captured frame at timestamp: 8915
2025-11-26 19:40:59,554 [DEBUG] smoother.update(): velocity=0.12884663806382635
2025-11-26 19:40:59,555 [DEBUG] controller._on_landmark_update(): Gesture detected: NONE
2025-11-26 19:40:59,555 [DEBUG] mapper.update_and_detect(): std=0.015002717863461662, velocity=0.0383265154882295
2025-11-26 19:40:59,555 [DEBUG] mapper.update_and_compute(): velocity=0.008961629529165254
2025-11-26 19:40:59,556 [DEBUG] mapper.mapping_use_palm(): mapping pos: (1017, 587)
2025-11-26 19:40:59,556 [INFO] mouse._move_mouse(): Moving mouse to (1017, 587)
2025-11-26 19:40:59,577 [DEBUG] camera.run(): Captured frame at timestamp: 8950
2025-11-26 19:40:59,588 [DEBUG] smoother.update(): velocity=0.12560028007564394
2025-11-26 19:40:59,589 [DEBUG] controller._on_landmark_update(): Gesture detected: NONE
2025-11-26 19:40:59,589 [DEBUG] mapper.update_and_detect(): std=0.01488628293716734, velocity=0.03747524000720343
2025-11-26 19:40:59,589 [DEBUG] mapper.update_and_compute(): velocity=0.008751669259495526
2025-11-26 19:40:59,589 [DEBUG] mapper.mapping_use_palm(): mapping pos: (1040, 588)
2025-11-26 19:40:59,589 [INFO] mouse._move_mouse(): Moving mouse to (1040, 588)
2025-11-26 19:40:59,609 [DEBUG] camera.run(): Captured frame at timestamp: 8982
2025-11-26 19:40:59,620 [DEBUG] smoother.update(): velocity=0.12371862034283632
2025-11-26 19:40:59,621 [DEBUG] controller._on_landmark_update(): Gesture detected: NONE
2025-11-26 19:40:59,621 [DEBUG] mapper.update_and_detect(): std=0.014695323350039558, velocity=0.03657477041515793
2025-11-26 19:40:59,621 [DEBUG] mapper.update_and_compute(): velocity=0.008652443119889986
2025-11-26 19:40:59,621 [DEBUG] mapper.mapping_use_palm(): mapping pos: (1063, 589)
2025-11-26 19:40:59,621 [INFO] mouse._move_mouse(): Moving mouse to (1063, 589)
2025-11-26 19:40:59,643 [DEBUG] camera.run(): Captured frame at timestamp: 9015
2025-11-26 19:40:59,653 [DEBUG] smoother.update(): velocity=0.11881136908424439
2025-11-26 19:40:59,655 [DEBUG] controller._on_landmark_update(): Gesture detected: NONE
2025-11-26 19:40:59,655 [DEBUG] mapper.update_and_detect(): std=0.014439567589791617, velocity=0.03567329255862996
2025-11-26 19:40:59,655 [DEBUG] mapper.update_and_compute(): velocity=0.0085498307129323
2025-11-26 19:40:59,655 [DEBUG] mapper.mapping_use_palm(): mapping pos: (1084, 592)
2025-11-26 19:40:59,655 [INFO] mouse._move_mouse(): Moving mouse to (1084, 592)
2025-11-26 19:40:59,677 [DEBUG] camera.run(): Captured frame at timestamp: 9050
2025-11-26 19:40:59,688 [DEBUG] smoother.update(): velocity=0.11924058586547398
2025-11-26 19:40:59,689 [DEBUG] controller._on_landmark_update(): Gesture detected: NONE
2025-11-26 19:40:59,689 [DEBUG] mapper.update_and_detect(): std=0.014164705063165828, velocity=0.034959352804596645
2025-11-26 19:40:59,689 [DEBUG] mapper.update_and_compute(): velocity=0.008482907111345025
2025-11-26 19:40:59,689 [DEBUG] mapper.mapping_use_palm(): mapping pos: (1109, 596)
2025-11-26 19:40:59,689 [INFO] mouse._move_mouse(): Moving mouse to (1109, 596)
2025-11-26 19:40:59,710 [DEBUG] camera.run(): Captured frame at timestamp: 9083
2025-11-26 19:40:59,721 [DEBUG] smoother.update(): velocity=0.11372798789527196
2025-11-26 19:40:59,722 [DEBUG] controller._on_landmark_update(): Gesture detected: NONE
2025-11-26 19:40:59,722 [DEBUG] mapper.update_and_detect(): std=0.01385341084506008, velocity=0.034002082565360685
2025-11-26 19:40:59,722 [DEBUG] mapper.update_and_compute(): velocity=0.008054314031975516
2025-11-26 19:40:59,723 [DEBUG] mapper.mapping_use_palm(): mapping pos: (1131, 598)
2025-11-26 19:40:59,723 [INFO] mouse._move_mouse(): Moving mouse to (1131, 598)
2025-11-26 19:40:59,744 [DEBUG] camera.run(): Captured frame at timestamp: 9116
2025-11-26 19:40:59,755 [DEBUG] smoother.update(): velocity=0.10729546779891021
2025-11-26 19:40:59,756 [DEBUG] controller._on_landmark_update(): Gesture detected: NONE
2025-11-26 19:40:59,756 [DEBUG] mapper.update_and_detect(): std=0.013454997201304403, velocity=0.03283082153353646
2025-11-26 19:40:59,756 [DEBUG] mapper.update_and_compute(): velocity=0.00770363683479951
2025-11-26 19:40:59,756 [DEBUG] mapper.mapping_use_palm(): mapping pos: (1152, 602)
2025-11-26 19:40:59,756 [INFO] mouse._move_mouse(): Moving mouse to (1152, 602)
2025-11-26 19:40:59,777 [DEBUG] camera.run(): Captured frame at timestamp: 9150
2025-11-26 19:40:59,788 [DEBUG] smoother.update(): velocity=0.11713505865371653
2025-11-26 19:40:59,789 [DEBUG] controller._on_landmark_update(): Gesture detected: NONE
2025-11-26 19:40:59,789 [DEBUG] mapper.update_and_detect(): std=0.012902936537921055, velocity=0.03143857417990192
2025-11-26 19:40:59,789 [DEBUG] mapper.update_and_compute(): velocity=0.007626094241334775
2025-11-26 19:40:59,789 [DEBUG] mapper.mapping_use_palm(): mapping pos: (1171, 601)
2025-11-26 19:40:59,789 [INFO] mouse._move_mouse(): Moving mouse to (1171, 601)
2025-11-26 19:40:59,809 [DEBUG] camera.run(): Captured frame at timestamp: 9182
2025-11-26 19:40:59,820 [DEBUG] smoother.update(): velocity=0.15026579995012918
2025-11-26 19:40:59,821 [DEBUG] controller._on_landmark_update(): Gesture detected: LEFT_PRESS
2025-11-26 19:40:59,822 [DEBUG] mapper.update_and_detect(): std=0.012179738802986352, velocity=0.02989576781796499
2025-11-26 19:40:59,822 [DEBUG] mapper.update_and_compute(): velocity=0.007797329169452645
2025-11-26 19:40:59,822 [DEBUG] mapper.mapping_use_palm(): mapping pos: (1183, 597)
2025-11-26 19:40:59,822 [INFO] mouse._left_release(): Left mouse button released
2025-11-26 19:40:59,844 [DEBUG] camera.run(): Captured frame at timestamp: 9216
2025-11-26 19:40:59,854 [DEBUG] smoother.update(): velocity=0.17577605623116846
2025-11-26 19:40:59,855 [DEBUG] controller._on_landmark_update(): Gesture detected: LEFT_PRESS
2025-11-26 19:40:59,856 [DEBUG] mapper.update_and_detect(): std=0.011195801868198858, velocity=0.02887842733195663
2025-11-26 19:40:59,856 [DEBUG] mapper.update_and_compute(): velocity=0.008011408199816465
2025-11-26 19:40:59,856 [DEBUG] mapper.mapping_use_palm(): mapping pos: (1188, 591)
2025-11-26 19:40:59,878 [DEBUG] camera.run(): Captured frame at timestamp: 9250
2025-11-26 19:40:59,888 [DEBUG] smoother.update(): velocity=0.1449991427167838
2025-11-26 19:40:59,890 [DEBUG] controller._on_landmark_update(): Gesture detected: LEFT_PRESS
2025-11-26 19:40:59,890 [DEBUG] mapper.update_and_detect(): std=0.009956926432574079, velocity=0.028107938197964734
2025-11-26 19:40:59,890 [DEBUG] mapper.update_and_compute(): velocity=0.007204636513349032
2025-11-26 19:40:59,890 [DEBUG] mapper.mapping_use_palm(): mapping pos: (1189, 590)
2025-11-26 19:40:59,911 [DEBUG] camera.run(): Captured frame at timestamp: 9283
2025-11-26 19:40:59,921 [DEBUG] smoother.update(): velocity=0.10974744855689335
2025-11-26 19:40:59,923 [DEBUG] controller._on_landmark_update(): Gesture detected: LEFT_PRESS
2025-11-26 19:40:59,923 [DEBUG] mapper.update_and_detect(): std=0.008502764907719649, velocity=0.02658558773067317
2025-11-26 19:40:59,923 [DEBUG] mapper.update_and_compute(): velocity=0.005691756578272279
2025-11-26 19:40:59,923 [DEBUG] mapper.mapping_use_palm(): mapping pos: (1190, 591)
2025-11-26 19:40:59,944 [DEBUG] camera.run(): Captured frame at timestamp: 9317
2025-11-26 19:40:59,955 [DEBUG] smoother.update(): velocity=0.08795806711100296
2025-11-26 19:40:59,956 [DEBUG] controller._on_landmark_update(): Gesture detected: LEFT_PRESS
2025-11-26 19:40:59,956 [DEBUG] mapper.update_and_detect(): std=0.009481662671746553, velocity=0.024336690962483854
2025-11-26 19:40:59,956 [DEBUG] mapper.update_and_compute(): velocity=0.00443795506416558
2025-11-26 19:40:59,956 [DEBUG] mapper.update_and_compute(): slow movement detected, applying scaling factor: 1.0
2025-11-26 19:40:59,956 [DEBUG] mapper.mapping_use_palm(): mapping pos: (1190, 592)
2025-11-26 19:40:59,978 [DEBUG] camera.run(): Captured frame at timestamp: 9350
2025-11-26 19:40:59,989 [DEBUG] smoother.update(): velocity=0.0748419876133578
2025-11-26 19:40:59,990 [DEBUG] controller._on_landmark_update(): Gesture detected: LEFT_PRESS
2025-11-26 19:40:59,990 [DEBUG] mapper.update_and_detect(): std=0.010025987196564388, velocity=0.021761095199063805
2025-11-26 19:40:59,990 [DEBUG] mapper.update_and_compute(): velocity=0.0038211765927263796
2025-11-26 19:40:59,990 [DEBUG] mapper.update_and_compute(): slow movement detected, applying scaling factor: 0.9999999999966549
2025-11-26 19:40:59,990 [DEBUG] mapper.mapping_use_palm(): mapping pos: (1189, 591)
2025-11-26 19:41:00,012 [DEBUG] camera.run(): Captured frame at timestamp: 9385
2025-11-26 19:41:00,023 [DEBUG] smoother.update(): velocity=0.059827525406784224
2025-11-26 19:41:00,024 [DEBUG] controller._on_landmark_update(): Gesture detected: LEFT_PRESS
2025-11-26 19:41:00,024 [DEBUG] mapper.update_and_detect(): std=0.010054343617145096, velocity=0.0190838559108758
2025-11-26 19:41:00,024 [DEBUG] mapper.update_and_compute(): velocity=0.003308449701274995
2025-11-26 19:41:00,024 [DEBUG] mapper.update_and_compute(): slow movement detected, applying scaling factor: 0.9999999049624843
2025-11-26 19:41:00,024 [DEBUG] mapper.mapping_use_palm(): mapping pos: (1184, 589)
2025-11-26 19:41:00,045 [DEBUG] camera.run(): Captured frame at timestamp: 9418
2025-11-26 19:41:00,056 [DEBUG] smoother.update(): velocity=0.05531259942602512
2025-11-26 19:41:00,057 [DEBUG] controller._on_landmark_update(): Gesture detected: LEFT_PRESS
2025-11-26 19:41:00,057 [DEBUG] mapper.update_and_detect(): std=0.009455800902037816, velocity=0.015746839701689053
2025-11-26 19:41:00,057 [DEBUG] mapper.update_and_compute(): velocity=0.002776829106038876
2025-11-26 19:41:00,057 [DEBUG] mapper.update_and_compute(): slow movement detected, applying scaling factor: 0.9960754922499614
2025-11-26 19:41:00,057 [DEBUG] mapper.mapping_use_palm(): mapping pos: (1178, 586)
2025-11-26 19:41:00,079 [DEBUG] camera.run(): Captured frame at timestamp: 9452
2025-11-26 19:41:00,090 [DEBUG] smoother.update(): velocity=0.0524492789121126
2025-11-26 19:41:00,091 [DEBUG] controller._on_landmark_update(): Gesture detected: LEFT_PRESS
2025-11-26 19:41:00,091 [DEBUG] mapper.update_and_detect(): std=0.008185020141318318, velocity=0.012918747560696435
2025-11-26 19:41:00,091 [DEBUG] mapper.update_and_compute(): velocity=0.0029802823736163283
2025-11-26 19:41:00,091 [DEBUG] mapper.update_and_compute(): slow movement detected, applying scaling factor: 0.9999326572169922
2025-11-26 19:41:00,091 [DEBUG] mapper.mapping_use_palm(): mapping pos: (1169, 582)
2025-11-26 19:41:00,113 [DEBUG] camera.run(): Captured frame at timestamp: 9486
2025-11-26 19:41:00,123 [DEBUG] smoother.update(): velocity=0.07454889826318545
2025-11-26 19:41:00,124 [DEBUG] controller._on_landmark_update(): Gesture detected: LEFT_RELEASE
2025-11-26 19:41:00,125 [DEBUG] mapper.update_and_detect(): std=0.006407273303691843, velocity=0.009566377166311186
2025-11-26 19:41:00,125 [DEBUG] mapper.update_and_compute(): velocity=0.0027253173652856447
2025-11-26 19:41:00,125 [DEBUG] mapper.update_and_compute(): slow movement detected, applying scaling factor: 0.9890818150026816
2025-11-26 19:41:00,125 [DEBUG] mapper.mapping_use_palm(): mapping pos: (1164, 581)
2025-11-26 19:41:00,125 [INFO] mouse._left_press(): Left mouse button pressed
2025-11-26 19:41:00,144 [DEBUG] camera.run(): Captured frame at timestamp: 9517
2025-11-26 19:41:00,155 [DEBUG] smoother.update(): velocity=0.09745444529581955
2025-11-26 19:41:00,156 [DEBUG] controller._on_landmark_update(): Gesture detected: LEFT_RELEASE
2025-11-26 19:41:00,157 [DEBUG] mapper.update_and_detect(): std=0.0045488021719105294, velocity=0.007883452042866512
2025-11-26 19:41:00,157 [DEBUG] mapper.update_and_compute(): velocity=0.003463704723758408
2025-11-26 19:41:00,157 [DEBUG] mapper.update_and_compute(): slow movement detected, applying scaling factor: 0.9999999957404166
2025-11-26 19:41:00,157 [DEBUG] mapper.mapping_use_palm(): mapping pos: (1159, 583)
2025-11-26 19:41:00,179 [DEBUG] camera.run(): Captured frame at timestamp: 9551
2025-11-26 19:41:00,190 [DEBUG] smoother.update(): velocity=0.11539074316044479
2025-11-26 19:41:00,191 [DEBUG] controller._on_landmark_update(): Gesture detected: LEFT_RELEASE
2025-11-26 19:41:00,191 [DEBUG] mapper.update_and_detect(): std=0.003003344322168271, velocity=0.009330137343215847
2025-11-26 19:41:00,191 [DEBUG] mapper.update_and_compute(): velocity=0.00461874188786163
2025-11-26 19:41:00,191 [DEBUG] mapper.update_and_compute(): slow movement detected, applying scaling factor: 1.0
2025-11-26 19:41:00,191 [DEBUG] mapper.mapping_use_palm(): mapping pos: (1153, 587)
2025-11-26 19:41:00,212 [DEBUG] camera.run(): Captured frame at timestamp: 9585
2025-11-26 19:41:00,223 [DEBUG] smoother.update(): velocity=0.11583238311753638
2025-11-26 19:41:00,224 [DEBUG] controller._on_landmark_update(): Gesture detected: LEFT_RELEASE
2025-11-26 19:41:00,224 [DEBUG] mapper.update_and_detect(): std=0.003703150645588877, velocity=0.011686124469003868
2025-11-26 19:41:00,224 [DEBUG] mapper.update_and_compute(): velocity=0.004258729763955814
2025-11-26 19:41:00,224 [DEBUG] mapper.update_and_compute(): slow movement detected, applying scaling factor: 0.9999999999999996
2025-11-26 19:41:00,224 [DEBUG] mapper.mapping_use_palm(): mapping pos: (1142, 591)
2025-11-26 19:41:00,246 [DEBUG] camera.run(): Captured frame at timestamp: 9618
2025-11-26 19:41:00,256 [DEBUG] smoother.update(): velocity=0.1144982161783795
2025-11-26 19:41:00,257 [DEBUG] controller._on_landmark_update(): Gesture detected: LEFT_RELEASE
2025-11-26 19:41:00,258 [DEBUG] mapper.update_and_detect(): std=0.004555574279152728, velocity=0.014322049462014047
2025-11-26 19:41:00,258 [DEBUG] mapper.update_and_compute(): velocity=0.005058565459485077
2025-11-26 19:41:00,258 [DEBUG] mapper.mapping_use_palm(): mapping pos: (1129, 595)
2025-11-26 19:41:00,280 [DEBUG] camera.run(): Captured frame at timestamp: 9652
2025-11-26 19:41:00,290 [DEBUG] smoother.update(): velocity=0.10636219475204578
2025-11-26 19:41:00,291 [DEBUG] controller._on_landmark_update(): Gesture detected: LEFT_RELEASE
2025-11-26 19:41:00,291 [DEBUG] mapper.update_and_detect(): std=0.0053412042417243415, velocity=0.016043196249911015
2025-11-26 19:41:00,291 [DEBUG] mapper.update_and_compute(): velocity=0.004836723863813023
2025-11-26 19:41:00,291 [DEBUG] mapper.update_and_compute(): slow movement detected, applying scaling factor: 1.0
2025-11-26 19:41:00,291 [DEBUG] mapper.mapping_use_palm(): mapping pos: (1112, 598)
2025-11-26 19:41:00,314 [DEBUG] camera.run(): Captured frame at timestamp: 9686
2025-11-26 19:41:00,324 [DEBUG] smoother.update(): velocity=0.09692401517883369
2025-11-26 19:41:00,325 [DEBUG] controller._on_landmark_update(): Gesture detected: LEFT_RELEASE
2025-11-26 19:41:00,325 [DEBUG] mapper.update_and_detect(): std=0.0059844431818748866, velocity=0.017234417908677573
2025-11-26 19:41:00,325 [DEBUG] mapper.update_and_compute(): velocity=0.004804565255344218
2025-11-26 19:41:00,325 [DEBUG] mapper.update_and_compute(): slow movement detected, applying scaling factor: 1.0
2025-11-26 19:41:00,325 [DEBUG] mapper.mapping_use_palm(): mapping pos: (1096, 600)
2025-11-26 19:41:00,348 [DEBUG] camera.run(): Captured frame at timestamp: 9720
2025-11-26 19:41:00,358 [DEBUG] smoother.update(): velocity=0.08476447156353827
2025-11-26 19:41:00,359 [DEBUG] controller._on_landmark_update(): Gesture detected: LEFT_RELEASE
2025-11-26 19:41:00,359 [DEBUG] mapper.update_and_detect(): std=0.006386973740547241, velocity=0.017725958236243608
2025-11-26 19:41:00,359 [DEBUG] mapper.update_and_compute(): velocity=0.004396002085152868
2025-11-26 19:41:00,359 [DEBUG] mapper.update_and_compute(): slow movement detected, applying scaling factor: 1.0
2025-11-26 19:41:00,359 [DEBUG] mapper.mapping_use_palm(): mapping pos: (1081, 603)
2025-11-26 19:41:00,380 [DEBUG] camera.run(): Captured frame at timestamp: 9753
2025-11-26 19:41:00,391 [DEBUG] smoother.update(): velocity=0.07680350763430412
2025-11-26 19:41:00,392 [DEBUG] controller._on_landmark_update(): Gesture detected: NONE
2025-11-26 19:41:00,392 [DEBUG] mapper.update_and_detect(): std=0.006676332497434252, velocity=0.01761101884683468
2025-11-26 19:41:00,392 [DEBUG] mapper.update_and_compute(): velocity=0.004013068185086013
2025-11-26 19:41:00,392 [DEBUG] mapper.update_and_compute(): slow movement detected, applying scaling factor: 0.9999999999999278
2025-11-26 19:41:00,392 [DEBUG] mapper.mapping_use_palm(): mapping pos: (1068, 607)
2025-11-26 19:41:00,392 [INFO] mouse._move_mouse(): Moving mouse to (1068, 607)
2025-11-26 19:41:00,410 [DEBUG] camera.run(): Captured frame at timestamp: 9783
2025-11-26 19:41:00,422 [DEBUG] smoother.update(): velocity=0.07226497837613453
2025-11-26 19:41:00,423 [DEBUG] controller._on_landmark_update(): Gesture detected: NONE
2025-11-26 19:41:00,423 [DEBUG] mapper.update_and_detect(): std=0.006901834542741697, velocity=0.016953692132470565
2025-11-26 19:41:00,423 [DEBUG] mapper.update_and_compute(): velocity=0.0036247462160800196
2025-11-26 19:41:00,423 [DEBUG] mapper.update_and_compute(): slow movement detected, applying scaling factor: 0.9999999998299494
2025-11-26 19:41:00,423 [DEBUG] mapper.mapping_use_palm(): mapping pos: (1055, 608)
2025-11-26 19:41:00,423 [INFO] mouse._move_mouse(): Moving mouse to (1055, 608)
2025-11-26 19:41:00,443 [DEBUG] camera.run(): Captured frame at timestamp: 9816
2025-11-26 19:41:00,454 [DEBUG] smoother.update(): velocity=0.06774697436702398
2025-11-26 19:41:00,456 [DEBUG] controller._on_landmark_update(): Gesture detected: NONE
2025-11-26 19:41:00,456 [DEBUG] mapper.update_and_detect(): std=0.006909995443606003, velocity=0.016243988309399347
2025-11-26 19:41:00,456 [DEBUG] mapper.update_and_compute(): velocity=0.0036585512225349535
2025-11-26 19:41:00,456 [DEBUG] mapper.update_and_compute(): slow movement detected, applying scaling factor: 0.9999999999135127
2025-11-26 19:41:00,456 [DEBUG] mapper.mapping_use_palm(): mapping pos: (1043, 607)
2025-11-26 19:41:00,456 [INFO] mouse._move_mouse(): Moving mouse to (1043, 607)
2025-11-26 19:41:00,477 [DEBUG] camera.run(): Captured frame at timestamp: 9849
2025-11-26 19:41:00,488 [DEBUG] smoother.update(): velocity=0.0668112388341509
2025-11-26 19:41:00,489 [DEBUG] controller._on_landmark_update(): Gesture detected: NONE
2025-11-26 19:41:00,489 [DEBUG] mapper.update_and_detect(): std=0.006774313260147444, velocity=0.015996754823670963
2025-11-26 19:41:00,489 [DEBUG] mapper.update_and_compute(): velocity=0.004073972969743977
2025-11-26 19:41:00,489 [DEBUG] mapper.update_and_compute(): slow movement detected, applying scaling factor: 0.9999999999999787
2025-11-26 19:41:00,489 [DEBUG] mapper.mapping_use_palm(): mapping pos: (1032, 606)
2025-11-26 19:41:00,489 [INFO] mouse._move_mouse(): Moving mouse to (1032, 606)
2025-11-26 19:41:00,510 [DEBUG] camera.run(): Captured frame at timestamp: 9882
2025-11-26 19:41:00,521 [DEBUG] smoother.update(): velocity=0.0698856617540373
2025-11-26 19:41:00,522 [DEBUG] controller._on_landmark_update(): Gesture detected: NONE
2025-11-26 19:41:00,522 [DEBUG] mapper.update_and_detect(): std=0.0066372392848921885, velocity=0.016197767534117388
2025-11-26 19:41:00,522 [DEBUG] mapper.update_and_compute(): velocity=0.004455931171262183
2025-11-26 19:41:00,522 [DEBUG] mapper.update_and_compute(): slow movement detected, applying scaling factor: 1.0
2025-11-26 19:41:00,522 [DEBUG] mapper.mapping_use_palm(): mapping pos: (1019, 605)
2025-11-26 19:41:00,522 [INFO] mouse._move_mouse(): Moving mouse to (1019, 605)
2025-11-26 19:41:00,544 [DEBUG] camera.run(): Captured frame at timestamp: 9916
2025-11-26 19:41:00,555 [DEBUG] smoother.update(): velocity=0.07254599253649834
2025-11-26 19:41:00,556 [DEBUG] controller._on_landmark_update(): Gesture detected: NONE
2025-11-26 19:41:00,556 [DEBUG] mapper.update_and_detect(): std=0.006558737185353003, velocity=0.01672090100964097
2025-11-26 19:41:00,556 [DEBUG] mapper.update_and_compute(): velocity=0.004807522798248531
2025-11-26 19:41:00,556 [DEBUG] mapper.update_and_compute(): slow movement detected, applying scaling factor: 1.0
2025-11-26 19:41:00,556 [DEBUG] mapper.mapping_use_palm(): mapping pos: (1010, 605)
2025-11-26 19:41:00,556 [INFO] mouse._move_mouse(): Moving mouse to (1010, 605)
2025-11-26 19:41:00,577 [DEBUG] camera.run(): Captured frame at timestamp: 9949
2025-11-26 19:41:00,588 [DEBUG] smoother.update(): velocity=0.0734701452516508
2025-11-26 19:41:00,589 [DEBUG] controller._on_landmark_update(): Gesture detected: NONE
2025-11-26 19:41:00,589 [DEBUG] mapper.update_and_detect(): std=0.006584739690434835, velocity=0.017483865560588924
2025-11-26 19:41:00,589 [DEBUG] mapper.update_and_compute(): velocity=0.005036693790340553
2025-11-26 19:41:00,589 [DEBUG] mapper.mapping_use_palm(): mapping pos: (998, 603)
2025-11-26 19:41:00,589 [INFO] mouse._move_mouse(): Moving mouse to (998, 603)
2025-11-26 19:41:00,612 [DEBUG] camera.run(): Captured frame at timestamp: 9984
2025-11-26 19:41:00,622 [DEBUG] smoother.update(): velocity=0.07863312684793305
2025-11-26 19:41:00,623 [DEBUG] controller._on_landmark_update(): Gesture detected: NONE
2025-11-26 19:41:00,624 [DEBUG] mapper.update_and_detect(): std=0.006762823300730088, velocity=0.01851896920636147
2025-11-26 19:41:00,624 [DEBUG] mapper.update_and_compute(): velocity=0.0053615507579574005
2025-11-26 19:41:00,624 [DEBUG] mapper.mapping_use_palm(): mapping pos: (987, 601)
2025-11-26 19:41:00,624 [INFO] mouse._move_mouse(): Moving mouse to (987, 601)
2025-11-26 19:41:00,642 [DEBUG] camera.run(): Captured frame at timestamp: 10015
2025-11-26 19:41:00,653 [DEBUG] smoother.update(): velocity=0.08013949592606721
2025-11-26 19:41:00,654 [DEBUG] controller._on_landmark_update(): Gesture detected: NONE
2025-11-26 19:41:00,654 [DEBUG] mapper.update_and_detect(): std=0.0070779803198901085, velocity=0.01958651191737358
2025-11-26 19:41:00,654 [DEBUG] mapper.update_and_compute(): velocity=0.005537888370117044
2025-11-26 19:41:00,654 [DEBUG] mapper.mapping_use_palm(): mapping pos: (975, 599)
2025-11-26 19:41:00,654 [INFO] mouse._move_mouse(): Moving mouse to (975, 599)
2025-11-26 19:41:00,677 [DEBUG] camera.run(): Captured frame at timestamp: 10049
2025-11-26 19:41:00,688 [DEBUG] smoother.update(): velocity=0.08087970351608106
2025-11-26 19:41:00,689 [DEBUG] controller._on_landmark_update(): Gesture detected: NONE
2025-11-26 19:41:00,689 [DEBUG] mapper.update_and_detect(): std=0.007453874882348261, velocity=0.020676280392463702
2025-11-26 19:41:00,689 [DEBUG] mapper.update_and_compute(): velocity=0.005790158123839213
2025-11-26 19:41:00,689 [DEBUG] mapper.mapping_use_palm(): mapping pos: (961, 596)
2025-11-26 19:41:00,689 [INFO] mouse._move_mouse(): Moving mouse to (961, 596)
2025-11-26 19:41:00,709 [DEBUG] camera.run(): Captured frame at timestamp: 10082
2025-11-26 19:41:00,720 [DEBUG] smoother.update(): velocity=0.08098988407411145
2025-11-26 19:41:00,722 [DEBUG] controller._on_landmark_update(): Gesture detected: NONE
2025-11-26 19:41:00,722 [DEBUG] mapper.update_and_detect(): std=0.007838539672962337, velocity=0.021505874994759193
2025-11-26 19:41:00,722 [DEBUG] mapper.update_and_compute(): velocity=0.005758370105461962
2025-11-26 19:41:00,722 [DEBUG] mapper.mapping_use_palm(): mapping pos: (947, 594)
2025-11-26 19:41:00,722 [INFO] mouse._move_mouse(): Moving mouse to (947, 594)
2025-11-26 19:41:00,743 [DEBUG] camera.run(): Captured frame at timestamp: 10115
2025-11-26 19:41:00,753 [DEBUG] smoother.update(): velocity=0.08673149822816142
2025-11-26 19:41:00,754 [DEBUG] controller._on_landmark_update(): Gesture detected: NONE
2025-11-26 19:41:00,755 [DEBUG] mapper.update_and_detect(): std=0.008235157865145289, velocity=0.022316261399818377
2025-11-26 19:41:00,755 [DEBUG] mapper.update_and_compute(): velocity=0.006072348880344705
2025-11-26 19:41:00,755 [DEBUG] mapper.mapping_use_palm(): mapping pos: (929, 592)
2025-11-26 19:41:00,755 [INFO] mouse._move_mouse(): Moving mouse to (929, 592)
2025-11-26 19:41:00,777 [DEBUG] camera.run(): Captured frame at timestamp: 10149
2025-11-26 19:41:00,788 [DEBUG] smoother.update(): velocity=0.09346830513745631
2025-11-26 19:41:00,789 [DEBUG] controller._on_landmark_update(): Gesture detected: NONE
2025-11-26 19:41:00,789 [DEBUG] mapper.update_and_detect(): std=0.008642046656803386, velocity=0.02337528850973502
2025-11-26 19:41:00,789 [DEBUG] mapper.update_and_compute(): velocity=0.006546906950263992
2025-11-26 19:41:00,789 [DEBUG] mapper.mapping_use_palm(): mapping pos: (913, 592)
2025-11-26 19:41:00,789 [INFO] mouse._move_mouse(): Moving mouse to (913, 592)
2025-11-26 19:41:00,810 [DEBUG] camera.run(): Captured frame at timestamp: 10183
2025-11-26 19:41:00,821 [DEBUG] smoother.update(): velocity=0.09538397250299506
2025-11-26 19:41:00,822 [DEBUG] controller._on_landmark_update(): Gesture detected: NONE
2025-11-26 19:41:00,822 [DEBUG] mapper.update_and_detect(): std=0.0090657854345587, velocity=0.02425524588978566
2025-11-26 19:41:00,822 [DEBUG] mapper.update_and_compute(): velocity=0.00657188106827844
2025-11-26 19:41:00,823 [DEBUG] mapper.mapping_use_palm(): mapping pos: (896, 590)
2025-11-26 19:41:00,823 [INFO] mouse._move_mouse(): Moving mouse to (896, 590)
2025-11-26 19:41:00,843 [DEBUG] camera.run(): Captured frame at timestamp: 10215
2025-11-26 19:41:00,853 [DEBUG] smoother.update(): velocity=0.09002327526516901
2025-11-26 19:41:00,855 [DEBUG] controller._on_landmark_update(): Gesture detected: NONE
2025-11-26 19:41:00,855 [DEBUG] mapper.update_and_detect(): std=0.009412046093897352, velocity=0.024718341385326997
2025-11-26 19:41:00,855 [DEBUG] mapper.update_and_compute(): velocity=0.006362919879824976
2025-11-26 19:41:00,855 [DEBUG] mapper.mapping_use_palm(): mapping pos: (883, 589)
2025-11-26 19:41:00,855 [INFO] mouse._move_mouse(): Moving mouse to (883, 589)
2025-11-26 19:41:00,876 [DEBUG] camera.run(): Captured frame at timestamp: 10249
2025-11-26 19:41:00,887 [DEBUG] smoother.update(): velocity=0.08502627100896007
2025-11-26 19:41:00,888 [DEBUG] controller._on_landmark_update(): Gesture detected: NONE
2025-11-26 19:41:00,888 [DEBUG] mapper.update_and_detect(): std=0.009634437743676671, velocity=0.024675043638885362
2025-11-26 19:41:00,888 [DEBUG] mapper.update_and_compute(): velocity=0.005945097024371784
2025-11-26 19:41:00,888 [DEBUG] mapper.mapping_use_palm(): mapping pos: (871, 588)
2025-11-26 19:41:00,888 [INFO] mouse._move_mouse(): Moving mouse to (871, 588)
2025-11-26 19:41:00,910 [DEBUG] camera.run(): Captured frame at timestamp: 10282
2025-11-26 19:41:00,920 [DEBUG] smoother.update(): velocity=0.06913110000520885
2025-11-26 19:41:00,922 [DEBUG] controller._on_landmark_update(): Gesture detected: NONE
2025-11-26 19:41:00,922 [DEBUG] mapper.update_and_detect(): std=0.00967062211066529, velocity=0.023802043226024125
2025-11-26 19:41:00,922 [DEBUG] mapper.update_and_compute(): velocity=0.005098695072943274
2025-11-26 19:41:00,922 [DEBUG] mapper.mapping_use_palm(): mapping pos: (857, 587)
2025-11-26 19:41:00,922 [INFO] mouse._move_mouse(): Moving mouse to (857, 587)
2025-11-26 19:41:00,943 [DEBUG] camera.run(): Captured frame at timestamp: 10316
2025-11-26 19:41:00,954 [DEBUG] smoother.update(): velocity=0.05719314915320035
2025-11-26 19:41:00,955 [DEBUG] controller._on_landmark_update(): Gesture detected: NONE
2025-11-26 19:41:00,955 [DEBUG] mapper.update_and_detect(): std=0.009456248288059892, velocity=0.022103304415482732
2025-11-26 19:41:00,955 [DEBUG] mapper.update_and_compute(): velocity=0.00414431432654305
2025-11-26 19:41:00,955 [DEBUG] mapper.update_and_compute(): slow movement detected, applying scaling factor: 0.9999999999999947
2025-11-26 19:41:00,955 [DEBUG] mapper.mapping_use_palm(): mapping pos: (849, 588)
2025-11-26 19:41:00,955 [INFO] mouse._move_mouse(): Moving mouse to (849, 588)
2025-11-26 19:41:00,977 [DEBUG] camera.run(): Captured frame at timestamp: 10349
2025-11-26 19:41:00,987 [DEBUG] smoother.update(): velocity=0.04252966781872439
2025-11-26 19:41:00,989 [DEBUG] controller._on_landmark_update(): Gesture detected: NONE
2025-11-26 19:41:00,989 [DEBUG] mapper.update_and_detect(): std=0.008953916201649295, velocity=0.01972868139209902
2025-11-26 19:41:00,989 [DEBUG] mapper.update_and_compute(): velocity=0.003275931569324427
2025-11-26 19:41:00,989 [DEBUG] mapper.update_and_compute(): slow movement detected, applying scaling factor: 0.9999998178857444
2025-11-26 19:41:00,989 [DEBUG] mapper.mapping_use_palm(): mapping pos: (840, 588)
2025-11-26 19:41:00,989 [INFO] mouse._move_mouse(): Moving mouse to (840, 588)
2025-11-26 19:41:01,011 [DEBUG] camera.run(): Captured frame at timestamp: 10383
2025-11-26 19:41:01,022 [DEBUG] smoother.update(): velocity=0.03770289457129441
2025-11-26 19:41:01,023 [DEBUG] controller._on_landmark_update(): Gesture detected: NONE
2025-11-26 19:41:01,023 [DEBUG] mapper.update_and_detect(): std=0.00813588672098355, velocity=0.016924809156107525
2025-11-26 19:41:01,023 [DEBUG] mapper.update_and_compute(): velocity=0.0029614600294212315
2025-11-26 19:41:01,023 [DEBUG] mapper.update_and_compute(): slow movement detected, applying scaling factor: 0.9999018779764199
2025-11-26 19:41:01,023 [DEBUG] mapper.mapping_use_palm(): mapping pos: (833, 591)
2025-11-26 19:41:01,023 [INFO] mouse._move_mouse(): Moving mouse to (833, 591)
2025-11-26 19:41:01,042 [DEBUG] camera.run(): Captured frame at timestamp: 10415
2025-11-26 19:41:01,053 [DEBUG] smoother.update(): velocity=0.03554004304203975
2025-11-26 19:41:01,054 [DEBUG] controller._on_landmark_update(): Gesture detected: NONE
2025-11-26 19:41:01,054 [DEBUG] mapper.update_and_detect(): std=0.007045057181554992, velocity=0.013937404643298531
2025-11-26 19:41:01,054 [DEBUG] mapper.update_and_compute(): velocity=0.0028333721777589306
2025-11-26 19:41:01,055 [DEBUG] mapper.update_and_compute(): slow movement detected, applying scaling factor: 0.9987299695377975
2025-11-26 19:41:01,055 [DEBUG] mapper.mapping_use_palm(): mapping pos: (829, 593)
2025-11-26 19:41:01,055 [INFO] mouse._move_mouse(): Moving mouse to (829, 593)
2025-11-26 19:41:01,077 [DEBUG] camera.run(): Captured frame at timestamp: 10449
2025-11-26 19:41:01,087 [DEBUG] smoother.update(): velocity=0.03304901359959427
2025-11-26 19:41:01,088 [DEBUG] controller._on_landmark_update(): Gesture detected: NONE
2025-11-26 19:41:01,088 [DEBUG] mapper.update_and_detect(): std=0.005787108511633095, velocity=0.01152430627511312
2025-11-26 19:41:01,089 [DEBUG] mapper.update_and_compute(): velocity=0.0025856039397799432
2025-11-26 19:41:01,089 [DEBUG] mapper.update_and_compute(): slow movement detected, applying scaling factor: 0.8471057192096729
2025-11-26 19:41:01,089 [DEBUG] mapper.mapping_use_palm(): mapping pos: (828, 594)
2025-11-26 19:41:01,089 [INFO] mouse._move_mouse(): Moving mouse to (828, 594)
2025-11-26 19:41:01,111 [DEBUG] camera.run(): Captured frame at timestamp: 10483
2025-11-26 19:41:01,122 [DEBUG] smoother.update(): velocity=0.03614850114809551
2025-11-26 19:41:01,123 [DEBUG] controller._on_landmark_update(): Gesture detected: NONE
2025-11-26 19:41:01,123 [DEBUG] mapper.update_and_detect(): std=0.004515881357055793, velocity=0.009630263909328753
2025-11-26 19:41:01,123 [DEBUG] mapper.update_and_compute(): velocity=0.0026348160052016003
2025-11-26 19:41:01,123 [DEBUG] mapper.update_and_compute(): slow movement detected, applying scaling factor: 0.9368091521721829
2025-11-26 19:41:01,123 [DEBUG] mapper.mapping_use_palm(): mapping pos: (832, 598)
2025-11-26 19:41:01,123 [INFO] mouse._move_mouse(): Moving mouse to (832, 598)
2025-11-26 19:41:01,143 [DEBUG] camera.run(): Captured frame at timestamp: 10515
2025-11-26 19:41:01,153 [DEBUG] smoother.update(): velocity=0.03673663606207791
2025-11-26 19:41:01,155 [DEBUG] controller._on_landmark_update(): Gesture detected: NONE
2025-11-26 19:41:01,155 [DEBUG] mapper.update_and_detect(): std=0.0034417525295287075, velocity=0.007732959688004276
2025-11-26 19:41:01,155 [DEBUG] mapper.update_and_compute(): velocity=0.0016613654466993246
2025-11-26 19:41:01,155 [DEBUG] mapper.update_and_compute(): slow movement detected, applying scaling factor: 5.19652236540631e-08
2025-11-26 19:41:01,155 [DEBUG] mapper.mapping_use_palm(): mapping pos: (832, 598)
2025-11-26 19:41:01,155 [INFO] mouse._move_mouse(): Moving mouse to (832, 598)
2025-11-26 19:41:01,176 [DEBUG] camera.run(): Captured frame at timestamp: 10549
2025-11-26 19:41:01,187 [DEBUG] smoother.update(): velocity=0.04662727414418249
2025-11-26 19:41:01,189 [DEBUG] controller._on_landmark_update(): Gesture detected: NONE
2025-11-26 19:41:01,189 [DEBUG] mapper.update_and_detect(): std=0.0034105616745913536, velocity=0.007297306362171931
2025-11-26 19:41:01,189 [DEBUG] mapper.update_and_compute(): velocity=0.003753847654019151
2025-11-26 19:41:01,189 [DEBUG] mapper.update_and_compute(): slow movement detected, applying scaling factor: 0.9999999999871407
2025-11-26 19:41:01,189 [DEBUG] mapper.mapping_use_palm(): mapping pos: (840, 605)
2025-11-26 19:41:01,189 [INFO] mouse._move_mouse(): Moving mouse to (840, 605)
2025-11-26 19:41:01,210 [DEBUG] camera.run(): Captured frame at timestamp: 10583
2025-11-26 19:41:01,221 [DEBUG] smoother.update(): velocity=0.05742923766050994
2025-11-26 19:41:01,222 [DEBUG] controller._on_landmark_update(): Gesture detected: NONE
2025-11-26 19:41:01,222 [DEBUG] mapper.update_and_detect(): std=0.003401893421841246, velocity=0.008178217670528135
2025-11-26 19:41:01,223 [DEBUG] mapper.update_and_compute(): velocity=0.0031797401529076548
2025-11-26 19:41:01,223 [DEBUG] mapper.update_and_compute(): slow movement detected, applying scaling factor: 0.9999987530429132
2025-11-26 19:41:01,223 [DEBUG] mapper.mapping_use_palm(): mapping pos: (846, 613)
2025-11-26 19:41:01,223 [INFO] mouse._move_mouse(): Moving mouse to (846, 613)
2025-11-26 19:41:01,243 [DEBUG] camera.run(): Captured frame at timestamp: 10615
2025-11-26 19:41:01,253 [DEBUG] smoother.update(): velocity=0.07998421072980198
2025-11-26 19:41:01,254 [DEBUG] controller._on_landmark_update(): Gesture detected: NONE
2025-11-26 19:41:01,255 [DEBUG] mapper.update_and_detect(): std=0.003267042314450505, velocity=0.00920390038947671
2025-11-26 19:41:01,255 [DEBUG] mapper.update_and_compute(): velocity=0.0031550559317994457
2025-11-26 19:41:01,255 [DEBUG] mapper.update_and_compute(): slow movement detected, applying scaling factor: 0.9999979570601386
2025-11-26 19:41:01,255 [DEBUG] mapper.mapping_use_palm(): mapping pos: (857, 617)
2025-11-26 19:41:01,255 [INFO] mouse._move_mouse(): Moving mouse to (857, 617)
2025-11-26 19:41:01,276 [DEBUG] camera.run(): Captured frame at timestamp: 10649
2025-11-26 19:41:01,287 [DEBUG] smoother.update(): velocity=0.09170013918432066
2025-11-26 19:41:01,289 [DEBUG] controller._on_landmark_update(): Gesture detected: LEFT_PRESS
2025-11-26 19:41:01,289 [DEBUG] mapper.update_and_detect(): std=0.003204355992791003, velocity=0.009902492916843432
2025-11-26 19:41:01,289 [DEBUG] mapper.update_and_compute(): velocity=0.003218699330841682
2025-11-26 19:41:01,289 [DEBUG] mapper.update_and_compute(): slow movement detected, applying scaling factor: 0.9999994279201108
2025-11-26 19:41:01,289 [DEBUG] mapper.mapping_use_palm(): mapping pos: (869, 617)
2025-11-26 19:41:01,289 [INFO] mouse._left_release(): Left mouse button released
2025-11-26 19:41:01,310 [DEBUG] camera.run(): Captured frame at timestamp: 10683
2025-11-26 19:41:01,321 [DEBUG] smoother.update(): velocity=0.12206861024113991
2025-11-26 19:41:01,322 [DEBUG] controller._on_landmark_update(): Gesture detected: LEFT_PRESS
2025-11-26 19:41:01,322 [DEBUG] mapper.update_and_detect(): std=0.0033549187862224263, velocity=0.010543619767303794
2025-11-26 19:41:01,322 [DEBUG] mapper.update_and_compute(): velocity=0.0036593530015123
2025-11-26 19:41:01,322 [DEBUG] mapper.update_and_compute(): slow movement detected, applying scaling factor: 0.9999999999148885
2025-11-26 19:41:01,322 [DEBUG] mapper.mapping_use_palm(): mapping pos: (870, 615)
2025-11-26 19:41:01,344 [DEBUG] camera.run(): Captured frame at timestamp: 10717
2025-11-26 19:41:01,355 [DEBUG] smoother.update(): velocity=0.14192480936899166
2025-11-26 19:41:01,357 [DEBUG] controller._on_landmark_update(): Gesture detected: LEFT_PRESS
2025-11-26 19:41:01,357 [DEBUG] mapper.update_and_detect(): std=0.0035704911049951947, velocity=0.011235256057691307
2025-11-26 19:41:01,357 [DEBUG] mapper.update_and_compute(): velocity=0.0036820387485515258
2025-11-26 19:41:01,357 [DEBUG] mapper.update_and_compute(): slow movement detected, applying scaling factor: 0.9999999999459317
2025-11-26 19:41:01,357 [DEBUG] mapper.mapping_use_palm(): mapping pos: (870, 614)
2025-11-26 19:41:01,378 [DEBUG] camera.run(): Captured frame at timestamp: 10750
2025-11-26 19:41:01,388 [DEBUG] smoother.update(): velocity=0.13118244048279523
2025-11-26 19:41:01,389 [DEBUG] controller._on_landmark_update(): Gesture detected: LEFT_PRESS
2025-11-26 19:41:01,390 [DEBUG] mapper.update_and_detect(): std=0.0038269342958952993, velocity=0.01200925652730286
2025-11-26 19:41:01,390 [DEBUG] mapper.update_and_compute(): velocity=0.003594247737338894
2025-11-26 19:41:01,390 [DEBUG] mapper.update_and_compute(): slow movement detected, applying scaling factor: 0.9999999996870428
2025-11-26 19:41:01,390 [DEBUG] mapper.mapping_use_palm(): mapping pos: (871, 613)
2025-11-26 19:41:01,411 [DEBUG] camera.run(): Captured frame at timestamp: 10783
2025-11-26 19:41:01,422 [DEBUG] smoother.update(): velocity=0.10611382359004287
2025-11-26 19:41:01,423 [DEBUG] controller._on_landmark_update(): Gesture detected: LEFT_PRESS
2025-11-26 19:41:01,423 [DEBUG] mapper.update_and_detect(): std=0.003946186619551784, velocity=0.012103372049215702
2025-11-26 19:41:01,423 [DEBUG] mapper.update_and_compute(): velocity=0.0028537841261841467
2025-11-26 19:41:01,423 [DEBUG] mapper.update_and_compute(): slow movement detected, applying scaling factor: 0.9991552987824746
2025-11-26 19:41:01,423 [DEBUG] mapper.mapping_use_palm(): mapping pos: (876, 612)
2025-11-26 19:41:01,445 [DEBUG] camera.run(): Captured frame at timestamp: 10818
2025-11-26 19:41:01,456 [DEBUG] smoother.update(): velocity=0.08786458412815662
2025-11-26 19:41:01,457 [DEBUG] controller._on_landmark_update(): Gesture detected: LEFT_PRESS
2025-11-26 19:41:01,457 [DEBUG] mapper.update_and_detect(): std=0.0038493355463354835, velocity=0.011925578768829813
2025-11-26 19:41:01,457 [DEBUG] mapper.update_and_compute(): velocity=0.0027696352822466496
2025-11-26 19:41:01,457 [DEBUG] mapper.update_and_compute(): slow movement detected, applying scaling factor: 0.9954709586006959
2025-11-26 19:41:01,457 [DEBUG] mapper.mapping_use_palm(): mapping pos: (882, 611)
2025-11-26 19:41:01,479 [DEBUG] camera.run(): Captured frame at timestamp: 10852
2025-11-26 19:41:01,490 [DEBUG] smoother.update(): velocity=0.07351466397947831
2025-11-26 19:41:01,491 [DEBUG] controller._on_landmark_update(): Gesture detected: LEFT_PRESS
2025-11-26 19:41:01,491 [DEBUG] mapper.update_and_detect(): std=0.0037729959660541793, velocity=0.012170347957192965
2025-11-26 19:41:01,491 [DEBUG] mapper.update_and_compute(): velocity=0.0032878837442043606
2025-11-26 19:41:01,491 [DEBUG] mapper.update_and_compute(): slow movement detected, applying scaling factor: 0.9999998566067566
2025-11-26 19:41:01,491 [DEBUG] mapper.mapping_use_palm(): mapping pos: (886, 611)
2025-11-26 19:41:01,513 [DEBUG] camera.run(): Captured frame at timestamp: 10886
2025-11-26 19:41:01,524 [DEBUG] smoother.update(): velocity=0.06464173533290136
2025-11-26 19:41:01,525 [DEBUG] controller._on_landmark_update(): Gesture detected: LEFT_PRESS
2025-11-26 19:41:01,525 [DEBUG] mapper.update_and_detect(): std=0.0037686649422665874, velocity=0.011872491361174754
2025-11-26 19:41:01,525 [DEBUG] mapper.update_and_compute(): velocity=0.0029571039540385456
2025-11-26 19:41:01,525 [DEBUG] mapper.update_and_compute(): slow movement detected, applying scaling factor: 0.9998929469593744
2025-11-26 19:41:01,525 [DEBUG] mapper.mapping_use_palm(): mapping pos: (891, 607)
2025-11-26 19:41:01,546 [DEBUG] camera.run(): Captured frame at timestamp: 10919
2025-11-26 19:41:01,557 [DEBUG] smoother.update(): velocity=0.05820196048665463
2025-11-26 19:41:01,558 [DEBUG] controller._on_landmark_update(): Gesture detected: LEFT_PRESS
2025-11-26 19:41:01,558 [DEBUG] mapper.update_and_detect(): std=0.003645851142259962, velocity=0.011797424041393452
2025-11-26 19:41:01,558 [DEBUG] mapper.update_and_compute(): velocity=0.0035718198300052273
2025-11-26 19:41:01,558 [DEBUG] mapper.update_and_compute(): slow movement detected, applying scaling factor: 0.9999999995098927
2025-11-26 19:41:01,558 [DEBUG] mapper.mapping_use_palm(): mapping pos: (895, 602)
2025-11-26 19:41:01,580 [DEBUG] camera.run(): Captured frame at timestamp: 10952
2025-11-26 19:41:01,590 [DEBUG] smoother.update(): velocity=0.06367040599341604
2025-11-26 19:41:01,591 [DEBUG] controller._on_landmark_update(): Gesture detected: LEFT_RELEASE
2025-11-26 19:41:01,591 [DEBUG] mapper.update_and_detect(): std=0.003916391586666187, velocity=0.011527869620577115
2025-11-26 19:41:01,591 [DEBUG] mapper.update_and_compute(): velocity=0.0035046811949202583
2025-11-26 19:41:01,591 [DEBUG] mapper.update_and_compute(): slow movement detected, applying scaling factor: 0.9999999981230616
2025-11-26 19:41:01,591 [DEBUG] mapper.mapping_use_palm(): mapping pos: (902, 600)
2025-11-26 19:41:01,591 [INFO] mouse._left_press(): Left mouse button pressed
2025-11-26 19:41:01,611 [DEBUG] camera.run(): Captured frame at timestamp: 10984
2025-11-26 19:41:01,622 [DEBUG] smoother.update(): velocity=0.08763159560535558
2025-11-26 19:41:01,623 [DEBUG] controller._on_landmark_update(): Gesture detected: LEFT_RELEASE
2025-11-26 19:41:01,624 [DEBUG] mapper.update_and_detect(): std=0.004134668897740044, velocity=0.011313629880807917
2025-11-26 19:41:01,624 [DEBUG] mapper.update_and_compute(): velocity=0.0034221962740377415
2025-11-26 19:41:01,624 [DEBUG] mapper.update_and_compute(): slow movement detected, applying scaling factor: 0.9999999902297666
2025-11-26 19:41:01,624 [DEBUG] mapper.mapping_use_palm(): mapping pos: (911, 601)
2025-11-26 19:41:01,646 [DEBUG] camera.run(): Captured frame at timestamp: 11018
2025-11-26 19:41:01,656 [DEBUG] smoother.update(): velocity=0.09266561094998754
2025-11-26 19:41:01,657 [DEBUG] controller._on_landmark_update(): Gesture detected: LEFT_RELEASE
2025-11-26 19:41:01,657 [DEBUG] mapper.update_and_detect(): std=0.004198984010124312, velocity=0.010829899200542153
2025-11-26 19:41:01,657 [DEBUG] mapper.update_and_compute(): velocity=0.0026104119972444203
2025-11-26 19:41:01,657 [DEBUG] mapper.update_and_compute(): slow movement detected, applying scaling factor: 0.9009870241259834
2025-11-26 19:41:01,657 [DEBUG] mapper.mapping_use_palm(): mapping pos: (916, 604)
2025-11-26 19:41:01,678 [DEBUG] camera.run(): Captured frame at timestamp: 11050
2025-11-26 19:41:01,689 [DEBUG] smoother.update(): velocity=0.0894637442968485
2025-11-26 19:41:01,690 [DEBUG] controller._on_landmark_update(): Gesture detected: LEFT_RELEASE
2025-11-26 19:41:01,690 [DEBUG] mapper.update_and_detect(): std=0.004163487274259229, velocity=0.009718593221930532
2025-11-26 19:41:01,690 [DEBUG] mapper.update_and_compute(): velocity=0.0018269167331454006
2025-11-26 19:41:01,690 [DEBUG] mapper.update_and_compute(): slow movement detected, applying scaling factor: 1.4245326518840011e-06
2025-11-26 19:41:01,690 [DEBUG] mapper.mapping_use_palm(): mapping pos: (916, 604)
2025-11-26 19:41:01,713 [DEBUG] camera.run(): Captured frame at timestamp: 11085
2025-11-26 19:41:01,724 [DEBUG] smoother.update(): velocity=0.08530690467278725
2025-11-26 19:41:01,725 [DEBUG] controller._on_landmark_update(): Gesture detected: LEFT_RELEASE
2025-11-26 19:41:01,725 [DEBUG] mapper.update_and_detect(): std=0.004106077460838464, velocity=0.008138789758505438
2025-11-26 19:41:01,725 [DEBUG] mapper.update_and_compute(): velocity=0.002970785092498147
2025-11-26 19:41:01,725 [DEBUG] mapper.update_and_compute(): slow movement detected, applying scaling factor: 0.9999185713419105
2025-11-26 19:41:01,725 [DEBUG] mapper.mapping_use_palm(): mapping pos: (917, 609)
2025-11-26 19:41:01,746 [DEBUG] camera.run(): Captured frame at timestamp: 11118
2025-11-26 19:41:01,757 [DEBUG] smoother.update(): velocity=0.07361415816085139
2025-11-26 19:41:01,758 [DEBUG] controller._on_landmark_update(): Gesture detected: LEFT_RELEASE
2025-11-26 19:41:01,758 [DEBUG] mapper.update_and_detect(): std=0.00374915922221895, velocity=0.00652512687147612
2025-11-26 19:41:01,758 [DEBUG] mapper.update_and_compute(): velocity=0.0022721582513870004
2025-11-26 19:41:01,758 [DEBUG] mapper.update_and_compute(): slow movement detected, applying scaling factor: 0.010386218416937308
2025-11-26 19:41:01,758 [DEBUG] mapper.mapping_use_palm(): mapping pos: (917, 609)
2025-11-26 19:41:01,779 [DEBUG] camera.run(): Captured frame at timestamp: 11152
2025-11-26 19:41:01,790 [DEBUG] smoother.update(): velocity=0.0782385900430942
2025-11-26 19:41:01,791 [DEBUG] controller._on_landmark_update(): Gesture detected: LEFT_RELEASE
2025-11-26 19:41:01,791 [DEBUG] mapper.update_and_detect(): std=0.0032089751120719687, velocity=0.006624806112659202
2025-11-26 19:41:01,791 [DEBUG] mapper.update_and_compute(): velocity=0.005884709135371271
2025-11-26 19:41:01,791 [DEBUG] mapper.mapping_use_palm(): mapping pos: (918, 618)
2025-11-26 19:41:01,813 [DEBUG] camera.run(): Captured frame at timestamp: 11186
2025-11-26 19:41:01,824 [DEBUG] smoother.update(): velocity=0.08282242199133914
2025-11-26 19:41:01,825 [DEBUG] controller._on_landmark_update(): Gesture detected: LEFT_RELEASE
2025-11-26 19:41:01,825 [DEBUG] mapper.update_and_detect(): std=0.002663302984567876, velocity=0.008678429353933842
2025-11-26 19:41:01,825 [DEBUG] mapper.update_and_compute(): velocity=0.0044480074108806285
2025-11-26 19:41:01,825 [DEBUG] mapper.update_and_compute(): slow movement detected, applying scaling factor: 1.0
2025-11-26 19:41:01,825 [DEBUG] mapper.mapping_use_palm(): mapping pos: (914, 623)
2025-11-26 19:41:01,846 [DEBUG] camera.run(): Captured frame at timestamp: 11219
2025-11-26 19:41:01,857 [DEBUG] smoother.update(): velocity=0.08549395393365697
2025-11-26 19:41:01,858 [DEBUG] controller._on_landmark_update(): Gesture detected: LEFT_RELEASE
2025-11-26 19:41:01,858 [DEBUG] mapper.update_and_detect(): std=0.003990910325100199, velocity=0.012044330810045155
2025-11-26 19:41:01,858 [DEBUG] mapper.update_and_compute(): velocity=0.005428515515005268
2025-11-26 19:41:01,858 [DEBUG] mapper.mapping_use_palm(): mapping pos: (912, 628)
2025-11-26 19:41:01,879 [DEBUG] camera.run(): Captured frame at timestamp: 11252
2025-11-26 19:41:01,890 [DEBUG] smoother.update(): velocity=0.10047810627781352
2025-11-26 19:41:01,891 [DEBUG] controller._on_landmark_update(): Gesture detected: LEFT_RELEASE
2025-11-26 19:41:01,891 [DEBUG] mapper.update_and_detect(): std=0.005542430451733195, velocity=0.016421084410657562
2025-11-26 19:41:01,891 [DEBUG] mapper.update_and_compute(): velocity=0.007014004251926415
2025-11-26 19:41:01,891 [DEBUG] mapper.mapping_use_palm(): mapping pos: (913, 634)
2025-11-26 19:41:01,913 [DEBUG] camera.run(): Captured frame at timestamp: 11286
2025-11-26 19:41:01,924 [DEBUG] smoother.update(): velocity=0.11675119804222674
2025-11-26 19:41:01,925 [DEBUG] controller._on_landmark_update(): Gesture detected: LEFT_RELEASE
2025-11-26 19:41:01,925 [DEBUG] mapper.update_and_detect(): std=0.007163683451381458, velocity=0.021563641968554127
2025-11-26 19:41:01,925 [DEBUG] mapper.update_and_compute(): velocity=0.008755652327492185
2025-11-26 19:41:01,925 [DEBUG] mapper.mapping_use_palm(): mapping pos: (917, 644)
2025-11-26 19:41:01,946 [DEBUG] camera.run(): Captured frame at timestamp: 11319
2025-11-26 19:41:01,957 [DEBUG] smoother.update(): velocity=0.12250472566946842
2025-11-26 19:41:01,958 [DEBUG] controller._on_landmark_update(): Gesture detected: LEFT_RELEASE
2025-11-26 19:41:01,958 [DEBUG] mapper.update_and_detect(): std=0.00863987190290207, velocity=0.02621806857617123
2025-11-26 19:41:01,958 [DEBUG] mapper.update_and_compute(): velocity=0.009321924101561942
2025-11-26 19:41:01,958 [DEBUG] mapper.mapping_use_palm(): mapping pos: (926, 655)
2025-11-26 19:41:01,979 [DEBUG] camera.run(): Captured frame at timestamp: 11352
2025-11-26 19:41:01,990 [DEBUG] smoother.update(): velocity=0.13243312451811481
2025-11-26 19:41:01,991 [DEBUG] controller._on_landmark_update(): Gesture detected: LEFT_RELEASE
2025-11-26 19:41:01,991 [DEBUG] mapper.update_and_detect(): std=0.010300088959757831, velocity=0.03048731174447566
2025-11-26 19:41:01,991 [DEBUG] mapper.update_and_compute(): velocity=0.009940042101823855
2025-11-26 19:41:01,991 [DEBUG] mapper.mapping_use_palm(): mapping pos: (934, 665)
2025-11-26 19:41:02,013 [DEBUG] camera.run(): Captured frame at timestamp: 11386
2025-11-26 19:41:02,024 [DEBUG] smoother.update(): velocity=0.13775517001116147
2025-11-26 19:41:02,025 [DEBUG] controller._on_landmark_update(): Gesture detected: LEFT_RELEASE
2025-11-26 19:41:02,025 [DEBUG] mapper.update_and_detect(): std=0.012131155282608564, velocity=0.034302901771044815
2025-11-26 19:41:02,025 [DEBUG] mapper.update_and_compute(): velocity=0.010512618015896072
2025-11-26 19:41:02,026 [DEBUG] mapper.mapping_use_palm(): mapping pos: (941, 675)
2025-11-26 19:41:02,047 [DEBUG] camera.run(): Captured frame at timestamp: 11420
2025-11-26 19:41:02,058 [DEBUG] smoother.update(): velocity=0.13579038186447032
2025-11-26 19:41:02,059 [DEBUG] controller._on_landmark_update(): Gesture detected: LEFT_RELEASE
2025-11-26 19:41:02,059 [DEBUG] mapper.update_and_detect(): std=0.013768129923882532, velocity=0.03779133739844875
2025-11-26 19:41:02,059 [DEBUG] mapper.update_and_compute(): velocity=0.011264826477297008
2025-11-26 19:41:02,059 [DEBUG] mapper.mapping_use_palm(): mapping pos: (947, 685)
2025-11-26 19:41:02,081 [DEBUG] camera.run(): Captured frame at timestamp: 11453
2025-11-26 19:41:02,091 [DEBUG] smoother.update(): velocity=0.1308653652828665
2025-11-26 19:41:02,092 [DEBUG] controller._on_landmark_update(): Gesture detected: LEFT_RELEASE
2025-11-26 19:41:02,092 [DEBUG] mapper.update_and_detect(): std=0.015076379540369205, velocity=0.03979285043007803
2025-11-26 19:41:02,092 [DEBUG] mapper.update_and_compute(): velocity=0.010590997253783862
2025-11-26 19:41:02,092 [DEBUG] mapper.mapping_use_palm(): mapping pos: (952, 692)
2025-11-26 19:41:02,113 [DEBUG] camera.run(): Captured frame at timestamp: 11485
2025-11-26 19:41:02,123 [DEBUG] smoother.update(): velocity=0.12264834518129046
2025-11-26 19:41:02,124 [DEBUG] controller._on_landmark_update(): Gesture detected: LEFT_RELEASE
2025-11-26 19:41:02,125 [DEBUG] mapper.update_and_detect(): std=0.01592839583287382, velocity=0.04052232201161469
2025-11-26 19:41:02,125 [DEBUG] mapper.update_and_compute(): velocity=0.009901863254146631
2025-11-26 19:41:02,125 [DEBUG] mapper.mapping_use_palm(): mapping pos: (956, 700)
2025-11-26 19:41:02,146 [DEBUG] camera.run(): Captured frame at timestamp: 11518
2025-11-26 19:41:02,156 [DEBUG] smoother.update(): velocity=0.10182660607987065
2025-11-26 19:41:02,157 [DEBUG] controller._on_landmark_update(): Gesture detected: LEFT_RELEASE
2025-11-26 19:41:02,157 [DEBUG] mapper.update_and_detect(): std=0.01616180825136094, velocity=0.03898783317478179
2025-11-26 19:41:02,157 [DEBUG] mapper.update_and_compute(): velocity=0.007907770867962122
2025-11-26 19:41:02,158 [DEBUG] mapper.mapping_use_palm(): mapping pos: (962, 706)
2025-11-26 19:41:02,179 [DEBUG] camera.run(): Captured frame at timestamp: 11552
2025-11-26 19:41:02,190 [DEBUG] smoother.update(): velocity=0.08326361950851237
2025-11-26 19:41:02,191 [DEBUG] controller._on_landmark_update(): Gesture detected: LEFT_RELEASE
2025-11-26 19:41:02,191 [DEBUG] mapper.update_and_detect(): std=0.015799174670509505, velocity=0.036160314304306614
2025-11-26 19:41:02,191 [DEBUG] mapper.update_and_compute(): velocity=0.006605516590030476
2025-11-26 19:41:02,191 [DEBUG] mapper.mapping_use_palm(): mapping pos: (967, 710)
2025-11-26 19:41:02,212 [DEBUG] camera.run(): Captured frame at timestamp: 11585
2025-11-26 19:41:02,223 [DEBUG] smoother.update(): velocity=0.0723038333414719
2025-11-26 19:41:02,224 [DEBUG] controller._on_landmark_update(): Gesture detected: LEFT_RELEASE
2025-11-26 19:41:02,224 [DEBUG] mapper.update_and_detect(): std=0.015002474356863688, velocity=0.03251781222463105
2025-11-26 19:41:02,224 [DEBUG] mapper.update_and_compute(): velocity=0.005439765855379342
2025-11-26 19:41:02,224 [DEBUG] mapper.mapping_use_palm(): mapping pos: (972, 714)
2025-11-26 19:41:02,246 [DEBUG] camera.run(): Captured frame at timestamp: 11618
2025-11-26 19:41:02,256 [DEBUG] smoother.update(): velocity=0.06576141220238389
2025-11-26 19:41:02,257 [DEBUG] controller._on_landmark_update(): Gesture detected: LEFT_RELEASE
2025-11-26 19:41:02,258 [DEBUG] mapper.update_and_detect(): std=0.013811918936323985, velocity=0.02887078809878538
2025-11-26 19:41:02,258 [DEBUG] mapper.update_and_compute(): velocity=0.004940406329699285
2025-11-26 19:41:02,258 [DEBUG] mapper.update_and_compute(): slow movement detected, applying scaling factor: 1.0
2025-11-26 19:41:02,258 [DEBUG] mapper.mapping_use_palm(): mapping pos: (974, 716)
2025-11-26 19:41:02,280 [DEBUG] camera.run(): Captured frame at timestamp: 11652
2025-11-26 19:41:02,291 [DEBUG] smoother.update(): velocity=0.05301519917771394
2025-11-26 19:41:02,292 [DEBUG] controller._on_landmark_update(): Gesture detected: LEFT_RELEASE
2025-11-26 19:41:02,292 [DEBUG] mapper.update_and_detect(): std=0.012309492579055462, velocity=0.025147141051294574
2025-11-26 19:41:02,292 [DEBUG] mapper.update_and_compute(): velocity=0.004212077624941294
2025-11-26 19:41:02,292 [DEBUG] mapper.update_and_compute(): slow movement detected, applying scaling factor: 0.9999999999999987
2025-11-26 19:41:02,292 [DEBUG] mapper.mapping_use_palm(): mapping pos: (978, 719)
2025-11-26 19:41:02,312 [DEBUG] camera.run(): Captured frame at timestamp: 11685
2025-11-26 19:41:02,323 [DEBUG] smoother.update(): velocity=0.04414972825198185
2025-11-26 19:41:02,325 [DEBUG] controller._on_landmark_update(): Gesture detected: LEFT_RELEASE
2025-11-26 19:41:02,325 [DEBUG] mapper.update_and_detect(): std=0.010645802021639903, velocity=0.02136682763150865
2025-11-26 19:41:02,325 [DEBUG] mapper.update_and_compute(): velocity=0.0033773694209514042
2025-11-26 19:41:02,325 [DEBUG] mapper.update_and_compute(): slow movement detected, applying scaling factor: 0.9999999760521777
2025-11-26 19:41:02,325 [DEBUG] mapper.mapping_use_palm(): mapping pos: (981, 721)
2025-11-26 19:41:02,346 [DEBUG] camera.run(): Captured frame at timestamp: 11719
2025-11-26 19:41:02,357 [DEBUG] smoother.update(): velocity=0.05419269617261313
2025-11-26 19:41:02,358 [DEBUG] controller._on_landmark_update(): Gesture detected: LEFT_RELEASE
2025-11-26 19:41:02,358 [DEBUG] mapper.update_and_detect(): std=0.009037737013114363, velocity=0.018304396930488142
2025-11-26 19:41:02,358 [DEBUG] mapper.update_and_compute(): velocity=0.003449356126329204
2025-11-26 19:41:02,358 [DEBUG] mapper.update_and_compute(): slow movement detected, applying scaling factor: 0.9999999943245872
2025-11-26 19:41:02,358 [DEBUG] mapper.mapping_use_palm(): mapping pos: (979, 723)
2025-11-26 19:41:02,379 [DEBUG] camera.run(): Captured frame at timestamp: 11752
2025-11-26 19:41:02,390 [DEBUG] smoother.update(): velocity=0.06826423210107582
2025-11-26 19:41:02,391 [DEBUG] controller._on_landmark_update(): Gesture detected: LEFT_RELEASE
2025-11-26 19:41:02,391 [DEBUG] mapper.update_and_detect(): std=0.007555481394271678, velocity=0.015464899473610431
2025-11-26 19:41:02,391 [DEBUG] mapper.update_and_compute(): velocity=0.003327454090952276
2025-11-26 19:41:02,391 [DEBUG] mapper.update_and_compute(): slow movement detected, applying scaling factor: 0.9999999350132143
2025-11-26 19:41:02,391 [DEBUG] mapper.mapping_use_palm(): mapping pos: (972, 725)
2025-11-26 19:41:02,412 [DEBUG] camera.run(): Captured frame at timestamp: 11785
2025-11-26 19:41:02,423 [DEBUG] smoother.update(): velocity=0.08083635476266277
2025-11-26 19:41:02,424 [DEBUG] controller._on_landmark_update(): Gesture detected: LEFT_RELEASE
2025-11-26 19:41:02,424 [DEBUG] mapper.update_and_detect(): std=0.006367915598462243, velocity=0.013775839319662472
2025-11-26 19:41:02,424 [DEBUG] mapper.update_and_compute(): velocity=0.004180383064258444
2025-11-26 19:41:02,425 [DEBUG] mapper.update_and_compute(): slow movement detected, applying scaling factor: 0.9999999999999976
2025-11-26 19:41:02,425 [DEBUG] mapper.mapping_use_palm(): mapping pos: (960, 729)
2025-11-26 19:41:02,445 [DEBUG] camera.run(): Captured frame at timestamp: 11818
2025-11-26 19:41:02,456 [DEBUG] smoother.update(): velocity=0.10451435633911389
2025-11-26 19:41:02,457 [DEBUG] controller._on_landmark_update(): Gesture detected: LEFT_RELEASE
2025-11-26 19:41:02,457 [DEBUG] mapper.update_and_detect(): std=0.005572110519483526, velocity=0.015264850929579335
2025-11-26 19:41:02,457 [DEBUG] mapper.update_and_compute(): velocity=0.006408980928596681
2025-11-26 19:41:02,457 [DEBUG] mapper.mapping_use_palm(): mapping pos: (943, 733)
2025-11-26 19:41:02,479 [DEBUG] camera.run(): Captured frame at timestamp: 11852
2025-11-26 19:41:02,490 [DEBUG] smoother.update(): velocity=0.1292173401852022
2025-11-26 19:41:02,491 [DEBUG] controller._on_landmark_update(): Gesture detected: LEFT_RELEASE
2025-11-26 19:41:02,491 [DEBUG] mapper.update_and_detect(): std=0.0053648627717331615, velocity=0.019394868873352088
2025-11-26 19:41:02,491 [DEBUG] mapper.update_and_compute(): velocity=0.008515547453417526
2025-11-26 19:41:02,491 [DEBUG] mapper.mapping_use_palm(): mapping pos: (922, 739)
2025-11-26 19:41:02,512 [DEBUG] camera.run(): Captured frame at timestamp: 11885
2025-11-26 19:41:02,523 [DEBUG] smoother.update(): velocity=0.1602185571183079
2025-11-26 19:41:02,524 [DEBUG] controller._on_landmark_update(): Gesture detected: LEFT_RELEASE
2025-11-26 19:41:02,524 [DEBUG] mapper.update_and_detect(): std=0.005865840991929384, velocity=0.024646826584033058
2025-11-26 19:41:02,524 [DEBUG] mapper.update_and_compute(): velocity=0.010009018959165962
2025-11-26 19:41:02,524 [DEBUG] mapper.mapping_use_palm(): mapping pos: (903, 751)
2025-11-26 19:41:02,546 [DEBUG] camera.run(): Captured frame at timestamp: 11918
2025-11-26 19:41:02,557 [DEBUG] smoother.update(): velocity=0.18965036550743902
2025-11-26 19:41:02,558 [DEBUG] controller._on_landmark_update(): Gesture detected: NONE
2025-11-26 19:41:02,558 [DEBUG] mapper.update_and_detect(): std=0.007804356786016099, velocity=0.031228487193086803
2025-11-26 19:41:02,558 [DEBUG] mapper.update_and_compute(): velocity=0.01213127590370296
2025-11-26 19:41:02,558 [DEBUG] mapper.mapping_use_palm(): mapping pos: (880, 762)
2025-11-26 19:41:02,558 [INFO] mouse._move_mouse(): Moving mouse to (880, 762)
2025-11-26 19:41:02,577 [DEBUG] camera.run(): Captured frame at timestamp: 11950
2025-11-26 19:41:02,588 [DEBUG] smoother.update(): velocity=0.19376130378361003
2025-11-26 19:41:02,590 [DEBUG] controller._on_landmark_update(): Gesture detected: NONE
2025-11-26 19:41:02,590 [DEBUG] mapper.update_and_detect(): std=0.009539590095030862, velocity=0.037017618366213964
2025-11-26 19:41:02,590 [DEBUG] mapper.update_and_compute(): velocity=0.012619908384520413
2025-11-26 19:41:02,590 [DEBUG] mapper.mapping_use_palm(): mapping pos: (852, 772)
2025-11-26 19:41:02,590 [INFO] mouse._move_mouse(): Moving mouse to (852, 772)
2025-11-26 19:41:02,610 [DEBUG] camera.run(): Captured frame at timestamp: 11982
2025-11-26 19:41:02,620 [DEBUG] smoother.update(): velocity=0.17077857433215304
2025-11-26 19:41:02,622 [DEBUG] controller._on_landmark_update(): Gesture detected: NONE
2025-11-26 19:41:02,622 [DEBUG] mapper.update_and_detect(): std=0.010757074870550665, velocity=0.040244545222959414
2025-11-26 19:41:02,622 [DEBUG] mapper.update_and_compute(): velocity=0.011205851218958826
2025-11-26 19:41:02,622 [DEBUG] mapper.mapping_use_palm(): mapping pos: (828, 781)
2025-11-26 19:41:02,622 [INFO] mouse._move_mouse(): Moving mouse to (828, 781)
2025-11-26 19:41:02,644 [DEBUG] camera.run(): Captured frame at timestamp: 12016
2025-11-26 19:41:02,654 [DEBUG] smoother.update(): velocity=0.13367496370816742
2025-11-26 19:41:02,656 [DEBUG] controller._on_landmark_update(): Gesture detected: NONE
2025-11-26 19:41:02,656 [DEBUG] mapper.update_and_detect(): std=0.011689044538168748, velocity=0.04070965896110371
2025-11-26 19:41:02,656 [DEBUG] mapper.update_and_compute(): velocity=0.009139771128042635
2025-11-26 19:41:02,656 [DEBUG] mapper.mapping_use_palm(): mapping pos: (806, 788)
2025-11-26 19:41:02,656 [INFO] mouse._move_mouse(): Moving mouse to (806, 788)
2025-11-26 19:41:02,677 [DEBUG] camera.run(): Captured frame at timestamp: 12049
2025-11-26 19:41:02,687 [DEBUG] smoother.update(): velocity=0.08606127506544584
2025-11-26 19:41:02,688 [DEBUG] controller._on_landmark_update(): Gesture detected: NONE
2025-11-26 19:41:02,689 [DEBUG] mapper.update_and_detect(): std=0.012093675645566907, velocity=0.03867470224346134
2025-11-26 19:41:02,689 [DEBUG] mapper.update_and_compute(): velocity=0.007030197819146185
2025-11-26 19:41:02,689 [DEBUG] mapper.mapping_use_palm(): mapping pos: (791, 792)
2025-11-26 19:41:02,689 [INFO] mouse._move_mouse(): Moving mouse to (791, 792)
2025-11-26 19:41:02,711 [DEBUG] camera.run(): Captured frame at timestamp: 12083
2025-11-26 19:41:02,722 [DEBUG] smoother.update(): velocity=0.041601915231555646
2025-11-26 19:41:02,723 [DEBUG] controller._on_landmark_update(): Gesture detected: NONE
2025-11-26 19:41:02,723 [DEBUG] mapper.update_and_detect(): std=0.011643920167107698, velocity=0.033527309440379224
2025-11-26 19:41:02,723 [DEBUG] mapper.update_and_compute(): velocity=0.004111175158420649
2025-11-26 19:41:02,723 [DEBUG] mapper.update_and_compute(): slow movement detected, applying scaling factor: 0.9999999999999898
2025-11-26 19:41:02,723 [DEBUG] mapper.mapping_use_palm(): mapping pos: (783, 794)
2025-11-26 19:41:02,723 [INFO] mouse._move_mouse(): Moving mouse to (783, 794)
2025-11-26 19:41:02,744 [DEBUG] camera.run(): Captured frame at timestamp: 12116
2025-11-26 19:41:02,754 [DEBUG] smoother.update(): velocity=0.02289560275566866
2025-11-26 19:41:02,755 [DEBUG] controller._on_landmark_update(): Gesture detected: NONE
2025-11-26 19:41:02,755 [DEBUG] mapper.update_and_detect(): std=0.010401458876929906, velocity=0.025077081450316372
2025-11-26 19:41:02,755 [DEBUG] mapper.update_and_compute(): velocity=0.0010616526196366135
2025-11-26 19:41:02,755 [DEBUG] mapper.update_and_compute(): slow movement detected, applying scaling factor: 3.2112446443221187e-13
2025-11-26 19:41:02,755 [DEBUG] mapper.mapping_use_palm(): mapping pos: (783, 794)
2025-11-26 19:41:02,755 [INFO] mouse._move_mouse(): Moving mouse to (783, 794)
2025-11-26 19:41:02,779 [DEBUG] camera.run(): Captured frame at timestamp: 12152
2025-11-26 19:41:02,790 [DEBUG] smoother.update(): velocity=0.05990340657929718
2025-11-26 19:41:02,791 [DEBUG] controller._on_landmark_update(): Gesture detected: NONE
2025-11-26 19:41:02,791 [DEBUG] mapper.update_and_detect(): std=0.00883897649108175, velocity=0.01514415930586209
2025-11-26 19:41:02,791 [DEBUG] mapper.update_and_compute(): velocity=0.004207319546292597
2025-11-26 19:41:02,791 [DEBUG] mapper.update_and_compute(): slow movement detected, applying scaling factor: 0.9999999999999984
2025-11-26 19:41:02,791 [DEBUG] mapper.mapping_use_palm(): mapping pos: (784, 789)
2025-11-26 19:41:02,791 [INFO] mouse._move_mouse(): Moving mouse to (784, 789)
2025-11-26 19:41:02,809 [DEBUG] camera.run(): Captured frame at timestamp: 12182
2025-11-26 19:41:02,820 [DEBUG] smoother.update(): velocity=0.09013174002015872
2025-11-26 19:41:02,822 [DEBUG] controller._on_landmark_update(): Gesture detected: NONE
2025-11-26 19:41:02,822 [DEBUG] mapper.update_and_detect(): std=0.006702714700540262, velocity=0.0055031225634110245
2025-11-26 19:41:02,822 [DEBUG] mapper.update_and_compute(): velocity=0.00542013391303107
2025-11-26 19:41:02,822 [DEBUG] mapper.mapping_use_palm(): mapping pos: (794, 783)
2025-11-26 19:41:02,822 [INFO] mouse._move_mouse(): Moving mouse to (794, 783)
2025-11-26 19:41:02,843 [DEBUG] camera.run(): Captured frame at timestamp: 12216
2025-11-26 19:41:02,854 [DEBUG] smoother.update(): velocity=0.10832243990129788
2025-11-26 19:41:02,855 [DEBUG] controller._on_landmark_update(): Gesture detected: NONE
2025-11-26 19:41:02,855 [DEBUG] mapper.update_and_detect(): std=0.004756343639234946, velocity=0.006499532299811059
2025-11-26 19:41:02,855 [DEBUG] mapper.update_and_compute(): velocity=0.006793939550962988
2025-11-26 19:41:02,855 [DEBUG] mapper.mapping_use_palm(): mapping pos: (808, 773)
2025-11-26 19:41:02,855 [INFO] mouse._move_mouse(): Moving mouse to (808, 773)
2025-11-26 19:41:02,877 [DEBUG] camera.run(): Captured frame at timestamp: 12249
2025-11-26 19:41:02,888 [DEBUG] smoother.update(): velocity=0.12299186439091758
2025-11-26 19:41:02,889 [DEBUG] controller._on_landmark_update(): Gesture detected: NONE
2025-11-26 19:41:02,889 [DEBUG] mapper.update_and_detect(): std=0.003841431024143409, velocity=0.01441157598486991
2025-11-26 19:41:02,889 [DEBUG] mapper.update_and_compute(): velocity=0.007806449675550335
2025-11-26 19:41:02,889 [DEBUG] mapper.mapping_use_palm(): mapping pos: (826, 763)
2025-11-26 19:41:02,889 [INFO] mouse._move_mouse(): Moving mouse to (826, 763)
2025-11-26 19:41:02,910 [DEBUG] camera.run(): Captured frame at timestamp: 12283
2025-11-26 19:41:02,921 [DEBUG] smoother.update(): velocity=0.13092164611863424
2025-11-26 19:41:02,922 [DEBUG] controller._on_landmark_update(): Gesture detected: NONE
2025-11-26 19:41:02,922 [DEBUG] mapper.update_and_detect(): std=0.00537101312240079, velocity=0.021480369631324575
2025-11-26 19:41:02,922 [DEBUG] mapper.update_and_compute(): velocity=0.008770600530008821
2025-11-26 19:41:02,922 [DEBUG] mapper.mapping_use_palm(): mapping pos: (849, 757)
2025-11-26 19:41:02,922 [INFO] mouse._move_mouse(): Moving mouse to (849, 757)
2025-11-26 19:41:02,944 [DEBUG] camera.run(): Captured frame at timestamp: 12316
2025-11-26 19:41:02,954 [DEBUG] smoother.update(): velocity=0.13756007001479326
2025-11-26 19:41:02,955 [DEBUG] controller._on_landmark_update(): Gesture detected: NONE
2025-11-26 19:41:02,955 [DEBUG] mapper.update_and_detect(): std=0.007296829976097815, velocity=0.026988975654065744
2025-11-26 19:41:02,955 [DEBUG] mapper.update_and_compute(): velocity=0.00911023828467092
2025-11-26 19:41:02,956 [DEBUG] mapper.mapping_use_palm(): mapping pos: (870, 751)
2025-11-26 19:41:02,956 [INFO] mouse._move_mouse(): Moving mouse to (870, 751)
2025-11-26 19:41:02,978 [DEBUG] camera.run(): Captured frame at timestamp: 12350
2025-11-26 19:41:02,988 [DEBUG] smoother.update(): velocity=0.14218674097152723
2025-11-26 19:41:02,990 [DEBUG] controller._on_landmark_update(): Gesture detected: NONE
2025-11-26 19:41:02,990 [DEBUG] mapper.update_and_detect(): std=0.009015884089767195, velocity=0.03095810412781632
2025-11-26 19:41:02,990 [DEBUG] mapper.update_and_compute(): velocity=0.009344518097061685
2025-11-26 19:41:02,990 [DEBUG] mapper.mapping_use_palm(): mapping pos: (893, 747)
2025-11-26 19:41:02,990 [INFO] mouse._move_mouse(): Moving mouse to (893, 747)
2025-11-26 19:41:03,009 [DEBUG] camera.run(): Captured frame at timestamp: 12381
2025-11-26 19:41:03,019 [DEBUG] smoother.update(): velocity=0.1443015618883667
2025-11-26 19:41:03,021 [DEBUG] controller._on_landmark_update(): Gesture detected: NONE
2025-11-26 19:41:03,021 [DEBUG] mapper.update_and_detect(): std=0.010411378484390417, velocity=0.03346213038776908
2025-11-26 19:41:03,021 [DEBUG] mapper.update_and_compute(): velocity=0.009339195654975001
2025-11-26 19:41:03,021 [DEBUG] mapper.mapping_use_palm(): mapping pos: (917, 745)
2025-11-26 19:41:03,021 [INFO] mouse._move_mouse(): Moving mouse to (917, 745)
2025-11-26 19:41:03,043 [DEBUG] camera.run(): Captured frame at timestamp: 12415
2025-11-26 19:41:03,053 [DEBUG] smoother.update(): velocity=0.14413166331326255
2025-11-26 19:41:03,054 [DEBUG] controller._on_landmark_update(): Gesture detected: NONE
2025-11-26 19:41:03,055 [DEBUG] mapper.update_and_detect(): std=0.011448356154694457, velocity=0.03474815834057549
2025-11-26 19:41:03,055 [DEBUG] mapper.update_and_compute(): velocity=0.008945387184465397
2025-11-26 19:41:03,055 [DEBUG] mapper.mapping_use_palm(): mapping pos: (942, 743)
2025-11-26 19:41:03,055 [INFO] mouse._move_mouse(): Moving mouse to (942, 743)
2025-11-26 19:41:03,076 [DEBUG] camera.run(): Captured frame at timestamp: 12449
2025-11-26 19:41:03,087 [DEBUG] smoother.update(): velocity=0.13503440999390173
2025-11-26 19:41:03,089 [DEBUG] controller._on_landmark_update(): Gesture detected: NONE
2025-11-26 19:41:03,089 [DEBUG] mapper.update_and_detect(): std=0.01218859004756222, velocity=0.03529602549352145
2025-11-26 19:41:03,089 [DEBUG] mapper.update_and_compute(): velocity=0.008743510294265403
2025-11-26 19:41:03,089 [DEBUG] mapper.mapping_use_palm(): mapping pos: (966, 740)
2025-11-26 19:41:03,089 [INFO] mouse._move_mouse(): Moving mouse to (966, 740)
2025-11-26 19:41:03,110 [DEBUG] camera.run(): Captured frame at timestamp: 12483
2025-11-26 19:41:03,120 [DEBUG] smoother.update(): velocity=0.1284735982148632
2025-11-26 19:41:03,122 [DEBUG] controller._on_landmark_update(): Gesture detected: NONE
2025-11-26 19:41:03,122 [DEBUG] mapper.update_and_detect(): std=0.012559025597702148, velocity=0.03458583532747364
2025-11-26 19:41:03,122 [DEBUG] mapper.update_and_compute(): velocity=0.007708547842477034
2025-11-26 19:41:03,122 [DEBUG] mapper.mapping_use_palm(): mapping pos: (985, 738)
2025-11-26 19:41:03,122 [INFO] mouse._move_mouse(): Moving mouse to (985, 738)
2025-11-26 19:41:03,144 [DEBUG] camera.run(): Captured frame at timestamp: 12516
2025-11-26 19:41:03,155 [DEBUG] smoother.update(): velocity=0.1101924091718441
2025-11-26 19:41:03,156 [DEBUG] controller._on_landmark_update(): Gesture detected: NONE
2025-11-26 19:41:03,156 [DEBUG] mapper.update_and_detect(): std=0.012568911282561249, velocity=0.03288027291948802
2025-11-26 19:41:03,156 [DEBUG] mapper.update_and_compute(): velocity=0.0067568552262130864
2025-11-26 19:41:03,156 [DEBUG] mapper.mapping_use_palm(): mapping pos: (1005, 734)
2025-11-26 19:41:03,156 [INFO] mouse._move_mouse(): Moving mouse to (1005, 734)
2025-11-26 19:41:03,177 [DEBUG] camera.run(): Captured frame at timestamp: 12550
2025-11-26 19:41:03,188 [DEBUG] smoother.update(): velocity=0.09017334789365201
2025-11-26 19:41:03,189 [DEBUG] controller._on_landmark_update(): Gesture detected: NONE
2025-11-26 19:41:03,189 [DEBUG] mapper.update_and_detect(): std=0.01221519740911302, velocity=0.030220019482833094
2025-11-26 19:41:03,189 [DEBUG] mapper.update_and_compute(): velocity=0.005526074202609982
2025-11-26 19:41:03,189 [DEBUG] mapper.mapping_use_palm(): mapping pos: (1021, 731)
2025-11-26 19:41:03,189 [INFO] mouse._move_mouse(): Moving mouse to (1021, 731)
2025-11-26 19:41:03,210 [DEBUG] camera.run(): Captured frame at timestamp: 12582
2025-11-26 19:41:03,220 [DEBUG] smoother.update(): velocity=0.0708871603016485
2025-11-26 19:41:03,222 [DEBUG] controller._on_landmark_update(): Gesture detected: NONE
2025-11-26 19:41:03,222 [DEBUG] mapper.update_and_detect(): std=0.01151370819729977, velocity=0.02699512487555592
2025-11-26 19:41:03,222 [DEBUG] mapper.update_and_compute(): velocity=0.004534297912435426
2025-11-26 19:41:03,222 [DEBUG] mapper.update_and_compute(): slow movement detected, applying scaling factor: 1.0
2025-11-26 19:41:03,222 [DEBUG] mapper.mapping_use_palm(): mapping pos: (1035, 730)
2025-11-26 19:41:03,222 [INFO] mouse._move_mouse(): Moving mouse to (1035, 730)
2025-11-26 19:41:03,243 [DEBUG] camera.run(): Captured frame at timestamp: 12616
2025-11-26 19:41:03,254 [DEBUG] smoother.update(): velocity=0.051855431354384786
2025-11-26 19:41:03,255 [DEBUG] controller._on_landmark_update(): Gesture detected: LEFT_RELEASE
2025-11-26 19:41:03,255 [DEBUG] mapper.update_and_detect(): std=0.010501719245627662, velocity=0.02323397878518329
2025-11-26 19:41:03,255 [DEBUG] mapper.update_and_compute(): velocity=0.003466581587458912
2025-11-26 19:41:03,255 [DEBUG] mapper.update_and_compute(): slow movement detected, applying scaling factor: 0.9999999959785839
2025-11-26 19:41:03,255 [DEBUG] mapper.mapping_use_palm(): mapping pos: (1047, 728)
2025-11-26 19:41:03,278 [DEBUG] camera.run(): Captured frame at timestamp: 12651
2025-11-26 19:41:03,289 [DEBUG] smoother.update(): velocity=0.03378155958735988
2025-11-26 19:41:03,290 [DEBUG] controller._on_landmark_update(): Gesture detected: LEFT_RELEASE
2025-11-26 19:41:03,290 [DEBUG] mapper.update_and_detect(): std=0.00920139092217418, velocity=0.019138290234313373
2025-11-26 19:41:03,290 [DEBUG] mapper.update_and_compute(): velocity=0.00238903226715767
2025-11-26 19:41:03,290 [DEBUG] mapper.update_and_compute(): slow movement detected, applying scaling factor: 0.09802584866231032
2025-11-26 19:41:03,290 [DEBUG] mapper.mapping_use_palm(): mapping pos: (1048, 728)
2025-11-26 19:41:03,311 [DEBUG] camera.run(): Captured frame at timestamp: 12683
2025-11-26 19:41:03,321 [DEBUG] smoother.update(): velocity=0.01937743534472644
2025-11-26 19:41:03,323 [DEBUG] controller._on_landmark_update(): Gesture detected: LEFT_RELEASE
2025-11-26 19:41:03,323 [DEBUG] mapper.update_and_detect(): std=0.007700329543493153, velocity=0.015028776382603153
2025-11-26 19:41:03,323 [DEBUG] mapper.update_and_compute(): velocity=0.0035562458417937536
2025-11-26 19:41:03,323 [DEBUG] mapper.update_and_compute(): slow movement detected, applying scaling factor: 0.9999999993307858
2025-11-26 19:41:03,323 [DEBUG] mapper.mapping_use_palm(): mapping pos: (1062, 729)
2025-11-26 19:41:03,344 [DEBUG] camera.run(): Captured frame at timestamp: 12717
2025-11-26 19:41:03,355 [DEBUG] smoother.update(): velocity=0.012178586078532453
2025-11-26 19:41:03,356 [DEBUG] controller._on_landmark_update(): Gesture detected: LEFT_RELEASE
2025-11-26 19:41:03,356 [DEBUG] mapper.update_and_detect(): std=0.0061147684403849495, velocity=0.010764542753860882
2025-11-26 19:41:03,356 [DEBUG] mapper.update_and_compute(): velocity=0.0005164873428980459
2025-11-26 19:41:03,356 [DEBUG] mapper.update_and_compute(): slow movement detected, applying scaling factor: 5.907829658182399e-18
2025-11-26 19:41:03,356 [DEBUG] mapper.mapping_use_palm(): mapping pos: (1062, 729)
2025-11-26 19:41:03,378 [DEBUG] camera.run(): Captured frame at timestamp: 12751
2025-11-26 19:41:03,390 [DEBUG] smoother.update(): velocity=0.020656389376034544
2025-11-26 19:41:03,391 [DEBUG] controller._on_landmark_update(): Gesture detected: LEFT_RELEASE
2025-11-26 19:41:03,391 [DEBUG] mapper.update_and_detect(): std=0.004616144945717117, velocity=0.007714803189797286
2025-11-26 19:41:03,391 [DEBUG] mapper.update_and_compute(): velocity=0.001289007569730328
2025-11-26 19:41:03,391 [DEBUG] mapper.update_and_compute(): slow movement detected, applying scaling factor: 3.030075138839776e-11
2025-11-26 19:41:03,391 [DEBUG] mapper.mapping_use_palm(): mapping pos: (1062, 729)
2025-11-26 19:41:03,412 [DEBUG] camera.run(): Captured frame at timestamp: 12785
2025-11-26 19:41:03,423 [DEBUG] smoother.update(): velocity=0.023438470892820043
2025-11-26 19:41:03,424 [DEBUG] controller._on_landmark_update(): Gesture detected: LEFT_RELEASE
2025-11-26 19:41:03,424 [DEBUG] mapper.update_and_detect(): std=0.0034350803461870466, velocity=0.00549338735980643
2025-11-26 19:41:03,424 [DEBUG] mapper.update_and_compute(): velocity=0.0024947681172996002
2025-11-26 19:41:03,424 [DEBUG] mapper.update_and_compute(): slow movement detected, applying scaling factor: 0.473864428762449
2025-11-26 19:41:03,424 [DEBUG] mapper.mapping_use_palm(): mapping pos: (1065, 732)
2025-11-26 19:41:03,446 [DEBUG] camera.run(): Captured frame at timestamp: 12819
2025-11-26 19:41:03,457 [DEBUG] smoother.update(): velocity=0.02516471789265653
2025-11-26 19:41:03,458 [DEBUG] controller._on_landmark_update(): Gesture detected: LEFT_RELEASE
2025-11-26 19:41:03,458 [DEBUG] mapper.update_and_detect(): std=0.002421667694507688, velocity=0.004050273419578786
2025-11-26 19:41:03,458 [DEBUG] mapper.update_and_compute(): velocity=0.0026915338013898116
2025-11-26 19:41:03,458 [DEBUG] mapper.update_and_compute(): slow movement detected, applying scaling factor: 0.9787657319758225
2025-11-26 19:41:03,458 [DEBUG] mapper.mapping_use_palm(): mapping pos: (1070, 739)
2025-11-26 19:41:03,480 [DEBUG] camera.run(): Captured frame at timestamp: 12852
2025-11-26 19:41:03,490 [DEBUG] smoother.update(): velocity=0.02367932292522238
2025-11-26 19:41:03,491 [DEBUG] controller._on_landmark_update(): Gesture detected: LEFT_RELEASE
2025-11-26 19:41:03,492 [DEBUG] mapper.update_and_detect(): std=0.0016343360862103517, velocity=0.00367298076483924
2025-11-26 19:41:03,492 [DEBUG] mapper.update_and_compute(): velocity=0.0014101884075139132
2025-11-26 19:41:03,492 [DEBUG] mapper.update_and_compute(): slow movement detected, applying scaling factor: 3.4199265692919014e-10
2025-11-26 19:41:03,492 [DEBUG] mapper.mapping_use_palm(): mapping pos: (1070, 739)
2025-11-26 19:41:03,513 [DEBUG] camera.run(): Captured frame at timestamp: 12886
2025-11-26 19:41:03,524 [DEBUG] smoother.update(): velocity=0.019808964764508847
2025-11-26 19:41:03,525 [DEBUG] controller._on_landmark_update(): Gesture detected: LEFT_RELEASE
2025-11-26 19:41:03,525 [DEBUG] mapper.update_and_detect(): std=0.0016058767957467693, velocity=0.0036588619289010357
2025-11-26 19:41:03,525 [DEBUG] mapper.update_and_compute(): velocity=0.002477839638176725
2025-11-26 19:41:03,525 [DEBUG] mapper.update_and_compute(): slow movement detected, applying scaling factor: 0.3909770149145868
2025-11-26 19:41:03,525 [DEBUG] mapper.mapping_use_palm(): mapping pos: (1070, 740)
2025-11-26 19:41:03,546 [DEBUG] camera.run(): Captured frame at timestamp: 12919
2025-11-26 19:41:03,557 [DEBUG] smoother.update(): velocity=0.01789579328897933
2025-11-26 19:41:03,558 [DEBUG] controller._on_landmark_update(): Gesture detected: NONE
2025-11-26 19:41:03,558 [DEBUG] mapper.update_and_detect(): std=0.001495094654591775, velocity=0.0038754529798252033
2025-11-26 19:41:03,558 [DEBUG] mapper.update_and_compute(): velocity=0.002457802429338938
2025-11-26 19:41:03,558 [DEBUG] mapper.update_and_compute(): slow movement detected, applying scaling factor: 0.30070322390891635
2025-11-26 19:41:03,558 [DEBUG] mapper.mapping_use_palm(): mapping pos: (1069, 741)
2025-11-26 19:41:03,558 [INFO] mouse._move_mouse(): Moving mouse to (1069, 741)
2025-11-26 19:41:03,577 [DEBUG] camera.run(): Captured frame at timestamp: 12950
2025-11-26 19:41:03,588 [DEBUG] smoother.update(): velocity=0.014109163840601872
2025-11-26 19:41:03,590 [DEBUG] controller._on_landmark_update(): Gesture detected: NONE
2025-11-26 19:41:03,590 [DEBUG] mapper.update_and_detect(): std=0.0014629600585658728, velocity=0.0038565657252858233
2025-11-26 19:41:03,590 [DEBUG] mapper.update_and_compute(): velocity=0.0023554437894838473
2025-11-26 19:41:03,590 [DEBUG] mapper.update_and_compute(): slow movement detected, applying scaling factor: 0.05259407317090525
2025-11-26 19:41:03,590 [DEBUG] mapper.mapping_use_palm(): mapping pos: (1069, 741)
2025-11-26 19:41:03,590 [INFO] mouse._move_mouse(): Moving mouse to (1069, 741)
2025-11-26 19:41:03,610 [DEBUG] camera.run(): Captured frame at timestamp: 12982
2025-11-26 19:41:03,620 [DEBUG] smoother.update(): velocity=0.014237552649823407
2025-11-26 19:41:03,622 [DEBUG] controller._on_landmark_update(): Gesture detected: NONE
2025-11-26 19:41:03,622 [DEBUG] mapper.update_and_detect(): std=0.001589617810792189, velocity=0.0040020000976673156
2025-11-26 19:41:03,622 [DEBUG] mapper.update_and_compute(): velocity=0.0032547213400695345
2025-11-26 19:41:03,622 [DEBUG] mapper.update_and_compute(): slow movement detected, applying scaling factor: 0.999999721661289
2025-11-26 19:41:03,622 [DEBUG] mapper.mapping_use_palm(): mapping pos: (1073, 747)
2025-11-26 19:41:03,622 [INFO] mouse._move_mouse(): Moving mouse to (1073, 747)
2025-11-26 19:41:03,643 [DEBUG] camera.run(): Captured frame at timestamp: 13016
2025-11-26 19:41:03,654 [DEBUG] smoother.update(): velocity=0.013239293161767932
2025-11-26 19:41:03,656 [DEBUG] controller._on_landmark_update(): Gesture detected: NONE
2025-11-26 19:41:03,656 [DEBUG] mapper.update_and_detect(): std=0.0016403817458403903, velocity=0.0038247186736633664
2025-11-26 19:41:03,656 [DEBUG] mapper.update_and_compute(): velocity=0.0009094254676479962
2025-11-26 19:41:03,656 [DEBUG] mapper.update_and_compute(): slow movement detected, applying scaling factor: 1.5291326127549284e-14
2025-11-26 19:41:03,656 [DEBUG] mapper.mapping_use_palm(): mapping pos: (1073, 747)
2025-11-26 19:41:03,656 [INFO] mouse._move_mouse(): Moving mouse to (1073, 747)
2025-11-26 19:41:03,676 [DEBUG] camera.run(): Captured frame at timestamp: 13049
2025-11-26 19:41:03,687 [DEBUG] smoother.update(): velocity=0.012393107909850484
2025-11-26 19:41:03,688 [DEBUG] controller._on_landmark_update(): Gesture detected: NONE
2025-11-26 19:41:03,688 [DEBUG] mapper.update_and_detect(): std=0.001556974145399732, velocity=0.003377540540645737
2025-11-26 19:41:03,688 [DEBUG] mapper.update_and_compute(): velocity=0.0015599186184247916
2025-11-26 19:41:03,688 [DEBUG] mapper.update_and_compute(): slow movement detected, applying scaling factor: 6.832141711659721e-09
2025-11-26 19:41:03,688 [DEBUG] mapper.mapping_use_palm(): mapping pos: (1073, 747)
2025-11-26 19:41:03,688 [INFO] mouse._move_mouse(): Moving mouse to (1073, 747)
2025-11-26 19:41:03,710 [DEBUG] camera.run(): Captured frame at timestamp: 13082
2025-11-26 19:41:03,720 [DEBUG] smoother.update(): velocity=0.015977542711418276
2025-11-26 19:41:03,722 [DEBUG] controller._on_landmark_update(): Gesture detected: NONE
2025-11-26 19:41:03,722 [DEBUG] mapper.update_and_detect(): std=0.001319409356362812, velocity=0.0032221847268865088
2025-11-26 19:41:03,722 [DEBUG] mapper.update_and_compute(): velocity=0.002408952628321195
2025-11-26 19:41:03,722 [DEBUG] mapper.update_and_compute(): slow movement detected, applying scaling factor: 0.13932022727881235
2025-11-26 19:41:03,722 [DEBUG] mapper.mapping_use_palm(): mapping pos: (1073, 748)
2025-11-26 19:41:03,722 [INFO] mouse._move_mouse(): Moving mouse to (1073, 748)
2025-11-26 19:41:03,744 [DEBUG] camera.run(): Captured frame at timestamp: 13116
2025-11-26 19:41:03,754 [DEBUG] smoother.update(): velocity=0.019602779692106536
2025-11-26 19:41:03,755 [DEBUG] controller._on_landmark_update(): Gesture detected: NONE
2025-11-26 19:41:03,756 [DEBUG] mapper.update_and_detect(): std=0.0012391741392695137, velocity=0.003316912436452125
2025-11-26 19:41:03,756 [DEBUG] mapper.update_and_compute(): velocity=0.003064412780615153
2025-11-26 19:41:03,756 [DEBUG] mapper.update_and_compute(): slow movement detected, applying scaling factor: 0.9999874810633915
2025-11-26 19:41:03,756 [DEBUG] mapper.mapping_use_palm(): mapping pos: (1071, 755)
2025-11-26 19:41:03,756 [INFO] mouse._move_mouse(): Moving mouse to (1071, 755)
2025-11-26 19:41:03,778 [DEBUG] camera.run(): Captured frame at timestamp: 13151
2025-11-26 19:41:03,789 [DEBUG] smoother.update(): velocity=0.021089050290469365
2025-11-26 19:41:03,790 [DEBUG] controller._on_landmark_update(): Gesture detected: NONE
2025-11-26 19:41:03,790 [DEBUG] mapper.update_and_detect(): std=0.0013532988492816838, velocity=0.0034288285550583097
2025-11-26 19:41:03,790 [DEBUG] mapper.update_and_compute(): velocity=0.0011150972808495632
2025-11-26 19:41:03,790 [DEBUG] mapper.update_and_compute(): slow movement detected, applying scaling factor: 9.351640906396328e-13
2025-11-26 19:41:03,790 [DEBUG] mapper.mapping_use_palm(): mapping pos: (1071, 755)
2025-11-26 19:41:03,790 [INFO] mouse._move_mouse(): Moving mouse to (1071, 755)
2025-11-26 19:41:03,810 [DEBUG] camera.run(): Captured frame at timestamp: 13182
2025-11-26 19:41:03,820 [DEBUG] smoother.update(): velocity=0.029326649874362867
2025-11-26 19:41:03,821 [DEBUG] controller._on_landmark_update(): Gesture detected: NONE
2025-11-26 19:41:03,822 [DEBUG] mapper.update_and_detect(): std=0.0012947043757421184, velocity=0.003859693215174316
2025-11-26 19:41:03,822 [DEBUG] mapper.update_and_compute(): velocity=0.00255646145196256
2025-11-26 19:41:03,822 [DEBUG] mapper.update_and_compute(): slow movement detected, applying scaling factor: 0.75569659295791
2025-11-26 19:41:03,822 [DEBUG] mapper.mapping_use_palm(): mapping pos: (1065, 756)
2025-11-26 19:41:03,822 [INFO] mouse._move_mouse(): Moving mouse to (1065, 756)
2025-11-26 19:41:03,843 [DEBUG] camera.run(): Captured frame at timestamp: 13216
2025-11-26 19:41:03,853 [DEBUG] smoother.update(): velocity=0.036233760111434254
2025-11-26 19:41:03,855 [DEBUG] controller._on_landmark_update(): Gesture detected: NONE
2025-11-26 19:41:03,855 [DEBUG] mapper.update_and_detect(): std=0.0013508776811136786, velocity=0.004285650065106545
2025-11-26 19:41:03,855 [DEBUG] mapper.update_and_compute(): velocity=0.002287770234024294
2025-11-26 19:41:03,855 [DEBUG] mapper.update_and_compute(): slow movement detected, applying scaling factor: 0.014138764639167647
2025-11-26 19:41:03,855 [DEBUG] mapper.mapping_use_palm(): mapping pos: (1065, 756)
2025-11-26 19:41:03,855 [INFO] mouse._move_mouse(): Moving mouse to (1065, 756)
2025-11-26 19:41:03,877 [DEBUG] camera.run(): Captured frame at timestamp: 13249
2025-11-26 19:41:03,887 [DEBUG] smoother.update(): velocity=0.04388759888056943
2025-11-26 19:41:03,889 [DEBUG] controller._on_landmark_update(): Gesture detected: NONE
2025-11-26 19:41:03,889 [DEBUG] mapper.update_and_detect(): std=0.0017634120951366718, velocity=0.0059705109235812905
2025-11-26 19:41:03,889 [DEBUG] mapper.update_and_compute(): velocity=0.005168851132663882
2025-11-26 19:41:03,889 [DEBUG] mapper.mapping_use_palm(): mapping pos: (1047, 754)
2025-11-26 19:41:03,889 [INFO] mouse._move_mouse(): Moving mouse to (1047, 754)
2025-11-26 19:41:03,910 [DEBUG] camera.run(): Captured frame at timestamp: 13282
2025-11-26 19:41:03,920 [DEBUG] smoother.update(): velocity=0.05410764356548828
2025-11-26 19:41:03,922 [DEBUG] controller._on_landmark_update(): Gesture detected: NONE
2025-11-26 19:41:03,922 [DEBUG] mapper.update_and_detect(): std=0.002249444158695515, velocity=0.007548970081802766
2025-11-26 19:41:03,922 [DEBUG] mapper.update_and_compute(): velocity=0.0029659039944369297
2025-11-26 19:41:03,922 [DEBUG] mapper.update_and_compute(): slow movement detected, applying scaling factor: 0.9999102219164451
2025-11-26 19:41:03,922 [DEBUG] mapper.mapping_use_palm(): mapping pos: (1039, 755)
2025-11-26 19:41:03,922 [INFO] mouse._move_mouse(): Moving mouse to (1039, 755)
2025-11-26 19:41:03,943 [DEBUG] camera.run(): Captured frame at timestamp: 13315
2025-11-26 19:41:03,953 [DEBUG] smoother.update(): velocity=0.06700920516552543
2025-11-26 19:41:03,954 [DEBUG] controller._on_landmark_update(): Gesture detected: NONE
2025-11-26 19:41:03,954 [DEBUG] mapper.update_and_detect(): std=0.0028382228676670095, velocity=0.00961974286428839
2025-11-26 19:41:03,954 [DEBUG] mapper.update_and_compute(): velocity=0.003797595186002035
2025-11-26 19:41:03,955 [DEBUG] mapper.update_and_compute(): slow movement detected, applying scaling factor: 0.9999999999946392
2025-11-26 19:41:03,955 [DEBUG] mapper.mapping_use_palm(): mapping pos: (1029, 754)
2025-11-26 19:41:03,955 [INFO] mouse._move_mouse(): Moving mouse to (1029, 754)
2025-11-26 19:41:03,978 [DEBUG] camera.run(): Captured frame at timestamp: 13350
2025-11-26 19:41:03,988 [DEBUG] smoother.update(): velocity=0.07911167718529016
2025-11-26 19:41:03,990 [DEBUG] controller._on_landmark_update(): Gesture detected: NONE
2025-11-26 19:41:03,990 [DEBUG] mapper.update_and_detect(): std=0.003571972973910683, velocity=0.012397177667350821
2025-11-26 19:41:03,990 [DEBUG] mapper.update_and_compute(): velocity=0.005002110402507363
2025-11-26 19:41:03,990 [DEBUG] mapper.mapping_use_palm(): mapping pos: (1017, 755)
2025-11-26 19:41:03,990 [INFO] mouse._move_mouse(): Moving mouse to (1017, 755)
2025-11-26 19:41:04,010 [DEBUG] camera.run(): Captured frame at timestamp: 13382
2025-11-26 19:41:04,020 [DEBUG] smoother.update(): velocity=0.08449165948911332
2025-11-26 19:41:04,021 [DEBUG] controller._on_landmark_update(): Gesture detected: NONE
2025-11-26 19:41:04,021 [DEBUG] mapper.update_and_detect(): std=0.004396701966036029, velocity=0.014979368400162615
2025-11-26 19:41:04,021 [DEBUG] mapper.update_and_compute(): velocity=0.005320161460656952
2025-11-26 19:41:04,021 [DEBUG] mapper.mapping_use_palm(): mapping pos: (1003, 757)
2025-11-26 19:41:04,021 [INFO] mouse._move_mouse(): Moving mouse to (1003, 757)
2025-11-26 19:41:04,042 [DEBUG] camera.run(): Captured frame at timestamp: 13415
2025-11-26 19:41:04,053 [DEBUG] smoother.update(): velocity=0.08978516821356157
2025-11-26 19:41:04,054 [DEBUG] controller._on_landmark_update(): Gesture detected: NONE
2025-11-26 19:41:04,054 [DEBUG] mapper.update_and_detect(): std=0.005241684868598542, velocity=0.01744462732501626
2025-11-26 19:41:04,054 [DEBUG] mapper.update_and_compute(): velocity=0.005789399999828139
2025-11-26 19:41:04,054 [DEBUG] mapper.mapping_use_palm(): mapping pos: (989, 759)
2025-11-26 19:41:04,054 [INFO] mouse._move_mouse(): Moving mouse to (989, 759)
2025-11-26 19:41:04,077 [DEBUG] camera.run(): Captured frame at timestamp: 13449
2025-11-26 19:41:04,088 [DEBUG] smoother.update(): velocity=0.0866643752654227
2025-11-26 19:41:04,089 [DEBUG] controller._on_landmark_update(): Gesture detected: NONE
2025-11-26 19:41:04,089 [DEBUG] mapper.update_and_detect(): std=0.006017200501750371, velocity=0.019118322046538433
2025-11-26 19:41:04,089 [DEBUG] mapper.update_and_compute(): velocity=0.0054901499485636275
2025-11-26 19:41:04,089 [DEBUG] mapper.mapping_use_palm(): mapping pos: (974, 760)
2025-11-26 19:41:04,089 [INFO] mouse._move_mouse(): Moving mouse to (974, 760)
2025-11-26 19:41:04,110 [DEBUG] camera.run(): Captured frame at timestamp: 13482
2025-11-26 19:41:04,120 [DEBUG] smoother.update(): velocity=0.08002887876559464
2025-11-26 19:41:04,122 [DEBUG] controller._on_landmark_update(): Gesture detected: NONE
2025-11-26 19:41:04,122 [DEBUG] mapper.update_and_detect(): std=0.00661893547748093, velocity=0.02038281497874714
2025-11-26 19:41:04,122 [DEBUG] mapper.update_and_compute(): velocity=0.0055317813769418704
2025-11-26 19:41:04,122 [DEBUG] mapper.mapping_use_palm(): mapping pos: (960, 758)
2025-11-26 19:41:04,122 [INFO] mouse._move_mouse(): Moving mouse to (960, 758)
2025-11-26 19:41:04,142 [DEBUG] camera.run(): Captured frame at timestamp: 13514
2025-11-26 19:41:04,152 [DEBUG] smoother.update(): velocity=0.0687236555135344
2025-11-26 19:41:04,153 [DEBUG] controller._on_landmark_update(): Gesture detected: NONE
2025-11-26 19:41:04,153 [DEBUG] mapper.update_and_detect(): std=0.006954973675848955, velocity=0.01992687575503362
2025-11-26 19:41:04,153 [DEBUG] mapper.update_and_compute(): velocity=0.0040813133837972445
2025-11-26 19:41:04,153 [DEBUG] mapper.update_and_compute(): slow movement detected, applying scaling factor: 0.9999999999999816
2025-11-26 19:41:04,153 [DEBUG] mapper.mapping_use_palm(): mapping pos: (950, 759)
2025-11-26 19:41:04,154 [INFO] mouse._move_mouse(): Moving mouse to (950, 759)
2025-11-26 19:41:04,180 [DEBUG] camera.run(): Captured frame at timestamp: 13553
2025-11-26 19:41:04,191 [DEBUG] smoother.update(): velocity=0.058534500281482445
2025-11-26 19:41:04,192 [DEBUG] controller._on_landmark_update(): Gesture detected: NONE
2025-11-26 19:41:04,192 [DEBUG] mapper.update_and_detect(): std=0.006988967215893877, velocity=0.019327957992443558
2025-11-26 19:41:04,192 [DEBUG] mapper.update_and_compute(): velocity=0.004071416522288354
2025-11-26 19:41:04,192 [DEBUG] mapper.update_and_compute(): slow movement detected, applying scaling factor: 0.9999999999999776
2025-11-26 19:41:04,192 [DEBUG] mapper.mapping_use_palm(): mapping pos: (940, 759)
2025-11-26 19:41:04,192 [INFO] mouse._move_mouse(): Moving mouse to (940, 759)
2025-11-26 19:41:04,210 [DEBUG] camera.run(): Captured frame at timestamp: 13582
2025-11-26 19:41:04,221 [DEBUG] smoother.update(): velocity=0.048636938568243276
2025-11-26 19:41:04,222 [DEBUG] controller._on_landmark_update(): Gesture detected: NONE
2025-11-26 19:41:04,222 [DEBUG] mapper.update_and_detect(): std=0.006815958084955541, velocity=0.017868607129050935
2025-11-26 19:41:04,222 [DEBUG] mapper.update_and_compute(): velocity=0.0032469734255275297
2025-11-26 19:41:04,222 [DEBUG] mapper.update_and_compute(): slow movement detected, applying scaling factor: 0.9999996750091585
2025-11-26 19:41:04,222 [DEBUG] mapper.mapping_use_palm(): mapping pos: (934, 759)
2025-11-26 19:41:04,222 [INFO] mouse._move_mouse(): Moving mouse to (934, 759)
2025-11-26 19:41:04,243 [DEBUG] camera.run(): Captured frame at timestamp: 13616
2025-11-26 19:41:04,254 [DEBUG] smoother.update(): velocity=0.03409720466777941
2025-11-26 19:41:04,256 [DEBUG] controller._on_landmark_update(): Gesture detected: NONE
2025-11-26 19:41:04,256 [DEBUG] mapper.update_and_detect(): std=0.006329017108317092, velocity=0.01564072427282675
2025-11-26 19:41:04,256 [DEBUG] mapper.update_and_compute(): velocity=0.0023074838424642814
2025-11-26 19:41:04,256 [DEBUG] mapper.update_and_compute(): slow movement detected, applying scaling factor: 0.02082975255676853
2025-11-26 19:41:04,256 [DEBUG] mapper.mapping_use_palm(): mapping pos: (933, 759)
2025-11-26 19:41:04,256 [INFO] mouse._move_mouse(): Moving mouse to (933, 759)
2025-11-26 19:41:04,277 [DEBUG] camera.run(): Captured frame at timestamp: 13649
2025-11-26 19:41:04,287 [DEBUG] smoother.update(): velocity=0.028363286138994342
2025-11-26 19:41:04,289 [DEBUG] controller._on_landmark_update(): Gesture detected: NONE
2025-11-26 19:41:04,289 [DEBUG] mapper.update_and_detect(): std=0.0057140899203258775, velocity=0.013674552606065846
2025-11-26 19:41:04,289 [DEBUG] mapper.update_and_compute(): velocity=0.004551186080908275
2025-11-26 19:41:04,289 [DEBUG] mapper.update_and_compute(): slow movement detected, applying scaling factor: 1.0
2025-11-26 19:41:04,289 [DEBUG] mapper.mapping_use_palm(): mapping pos: (925, 760)
2025-11-26 19:41:04,289 [INFO] mouse._move_mouse(): Moving mouse to (925, 760)
2025-11-26 19:41:04,310 [DEBUG] camera.run(): Captured frame at timestamp: 13683
2025-11-26 19:41:04,321 [DEBUG] smoother.update(): velocity=0.01977825368284368
2025-11-26 19:41:04,322 [DEBUG] controller._on_landmark_update(): Gesture detected: NONE
2025-11-26 19:41:04,322 [DEBUG] mapper.update_and_detect(): std=0.00496576034837381, velocity=0.011334224900421725
2025-11-26 19:41:04,322 [DEBUG] mapper.update_and_compute(): velocity=0.0015272695473351602
2025-11-26 19:41:04,322 [DEBUG] mapper.update_and_compute(): slow movement detected, applying scaling factor: 3.556072765187815e-09
2025-11-26 19:41:04,322 [DEBUG] mapper.mapping_use_palm(): mapping pos: (925, 760)
2025-11-26 19:41:04,322 [INFO] mouse._move_mouse(): Moving mouse to (925, 760)
2025-11-26 19:41:04,344 [DEBUG] camera.run(): Captured frame at timestamp: 13717
2025-11-26 19:41:04,355 [DEBUG] smoother.update(): velocity=0.012900279305240353
2025-11-26 19:41:04,356 [DEBUG] controller._on_landmark_update(): Gesture detected: NONE
2025-11-26 19:41:04,356 [DEBUG] mapper.update_and_detect(): std=0.004135041239281123, velocity=0.009218650912379561
2025-11-26 19:41:04,356 [DEBUG] mapper.update_and_compute(): velocity=0.0027517360370860927
2025-11-26 19:41:04,356 [DEBUG] mapper.update_and_compute(): slow movement detected, applying scaling factor: 0.9935340651228074
2025-11-26 19:41:04,356 [DEBUG] mapper.mapping_use_palm(): mapping pos: (922, 762)
2025-11-26 19:41:04,356 [INFO] mouse._move_mouse(): Moving mouse to (922, 762)
2025-11-26 19:41:04,378 [DEBUG] camera.run(): Captured frame at timestamp: 13750
2025-11-26 19:41:04,388 [DEBUG] smoother.update(): velocity=0.010155160991949099
2025-11-26 19:41:04,390 [DEBUG] controller._on_landmark_update(): Gesture detected: NONE
2025-11-26 19:41:04,390 [DEBUG] mapper.update_and_detect(): std=0.003354154003730942, velocity=0.007262497735345118
2025-11-26 19:41:04,390 [DEBUG] mapper.update_and_compute(): velocity=0.0010142822648505833
2025-11-26 19:41:04,390 [DEBUG] mapper.update_and_compute(): slow movement detected, applying scaling factor: 1.2451443985149677e-13
2025-11-26 19:41:04,390 [DEBUG] mapper.mapping_use_palm(): mapping pos: (922, 762)
2025-11-26 19:41:04,390 [INFO] mouse._move_mouse(): Moving mouse to (922, 762)
2025-11-26 19:41:04,410 [DEBUG] camera.run(): Captured frame at timestamp: 13782
2025-11-26 19:41:04,420 [DEBUG] smoother.update(): velocity=0.009312690441067686
2025-11-26 19:41:04,422 [DEBUG] controller._on_landmark_update(): Gesture detected: NONE
2025-11-26 19:41:04,422 [DEBUG] mapper.update_and_detect(): std=0.002708177909556198, velocity=0.005935754030005928
2025-11-26 19:41:04,422 [DEBUG] mapper.update_and_compute(): velocity=0.002155234061804278
2025-11-26 19:41:04,422 [DEBUG] mapper.update_and_compute(): slow movement detected, applying scaling factor: 0.0010114900221263384
2025-11-26 19:41:04,422 [DEBUG] mapper.mapping_use_palm(): mapping pos: (922, 762)
2025-11-26 19:41:04,422 [INFO] mouse._move_mouse(): Moving mouse to (922, 762)
2025-11-26 19:41:04,442 [DEBUG] camera.run(): Captured frame at timestamp: 13814
2025-11-26 19:41:04,453 [DEBUG] smoother.update(): velocity=0.008064651954105656
2025-11-26 19:41:04,454 [DEBUG] controller._on_landmark_update(): Gesture detected: NONE
2025-11-26 19:41:04,454 [DEBUG] mapper.update_and_detect(): std=0.002170912309541231, velocity=0.004874628087597141
2025-11-26 19:41:04,454 [DEBUG] mapper.update_and_compute(): velocity=0.003053176885161066
2025-11-26 19:41:04,454 [DEBUG] mapper.update_and_compute(): slow movement detected, applying scaling factor: 0.9999843267226689
2025-11-26 19:41:04,454 [DEBUG] mapper.mapping_use_palm(): mapping pos: (922, 765)
2025-11-26 19:41:04,454 [INFO] mouse._move_mouse(): Moving mouse to (922, 765)
2025-11-26 19:41:04,477 [DEBUG] camera.run(): Captured frame at timestamp: 13849
2025-11-26 19:41:04,487 [DEBUG] smoother.update(): velocity=0.008061499368178161
2025-11-26 19:41:04,489 [DEBUG] controller._on_landmark_update(): Gesture detected: NONE
2025-11-26 19:41:04,489 [DEBUG] mapper.update_and_detect(): std=0.00226209576661674, velocity=0.0041782589592980314
2025-11-26 19:41:04,489 [DEBUG] mapper.update_and_compute(): velocity=0.0009815491363520182
2025-11-26 19:41:04,489 [DEBUG] mapper.update_and_compute(): slow movement detected, applying scaling factor: 6.469986545287516e-14
2025-11-26 19:41:04,489 [DEBUG] mapper.mapping_use_palm(): mapping pos: (922, 765)
2025-11-26 19:41:04,489 [INFO] mouse._move_mouse(): Moving mouse to (922, 765)
2025-11-26 19:41:04,510 [DEBUG] camera.run(): Captured frame at timestamp: 13883
2025-11-26 19:41:04,521 [DEBUG] smoother.update(): velocity=0.009765428581670585
2025-11-26 19:41:04,522 [DEBUG] controller._on_landmark_update(): Gesture detected: NONE
2025-11-26 19:41:04,522 [DEBUG] mapper.update_and_detect(): std=0.0023384337421250814, velocity=0.003871925177709762
2025-11-26 19:41:04,522 [DEBUG] mapper.update_and_compute(): velocity=0.0020649961654394043
2025-11-26 19:41:04,522 [DEBUG] mapper.update_and_compute(): slow movement detected, applying scaling factor: 0.00016654529385458158
2025-11-26 19:41:04,522 [DEBUG] mapper.mapping_use_palm(): mapping pos: (922, 765)
2025-11-26 19:41:04,522 [INFO] mouse._move_mouse(): Moving mouse to (922, 765)
2025-11-26 19:41:04,544 [DEBUG] camera.run(): Captured frame at timestamp: 13916
2025-11-26 19:41:04,554 [DEBUG] smoother.update(): velocity=0.010478963097076171
2025-11-26 19:41:04,556 [DEBUG] controller._on_landmark_update(): Gesture detected: NONE
2025-11-26 19:41:04,556 [DEBUG] mapper.update_and_detect(): std=0.0022913549156601772, velocity=0.0035179735512638095
2025-11-26 19:41:04,556 [DEBUG] mapper.update_and_compute(): velocity=0.002780041120092516
2025-11-26 19:41:04,556 [DEBUG] mapper.update_and_compute(): slow movement detected, applying scaling factor: 0.9963187776314625
2025-11-26 19:41:04,556 [DEBUG] mapper.mapping_use_palm(): mapping pos: (924, 767)
2025-11-26 19:41:04,556 [INFO] mouse._move_mouse(): Moving mouse to (924, 767)
2025-11-26 19:41:04,577 [DEBUG] camera.run(): Captured frame at timestamp: 13950
2025-11-26 19:41:04,588 [DEBUG] smoother.update(): velocity=0.011213755284502835
2025-11-26 19:41:04,589 [DEBUG] controller._on_landmark_update(): Gesture detected: NONE
2025-11-26 19:41:04,589 [DEBUG] mapper.update_and_detect(): std=0.0022497554433044222, velocity=0.0034021279147387813
2025-11-26 19:41:04,590 [DEBUG] mapper.update_and_compute(): velocity=0.0008682565558050572
2025-11-26 19:41:04,590 [DEBUG] mapper.update_and_compute(): slow movement detected, applying scaling factor: 6.712070757249434e-15
2025-11-26 19:41:04,590 [DEBUG] mapper.mapping_use_palm(): mapping pos: (924, 767)
2025-11-26 19:41:04,590 [INFO] mouse._move_mouse(): Moving mouse to (924, 767)
2025-11-26 19:41:04,610 [DEBUG] camera.run(): Captured frame at timestamp: 13982
2025-11-26 19:41:04,620 [DEBUG] smoother.update(): velocity=0.013387354549855086
2025-11-26 19:41:04,621 [DEBUG] controller._on_landmark_update(): Gesture detected: NONE
2025-11-26 19:41:04,621 [DEBUG] mapper.update_and_detect(): std=0.002098523974864202, velocity=0.00334484498635954
2025-11-26 19:41:04,621 [DEBUG] mapper.update_and_compute(): velocity=0.0018190545572371233
2025-11-26 19:41:04,621 [DEBUG] mapper.update_and_compute(): slow movement detected, applying scaling factor: 1.217257631411749e-06
2025-11-26 19:41:04,621 [DEBUG] mapper.mapping_use_palm(): mapping pos: (924, 767)
2025-11-26 19:41:04,621 [INFO] mouse._move_mouse(): Moving mouse to (924, 767)
2025-11-26 19:41:04,643 [DEBUG] camera.run(): Captured frame at timestamp: 14016
2025-11-26 19:41:04,654 [DEBUG] smoother.update(): velocity=0.011165507022125293
2025-11-26 19:41:04,655 [DEBUG] controller._on_landmark_update(): Gesture detected: NONE
2025-11-26 19:41:04,655 [DEBUG] mapper.update_and_detect(): std=0.0018517713898573971, velocity=0.0029858693396960156
2025-11-26 19:41:04,655 [DEBUG] mapper.update_and_compute(): velocity=0.0023822134468352964
2025-11-26 19:41:04,655 [DEBUG] mapper.update_and_compute(): slow movement detected, applying scaling factor: 0.08661131376321451
2025-11-26 19:41:04,655 [DEBUG] mapper.mapping_use_palm(): mapping pos: (924, 767)
2025-11-26 19:41:04,655 [INFO] mouse._move_mouse(): Moving mouse to (924, 767)
2025-11-26 19:41:04,677 [DEBUG] camera.run(): Captured frame at timestamp: 14049
2025-11-26 19:41:04,687 [DEBUG] smoother.update(): velocity=0.011529490673186931
2025-11-26 19:41:04,688 [DEBUG] controller._on_landmark_update(): Gesture detected: NONE
2025-11-26 19:41:04,689 [DEBUG] mapper.update_and_detect(): std=0.001499301308949227, velocity=0.002898565519858163
2025-11-26 19:41:04,689 [DEBUG] mapper.update_and_compute(): velocity=0.0029278332627651737
2025-11-26 19:41:04,689 [DEBUG] mapper.update_and_compute(): slow movement detected, applying scaling factor: 0.9998077775948546
2025-11-26 19:41:04,689 [DEBUG] mapper.mapping_use_palm(): mapping pos: (927, 769)
2025-11-26 19:41:04,689 [INFO] mouse._move_mouse(): Moving mouse to (927, 769)
2025-11-26 19:41:04,710 [DEBUG] camera.run(): Captured frame at timestamp: 14083
2025-11-26 19:41:04,721 [DEBUG] smoother.update(): velocity=0.01604653458261325
2025-11-26 19:41:04,722 [DEBUG] controller._on_landmark_update(): Gesture detected: NONE
2025-11-26 19:41:04,722 [DEBUG] mapper.update_and_detect(): std=0.001142549990576558, velocity=0.0028900895601885477
2025-11-26 19:41:04,722 [DEBUG] mapper.update_and_compute(): velocity=0.0009302312832006934
2025-11-26 19:41:04,722 [DEBUG] mapper.update_and_compute(): slow movement detected, applying scaling factor: 2.318260142904424e-14
2025-11-26 19:41:04,722 [DEBUG] mapper.mapping_use_palm(): mapping pos: (927, 769)
2025-11-26 19:41:04,722 [INFO] mouse._move_mouse(): Moving mouse to (927, 769)
2025-11-26 19:41:04,744 [DEBUG] camera.run(): Captured frame at timestamp: 14116
2025-11-26 19:41:04,754 [DEBUG] smoother.update(): velocity=0.03168760903399889
2025-11-26 19:41:04,755 [DEBUG] controller._on_landmark_update(): Gesture detected: NONE
2025-11-26 19:41:04,755 [DEBUG] mapper.update_and_detect(): std=0.0011047970574635684, velocity=0.0031652253711177895
2025-11-26 19:41:04,755 [DEBUG] mapper.update_and_compute(): velocity=0.002145047540641053
2025-11-26 19:41:04,756 [DEBUG] mapper.update_and_compute(): slow movement detected, applying scaling factor: 0.0008252082855701977
2025-11-26 19:41:04,756 [DEBUG] mapper.mapping_use_palm(): mapping pos: (927, 769)
2025-11-26 19:41:04,756 [INFO] mouse._move_mouse(): Moving mouse to (927, 769)
2025-11-26 19:41:04,778 [DEBUG] camera.run(): Captured frame at timestamp: 14150
2025-11-26 19:41:04,788 [DEBUG] smoother.update(): velocity=0.0625124519295206
2025-11-26 19:41:04,790 [DEBUG] controller._on_landmark_update(): Gesture detected: NONE
2025-11-26 19:41:04,790 [DEBUG] mapper.update_and_detect(): std=0.0012535478360674837, velocity=0.004525796174911447
2025-11-26 19:41:04,790 [DEBUG] mapper.update_and_compute(): velocity=0.0046701244456818
2025-11-26 19:41:04,790 [DEBUG] mapper.update_and_compute(): slow movement detected, applying scaling factor: 1.0
2025-11-26 19:41:04,790 [DEBUG] mapper.mapping_use_palm(): mapping pos: (934, 780)
2025-11-26 19:41:04,790 [INFO] mouse._move_mouse(): Moving mouse to (934, 780)
2025-11-26 19:41:04,810 [DEBUG] camera.run(): Captured frame at timestamp: 14182
2025-11-26 19:41:04,820 [DEBUG] smoother.update(): velocity=0.10214696698591784
2025-11-26 19:41:04,821 [DEBUG] controller._on_landmark_update(): Gesture detected: NONE
2025-11-26 19:41:04,822 [DEBUG] mapper.update_and_detect(): std=0.0021265039414565365, velocity=0.00661835996727535
2025-11-26 19:41:04,822 [DEBUG] mapper.update_and_compute(): velocity=0.003412786455982693
2025-11-26 19:41:04,822 [DEBUG] mapper.update_and_compute(): slow movement detected, applying scaling factor: 0.9999999882066394
2025-11-26 19:41:04,822 [DEBUG] mapper.mapping_use_palm(): mapping pos: (943, 786)
2025-11-26 19:41:04,822 [INFO] mouse._move_mouse(): Moving mouse to (943, 786)
2025-11-26 19:41:04,843 [DEBUG] camera.run(): Captured frame at timestamp: 14216
2025-11-26 19:41:04,853 [DEBUG] smoother.update(): velocity=0.14473271963670079
2025-11-26 19:41:04,855 [DEBUG] controller._on_landmark_update(): Gesture detected: NONE
2025-11-26 19:41:04,855 [DEBUG] mapper.update_and_detect(): std=0.0031820324826017884, velocity=0.008678432588791219
2025-11-26 19:41:04,855 [DEBUG] mapper.update_and_compute(): velocity=0.0036993668312008334
2025-11-26 19:41:04,855 [DEBUG] mapper.update_and_compute(): slow movement detected, applying scaling factor: 0.9999999999617675
2025-11-26 19:41:04,855 [DEBUG] mapper.mapping_use_palm(): mapping pos: (953, 793)
2025-11-26 19:41:04,855 [INFO] mouse._move_mouse(): Moving mouse to (953, 793)
2025-11-26 19:41:04,876 [DEBUG] camera.run(): Captured frame at timestamp: 14249
2025-11-26 19:41:04,887 [DEBUG] smoother.update(): velocity=0.17779874367746437
2025-11-26 19:41:04,888 [DEBUG] controller._on_landmark_update(): Gesture detected: LEFT_PRESS
2025-11-26 19:41:04,888 [DEBUG] mapper.update_and_detect(): std=0.0038335054662299354, velocity=0.009229047380603345
2025-11-26 19:41:04,888 [DEBUG] mapper.update_and_compute(): velocity=0.0025581116573226517
2025-11-26 19:41:04,888 [DEBUG] mapper.update_and_compute(): slow movement detected, applying scaling factor: 0.7617382523550436
2025-11-26 19:41:04,889 [DEBUG] mapper.mapping_use_palm(): mapping pos: (956, 794)
2025-11-26 19:41:04,889 [INFO] mouse._left_release(): Left mouse button released
2025-11-26 19:41:04,909 [DEBUG] camera.run(): Captured frame at timestamp: 14282
2025-11-26 19:41:04,927 [DEBUG] smoother.update(): velocity=0.14331670592229073
2025-11-26 19:41:04,929 [DEBUG] controller._on_landmark_update(): Gesture detected: LEFT_PRESS
2025-11-26 19:41:04,929 [DEBUG] mapper.update_and_detect(): std=0.004133935226806897, velocity=0.009022772282814891
2025-11-26 19:41:04,929 [DEBUG] mapper.update_and_compute(): velocity=0.0024149890361127033
2025-11-26 19:41:04,929 [DEBUG] mapper.update_and_compute(): slow movement detected, applying scaling factor: 0.15443662831960114
2025-11-26 19:41:04,929 [DEBUG] mapper.mapping_use_palm(): mapping pos: (957, 794)
2025-11-26 19:41:04,944 [DEBUG] camera.run(): Captured frame at timestamp: 14317
2025-11-26 19:41:04,954 [DEBUG] smoother.update(): velocity=0.11139973416449904
2025-11-26 19:41:04,955 [DEBUG] controller._on_landmark_update(): Gesture detected: LEFT_PRESS
2025-11-26 19:41:04,956 [DEBUG] mapper.update_and_detect(): std=0.0041661785910893255, velocity=0.009485928989321771
2025-11-26 19:41:04,956 [DEBUG] mapper.update_and_compute(): velocity=0.004798633101848385
2025-11-26 19:41:04,956 [DEBUG] mapper.update_and_compute(): slow movement detected, applying scaling factor: 1.0
2025-11-26 19:41:04,956 [DEBUG] mapper.mapping_use_palm(): mapping pos: (970, 792)
2025-11-26 19:41:04,979 [DEBUG] camera.run(): Captured frame at timestamp: 14352
2025-11-26 19:41:04,990 [DEBUG] smoother.update(): velocity=0.09701384007237808
2025-11-26 19:41:04,991 [DEBUG] controller._on_landmark_update(): Gesture detected: LEFT_PRESS
2025-11-26 19:41:04,991 [DEBUG] mapper.update_and_detect(): std=0.004751924931357106, velocity=0.010374842614628213
2025-11-26 19:41:04,991 [DEBUG] mapper.update_and_compute(): velocity=0.003779012332633814
2025-11-26 19:41:04,991 [DEBUG] mapper.update_and_compute(): slow movement detected, applying scaling factor: 0.999999999992226
2025-11-26 19:41:04,991 [DEBUG] mapper.mapping_use_palm(): mapping pos: (978, 787)
2025-11-26 19:41:05,012 [DEBUG] camera.run(): Captured frame at timestamp: 14385
2025-11-26 19:41:05,023 [DEBUG] smoother.update(): velocity=0.0646593722215407
2025-11-26 19:41:05,024 [DEBUG] controller._on_landmark_update(): Gesture detected: LEFT_PRESS
2025-11-26 19:41:05,024 [DEBUG] mapper.update_and_detect(): std=0.005223284512335393, velocity=0.010143923529123633
2025-11-26 19:41:05,024 [DEBUG] mapper.update_and_compute(): velocity=0.0021510360729889507
2025-11-26 19:41:05,024 [DEBUG] mapper.update_and_compute(): slow movement detected, applying scaling factor: 0.0009301087141116707
2025-11-26 19:41:05,024 [DEBUG] mapper.mapping_use_palm(): mapping pos: (978, 787)
2025-11-26 19:41:05,046 [DEBUG] camera.run(): Captured frame at timestamp: 14419
2025-11-26 19:41:05,057 [DEBUG] smoother.update(): velocity=0.034180824944717574
2025-11-26 19:41:05,058 [DEBUG] controller._on_landmark_update(): Gesture detected: LEFT_PRESS
2025-11-26 19:41:05,058 [DEBUG] mapper.update_and_detect(): std=0.00509880067241077, velocity=0.007662049943631075
2025-11-26 19:41:05,058 [DEBUG] mapper.update_and_compute(): velocity=0.00218749532714008
2025-11-26 19:41:05,058 [DEBUG] mapper.update_and_compute(): slow movement detected, applying scaling factor: 0.0019265549514109945
2025-11-26 19:41:05,058 [DEBUG] mapper.mapping_use_palm(): mapping pos: (978, 787)
2025-11-26 19:41:05,079 [DEBUG] camera.run(): Captured frame at timestamp: 14452
2025-11-26 19:41:05,090 [DEBUG] smoother.update(): velocity=0.04391285363764663
2025-11-26 19:41:05,091 [DEBUG] controller._on_landmark_update(): Gesture detected: LEFT_PRESS
2025-11-26 19:41:05,091 [DEBUG] mapper.update_and_detect(): std=0.00457150422740452, velocity=0.005234878731534617
2025-11-26 19:41:05,091 [DEBUG] mapper.update_and_compute(): velocity=0.0024633228409795703
2025-11-26 19:41:05,091 [DEBUG] mapper.update_and_compute(): slow movement detected, applying scaling factor: 0.3244176829542004
2025-11-26 19:41:05,091 [DEBUG] mapper.mapping_use_palm(): mapping pos: (979, 787)
2025-11-26 19:41:05,112 [DEBUG] camera.run(): Captured frame at timestamp: 14484
2025-11-26 19:41:05,122 [DEBUG] smoother.update(): velocity=0.0679297909012246
2025-11-26 19:41:05,123 [DEBUG] controller._on_landmark_update(): Gesture detected: LEFT_PRESS
2025-11-26 19:41:05,124 [DEBUG] mapper.update_and_detect(): std=0.0039169464213077996, velocity=0.0036872766553976205
2025-11-26 19:41:05,124 [DEBUG] mapper.update_and_compute(): velocity=0.001739805515490211
2025-11-26 19:41:05,124 [DEBUG] mapper.update_and_compute(): slow movement detected, applying scaling factor: 2.4947928788864454e-07
2025-11-26 19:41:05,124 [DEBUG] mapper.mapping_use_palm(): mapping pos: (979, 787)
2025-11-26 19:41:05,145 [DEBUG] camera.run(): Captured frame at timestamp: 14518
2025-11-26 19:41:05,156 [DEBUG] smoother.update(): velocity=0.07220653452530601
2025-11-26 19:41:05,157 [DEBUG] controller._on_landmark_update(): Gesture detected: LEFT_RELEASE
2025-11-26 19:41:05,157 [DEBUG] mapper.update_and_detect(): std=0.0030996951359381817, velocity=0.002858747964220979
2025-11-26 19:41:05,157 [DEBUG] mapper.update_and_compute(): velocity=0.0022766513126821633
2025-11-26 19:41:05,157 [DEBUG] mapper.update_and_compute(): slow movement detected, applying scaling factor: 0.011351670796469454
2025-11-26 19:41:05,157 [DEBUG] mapper.mapping_use_palm(): mapping pos: (979, 787)
2025-11-26 19:41:05,157 [INFO] mouse._left_press(): Left mouse button pressed
2025-11-26 19:41:05,178 [DEBUG] camera.run(): Captured frame at timestamp: 14550
2025-11-26 19:41:05,189 [DEBUG] smoother.update(): velocity=0.08164550672384044
2025-11-26 19:41:05,190 [DEBUG] controller._on_landmark_update(): Gesture detected: LEFT_RELEASE
2025-11-26 19:41:05,190 [DEBUG] mapper.update_and_detect(): std=0.0022947916890494694, velocity=0.002732546882051841
2025-11-26 19:41:05,190 [DEBUG] mapper.update_and_compute(): velocity=0.002847300780937455
2025-11-26 19:41:05,190 [DEBUG] mapper.update_and_compute(): slow movement detected, applying scaling factor: 0.9990384631020034
2025-11-26 19:41:05,190 [DEBUG] mapper.mapping_use_palm(): mapping pos: (981, 781)
2025-11-26 19:41:05,213 [DEBUG] camera.run(): Captured frame at timestamp: 14585
2025-11-26 19:41:05,223 [DEBUG] smoother.update(): velocity=0.0726623455745186
2025-11-26 19:41:05,224 [DEBUG] controller._on_landmark_update(): Gesture detected: LEFT_RELEASE
2025-11-26 19:41:05,224 [DEBUG] mapper.update_and_detect(): std=0.0013804241131254113, velocity=0.0026503755254737855
2025-11-26 19:41:05,224 [DEBUG] mapper.update_and_compute(): velocity=0.001029466537280523
2025-11-26 19:41:05,224 [DEBUG] mapper.update_and_compute(): slow movement detected, applying scaling factor: 1.6869749498707748e-13
2025-11-26 19:41:05,224 [DEBUG] mapper.mapping_use_palm(): mapping pos: (981, 781)
2025-11-26 19:41:05,246 [DEBUG] camera.run(): Captured frame at timestamp: 14618
2025-11-26 19:41:05,256 [DEBUG] smoother.update(): velocity=0.06327443429476412
2025-11-26 19:41:05,257 [DEBUG] controller._on_landmark_update(): Gesture detected: LEFT_RELEASE
2025-11-26 19:41:05,257 [DEBUG] mapper.update_and_detect(): std=0.0011898111574052477, velocity=0.0031668496557020792
2025-11-26 19:41:05,257 [DEBUG] mapper.update_and_compute(): velocity=0.00267229558278869
2025-11-26 19:41:05,257 [DEBUG] mapper.update_and_compute(): slow movement detected, applying scaling factor: 0.9691089833088185
2025-11-26 19:41:05,257 [DEBUG] mapper.mapping_use_palm(): mapping pos: (984, 780)
2025-11-26 19:41:05,277 [DEBUG] camera.run(): Captured frame at timestamp: 14650
2025-11-26 19:41:05,288 [DEBUG] smoother.update(): velocity=0.06037275300262067
2025-11-26 19:41:05,289 [DEBUG] controller._on_landmark_update(): Gesture detected: LEFT_RELEASE
2025-11-26 19:41:05,289 [DEBUG] mapper.update_and_detect(): std=0.001467533876326034, velocity=0.0038231960103367103
2025-11-26 19:41:05,289 [DEBUG] mapper.update_and_compute(): velocity=0.0015575948664658015
2025-11-26 19:41:05,289 [DEBUG] mapper.update_and_compute(): slow movement detected, applying scaling factor: 6.521883142286439e-09
2025-11-26 19:41:05,289 [DEBUG] mapper.mapping_use_palm(): mapping pos: (984, 780)
2025-11-26 19:41:05,311 [DEBUG] camera.run(): Captured frame at timestamp: 14684
2025-11-26 19:41:05,322 [DEBUG] smoother.update(): velocity=0.05074899270223472
2025-11-26 19:41:05,323 [DEBUG] controller._on_landmark_update(): Gesture detected: LEFT_RELEASE
2025-11-26 19:41:05,323 [DEBUG] mapper.update_and_detect(): std=0.0017477018488827316, velocity=0.004350543551006309
2025-11-26 19:41:05,323 [DEBUG] mapper.update_and_compute(): velocity=0.0027499034091526837
2025-11-26 19:41:05,323 [DEBUG] mapper.update_and_compute(): slow movement detected, applying scaling factor: 0.993294294000558
2025-11-26 19:41:05,323 [DEBUG] mapper.mapping_use_palm(): mapping pos: (988, 779)
2025-11-26 19:41:05,344 [DEBUG] camera.run(): Captured frame at timestamp: 14717
2025-11-26 19:41:05,355 [DEBUG] smoother.update(): velocity=0.04502698207390332
2025-11-26 19:41:05,356 [DEBUG] controller._on_landmark_update(): Gesture detected: LEFT_RELEASE
2025-11-26 19:41:05,356 [DEBUG] mapper.update_and_detect(): std=0.0018172356168641142, velocity=0.0035158989181612176
2025-11-26 19:41:05,356 [DEBUG] mapper.update_and_compute(): velocity=0.000575620624754981
2025-11-26 19:41:05,356 [DEBUG] mapper.update_and_compute(): slow movement detected, applying scaling factor: 1.9277607111243693e-17
2025-11-26 19:41:05,356 [DEBUG] mapper.mapping_use_palm(): mapping pos: (988, 779)
2025-11-26 19:41:05,379 [DEBUG] camera.run(): Captured frame at timestamp: 14752
2025-11-26 19:41:05,390 [DEBUG] smoother.update(): velocity=0.03730959469940286
2025-11-26 19:41:05,391 [DEBUG] controller._on_landmark_update(): Gesture detected: LEFT_RELEASE
2025-11-26 19:41:05,391 [DEBUG] mapper.update_and_detect(): std=0.0016724514591717962, velocity=0.0031806419467757803
2025-11-26 19:41:05,391 [DEBUG] mapper.update_and_compute(): velocity=0.0012262268133238583
2025-11-26 19:41:05,391 [DEBUG] mapper.update_and_compute(): slow movement detected, applying scaling factor: 8.632700553562961e-12
2025-11-26 19:41:05,391 [DEBUG] mapper.mapping_use_palm(): mapping pos: (988, 779)
2025-11-26 19:41:05,411 [DEBUG] camera.run(): Captured frame at timestamp: 14784
2025-11-26 19:41:05,422 [DEBUG] smoother.update(): velocity=0.029443767852212133
2025-11-26 19:41:05,423 [DEBUG] controller._on_landmark_update(): Gesture detected: LEFT_RELEASE
2025-11-26 19:41:05,423 [DEBUG] mapper.update_and_detect(): std=0.001469496838095846, velocity=0.002845485488174532
2025-11-26 19:41:05,423 [DEBUG] mapper.update_and_compute(): velocity=0.0018946796503648518
2025-11-26 19:41:05,423 [DEBUG] mapper.update_and_compute(): slow movement detected, applying scaling factor: 5.5239768308579054e-06
2025-11-26 19:41:05,423 [DEBUG] mapper.mapping_use_palm(): mapping pos: (988, 779)
2025-11-26 19:41:05,445 [DEBUG] camera.run(): Captured frame at timestamp: 14818
2025-11-26 19:41:05,456 [DEBUG] smoother.update(): velocity=0.024757799663710823
2025-11-26 19:41:05,457 [DEBUG] controller._on_landmark_update(): Gesture detected: LEFT_RELEASE
2025-11-26 19:41:05,457 [DEBUG] mapper.update_and_detect(): std=0.0011392136563464893, velocity=0.0028980273072123984
2025-11-26 19:41:05,457 [DEBUG] mapper.update_and_compute(): velocity=0.002616505449458607
2025-11-26 19:41:05,457 [DEBUG] mapper.update_and_compute(): slow movement detected, applying scaling factor: 0.9113401433874125
2025-11-26 19:41:05,457 [DEBUG] mapper.mapping_use_palm(): mapping pos: (995, 785)
2025-11-26 19:41:05,478 [DEBUG] camera.run(): Captured frame at timestamp: 14851
2025-11-26 19:41:05,489 [DEBUG] smoother.update(): velocity=0.0189574332391212
2025-11-26 19:41:05,490 [DEBUG] controller._on_landmark_update(): Gesture detected: NONE
2025-11-26 19:41:05,490 [DEBUG] mapper.update_and_detect(): std=0.0009816078593783825, velocity=0.0024665415008387442
2025-11-26 19:41:05,490 [DEBUG] mapper.update_and_compute(): velocity=0.000669597251457612
2025-11-26 19:41:05,490 [DEBUG] mapper.update_and_compute(): slow movement detected, applying scaling factor: 1.262768480091216e-16
2025-11-26 19:41:05,490 [DEBUG] mapper.mapping_use_palm(): mapping pos: (995, 785)
2025-11-26 19:41:05,490 [INFO] mouse._move_mouse(): Moving mouse to (995, 785)
2025-11-26 19:41:05,511 [DEBUG] camera.run(): Captured frame at timestamp: 14883
2025-11-26 19:41:05,522 [DEBUG] smoother.update(): velocity=0.01861317567284104
2025-11-26 19:41:05,523 [DEBUG] controller._on_landmark_update(): Gesture detected: NONE
2025-11-26 19:41:05,523 [DEBUG] mapper.update_and_detect(): std=0.000943266184246958, velocity=0.0016229304008677679
2025-11-26 19:41:05,523 [DEBUG] mapper.update_and_compute(): velocity=0.0005158162992239792
2025-11-26 19:41:05,523 [DEBUG] mapper.update_and_compute(): slow movement detected, applying scaling factor: 5.8290711102058656e-18
2025-11-26 19:41:05,523 [DEBUG] mapper.mapping_use_palm(): mapping pos: (995, 785)
2025-11-26 19:41:05,523 [INFO] mouse._move_mouse(): Moving mouse to (995, 785)
2025-11-26 19:41:05,543 [DEBUG] camera.run(): Captured frame at timestamp: 14916
2025-11-26 19:41:05,554 [DEBUG] smoother.update(): velocity=0.019265778581313984
2025-11-26 19:41:05,555 [DEBUG] controller._on_landmark_update(): Gesture detected: NONE
2025-11-26 19:41:05,556 [DEBUG] mapper.update_and_detect(): std=0.000893375805292571, velocity=0.0011640042581031068
2025-11-26 19:41:05,556 [DEBUG] mapper.update_and_compute(): velocity=0.00038123674485680614
2025-11-26 19:41:05,556 [DEBUG] mapper.update_and_compute(): slow movement detected, applying scaling factor: 3.9505375727613345e-19
2025-11-26 19:41:05,556 [DEBUG] mapper.mapping_use_palm(): mapping pos: (995, 785)
2025-11-26 19:41:05,556 [INFO] mouse._move_mouse(): Moving mouse to (995, 785)
2025-11-26 19:41:05,577 [DEBUG] camera.run(): Captured frame at timestamp: 14949
2025-11-26 19:41:05,587 [DEBUG] smoother.update(): velocity=0.015339768776345982
2025-11-26 19:41:05,589 [DEBUG] controller._on_landmark_update(): Gesture detected: NONE
2025-11-26 19:41:05,589 [DEBUG] mapper.update_and_detect(): std=0.0007176535681839935, velocity=0.000935471103212902
2025-11-26 19:41:05,589 [DEBUG] mapper.update_and_detect(): stationary detected
2025-11-26 19:41:05,611 [DEBUG] camera.run(): Captured frame at timestamp: 14984
2025-11-26 19:41:05,622 [DEBUG] smoother.update(): velocity=0.012540743674375231
2025-11-26 19:41:05,623 [DEBUG] controller._on_landmark_update(): Gesture detected: NONE
2025-11-26 19:41:05,623 [DEBUG] mapper.update_and_detect(): std=0.00061541257974074, velocity=0.0011351845961048669
2025-11-26 19:41:05,623 [DEBUG] mapper.update_and_compute(): velocity=0.001032020078099728
2025-11-26 19:41:05,623 [DEBUG] mapper.update_and_compute(): slow movement detected, applying scaling factor: 1.7753680808406242e-13
2025-11-26 19:41:05,623 [DEBUG] mapper.mapping_use_palm(): mapping pos: (995, 785)
2025-11-26 19:41:05,623 [INFO] mouse._move_mouse(): Moving mouse to (995, 785)
2025-11-26 19:41:05,643 [DEBUG] camera.run(): Captured frame at timestamp: 15015
2025-11-26 19:41:05,653 [DEBUG] smoother.update(): velocity=0.00983638451169335
2025-11-26 19:41:05,654 [DEBUG] controller._on_landmark_update(): Gesture detected: NONE
2025-11-26 19:41:05,654 [DEBUG] mapper.update_and_detect(): std=0.0005663497545420104, velocity=0.001427476972718535
2025-11-26 19:41:05,654 [DEBUG] mapper.update_and_compute(): velocity=0.0016392784999042715
2025-11-26 19:41:05,654 [DEBUG] mapper.update_and_compute(): slow movement detected, applying scaling factor: 3.340935002325284e-08
2025-11-26 19:41:05,654 [DEBUG] mapper.mapping_use_palm(): mapping pos: (995, 785)
2025-11-26 19:41:05,654 [INFO] mouse._move_mouse(): Moving mouse to (995, 785)
2025-11-26 19:41:05,677 [DEBUG] camera.run(): Captured frame at timestamp: 15049
2025-11-26 19:41:05,687 [DEBUG] smoother.update(): velocity=0.01075406311194268
2025-11-26 19:41:05,688 [DEBUG] controller._on_landmark_update(): Gesture detected: NONE
2025-11-26 19:41:05,688 [DEBUG] mapper.update_and_detect(): std=0.000681958275454757, velocity=0.0015659877832770823
2025-11-26 19:41:05,688 [DEBUG] mapper.update_and_compute(): velocity=0.0020513084874100697
2025-11-26 19:41:05,688 [DEBUG] mapper.update_and_compute(): slow movement detected, applying scaling factor: 0.00012666599129437014
2025-11-26 19:41:05,688 [DEBUG] mapper.mapping_use_palm(): mapping pos: (995, 785)
2025-11-26 19:41:05,688 [INFO] mouse._move_mouse(): Moving mouse to (995, 785)
2025-11-26 19:41:05,710 [DEBUG] camera.run(): Captured frame at timestamp: 15083
2025-11-26 19:41:05,721 [DEBUG] smoother.update(): velocity=0.010297566071697259
2025-11-26 19:41:05,722 [DEBUG] controller._on_landmark_update(): Gesture detected: NONE
2025-11-26 19:41:05,722 [DEBUG] mapper.update_and_detect(): std=0.0007426624277825312, velocity=0.0012001251601582187
2025-11-26 19:41:05,722 [DEBUG] mapper.update_and_compute(): velocity=0.0018847702193964307
2025-11-26 19:41:05,722 [DEBUG] mapper.update_and_compute(): slow movement detected, applying scaling factor: 4.53085387463286e-06
2025-11-26 19:41:05,722 [DEBUG] mapper.mapping_use_palm(): mapping pos: (995, 785)
2025-11-26 19:41:05,722 [INFO] mouse._move_mouse(): Moving mouse to (995, 785)
2025-11-26 19:41:05,745 [DEBUG] camera.run(): Captured frame at timestamp: 15117
2025-11-26 19:41:05,755 [DEBUG] smoother.update(): velocity=0.008212869101191804
2025-11-26 19:41:05,757 [DEBUG] controller._on_landmark_update(): Gesture detected: NONE
2025-11-26 19:41:05,757 [DEBUG] mapper.update_and_detect(): std=0.0007908968751405666, velocity=0.001400472482375846
2025-11-26 19:41:05,757 [DEBUG] mapper.update_and_compute(): velocity=0.002220670062830986
2025-11-26 19:41:05,757 [DEBUG] mapper.update_and_compute(): slow movement detected, applying scaling factor: 0.003733760070317263
2025-11-26 19:41:05,757 [DEBUG] mapper.mapping_use_palm(): mapping pos: (995, 785)
2025-11-26 19:41:05,757 [INFO] mouse._move_mouse(): Moving mouse to (995, 785)
2025-11-26 19:41:05,776 [DEBUG] camera.run(): Captured frame at timestamp: 15148
2025-11-26 19:41:05,785 [DEBUG] smoother.update(): velocity=0.01129502887456254
2025-11-26 19:41:05,787 [DEBUG] controller._on_landmark_update(): Gesture detected: NONE
2025-11-26 19:41:05,787 [DEBUG] mapper.update_and_detect(): std=0.0006952604534899592, velocity=0.0013286625685524887
2025-11-26 19:41:05,787 [DEBUG] mapper.update_and_compute(): velocity=0.002319648911736212
2025-11-26 19:41:05,787 [DEBUG] mapper.update_and_compute(): slow movement detected, applying scaling factor: 0.026415805962853492
2025-11-26 19:41:05,787 [DEBUG] mapper.mapping_use_palm(): mapping pos: (995, 785)
2025-11-26 19:41:05,787 [INFO] mouse._move_mouse(): Moving mouse to (995, 785)
2025-11-26 19:41:05,812 [DEBUG] camera.run(): Captured frame at timestamp: 15184
2025-11-26 19:41:05,833 [DEBUG] smoother.update(): velocity=0.008036287988117962
2025-11-26 19:41:05,834 [DEBUG] controller._on_landmark_update(): Gesture detected: NONE
2025-11-26 19:41:05,834 [DEBUG] mapper.update_and_detect(): std=0.0006607107019498499, velocity=0.0013342980820790506
2025-11-26 19:41:05,834 [DEBUG] mapper.update_and_compute(): velocity=0.0024513674907662925
2025-11-26 19:41:05,834 [DEBUG] mapper.update_and_compute(): slow movement detected, applying scaling factor: 0.2743525794617082
2025-11-26 19:41:05,834 [DEBUG] mapper.mapping_use_palm(): mapping pos: (994, 787)
2025-11-26 19:41:05,834 [INFO] mouse._move_mouse(): Moving mouse to (994, 787)
2025-11-26 19:41:05,844 [DEBUG] camera.run(): Captured frame at timestamp: 15216
2025-11-26 19:41:05,855 [DEBUG] smoother.update(): velocity=0.009462708569860622
2025-11-26 19:41:05,856 [DEBUG] controller._on_landmark_update(): Gesture detected: NONE
2025-11-26 19:41:05,856 [DEBUG] mapper.update_and_detect(): std=0.0006152265409586133, velocity=0.001448697445995964
2025-11-26 19:41:05,856 [DEBUG] mapper.update_and_compute(): velocity=0.0022767631330026087
2025-11-26 19:41:05,856 [DEBUG] mapper.update_and_compute(): slow movement detected, applying scaling factor: 0.01137679700936071
2025-11-26 19:41:05,856 [DEBUG] mapper.mapping_use_palm(): mapping pos: (994, 787)
2025-11-26 19:41:05,856 [INFO] mouse._move_mouse(): Moving mouse to (994, 787)
2025-11-26 19:41:05,877 [DEBUG] camera.run(): Captured frame at timestamp: 15249
2025-11-26 19:41:05,887 [DEBUG] smoother.update(): velocity=0.0056764792511850145
2025-11-26 19:41:05,888 [DEBUG] controller._on_landmark_update(): Gesture detected: NONE
2025-11-26 19:41:05,888 [DEBUG] mapper.update_and_detect(): std=0.000524857401974188, velocity=0.0012631702611091426
2025-11-26 19:41:05,888 [DEBUG] mapper.update_and_compute(): velocity=0.0024026997499410354
2025-11-26 19:41:05,888 [DEBUG] mapper.update_and_compute(): slow movement detected, applying scaling factor: 0.12498962591794914
2025-11-26 19:41:05,888 [DEBUG] mapper.mapping_use_palm(): mapping pos: (994, 787)
2025-11-26 19:41:05,888 [INFO] mouse._move_mouse(): Moving mouse to (994, 787)
2025-11-26 19:41:05,911 [DEBUG] camera.run(): Captured frame at timestamp: 15283
2025-11-26 19:41:05,921 [DEBUG] smoother.update(): velocity=0.0045394944655931194
2025-11-26 19:41:05,922 [DEBUG] controller._on_landmark_update(): Gesture detected: NONE
2025-11-26 19:41:05,922 [DEBUG] mapper.update_and_detect(): std=0.0004297461746932538, velocity=0.00116389717457659
2025-11-26 19:41:05,922 [DEBUG] mapper.update_and_compute(): velocity=0.002271134172836949
2025-11-26 19:41:05,922 [DEBUG] mapper.update_and_compute(): slow movement detected, applying scaling factor: 0.010177799093634591
2025-11-26 19:41:05,922 [DEBUG] mapper.mapping_use_palm(): mapping pos: (994, 787)
2025-11-26 19:41:05,922 [INFO] mouse._move_mouse(): Moving mouse to (994, 787)
2025-11-26 19:41:05,944 [DEBUG] camera.run(): Captured frame at timestamp: 15316
2025-11-26 19:41:05,954 [DEBUG] smoother.update(): velocity=0.01019678728343073
2025-11-26 19:41:05,955 [DEBUG] controller._on_landmark_update(): Gesture detected: NONE
2025-11-26 19:41:05,955 [DEBUG] mapper.update_and_detect(): std=0.0003965812481947952, velocity=0.000776785890102329
2025-11-26 19:41:05,955 [DEBUG] mapper.update_and_detect(): stationary detected
2025-11-26 19:41:05,978 [DEBUG] camera.run(): Captured frame at timestamp: 15351
2025-11-26 19:41:05,989 [DEBUG] smoother.update(): velocity=0.009255184634263553
2025-11-26 19:41:05,991 [DEBUG] controller._on_landmark_update(): Gesture detected: NONE
2025-11-26 19:41:05,991 [DEBUG] mapper.update_and_detect(): std=0.0003880478148655218, velocity=0.0007037505249114805
2025-11-26 19:41:05,991 [DEBUG] mapper.update_and_detect(): stationary detected
2025-11-26 19:41:06,012 [DEBUG] camera.run(): Captured frame at timestamp: 15385
2025-11-26 19:41:06,023 [DEBUG] smoother.update(): velocity=0.014215842433467466
2025-11-26 19:41:06,024 [DEBUG] controller._on_landmark_update(): Gesture detected: NONE
2025-11-26 19:41:06,024 [DEBUG] mapper.update_and_detect(): std=0.0004357814307365813, velocity=0.0011188219357353112
2025-11-26 19:41:06,024 [DEBUG] mapper.update_and_compute(): velocity=0.0023750543790828707
2025-11-26 19:41:06,024 [DEBUG] mapper.update_and_compute(): slow movement detected, applying scaling factor: 0.07593445871646844
2025-11-26 19:41:06,024 [DEBUG] mapper.mapping_use_palm(): mapping pos: (993, 787)
2025-11-26 19:41:06,024 [INFO] mouse._move_mouse(): Moving mouse to (993, 787)
2025-11-26 19:41:06,044 [DEBUG] camera.run(): Captured frame at timestamp: 15416
2025-11-26 19:41:06,054 [DEBUG] smoother.update(): velocity=0.009529263850289066
2025-11-26 19:41:06,055 [DEBUG] controller._on_landmark_update(): Gesture detected: NONE
2025-11-26 19:41:06,055 [DEBUG] mapper.update_and_detect(): std=0.0005804659952723472, velocity=0.0013482205840081
2025-11-26 19:41:06,056 [DEBUG] mapper.update_and_compute(): velocity=0.0027825042958043757
2025-11-26 19:41:06,056 [DEBUG] mapper.update_and_compute(): slow movement detected, applying scaling factor: 0.9964951128635107
2025-11-26 19:41:06,056 [DEBUG] mapper.mapping_use_palm(): mapping pos: (987, 791)
2025-11-26 19:41:06,056 [INFO] mouse._move_mouse(): Moving mouse to (987, 791)
2025-11-26 19:41:06,076 [DEBUG] camera.run(): Captured frame at timestamp: 15449
2025-11-26 19:41:06,087 [DEBUG] smoother.update(): velocity=0.008351691737833428
2025-11-26 19:41:06,088 [DEBUG] controller._on_landmark_update(): Gesture detected: NONE
2025-11-26 19:41:06,088 [DEBUG] mapper.update_and_detect(): std=0.000569240238353204, velocity=0.0009515053551609315
2025-11-26 19:41:06,088 [DEBUG] mapper.update_and_detect(): stationary detected
2025-11-26 19:41:06,112 [DEBUG] camera.run(): Captured frame at timestamp: 15484
2025-11-26 19:41:06,122 [DEBUG] smoother.update(): velocity=0.011182800518302628
2025-11-26 19:41:06,123 [DEBUG] controller._on_landmark_update(): Gesture detected: NONE
2025-11-26 19:41:06,123 [DEBUG] mapper.update_and_detect(): std=0.0005023686171911288, velocity=0.0006066109429987569
2025-11-26 19:41:06,123 [DEBUG] mapper.update_and_detect(): stationary detected
2025-11-26 19:41:06,145 [DEBUG] camera.run(): Captured frame at timestamp: 15517
2025-11-26 19:41:06,155 [DEBUG] smoother.update(): velocity=0.009210791216727186
2025-11-26 19:41:06,156 [DEBUG] controller._on_landmark_update(): Gesture detected: NONE
2025-11-26 19:41:06,157 [DEBUG] mapper.update_and_detect(): std=0.0005055764208082689, velocity=0.000933732695289358
2025-11-26 19:41:06,157 [DEBUG] mapper.update_and_detect(): stationary detected
2025-11-26 19:41:06,178 [DEBUG] camera.run(): Captured frame at timestamp: 15550
2025-11-26 19:41:06,189 [DEBUG] smoother.update(): velocity=0.014219101559283263
2025-11-26 19:41:06,190 [DEBUG] controller._on_landmark_update(): Gesture detected: NONE
2025-11-26 19:41:06,190 [DEBUG] mapper.update_and_detect(): std=0.0005134632103932764, velocity=0.001390319859531545
2025-11-26 19:41:06,190 [DEBUG] mapper.update_and_compute(): velocity=0.0016575466903165678
2025-11-26 19:41:06,190 [DEBUG] mapper.update_and_compute(): slow movement detected, applying scaling factor: 4.814414805486762e-08
2025-11-26 19:41:06,190 [DEBUG] mapper.mapping_use_palm(): mapping pos: (987, 791)
2025-11-26 19:41:06,190 [INFO] mouse._move_mouse(): Moving mouse to (987, 791)
2025-11-26 19:41:06,210 [DEBUG] camera.run(): Captured frame at timestamp: 15583
2025-11-26 19:41:06,221 [DEBUG] smoother.update(): velocity=0.019829020099690422
2025-11-26 19:41:06,222 [DEBUG] controller._on_landmark_update(): Gesture detected: NONE
2025-11-26 19:41:06,223 [DEBUG] mapper.update_and_detect(): std=0.0005591579976319309, velocity=0.0023246339067887704
2025-11-26 19:41:06,223 [DEBUG] mapper.update_and_compute(): velocity=0.00271072113734594
2025-11-26 19:41:06,223 [DEBUG] mapper.update_and_compute(): slow movement detected, applying scaling factor: 0.9854344397868953
2025-11-26 19:41:06,223 [DEBUG] mapper.mapping_use_palm(): mapping pos: (978, 791)
2025-11-26 19:41:06,223 [INFO] mouse._move_mouse(): Moving mouse to (978, 791)
2025-11-26 19:41:06,244 [DEBUG] camera.run(): Captured frame at timestamp: 15617
2025-11-26 19:41:06,254 [DEBUG] smoother.update(): velocity=0.032302942731184156
2025-11-26 19:41:06,256 [DEBUG] controller._on_landmark_update(): Gesture detected: NONE
2025-11-26 19:41:06,256 [DEBUG] mapper.update_and_detect(): std=0.0008856527125841683, velocity=0.0037281739888077544
2025-11-26 19:41:06,256 [DEBUG] mapper.update_and_compute(): velocity=0.00228299068195732
2025-11-26 19:41:06,256 [DEBUG] mapper.update_and_compute(): slow movement detected, applying scaling factor: 0.01286639703938092
2025-11-26 19:41:06,256 [DEBUG] mapper.mapping_use_palm(): mapping pos: (978, 791)
2025-11-26 19:41:06,256 [INFO] mouse._move_mouse(): Moving mouse to (978, 791)
2025-11-26 19:41:06,277 [DEBUG] camera.run(): Captured frame at timestamp: 15650
2025-11-26 19:41:06,288 [DEBUG] smoother.update(): velocity=0.04008204282433738
2025-11-26 19:41:06,289 [DEBUG] controller._on_landmark_update(): Gesture detected: NONE
2025-11-26 19:41:06,289 [DEBUG] mapper.update_and_detect(): std=0.001424243409016418, velocity=0.004877678784692812
2025-11-26 19:41:06,289 [DEBUG] mapper.update_and_compute(): velocity=0.0043219839784130725
2025-11-26 19:41:06,289 [DEBUG] mapper.update_and_compute(): slow movement detected, applying scaling factor: 0.9999999999999998
2025-11-26 19:41:06,289 [DEBUG] mapper.mapping_use_palm(): mapping pos: (972, 794)
2025-11-26 19:41:06,289 [INFO] mouse._move_mouse(): Moving mouse to (972, 794)
2025-11-26 19:41:06,311 [DEBUG] camera.run(): Captured frame at timestamp: 15684
2025-11-26 19:41:06,322 [DEBUG] smoother.update(): velocity=0.038161876496030304
2025-11-26 19:41:06,323 [DEBUG] controller._on_landmark_update(): Gesture detected: NONE
2025-11-26 19:41:06,323 [DEBUG] mapper.update_and_detect(): std=0.002097863310900049, velocity=0.0063406137156541776
2025-11-26 19:41:06,323 [DEBUG] mapper.update_and_compute(): velocity=0.0025763860244333893
2025-11-26 19:41:06,323 [DEBUG] mapper.update_and_compute(): slow movement detected, applying scaling factor: 0.8216725496587124
2025-11-26 19:41:06,323 [DEBUG] mapper.mapping_use_palm(): mapping pos: (968, 794)
2025-11-26 19:41:06,323 [INFO] mouse._move_mouse(): Moving mouse to (968, 794)
2025-11-26 19:41:06,343 [DEBUG] camera.run(): Captured frame at timestamp: 15716
2025-11-26 19:41:06,354 [DEBUG] smoother.update(): velocity=0.04216150951691433
2025-11-26 19:41:06,355 [DEBUG] controller._on_landmark_update(): Gesture detected: NONE
2025-11-26 19:41:06,355 [DEBUG] mapper.update_and_detect(): std=0.002732459311601481, velocity=0.007641554806359255
2025-11-26 19:41:06,355 [DEBUG] mapper.update_and_compute(): velocity=0.003049418363563474
2025-11-26 19:41:06,355 [DEBUG] mapper.update_and_compute(): slow movement detected, applying scaling factor: 0.9999831031639281
2025-11-26 19:41:06,355 [DEBUG] mapper.mapping_use_palm(): mapping pos: (961, 794)
2025-11-26 19:41:06,355 [INFO] mouse._move_mouse(): Moving mouse to (961, 794)
2025-11-26 19:41:06,377 [DEBUG] camera.run(): Captured frame at timestamp: 15749
2025-11-26 19:41:06,387 [DEBUG] smoother.update(): velocity=0.04051050360899832
2025-11-26 19:41:06,389 [DEBUG] controller._on_landmark_update(): Gesture detected: NONE
2025-11-26 19:41:06,389 [DEBUG] mapper.update_and_detect(): std=0.003174495232670118, velocity=0.008373482454058046
2025-11-26 19:41:06,389 [DEBUG] mapper.update_and_compute(): velocity=0.002404882861137114
2025-11-26 19:41:06,389 [DEBUG] mapper.update_and_compute(): slow movement detected, applying scaling factor: 0.1298435479249676
2025-11-26 19:41:06,389 [DEBUG] mapper.mapping_use_palm(): mapping pos: (960, 794)
2025-11-26 19:41:06,389 [INFO] mouse._move_mouse(): Moving mouse to (960, 794)
2025-11-26 19:41:06,411 [DEBUG] camera.run(): Captured frame at timestamp: 15783
2025-11-26 19:41:06,421 [DEBUG] smoother.update(): velocity=0.04073550158432923
2025-11-26 19:41:06,423 [DEBUG] controller._on_landmark_update(): Gesture detected: NONE
2025-11-26 19:41:06,423 [DEBUG] mapper.update_and_detect(): std=0.003628299335181441, velocity=0.009333538890574838
2025-11-26 19:41:06,423 [DEBUG] mapper.update_and_compute(): velocity=0.004866460374758099
2025-11-26 19:41:06,423 [DEBUG] mapper.update_and_compute(): slow movement detected, applying scaling factor: 1.0
2025-11-26 19:41:06,423 [DEBUG] mapper.mapping_use_palm(): mapping pos: (946, 795)
2025-11-26 19:41:06,423 [INFO] mouse._move_mouse(): Moving mouse to (946, 795)
2025-11-26 19:41:06,444 [DEBUG] camera.run(): Captured frame at timestamp: 15816
2025-11-26 19:41:06,454 [DEBUG] smoother.update(): velocity=0.041130067214126126
2025-11-26 19:41:06,456 [DEBUG] controller._on_landmark_update(): Gesture detected: NONE
2025-11-26 19:41:06,456 [DEBUG] mapper.update_and_detect(): std=0.004006244168213542, velocity=0.010068696979619384
2025-11-26 19:41:06,456 [DEBUG] mapper.update_and_compute(): velocity=0.002858748782550139
2025-11-26 19:41:06,456 [DEBUG] mapper.update_and_compute(): slow movement detected, applying scaling factor: 0.9992350811915466
2025-11-26 19:41:06,456 [DEBUG] mapper.mapping_use_palm(): mapping pos: (939, 796)
2025-11-26 19:41:06,456 [INFO] mouse._move_mouse(): Moving mouse to (939, 796)
2025-11-26 19:41:06,477 [DEBUG] camera.run(): Captured frame at timestamp: 15850
2025-11-26 19:41:06,488 [DEBUG] smoother.update(): velocity=0.044327960247504475
2025-11-26 19:41:06,489 [DEBUG] controller._on_landmark_update(): Gesture detected: NONE
2025-11-26 19:41:06,490 [DEBUG] mapper.update_and_detect(): std=0.0042801441370695905, velocity=0.010829397752969065
2025-11-26 19:41:06,490 [DEBUG] mapper.update_and_compute(): velocity=0.003208243811306027
2025-11-26 19:41:06,490 [DEBUG] mapper.update_and_compute(): slow movement detected, applying scaling factor: 0.9999992948652597
2025-11-26 19:41:06,490 [DEBUG] mapper.mapping_use_palm(): mapping pos: (932, 796)
2025-11-26 19:41:06,490 [INFO] mouse._move_mouse(): Moving mouse to (932, 796)
2025-11-26 19:41:06,511 [DEBUG] camera.run(): Captured frame at timestamp: 15883
2025-11-26 19:41:06,522 [DEBUG] smoother.update(): velocity=0.04258218309148051
2025-11-26 19:41:06,523 [DEBUG] controller._on_landmark_update(): Gesture detected: NONE
2025-11-26 19:41:06,523 [DEBUG] mapper.update_and_detect(): std=0.0043903343610782065, velocity=0.010884929830316465
2025-11-26 19:41:06,523 [DEBUG] mapper.update_and_compute(): velocity=0.0028292833047393042
2025-11-26 19:41:06,523 [DEBUG] mapper.update_and_compute(): slow movement detected, applying scaling factor: 0.9986218939517989
2025-11-26 19:41:06,523 [DEBUG] mapper.mapping_use_palm(): mapping pos: (926, 796)
2025-11-26 19:41:06,523 [INFO] mouse._move_mouse(): Moving mouse to (926, 796)
2025-11-26 19:41:06,543 [DEBUG] camera.run(): Captured frame at timestamp: 15916
2025-11-26 19:41:06,553 [DEBUG] smoother.update(): velocity=0.04103193007968993
2025-11-26 19:41:06,555 [DEBUG] controller._on_landmark_update(): Gesture detected: NONE
2025-11-26 19:41:06,555 [DEBUG] mapper.update_and_detect(): std=0.0043749949200460785, velocity=0.010180517021773642
2025-11-26 19:41:06,555 [DEBUG] mapper.update_and_compute(): velocity=0.002667206590264521
2025-11-26 19:41:06,555 [DEBUG] mapper.update_and_compute(): slow movement detected, applying scaling factor: 0.9659121477957708
2025-11-26 19:41:06,555 [DEBUG] mapper.mapping_use_palm(): mapping pos: (920, 794)
2025-11-26 19:41:06,555 [INFO] mouse._move_mouse(): Moving mouse to (920, 794)
2025-11-26 19:41:06,577 [DEBUG] camera.run(): Captured frame at timestamp: 15949
2025-11-26 19:41:06,587 [DEBUG] smoother.update(): velocity=0.07524381583487542
2025-11-26 19:41:06,588 [DEBUG] controller._on_landmark_update(): Gesture detected: NONE
2025-11-26 19:41:06,588 [DEBUG] mapper.update_and_detect(): std=0.004105623260476485, velocity=0.009946517241051405
2025-11-26 19:41:06,588 [DEBUG] mapper.update_and_compute(): velocity=0.004912623014946944
2025-11-26 19:41:06,588 [DEBUG] mapper.update_and_compute(): slow movement detected, applying scaling factor: 1.0
2025-11-26 19:41:06,588 [DEBUG] mapper.mapping_use_palm(): mapping pos: (907, 786)
2025-11-26 19:41:06,588 [INFO] mouse._move_mouse(): Moving mouse to (907, 786)
2025-11-26 19:41:06,610 [DEBUG] camera.run(): Captured frame at timestamp: 15982
2025-11-26 19:41:06,620 [DEBUG] smoother.update(): velocity=0.1312413389614064
2025-11-26 19:41:06,622 [DEBUG] controller._on_landmark_update(): Gesture detected: NONE
2025-11-26 19:41:06,622 [DEBUG] mapper.update_and_detect(): std=0.00375301009202363, velocity=0.01419123248896557
2025-11-26 19:41:06,622 [DEBUG] mapper.update_and_compute(): velocity=0.008837991714553043
2025-11-26 19:41:06,622 [DEBUG] mapper.mapping_use_palm(): mapping pos: (892, 769)
2025-11-26 19:41:06,622 [INFO] mouse._move_mouse(): Moving mouse to (892, 769)
2025-11-26 19:41:06,643 [DEBUG] camera.run(): Captured frame at timestamp: 16016
2025-11-26 19:41:06,654 [DEBUG] smoother.update(): velocity=0.1800017629967747
2025-11-26 19:41:06,655 [DEBUG] controller._on_landmark_update(): Gesture detected: NONE
2025-11-26 19:41:06,655 [DEBUG] mapper.update_and_detect(): std=0.005695509691094298, velocity=0.022552240880724023
2025-11-26 19:41:06,656 [DEBUG] mapper.update_and_compute(): velocity=0.012536210331513233
2025-11-26 19:41:06,656 [DEBUG] mapper.mapping_use_palm(): mapping pos: (876, 751)
2025-11-26 19:41:06,656 [INFO] mouse._move_mouse(): Moving mouse to (876, 751)
2025-11-26 19:41:06,677 [DEBUG] camera.run(): Captured frame at timestamp: 16049
2025-11-26 19:41:06,687 [DEBUG] smoother.update(): velocity=0.23197552666456014
2025-11-26 19:41:06,689 [DEBUG] controller._on_landmark_update(): Gesture detected: NONE
2025-11-26 19:41:06,689 [DEBUG] mapper.update_and_detect(): std=0.009606646294985175, velocity=0.03334588777947776
2025-11-26 19:41:06,689 [DEBUG] mapper.update_and_compute(): velocity=0.01627122789529491
2025-11-26 19:41:06,689 [DEBUG] mapper.mapping_use_palm(): mapping pos: (869, 733)
2025-11-26 19:41:06,689 [INFO] mouse._move_mouse(): Moving mouse to (869, 733)
2025-11-26 19:41:06,711 [DEBUG] camera.run(): Captured frame at timestamp: 16084
2025-11-26 19:41:06,722 [DEBUG] smoother.update(): velocity=0.2727116980762693
2025-11-26 19:41:06,723 [DEBUG] controller._on_landmark_update(): Gesture detected: NONE
2025-11-26 19:41:06,723 [DEBUG] mapper.update_and_detect(): std=0.014237114393598512, velocity=0.04526175036858351
2025-11-26 19:41:06,723 [DEBUG] mapper.update_and_compute(): velocity=0.019099091282018647
2025-11-26 19:41:06,723 [DEBUG] mapper.mapping_use_palm(): mapping pos: (861, 712)
2025-11-26 19:41:06,723 [INFO] mouse._move_mouse(): Moving mouse to (861, 712)
2025-11-26 19:41:06,742 [DEBUG] camera.run(): Captured frame at timestamp: 16115
2025-11-26 19:41:06,753 [DEBUG] smoother.update(): velocity=0.30380025932601357
2025-11-26 19:41:06,754 [DEBUG] controller._on_landmark_update(): Gesture detected: NONE
2025-11-26 19:41:06,754 [DEBUG] mapper.update_and_detect(): std=0.019250578393301018, velocity=0.057466382191784446
2025-11-26 19:41:06,754 [DEBUG] mapper.update_and_compute(): velocity=0.021677583947772156
2025-11-26 19:41:06,754 [DEBUG] mapper.mapping_use_palm(): mapping pos: (856, 685)
2025-11-26 19:41:06,754 [INFO] mouse._move_mouse(): Moving mouse to (856, 685)
2025-11-26 19:41:06,777 [DEBUG] camera.run(): Captured frame at timestamp: 16149
2025-11-26 19:41:06,787 [DEBUG] smoother.update(): velocity=0.32275378180412534
2025-11-26 19:41:06,789 [DEBUG] controller._on_landmark_update(): Gesture detected: NONE
2025-11-26 19:41:06,789 [DEBUG] mapper.update_and_detect(): std=0.02421903013022668, velocity=0.06911640894213372
2025-11-26 19:41:06,789 [DEBUG] mapper.update_and_compute(): velocity=0.02380356848572419
2025-11-26 19:41:06,789 [DEBUG] mapper.mapping_use_palm(): mapping pos: (849, 659)
2025-11-26 19:41:06,789 [INFO] mouse._move_mouse(): Moving mouse to (849, 659)
2025-11-26 19:41:06,809 [DEBUG] camera.run(): Captured frame at timestamp: 16182
2025-11-26 19:41:06,820 [DEBUG] smoother.update(): velocity=0.32509976580346095
2025-11-26 19:41:06,822 [DEBUG] controller._on_landmark_update(): Gesture detected: NONE
2025-11-26 19:41:06,822 [DEBUG] mapper.update_and_detect(): std=0.028708424781737903, velocity=0.07854514211794168
2025-11-26 19:41:06,822 [DEBUG] mapper.update_and_compute(): velocity=0.02415674828708127
2025-11-26 19:41:06,822 [DEBUG] mapper.mapping_use_palm(): mapping pos: (843, 634)
2025-11-26 19:41:06,822 [INFO] mouse._move_mouse(): Moving mouse to (843, 634)
2025-11-26 19:41:06,843 [DEBUG] camera.run(): Captured frame at timestamp: 16216
2025-11-26 19:41:06,854 [DEBUG] smoother.update(): velocity=0.31053825674922236
2025-11-26 19:41:06,855 [DEBUG] controller._on_landmark_update(): Gesture detected: NONE
2025-11-26 19:41:06,855 [DEBUG] mapper.update_and_detect(): std=0.03209755175070287, velocity=0.08463090714804786
2025-11-26 19:41:06,855 [DEBUG] mapper.update_and_compute(): velocity=0.02320220731188854
2025-11-26 19:41:06,856 [DEBUG] mapper.mapping_use_palm(): mapping pos: (842, 610)
2025-11-26 19:41:06,856 [INFO] mouse._move_mouse(): Moving mouse to (842, 610)
2025-11-26 19:41:06,877 [DEBUG] camera.run(): Captured frame at timestamp: 16249
2025-11-26 19:41:06,887 [DEBUG] smoother.update(): velocity=0.29478062544466027
2025-11-26 19:41:06,889 [DEBUG] controller._on_landmark_update(): Gesture detected: NONE
2025-11-26 19:41:06,889 [DEBUG] mapper.update_and_detect(): std=0.03428160531255447, velocity=0.0879114301300135
2025-11-26 19:41:06,889 [DEBUG] mapper.update_and_compute(): velocity=0.02227090820236809
2025-11-26 19:41:06,889 [DEBUG] mapper.mapping_use_palm(): mapping pos: (839, 584)
2025-11-26 19:41:06,889 [INFO] mouse._move_mouse(): Moving mouse to (839, 584)
2025-11-26 19:41:06,911 [DEBUG] camera.run(): Captured frame at timestamp: 16283
2025-11-26 19:41:06,921 [DEBUG] smoother.update(): velocity=0.2610830274556033
2025-11-26 19:41:06,923 [DEBUG] controller._on_landmark_update(): Gesture detected: NONE
2025-11-26 19:41:06,923 [DEBUG] mapper.update_and_detect(): std=0.03509226453752758, velocity=0.08725479606431429
2025-11-26 19:41:06,923 [DEBUG] mapper.update_and_compute(): velocity=0.01954460874363955
2025-11-26 19:41:06,923 [DEBUG] mapper.mapping_use_palm(): mapping pos: (836, 562)
2025-11-26 19:41:06,923 [INFO] mouse._move_mouse(): Moving mouse to (836, 562)
2025-11-26 19:41:06,943 [DEBUG] camera.run(): Captured frame at timestamp: 16316
2025-11-26 19:41:06,953 [DEBUG] smoother.update(): velocity=0.2185656883567363
2025-11-26 19:41:06,955 [DEBUG] controller._on_landmark_update(): Gesture detected: NONE
2025-11-26 19:41:06,955 [DEBUG] mapper.update_and_detect(): std=0.03454828518735499, velocity=0.08284099467433424
2025-11-26 19:41:06,955 [DEBUG] mapper.update_and_compute(): velocity=0.016224404149621327
2025-11-26 19:41:06,955 [DEBUG] mapper.mapping_use_palm(): mapping pos: (838, 543)
2025-11-26 19:41:06,955 [INFO] mouse._move_mouse(): Moving mouse to (838, 543)
2025-11-26 19:41:06,977 [DEBUG] camera.run(): Captured frame at timestamp: 16349
2025-11-26 19:41:06,987 [DEBUG] smoother.update(): velocity=0.16930542245540284
2025-11-26 19:41:06,989 [DEBUG] controller._on_landmark_update(): Gesture detected: NONE
2025-11-26 19:41:06,989 [DEBUG] mapper.update_and_detect(): std=0.03276644843976842, velocity=0.07506573890359684
2025-11-26 19:41:06,989 [DEBUG] mapper.update_and_compute(): velocity=0.012465761744801854
2025-11-26 19:41:06,989 [DEBUG] mapper.mapping_use_palm(): mapping pos: (842, 531)
2025-11-26 19:41:06,989 [INFO] mouse._move_mouse(): Moving mouse to (842, 531)
2025-11-26 19:41:07,010 [DEBUG] camera.run(): Captured frame at timestamp: 16383
2025-11-26 19:41:07,020 [DEBUG] smoother.update(): velocity=0.1331226426312248
2025-11-26 19:41:07,022 [DEBUG] controller._on_landmark_update(): Gesture detected: NONE
2025-11-26 19:41:07,022 [DEBUG] mapper.update_and_detect(): std=0.030022574667130965, velocity=0.06501565218060792
2025-11-26 19:41:07,022 [DEBUG] mapper.update_and_compute(): velocity=0.009287712632158971
2025-11-26 19:41:07,022 [DEBUG] mapper.mapping_use_palm(): mapping pos: (850, 524)
2025-11-26 19:41:07,022 [INFO] mouse._move_mouse(): Moving mouse to (850, 524)
2025-11-26 19:41:07,044 [DEBUG] camera.run(): Captured frame at timestamp: 16416
2025-11-26 19:41:07,054 [DEBUG] smoother.update(): velocity=0.13126331926551543
2025-11-26 19:41:07,056 [DEBUG] controller._on_landmark_update(): Gesture detected: NONE
2025-11-26 19:41:07,056 [DEBUG] mapper.update_and_detect(): std=0.026624449095254195, velocity=0.053730193223694205
2025-11-26 19:41:07,056 [DEBUG] mapper.update_and_compute(): velocity=0.006409151202593626
2025-11-26 19:41:07,056 [DEBUG] mapper.mapping_use_palm(): mapping pos: (854, 515)
2025-11-26 19:41:07,056 [INFO] mouse._move_mouse(): Moving mouse to (854, 515)
2025-11-26 19:41:07,078 [DEBUG] camera.run(): Captured frame at timestamp: 16450
2025-11-26 19:41:07,088 [DEBUG] smoother.update(): velocity=0.15824941886619592
2025-11-26 19:41:07,089 [DEBUG] controller._on_landmark_update(): Gesture detected: RIGHT_PRESS
2025-11-26 19:41:07,089 [DEBUG] mapper.update_and_detect(): std=0.022700178490046477, velocity=0.0414692513342002
2025-11-26 19:41:07,089 [DEBUG] mapper.update_and_compute(): velocity=0.0038392617347411955
2025-11-26 19:41:07,089 [DEBUG] mapper.update_and_compute(): slow movement detected, applying scaling factor: 0.9999999999976701
2025-11-26 19:41:07,090 [DEBUG] mapper.mapping_use_palm(): mapping pos: (862, 511)
2025-11-26 19:41:07,090 [INFO] mouse._left_release(): Left mouse button released
2025-11-26 19:41:07,112 [DEBUG] camera.run(): Captured frame at timestamp: 16484
2025-11-26 19:41:07,122 [DEBUG] smoother.update(): velocity=0.1808046050594161
2025-11-26 19:41:07,123 [DEBUG] controller._on_landmark_update(): Gesture detected: RIGHT_PRESS
2025-11-26 19:41:07,124 [DEBUG] mapper.update_and_detect(): std=0.0185250395489261, velocity=0.029813597813884027
2025-11-26 19:41:07,124 [DEBUG] mapper.update_and_compute(): velocity=0.0017286324085786264
2025-11-26 19:41:07,124 [DEBUG] mapper.update_and_compute(): slow movement detected, applying scaling factor: 1.9951986573651825e-07
2025-11-26 19:41:07,124 [DEBUG] mapper.mapping_use_palm(): mapping pos: (862, 511)
2025-11-26 19:41:07,145 [DEBUG] camera.run(): Captured frame at timestamp: 16518
2025-11-26 19:41:07,156 [DEBUG] smoother.update(): velocity=0.21871653879282962
2025-11-26 19:41:07,157 [DEBUG] controller._on_landmark_update(): Gesture detected: RIGHT_PRESS
2025-11-26 19:41:07,157 [DEBUG] mapper.update_and_detect(): std=0.014147977737718077, velocity=0.01841113405431028
2025-11-26 19:41:07,157 [DEBUG] mapper.update_and_compute(): velocity=0.0029886092852066306
2025-11-26 19:41:07,157 [DEBUG] mapper.update_and_compute(): slow movement detected, applying scaling factor: 0.9999429876540578
2025-11-26 19:41:07,157 [DEBUG] mapper.mapping_use_palm(): mapping pos: (866, 511)
2025-11-26 19:41:07,178 [DEBUG] camera.run(): Captured frame at timestamp: 16550
2025-11-26 19:41:07,188 [DEBUG] smoother.update(): velocity=0.1780548462491406
2025-11-26 19:41:07,189 [DEBUG] controller._on_landmark_update(): Gesture detected: RIGHT_PRESS
2025-11-26 19:41:07,190 [DEBUG] mapper.update_and_detect(): std=0.010033047764464469, velocity=0.009022249536767814
2025-11-26 19:41:07,190 [DEBUG] mapper.update_and_compute(): velocity=0.00398299856352571
2025-11-26 19:41:07,190 [DEBUG] mapper.update_and_compute(): slow movement detected, applying scaling factor: 0.9999999999998685
2025-11-26 19:41:07,190 [DEBUG] mapper.mapping_use_palm(): mapping pos: (866, 512)
2025-11-26 19:41:07,211 [DEBUG] camera.run(): Captured frame at timestamp: 16583
2025-11-26 19:41:07,222 [DEBUG] smoother.update(): velocity=0.164392675602537
2025-11-26 19:41:07,223 [DEBUG] controller._on_landmark_update(): Gesture detected: RIGHT_PRESS
2025-11-26 19:41:07,223 [DEBUG] mapper.update_and_detect(): std=0.006529273928108343, velocity=0.005526574413560428
2025-11-26 19:41:07,223 [DEBUG] mapper.update_and_compute(): velocity=0.004981523542538039
2025-11-26 19:41:07,223 [DEBUG] mapper.update_and_compute(): slow movement detected, applying scaling factor: 1.0
2025-11-26 19:41:07,223 [DEBUG] mapper.mapping_use_palm(): mapping pos: (870, 516)
2025-11-26 19:41:07,245 [DEBUG] camera.run(): Captured frame at timestamp: 16617
2025-11-26 19:41:07,255 [DEBUG] smoother.update(): velocity=0.133603761452309
2025-11-26 19:41:07,257 [DEBUG] controller._on_landmark_update(): Gesture detected: RIGHT_PRESS
2025-11-26 19:41:07,257 [DEBUG] mapper.update_and_detect(): std=0.0041622956188307305, velocity=0.009933936783982139
2025-11-26 19:41:07,257 [DEBUG] mapper.update_and_compute(): velocity=0.005425911861742286
2025-11-26 19:41:07,257 [DEBUG] mapper.mapping_use_palm(): mapping pos: (875, 520)
2025-11-26 19:41:07,278 [DEBUG] camera.run(): Captured frame at timestamp: 16650
2025-11-26 19:41:07,288 [DEBUG] smoother.update(): velocity=0.11747978034765141
2025-11-26 19:41:07,290 [DEBUG] controller._on_landmark_update(): Gesture detected: RIGHT_PRESS
2025-11-26 19:41:07,290 [DEBUG] mapper.update_and_detect(): std=0.0039136224621908675, velocity=0.014533722040949756
2025-11-26 19:41:07,290 [DEBUG] mapper.update_and_compute(): velocity=0.005832261950742327
2025-11-26 19:41:07,290 [DEBUG] mapper.mapping_use_palm(): mapping pos: (880, 523)
2025-11-26 19:41:07,312 [DEBUG] camera.run(): Captured frame at timestamp: 16684
2025-11-26 19:41:07,322 [DEBUG] smoother.update(): velocity=0.09270855802898909
2025-11-26 19:41:07,323 [DEBUG] controller._on_landmark_update(): Gesture detected: RIGHT_PRESS
2025-11-26 19:41:07,323 [DEBUG] mapper.update_and_detect(): std=0.005133768949501841, velocity=0.017313322015389133
2025-11-26 19:41:07,323 [DEBUG] mapper.update_and_compute(): velocity=0.005161689498473584
2025-11-26 19:41:07,323 [DEBUG] mapper.mapping_use_palm(): mapping pos: (887, 530)
2025-11-26 19:41:07,345 [DEBUG] camera.run(): Captured frame at timestamp: 16718
2025-11-26 19:41:07,356 [DEBUG] smoother.update(): velocity=0.05442174197053303
2025-11-26 19:41:07,357 [DEBUG] controller._on_landmark_update(): Gesture detected: RIGHT_RELEASE
2025-11-26 19:41:07,357 [DEBUG] mapper.update_and_detect(): std=0.005914614449516489, velocity=0.016995504638204602
2025-11-26 19:41:07,357 [DEBUG] mapper.update_and_compute(): velocity=0.003197925020095358
2025-11-26 19:41:07,357 [DEBUG] mapper.update_and_compute(): slow movement detected, applying scaling factor: 0.9999991332378796
2025-11-26 19:41:07,357 [DEBUG] mapper.mapping_use_palm(): mapping pos: (901, 528)
2025-11-26 19:41:07,357 [INFO] mouse._right_press(): Right mouse button pressed
2025-11-26 19:41:07,379 [DEBUG] camera.run(): Captured frame at timestamp: 16751
2025-11-26 19:41:07,389 [DEBUG] smoother.update(): velocity=0.06780614836124595
2025-11-26 19:41:07,391 [DEBUG] controller._on_landmark_update(): Gesture detected: RIGHT_RELEASE
2025-11-26 19:41:07,391 [DEBUG] mapper.update_and_detect(): std=0.006163331066962025, velocity=0.01652494146201255
2025-11-26 19:41:07,391 [DEBUG] mapper.update_and_compute(): velocity=0.003297576182141063
2025-11-26 19:41:07,391 [DEBUG] mapper.update_and_compute(): slow movement detected, applying scaling factor: 0.9999998818751548
2025-11-26 19:41:07,391 [DEBUG] mapper.mapping_use_palm(): mapping pos: (912, 530)
2025-11-26 19:41:07,413 [DEBUG] camera.run(): Captured frame at timestamp: 16786
2025-11-26 19:41:07,424 [DEBUG] smoother.update(): velocity=0.09936841299163607
2025-11-26 19:41:07,425 [DEBUG] controller._on_landmark_update(): Gesture detected: RIGHT_RELEASE
2025-11-26 19:41:07,425 [DEBUG] mapper.update_and_detect(): std=0.005966232396034486, velocity=0.015571630576672785
2025-11-26 19:41:07,425 [DEBUG] mapper.update_and_compute(): velocity=0.003264584782318732
2025-11-26 19:41:07,425 [DEBUG] mapper.update_and_compute(): slow movement detected, applying scaling factor: 0.9999997714922875
2025-11-26 19:41:07,425 [DEBUG] mapper.mapping_use_palm(): mapping pos: (921, 532)
2025-11-26 19:41:07,446 [DEBUG] camera.run(): Captured frame at timestamp: 16818
2025-11-26 19:41:07,456 [DEBUG] smoother.update(): velocity=0.1127141704531999
2025-11-26 19:41:07,457 [DEBUG] controller._on_landmark_update(): Gesture detected: RIGHT_RELEASE
2025-11-26 19:41:07,457 [DEBUG] mapper.update_and_detect(): std=0.005436686351221534, velocity=0.013690786931910198
2025-11-26 19:41:07,457 [DEBUG] mapper.update_and_compute(): velocity=0.00280145353187504
2025-11-26 19:41:07,457 [DEBUG] mapper.update_and_compute(): slow movement detected, applying scaling factor: 0.9975980526484554
2025-11-26 19:41:07,457 [DEBUG] mapper.mapping_use_palm(): mapping pos: (932, 532)
2025-11-26 19:41:07,478 [DEBUG] camera.run(): Captured frame at timestamp: 16850
2025-11-26 19:41:07,488 [DEBUG] smoother.update(): velocity=0.12247956943647727
2025-11-26 19:41:07,490 [DEBUG] controller._on_landmark_update(): Gesture detected: RIGHT_RELEASE
2025-11-26 19:41:07,490 [DEBUG] mapper.update_and_detect(): std=0.004744782018089666, velocity=0.012221691154986898
2025-11-26 19:41:07,490 [DEBUG] mapper.update_and_compute(): velocity=0.0027046983909960144
2025-11-26 19:41:07,490 [DEBUG] mapper.update_and_compute(): slow movement detected, applying scaling factor: 0.9836004814143975
2025-11-26 19:41:07,490 [DEBUG] mapper.mapping_use_palm(): mapping pos: (934, 538)
2025-11-26 19:41:07,512 [DEBUG] camera.run(): Captured frame at timestamp: 16884
2025-11-26 19:41:07,522 [DEBUG] smoother.update(): velocity=0.11008817619897597
2025-11-26 19:41:07,523 [DEBUG] controller._on_landmark_update(): Gesture detected: RIGHT_RELEASE
2025-11-26 19:41:07,524 [DEBUG] mapper.update_and_detect(): std=0.004020423663545428, velocity=0.010948880570897674
2025-11-26 19:41:07,524 [DEBUG] mapper.update_and_compute(): velocity=0.0025303080772535497
2025-11-26 19:41:07,524 [DEBUG] mapper.update_and_compute(): slow movement detected, applying scaling factor: 0.6470647021889734
2025-11-26 19:41:07,524 [DEBUG] mapper.mapping_use_palm(): mapping pos: (935, 542)
2025-11-26 19:41:07,546 [DEBUG] camera.run(): Captured frame at timestamp: 16918
2025-11-26 19:41:07,556 [DEBUG] smoother.update(): velocity=0.09334720386902873
2025-11-26 19:41:07,557 [DEBUG] controller._on_landmark_update(): Gesture detected: RIGHT_RELEASE
2025-11-26 19:41:07,557 [DEBUG] mapper.update_and_detect(): std=0.003326653601019178, velocity=0.009937004153472297
2025-11-26 19:41:07,557 [DEBUG] mapper.update_and_compute(): velocity=0.0033052328022313542
2025-11-26 19:41:07,557 [DEBUG] mapper.update_and_compute(): slow movement detected, applying scaling factor: 0.9999998986469779
2025-11-26 19:41:07,557 [DEBUG] mapper.mapping_use_palm(): mapping pos: (934, 550)
2025-11-26 19:41:07,579 [DEBUG] camera.run(): Captured frame at timestamp: 16952
2025-11-26 19:41:07,590 [DEBUG] smoother.update(): velocity=0.0852687259490567
2025-11-26 19:41:07,591 [DEBUG] controller._on_landmark_update(): Gesture detected: RIGHT_RELEASE
2025-11-26 19:41:07,591 [DEBUG] mapper.update_and_detect(): std=0.002932770501207893, velocity=0.009122163011507822
2025-11-26 19:41:07,591 [DEBUG] mapper.update_and_compute(): velocity=0.0021289006677167534
2025-11-26 19:41:07,591 [DEBUG] mapper.update_and_compute(): slow movement detected, applying scaling factor: 0.0005976026875074042
2025-11-26 19:41:07,591 [DEBUG] mapper.mapping_use_palm(): mapping pos: (934, 550)
2025-11-26 19:41:07,612 [DEBUG] camera.run(): Captured frame at timestamp: 16985
2025-11-26 19:41:07,623 [DEBUG] smoother.update(): velocity=0.0788598070827966
2025-11-26 19:41:07,624 [DEBUG] controller._on_landmark_update(): Gesture detected: RIGHT_RELEASE
2025-11-26 19:41:07,624 [DEBUG] mapper.update_and_detect(): std=0.002954673821237968, velocity=0.008680185020029405
2025-11-26 19:41:07,624 [DEBUG] mapper.update_and_compute(): velocity=0.004069128917354413
2025-11-26 19:41:07,624 [DEBUG] mapper.update_and_compute(): slow movement detected, applying scaling factor: 0.9999999999999765
2025-11-26 19:41:07,624 [DEBUG] mapper.mapping_use_palm(): mapping pos: (929, 560)
2025-11-26 19:41:07,647 [DEBUG] camera.run(): Captured frame at timestamp: 17019
2025-11-26 19:41:07,657 [DEBUG] smoother.update(): velocity=0.0677511187840808
2025-11-26 19:41:07,658 [DEBUG] controller._on_landmark_update(): Gesture detected: RIGHT_RELEASE
2025-11-26 19:41:07,658 [DEBUG] mapper.update_and_detect(): std=0.003000596708491384, velocity=0.008573802275498352
2025-11-26 19:41:07,658 [DEBUG] mapper.update_and_compute(): velocity=0.002221969187664791
2025-11-26 19:41:07,658 [DEBUG] mapper.update_and_compute(): slow movement detected, applying scaling factor: 0.0038316671873940087
2025-11-26 19:41:07,658 [DEBUG] mapper.mapping_use_palm(): mapping pos: (929, 560)
2025-11-26 19:41:07,680 [DEBUG] camera.run(): Captured frame at timestamp: 17053
2025-11-26 19:41:07,691 [DEBUG] smoother.update(): velocity=0.054253487022312266
2025-11-26 19:41:07,692 [DEBUG] controller._on_landmark_update(): Gesture detected: RIGHT_RELEASE
2025-11-26 19:41:07,692 [DEBUG] mapper.update_and_detect(): std=0.0030698904480070434, velocity=0.007997639503446114
2025-11-26 19:41:07,692 [DEBUG] mapper.update_and_compute(): velocity=0.0037503575432774787
2025-11-26 19:41:07,692 [DEBUG] mapper.update_and_compute(): slow movement detected, applying scaling factor: 0.999999999986211
2025-11-26 19:41:07,692 [DEBUG] mapper.mapping_use_palm(): mapping pos: (930, 569)
2025-11-26 19:41:07,712 [DEBUG] camera.run(): Captured frame at timestamp: 17085
2025-11-26 19:41:07,723 [DEBUG] smoother.update(): velocity=0.04202666201144415
2025-11-26 19:41:07,724 [DEBUG] controller._on_landmark_update(): Gesture detected: RIGHT_RELEASE
2025-11-26 19:41:07,724 [DEBUG] mapper.update_and_detect(): std=0.0030882482062435956, velocity=0.007168687249879501
2025-11-26 19:41:07,724 [DEBUG] mapper.update_and_compute(): velocity=0.0010798527315034282
2025-11-26 19:41:07,724 [DEBUG] mapper.update_and_compute(): slow movement detected, applying scaling factor: 4.621229702229822e-13
2025-11-26 19:41:07,724 [DEBUG] mapper.mapping_use_palm(): mapping pos: (930, 569)
2025-11-26 19:41:07,746 [DEBUG] camera.run(): Captured frame at timestamp: 17119
2025-11-26 19:41:07,757 [DEBUG] smoother.update(): velocity=0.034130306261893076
2025-11-26 19:41:07,758 [DEBUG] controller._on_landmark_update(): Gesture detected: RIGHT_RELEASE
2025-11-26 19:41:07,758 [DEBUG] mapper.update_and_detect(): std=0.002906482970909023, velocity=0.00635980747314993
2025-11-26 19:41:07,758 [DEBUG] mapper.update_and_compute(): velocity=0.0021950831411361917
2025-11-26 19:41:07,758 [DEBUG] mapper.update_and_compute(): slow movement detected, applying scaling factor: 0.002241564414042232
2025-11-26 19:41:07,758 [DEBUG] mapper.mapping_use_palm(): mapping pos: (930, 569)
2025-11-26 19:41:07,779 [DEBUG] camera.run(): Captured frame at timestamp: 17152
2025-11-26 19:41:07,790 [DEBUG] smoother.update(): velocity=0.027681397164341814
2025-11-26 19:41:07,791 [DEBUG] controller._on_landmark_update(): Gesture detected: RIGHT_RELEASE
2025-11-26 19:41:07,791 [DEBUG] mapper.update_and_detect(): std=0.002674595469743176, velocity=0.005557975834562584
2025-11-26 19:41:07,791 [DEBUG] mapper.update_and_compute(): velocity=0.003123582330465941
2025-11-26 19:41:07,791 [DEBUG] mapper.update_and_compute(): slow movement detected, applying scaling factor: 0.9999961661860587
2025-11-26 19:41:07,791 [DEBUG] mapper.mapping_use_palm(): mapping pos: (930, 576)
2025-11-26 19:41:07,813 [DEBUG] camera.run(): Captured frame at timestamp: 17185
2025-11-26 19:41:07,823 [DEBUG] smoother.update(): velocity=0.021500800100194322
2025-11-26 19:41:07,825 [DEBUG] controller._on_landmark_update(): Gesture detected: RIGHT_RELEASE
2025-11-26 19:41:07,825 [DEBUG] mapper.update_and_detect(): std=0.0023746215832150543, velocity=0.004646249185942521
2025-11-26 19:41:07,825 [DEBUG] mapper.update_and_compute(): velocity=0.0006400420762409691
2025-11-26 19:41:07,825 [DEBUG] mapper.update_and_compute(): slow movement detected, applying scaling factor: 6.99215010142669e-17
2025-11-26 19:41:07,825 [DEBUG] mapper.mapping_use_palm(): mapping pos: (930, 576)
2025-11-26 19:41:07,846 [DEBUG] camera.run(): Captured frame at timestamp: 17219
2025-11-26 19:41:07,857 [DEBUG] smoother.update(): velocity=0.017172841312272435
2025-11-26 19:41:07,858 [DEBUG] controller._on_landmark_update(): Gesture detected: RIGHT_RELEASE
2025-11-26 19:41:07,858 [DEBUG] mapper.update_and_detect(): std=0.0020286656735002107, velocity=0.00384036830404957
2025-11-26 19:41:07,858 [DEBUG] mapper.update_and_compute(): velocity=0.0011592477845484676
2025-11-26 19:41:07,858 [DEBUG] mapper.update_and_compute(): slow movement detected, applying scaling factor: 2.261383528874109e-12
2025-11-26 19:41:07,858 [DEBUG] mapper.mapping_use_palm(): mapping pos: (930, 576)
2025-11-26 19:41:07,879 [DEBUG] camera.run(): Captured frame at timestamp: 17252
2025-11-26 19:41:07,890 [DEBUG] smoother.update(): velocity=0.015106612271391042
2025-11-26 19:41:07,891 [DEBUG] controller._on_landmark_update(): Gesture detected: NONE
2025-11-26 19:41:07,891 [DEBUG] mapper.update_and_detect(): std=0.0016662056521908326, velocity=0.0031299781042748824
2025-11-26 19:41:07,891 [DEBUG] mapper.update_and_compute(): velocity=0.0015710369468092552
2025-11-26 19:41:07,891 [DEBUG] mapper.update_and_compute(): slow movement detected, applying scaling factor: 8.53354412446428e-09
2025-11-26 19:41:07,891 [DEBUG] mapper.mapping_use_palm(): mapping pos: (930, 576)
2025-11-26 19:41:07,891 [INFO] mouse._move_mouse(): Moving mouse to (930, 576)
2025-11-26 19:41:07,911 [DEBUG] camera.run(): Captured frame at timestamp: 17284
2025-11-26 19:41:07,923 [DEBUG] smoother.update(): velocity=0.012467833025026897
2025-11-26 19:41:07,924 [DEBUG] controller._on_landmark_update(): Gesture detected: NONE
2025-11-26 19:41:07,924 [DEBUG] mapper.update_and_detect(): std=0.0013146183477934425, velocity=0.002706426316096125
2025-11-26 19:41:07,924 [DEBUG] mapper.update_and_compute(): velocity=0.0021631286124716106
2025-11-26 19:41:07,924 [DEBUG] mapper.update_and_compute(): slow movement detected, applying scaling factor: 0.0011842889326640802
2025-11-26 19:41:07,924 [DEBUG] mapper.mapping_use_palm(): mapping pos: (930, 576)
2025-11-26 19:41:07,924 [INFO] mouse._move_mouse(): Moving mouse to (930, 576)
2025-11-26 19:41:07,945 [DEBUG] camera.run(): Captured frame at timestamp: 17318
2025-11-26 19:41:07,956 [DEBUG] smoother.update(): velocity=0.013726559899797342
2025-11-26 19:41:07,957 [DEBUG] controller._on_landmark_update(): Gesture detected: NONE
2025-11-26 19:41:07,957 [DEBUG] mapper.update_and_detect(): std=0.0011419032249445993, velocity=0.0025118966623993225
2025-11-26 19:41:07,957 [DEBUG] mapper.update_and_compute(): velocity=0.0027794128444335866
2025-11-26 19:41:07,957 [DEBUG] mapper.update_and_compute(): slow movement detected, applying scaling factor: 0.9962724028574471
2025-11-26 19:41:07,957 [DEBUG] mapper.mapping_use_palm(): mapping pos: (936, 581)
2025-11-26 19:41:07,957 [INFO] mouse._move_mouse(): Moving mouse to (936, 581)
2025-11-26 19:41:07,977 [DEBUG] camera.run(): Captured frame at timestamp: 17350
2025-11-26 19:41:07,988 [DEBUG] smoother.update(): velocity=0.01599165996603247
2025-11-26 19:41:07,989 [DEBUG] controller._on_landmark_update(): Gesture detected: NONE
2025-11-26 19:41:07,989 [DEBUG] mapper.update_and_detect(): std=0.0010868377759750913, velocity=0.0026409083104601645
2025-11-26 19:41:07,989 [DEBUG] mapper.update_and_compute(): velocity=0.0009386140068396594
2025-11-26 19:41:07,989 [DEBUG] mapper.update_and_compute(): slow movement detected, applying scaling factor: 2.7414074015011946e-14
2025-11-26 19:41:07,989 [DEBUG] mapper.mapping_use_palm(): mapping pos: (936, 581)
2025-11-26 19:41:07,989 [INFO] mouse._move_mouse(): Moving mouse to (936, 581)
2025-11-26 19:41:08,012 [DEBUG] camera.run(): Captured frame at timestamp: 17384
2025-11-26 19:41:08,022 [DEBUG] smoother.update(): velocity=0.01910933630512013
2025-11-26 19:41:08,023 [DEBUG] controller._on_landmark_update(): Gesture detected: NONE
2025-11-26 19:41:08,024 [DEBUG] mapper.update_and_detect(): std=0.0009765221191889913, velocity=0.002821020027709934
2025-11-26 19:41:08,024 [DEBUG] mapper.update_and_compute(): velocity=0.0019527593658183564
2025-11-26 19:41:08,024 [DEBUG] mapper.update_and_compute(): slow movement detected, applying scaling factor: 1.764901942460254e-05
2025-11-26 19:41:08,024 [DEBUG] mapper.mapping_use_palm(): mapping pos: (936, 581)
2025-11-26 19:41:08,024 [INFO] mouse._move_mouse(): Moving mouse to (936, 581)
2025-11-26 19:41:08,045 [DEBUG] camera.run(): Captured frame at timestamp: 17418
2025-11-26 19:41:08,056 [DEBUG] smoother.update(): velocity=0.022781696425260824
2025-11-26 19:41:08,057 [DEBUG] controller._on_landmark_update(): Gesture detected: NONE
2025-11-26 19:41:08,057 [DEBUG] mapper.update_and_detect(): std=0.0009966901968584312, velocity=0.003457621015473789
2025-11-26 19:41:08,057 [DEBUG] mapper.update_and_compute(): velocity=0.0033232444005798856
2025-11-26 19:41:08,057 [DEBUG] mapper.update_and_compute(): slow movement detected, applying scaling factor: 0.9999999293047946
2025-11-26 19:41:08,057 [DEBUG] mapper.mapping_use_palm(): mapping pos: (948, 584)
2025-11-26 19:41:08,057 [INFO] mouse._move_mouse(): Moving mouse to (948, 584)
2025-11-26 19:41:08,077 [DEBUG] camera.run(): Captured frame at timestamp: 17449
2025-11-26 19:41:08,087 [DEBUG] smoother.update(): velocity=0.02684854861754989
2025-11-26 19:41:08,089 [DEBUG] controller._on_landmark_update(): Gesture detected: NONE
2025-11-26 19:41:08,089 [DEBUG] mapper.update_and_detect(): std=0.0012275251770334987, velocity=0.004305185669428115
2025-11-26 19:41:08,089 [DEBUG] mapper.update_and_compute(): velocity=0.001759192568875736
2025-11-26 19:41:08,089 [DEBUG] mapper.update_and_compute(): slow movement detected, applying scaling factor: 3.6764465006016344e-07
2025-11-26 19:41:08,089 [DEBUG] mapper.mapping_use_palm(): mapping pos: (948, 584)
2025-11-26 19:41:08,089 [INFO] mouse._move_mouse(): Moving mouse to (948, 584)
2025-11-26 19:41:08,112 [DEBUG] camera.run(): Captured frame at timestamp: 17484
2025-11-26 19:41:08,122 [DEBUG] smoother.update(): velocity=0.03332508739989476
2025-11-26 19:41:08,124 [DEBUG] controller._on_landmark_update(): Gesture detected: NONE
2025-11-26 19:41:08,124 [DEBUG] mapper.update_and_detect(): std=0.0016355515142998016, velocity=0.005524743254264739
2025-11-26 19:41:08,124 [DEBUG] mapper.update_and_compute(): velocity=0.004097555003516853
2025-11-26 19:41:08,124 [DEBUG] mapper.update_and_compute(): slow movement detected, applying scaling factor: 0.9999999999999867
2025-11-26 19:41:08,124 [DEBUG] mapper.mapping_use_palm(): mapping pos: (959, 586)
2025-11-26 19:41:08,124 [INFO] mouse._move_mouse(): Moving mouse to (959, 586)
2025-11-26 19:41:08,145 [DEBUG] camera.run(): Captured frame at timestamp: 17517
2025-11-26 19:41:08,155 [DEBUG] smoother.update(): velocity=0.04120504319639372
2025-11-26 19:41:08,156 [DEBUG] controller._on_landmark_update(): Gesture detected: NONE
2025-11-26 19:41:08,156 [DEBUG] mapper.update_and_detect(): std=0.0021373511670200063, velocity=0.007189642748353265
2025-11-26 19:41:08,156 [DEBUG] mapper.update_and_compute(): velocity=0.002980018608912374
2025-11-26 19:41:08,157 [DEBUG] mapper.update_and_compute(): slow movement detected, applying scaling factor: 0.9999323010494395
2025-11-26 19:41:08,157 [DEBUG] mapper.mapping_use_palm(): mapping pos: (967, 587)
2025-11-26 19:41:08,157 [INFO] mouse._move_mouse(): Moving mouse to (967, 587)
2025-11-26 19:41:08,177 [DEBUG] camera.run(): Captured frame at timestamp: 17550
2025-11-26 19:41:08,187 [DEBUG] smoother.update(): velocity=0.04686652473410951
2025-11-26 19:41:08,189 [DEBUG] controller._on_landmark_update(): Gesture detected: NONE
2025-11-26 19:41:08,189 [DEBUG] mapper.update_and_detect(): std=0.0026951072599905998, velocity=0.008970849092707064
2025-11-26 19:41:08,189 [DEBUG] mapper.update_and_compute(): velocity=0.0034098625419346227
2025-11-26 19:41:08,189 [DEBUG] mapper.update_and_compute(): slow movement detected, applying scaling factor: 0.9999999874964202
2025-11-26 19:41:08,189 [DEBUG] mapper.mapping_use_palm(): mapping pos: (973, 588)
2025-11-26 19:41:08,189 [INFO] mouse._move_mouse(): Moving mouse to (973, 588)
2025-11-26 19:41:08,210 [DEBUG] camera.run(): Captured frame at timestamp: 17582
2025-11-26 19:41:08,220 [DEBUG] smoother.update(): velocity=0.05447317679911545
2025-11-26 19:41:08,222 [DEBUG] controller._on_landmark_update(): Gesture detected: NONE
2025-11-26 19:41:08,222 [DEBUG] mapper.update_and_detect(): std=0.0032912280885695148, velocity=0.010763467772269587
2025-11-26 19:41:08,222 [DEBUG] mapper.update_and_compute(): velocity=0.0038019122362571204
2025-11-26 19:41:08,222 [DEBUG] mapper.update_and_compute(): slow movement detected, applying scaling factor: 0.9999999999950826
2025-11-26 19:41:08,222 [DEBUG] mapper.mapping_use_palm(): mapping pos: (982, 590)
2025-11-26 19:41:08,222 [INFO] mouse._move_mouse(): Moving mouse to (982, 590)
2025-11-26 19:41:08,243 [DEBUG] camera.run(): Captured frame at timestamp: 17615
2025-11-26 19:41:08,253 [DEBUG] smoother.update(): velocity=0.059377974864889986
2025-11-26 19:41:08,254 [DEBUG] controller._on_landmark_update(): Gesture detected: NONE
2025-11-26 19:41:08,254 [DEBUG] mapper.update_and_detect(): std=0.003906823303433669, velocity=0.01248576727530839
2025-11-26 19:41:08,254 [DEBUG] mapper.update_and_compute(): velocity=0.004143562120066324
2025-11-26 19:41:08,254 [DEBUG] mapper.update_and_compute(): slow movement detected, applying scaling factor: 0.9999999999999947
2025-11-26 19:41:08,254 [DEBUG] mapper.mapping_use_palm(): mapping pos: (993, 594)
2025-11-26 19:41:08,254 [INFO] mouse._move_mouse(): Moving mouse to (993, 594)
2025-11-26 19:41:08,277 [DEBUG] camera.run(): Captured frame at timestamp: 17650
2025-11-26 19:41:08,288 [DEBUG] smoother.update(): velocity=0.06431586131439404
2025-11-26 19:41:08,289 [DEBUG] controller._on_landmark_update(): Gesture detected: NONE
2025-11-26 19:41:08,289 [DEBUG] mapper.update_and_detect(): std=0.004545590115374395, velocity=0.014097207582926288
2025-11-26 19:41:08,289 [DEBUG] mapper.update_and_compute(): velocity=0.004511495355248482
2025-11-26 19:41:08,289 [DEBUG] mapper.update_and_compute(): slow movement detected, applying scaling factor: 1.0
2025-11-26 19:41:08,289 [DEBUG] mapper.mapping_use_palm(): mapping pos: (1006, 595)
2025-11-26 19:41:08,289 [INFO] mouse._move_mouse(): Moving mouse to (1006, 595)
2025-11-26 19:41:08,312 [DEBUG] camera.run(): Captured frame at timestamp: 17684
2025-11-26 19:41:08,322 [DEBUG] smoother.update(): velocity=0.06764814741377477
2025-11-26 19:41:08,323 [DEBUG] controller._on_landmark_update(): Gesture detected: NONE
2025-11-26 19:41:08,323 [DEBUG] mapper.update_and_detect(): std=0.005184136644533888, velocity=0.015718988824132772
2025-11-26 19:41:08,323 [DEBUG] mapper.update_and_compute(): velocity=0.004850645098439286
2025-11-26 19:41:08,323 [DEBUG] mapper.update_and_compute(): slow movement detected, applying scaling factor: 1.0
2025-11-26 19:41:08,324 [DEBUG] mapper.mapping_use_palm(): mapping pos: (1019, 598)
2025-11-26 19:41:08,324 [INFO] mouse._move_mouse(): Moving mouse to (1019, 598)
2025-11-26 19:41:08,345 [DEBUG] camera.run(): Captured frame at timestamp: 17718
2025-11-26 19:41:08,356 [DEBUG] smoother.update(): velocity=0.06977663046929493
2025-11-26 19:41:08,357 [DEBUG] controller._on_landmark_update(): Gesture detected: NONE
2025-11-26 19:41:08,357 [DEBUG] mapper.update_and_detect(): std=0.005748704103700286, velocity=0.017127161868435783
2025-11-26 19:41:08,357 [DEBUG] mapper.update_and_compute(): velocity=0.005010250468507258
2025-11-26 19:41:08,357 [DEBUG] mapper.mapping_use_palm(): mapping pos: (1031, 601)
2025-11-26 19:41:08,357 [INFO] mouse._move_mouse(): Moving mouse to (1031, 601)
2025-11-26 19:41:08,379 [DEBUG] camera.run(): Captured frame at timestamp: 17751
2025-11-26 19:41:08,390 [DEBUG] smoother.update(): velocity=0.06792490129291164
2025-11-26 19:41:08,391 [DEBUG] controller._on_landmark_update(): Gesture detected: NONE
2025-11-26 19:41:08,391 [DEBUG] mapper.update_and_detect(): std=0.006322848172599426, velocity=0.018144581224998586
2025-11-26 19:41:08,391 [DEBUG] mapper.update_and_compute(): velocity=0.004995862444886708
2025-11-26 19:41:08,391 [DEBUG] mapper.update_and_compute(): slow movement detected, applying scaling factor: 1.0
2025-11-26 19:41:08,391 [DEBUG] mapper.mapping_use_palm(): mapping pos: (1043, 605)
2025-11-26 19:41:08,391 [INFO] mouse._move_mouse(): Moving mouse to (1043, 605)
2025-11-26 19:41:08,412 [DEBUG] camera.run(): Captured frame at timestamp: 17784
2025-11-26 19:41:08,422 [DEBUG] smoother.update(): velocity=0.059629923873350914
2025-11-26 19:41:08,423 [DEBUG] controller._on_landmark_update(): Gesture detected: NONE
2025-11-26 19:41:08,423 [DEBUG] mapper.update_and_detect(): std=0.006816896617897398, velocity=0.0184047187185842
2025-11-26 19:41:08,423 [DEBUG] mapper.update_and_compute(): velocity=0.004466505842484448
2025-11-26 19:41:08,423 [DEBUG] mapper.update_and_compute(): slow movement detected, applying scaling factor: 1.0
2025-11-26 19:41:08,423 [DEBUG] mapper.mapping_use_palm(): mapping pos: (1055, 607)
2025-11-26 19:41:08,423 [INFO] mouse._move_mouse(): Moving mouse to (1055, 607)
2025-11-26 19:41:08,443 [DEBUG] camera.run(): Captured frame at timestamp: 17816
2025-11-26 19:41:08,453 [DEBUG] smoother.update(): velocity=0.050672619649723596
2025-11-26 19:41:08,455 [DEBUG] controller._on_landmark_update(): Gesture detected: NONE
2025-11-26 19:41:08,455 [DEBUG] mapper.update_and_detect(): std=0.007071689823814607, velocity=0.017901910822703912
2025-11-26 19:41:08,455 [DEBUG] mapper.update_and_compute(): velocity=0.0038210698244761166
2025-11-26 19:41:08,455 [DEBUG] mapper.update_and_compute(): slow movement detected, applying scaling factor: 0.9999999999966478
2025-11-26 19:41:08,455 [DEBUG] mapper.mapping_use_palm(): mapping pos: (1065, 608)
2025-11-26 19:41:08,455 [INFO] mouse._move_mouse(): Moving mouse to (1065, 608)
2025-11-26 19:41:08,478 [DEBUG] camera.run(): Captured frame at timestamp: 17850
2025-11-26 19:41:08,488 [DEBUG] smoother.update(): velocity=0.03996990382011309
2025-11-26 19:41:08,489 [DEBUG] controller._on_landmark_update(): Gesture detected: NONE
2025-11-26 19:41:08,489 [DEBUG] mapper.update_and_detect(): std=0.007040914297129941, velocity=0.01667703362992055
2025-11-26 19:41:08,489 [DEBUG] mapper.update_and_compute(): velocity=0.0030522099514976326
2025-11-26 19:41:08,489 [DEBUG] mapper.update_and_compute(): slow movement detected, applying scaling factor: 0.9999840206774062
2025-11-26 19:41:08,489 [DEBUG] mapper.mapping_use_palm(): mapping pos: (1073, 610)
2025-11-26 19:41:08,489 [INFO] mouse._move_mouse(): Moving mouse to (1073, 610)
2025-11-26 19:41:08,511 [DEBUG] camera.run(): Captured frame at timestamp: 17884
2025-11-26 19:41:08,522 [DEBUG] smoother.update(): velocity=0.02835345841551318
2025-11-26 19:41:08,523 [DEBUG] controller._on_landmark_update(): Gesture detected: NONE
2025-11-26 19:41:08,523 [DEBUG] mapper.update_and_detect(): std=0.006740094214133185, velocity=0.014557719498676874
2025-11-26 19:41:08,523 [DEBUG] mapper.update_and_compute(): velocity=0.002030431029349467
2025-11-26 19:41:08,523 [DEBUG] mapper.update_and_compute(): slow movement detected, applying scaling factor: 8.343331651206753e-05
2025-11-26 19:41:08,523 [DEBUG] mapper.mapping_use_palm(): mapping pos: (1073, 610)
2025-11-26 19:41:08,523 [INFO] mouse._move_mouse(): Moving mouse to (1073, 610)
2025-11-26 19:41:08,544 [DEBUG] camera.run(): Captured frame at timestamp: 17917
2025-11-26 19:41:08,554 [DEBUG] smoother.update(): velocity=0.016241447409125975
2025-11-26 19:41:08,556 [DEBUG] controller._on_landmark_update(): Gesture detected: NONE
2025-11-26 19:41:08,556 [DEBUG] mapper.update_and_detect(): std=0.006116879912392982, velocity=0.011470857338442355
2025-11-26 19:41:08,556 [DEBUG] mapper.update_and_compute(): velocity=0.0028319608862540017
2025-11-26 19:41:08,556 [DEBUG] mapper.update_and_compute(): slow movement detected, applying scaling factor: 0.9986936586614229
2025-11-26 19:41:08,556 [DEBUG] mapper.mapping_use_palm(): mapping pos: (1080, 611)
2025-11-26 19:41:08,556 [INFO] mouse._move_mouse(): Moving mouse to (1080, 611)
2025-11-26 19:41:08,579 [DEBUG] camera.run(): Captured frame at timestamp: 17951
2025-11-26 19:41:08,589 [DEBUG] smoother.update(): velocity=0.02544569490310144
2025-11-26 19:41:08,590 [DEBUG] controller._on_landmark_update(): Gesture detected: NONE
2025-11-26 19:41:08,590 [DEBUG] mapper.update_and_detect(): std=0.005179970256231981, velocity=0.007723974274935102
2025-11-26 19:41:08,590 [DEBUG] mapper.update_and_compute(): velocity=0.001095578588458911
2025-11-26 19:41:08,590 [DEBUG] mapper.update_and_compute(): slow movement detected, applying scaling factor: 6.329226153811536e-13
2025-11-26 19:41:08,590 [DEBUG] mapper.mapping_use_palm(): mapping pos: (1080, 611)
2025-11-26 19:41:08,590 [INFO] mouse._move_mouse(): Moving mouse to (1080, 611)
2025-11-26 19:41:08,612 [DEBUG] camera.run(): Captured frame at timestamp: 17984
2025-11-26 19:41:08,622 [DEBUG] smoother.update(): velocity=0.04390394074734555
2025-11-26 19:41:08,623 [DEBUG] controller._on_landmark_update(): Gesture detected: NONE
2025-11-26 19:41:08,623 [DEBUG] mapper.update_and_detect(): std=0.003991975452527034, velocity=0.0035305954246195735
2025-11-26 19:41:08,623 [DEBUG] mapper.update_and_compute(): velocity=0.0037384993254041513
2025-11-26 19:41:08,623 [DEBUG] mapper.update_and_compute(): slow movement detected, applying scaling factor: 0.9999999999825204
2025-11-26 19:41:08,623 [DEBUG] mapper.mapping_use_palm(): mapping pos: (1070, 611)
2025-11-26 19:41:08,623 [INFO] mouse._move_mouse(): Moving mouse to (1070, 611)
2025-11-26 19:41:08,645 [DEBUG] camera.run(): Captured frame at timestamp: 18018
2025-11-26 19:41:08,656 [DEBUG] smoother.update(): velocity=0.07128676856918079
2025-11-26 19:41:08,657 [DEBUG] controller._on_landmark_update(): Gesture detected: NONE
2025-11-26 19:41:08,657 [DEBUG] mapper.update_and_detect(): std=0.002827104064139287, velocity=0.0045025459413959605
2025-11-26 19:41:08,657 [DEBUG] mapper.update_and_compute(): velocity=0.004897202514593158
2025-11-26 19:41:08,657 [DEBUG] mapper.update_and_compute(): slow movement detected, applying scaling factor: 1.0
2025-11-26 19:41:08,657 [DEBUG] mapper.mapping_use_palm(): mapping pos: (1060, 609)
2025-11-26 19:41:08,657 [INFO] mouse._move_mouse(): Moving mouse to (1060, 609)
2025-11-26 19:41:08,678 [DEBUG] camera.run(): Captured frame at timestamp: 18050
2025-11-26 19:41:08,688 [DEBUG] smoother.update(): velocity=0.09137300139615358
2025-11-26 19:41:08,690 [DEBUG] controller._on_landmark_update(): Gesture detected: NONE
2025-11-26 19:41:08,690 [DEBUG] mapper.update_and_detect(): std=0.0024188143963801635, velocity=0.009737970325661337
2025-11-26 19:41:08,690 [DEBUG] mapper.update_and_compute(): velocity=0.005993227377391908
2025-11-26 19:41:08,690 [DEBUG] mapper.mapping_use_palm(): mapping pos: (1044, 603)
2025-11-26 19:41:08,690 [INFO] mouse._move_mouse(): Moving mouse to (1044, 603)
2025-11-26 19:41:08,712 [DEBUG] camera.run(): Captured frame at timestamp: 18084
2025-11-26 19:41:08,722 [DEBUG] smoother.update(): velocity=0.11135272914065716
2025-11-26 19:41:08,724 [DEBUG] controller._on_landmark_update(): Gesture detected: NONE
2025-11-26 19:41:08,724 [DEBUG] mapper.update_and_detect(): std=0.0037154142357384893, velocity=0.015685311605487945
2025-11-26 19:41:08,724 [DEBUG] mapper.update_and_compute(): velocity=0.007545360031185852
2025-11-26 19:41:08,724 [DEBUG] mapper.mapping_use_palm(): mapping pos: (1026, 597)
2025-11-26 19:41:08,724 [INFO] mouse._move_mouse(): Moving mouse to (1026, 597)
2025-11-26 19:41:08,745 [DEBUG] camera.run(): Captured frame at timestamp: 18117
2025-11-26 19:41:08,756 [DEBUG] smoother.update(): velocity=0.12124617063091493
2025-11-26 19:41:08,757 [DEBUG] controller._on_landmark_update(): Gesture detected: NONE
2025-11-26 19:41:08,757 [DEBUG] mapper.update_and_detect(): std=0.005323481003888981, velocity=0.021010777092694697
2025-11-26 19:41:08,757 [DEBUG] mapper.update_and_compute(): velocity=0.008162680875720188
2025-11-26 19:41:08,757 [DEBUG] mapper.mapping_use_palm(): mapping pos: (1007, 591)
2025-11-26 19:41:08,757 [INFO] mouse._move_mouse(): Moving mouse to (1007, 591)
2025-11-26 19:41:08,778 [DEBUG] camera.run(): Captured frame at timestamp: 18151
2025-11-26 19:41:08,789 [DEBUG] smoother.update(): velocity=0.13479735770556492
2025-11-26 19:41:08,791 [DEBUG] controller._on_landmark_update(): Gesture detected: NONE
2025-11-26 19:41:08,791 [DEBUG] mapper.update_and_detect(): std=0.0069382298804997605, velocity=0.025908031553624075
2025-11-26 19:41:08,791 [DEBUG] mapper.update_and_compute(): velocity=0.009028937793032352
2025-11-26 19:41:08,791 [DEBUG] mapper.mapping_use_palm(): mapping pos: (986, 585)
2025-11-26 19:41:08,791 [INFO] mouse._move_mouse(): Moving mouse to (986, 585)
2025-11-26 19:41:08,812 [DEBUG] camera.run(): Captured frame at timestamp: 18185
2025-11-26 19:41:08,823 [DEBUG] smoother.update(): velocity=0.14342032524163925
2025-11-26 19:41:08,824 [DEBUG] controller._on_landmark_update(): Gesture detected: NONE
2025-11-26 19:41:08,824 [DEBUG] mapper.update_and_detect(): std=0.008589165507720686, velocity=0.030389392218655296
2025-11-26 19:41:08,824 [DEBUG] mapper.update_and_compute(): velocity=0.009899816235628927
2025-11-26 19:41:08,824 [DEBUG] mapper.mapping_use_palm(): mapping pos: (962, 577)
2025-11-26 19:41:08,824 [INFO] mouse._move_mouse(): Moving mouse to (962, 577)
2025-11-26 19:41:08,848 [DEBUG] camera.run(): Captured frame at timestamp: 18221
2025-11-26 19:41:08,859 [DEBUG] smoother.update(): velocity=0.14778595304171863
2025-11-26 19:41:08,860 [DEBUG] controller._on_landmark_update(): Gesture detected: NONE
2025-11-26 19:41:08,860 [DEBUG] mapper.update_and_detect(): std=0.010111742689082843, velocity=0.034128626144615724
2025-11-26 19:41:08,861 [DEBUG] mapper.update_and_compute(): velocity=0.010331566643767555
2025-11-26 19:41:08,861 [DEBUG] mapper.mapping_use_palm(): mapping pos: (938, 570)
2025-11-26 19:41:08,861 [INFO] mouse._move_mouse(): Moving mouse to (938, 570)
2025-11-26 19:41:08,876 [DEBUG] camera.run(): Captured frame at timestamp: 18249
2025-11-26 19:41:08,887 [DEBUG] smoother.update(): velocity=0.15086045069631684
2025-11-26 19:41:08,888 [DEBUG] controller._on_landmark_update(): Gesture detected: NONE
2025-11-26 19:41:08,888 [DEBUG] mapper.update_and_detect(): std=0.011374124421330869, velocity=0.03713783877958141
2025-11-26 19:41:08,888 [DEBUG] mapper.update_and_compute(): velocity=0.010707299454141974
2025-11-26 19:41:08,888 [DEBUG] mapper.mapping_use_palm(): mapping pos: (916, 563)
2025-11-26 19:41:08,888 [INFO] mouse._move_mouse(): Moving mouse to (916, 563)
2025-11-26 19:41:08,911 [DEBUG] camera.run(): Captured frame at timestamp: 18284
2025-11-26 19:41:08,922 [DEBUG] smoother.update(): velocity=0.15123438517232604
2025-11-26 19:41:08,923 [DEBUG] controller._on_landmark_update(): Gesture detected: NONE
2025-11-26 19:41:08,923 [DEBUG] mapper.update_and_detect(): std=0.012395245363833922, velocity=0.039330423088760544
2025-11-26 19:41:08,923 [DEBUG] mapper.update_and_compute(): velocity=0.010785152346859934
2025-11-26 19:41:08,923 [DEBUG] mapper.mapping_use_palm(): mapping pos: (892, 557)
2025-11-26 19:41:08,923 [INFO] mouse._move_mouse(): Moving mouse to (892, 557)
2025-11-26 19:41:08,944 [DEBUG] camera.run(): Captured frame at timestamp: 18317
2025-11-26 19:41:08,956 [DEBUG] smoother.update(): velocity=0.15246961657302802
2025-11-26 19:41:08,957 [DEBUG] controller._on_landmark_update(): Gesture detected: NONE
2025-11-26 19:41:08,957 [DEBUG] mapper.update_and_detect(): std=0.013172903154308925, velocity=0.04109217618573163
2025-11-26 19:41:08,957 [DEBUG] mapper.update_and_compute(): velocity=0.011031761378220607
2025-11-26 19:41:08,957 [DEBUG] mapper.mapping_use_palm(): mapping pos: (868, 549)
2025-11-26 19:41:08,957 [INFO] mouse._move_mouse(): Moving mouse to (868, 549)
2025-11-26 19:41:08,978 [DEBUG] camera.run(): Captured frame at timestamp: 18351
2025-11-26 19:41:08,989 [DEBUG] smoother.update(): velocity=0.1484051497154543
2025-11-26 19:41:08,990 [DEBUG] controller._on_landmark_update(): Gesture detected: NONE
2025-11-26 19:41:08,990 [DEBUG] mapper.update_and_detect(): std=0.013747856783098929, velocity=0.04204884527937042
2025-11-26 19:41:08,990 [DEBUG] mapper.update_and_compute(): velocity=0.010758738498495787
2025-11-26 19:41:08,990 [DEBUG] mapper.mapping_use_palm(): mapping pos: (843, 542)
2025-11-26 19:41:08,990 [INFO] mouse._move_mouse(): Moving mouse to (843, 542)
2025-11-26 19:41:09,011 [DEBUG] camera.run(): Captured frame at timestamp: 18384
2025-11-26 19:41:09,022 [DEBUG] smoother.update(): velocity=0.1447639520298674
2025-11-26 19:41:09,023 [DEBUG] controller._on_landmark_update(): Gesture detected: NONE
2025-11-26 19:41:09,024 [DEBUG] mapper.update_and_detect(): std=0.014136004741670531, velocity=0.04226170206393148
2025-11-26 19:41:09,024 [DEBUG] mapper.update_and_compute(): velocity=0.010323513810774362
2025-11-26 19:41:09,024 [DEBUG] mapper.mapping_use_palm(): mapping pos: (819, 534)
2025-11-26 19:41:09,024 [INFO] mouse._move_mouse(): Moving mouse to (819, 534)
2025-11-26 19:41:09,044 [DEBUG] camera.run(): Captured frame at timestamp: 18417
2025-11-26 19:41:09,055 [DEBUG] smoother.update(): velocity=0.13841362460872111
2025-11-26 19:41:09,056 [DEBUG] controller._on_landmark_update(): Gesture detected: NONE
2025-11-26 19:41:09,056 [DEBUG] mapper.update_and_detect(): std=0.014270577074097488, velocity=0.041505463898046435
2025-11-26 19:41:09,056 [DEBUG] mapper.update_and_compute(): velocity=0.009516767333134087
2025-11-26 19:41:09,056 [DEBUG] mapper.mapping_use_palm(): mapping pos: (798, 526)
2025-11-26 19:41:09,056 [INFO] mouse._move_mouse(): Moving mouse to (798, 526)
2025-11-26 19:41:09,079 [DEBUG] camera.run(): Captured frame at timestamp: 18452
2025-11-26 19:41:09,089 [DEBUG] smoother.update(): velocity=0.12917495311983845
2025-11-26 19:41:09,091 [DEBUG] controller._on_landmark_update(): Gesture detected: NONE
2025-11-26 19:41:09,091 [DEBUG] mapper.update_and_detect(): std=0.014123062711115878, velocity=0.03956448479450179
2025-11-26 19:41:09,091 [DEBUG] mapper.update_and_compute(): velocity=0.008339239610807838
2025-11-26 19:41:09,091 [DEBUG] mapper.mapping_use_palm(): mapping pos: (781, 517)
2025-11-26 19:41:09,091 [INFO] mouse._move_mouse(): Moving mouse to (781, 517)
2025-11-26 19:41:09,111 [DEBUG] camera.run(): Captured frame at timestamp: 18484
2025-11-26 19:41:09,122 [DEBUG] smoother.update(): velocity=0.12112645959369923
2025-11-26 19:41:09,123 [DEBUG] controller._on_landmark_update(): Gesture detected: NONE
2025-11-26 19:41:09,123 [DEBUG] mapper.update_and_detect(): std=0.013729151935451545, velocity=0.03707301675368174
2025-11-26 19:41:09,123 [DEBUG] mapper.update_and_compute(): velocity=0.007514470491111285
2025-11-26 19:41:09,123 [DEBUG] mapper.mapping_use_palm(): mapping pos: (766, 508)
2025-11-26 19:41:09,123 [INFO] mouse._move_mouse(): Moving mouse to (766, 508)
2025-11-26 19:41:09,145 [DEBUG] camera.run(): Captured frame at timestamp: 18518
2025-11-26 19:41:09,156 [DEBUG] smoother.update(): velocity=0.13503892798679004
2025-11-26 19:41:09,157 [DEBUG] controller._on_landmark_update(): Gesture detected: NONE
2025-11-26 19:41:09,157 [DEBUG] mapper.update_and_detect(): std=0.013044542515823355, velocity=0.03414913356993681
2025-11-26 19:41:09,157 [DEBUG] mapper.update_and_compute(): velocity=0.006720425754306036
2025-11-26 19:41:09,157 [DEBUG] mapper.mapping_use_palm(): mapping pos: (754, 498)
2025-11-26 19:41:09,157 [INFO] mouse._move_mouse(): Moving mouse to (754, 498)
2025-11-26 19:41:09,178 [DEBUG] camera.run(): Captured frame at timestamp: 18550
2025-11-26 19:41:09,189 [DEBUG] smoother.update(): velocity=0.16043855233480941
2025-11-26 19:41:09,190 [DEBUG] controller._on_landmark_update(): Gesture detected: RIGHT_PRESS
2025-11-26 19:41:09,190 [DEBUG] mapper.update_and_detect(): std=0.012066388358085817, velocity=0.030963507026162098
2025-11-26 19:41:09,190 [DEBUG] mapper.update_and_compute(): velocity=0.0059245698982883085
2025-11-26 19:41:09,190 [DEBUG] mapper.mapping_use_palm(): mapping pos: (745, 488)
2025-11-26 19:41:09,190 [INFO] mouse._right_release(): Right mouse button released
2025-11-26 19:41:09,212 [DEBUG] camera.run(): Captured frame at timestamp: 18584
2025-11-26 19:41:09,222 [DEBUG] smoother.update(): velocity=0.17133986286168867
2025-11-26 19:41:09,224 [DEBUG] controller._on_landmark_update(): Gesture detected: RIGHT_PRESS
2025-11-26 19:41:09,224 [DEBUG] mapper.update_and_detect(): std=0.010883806878222737, velocity=0.02810359846261961
2025-11-26 19:41:09,224 [DEBUG] mapper.update_and_compute(): velocity=0.005779722447305862
2025-11-26 19:41:09,224 [DEBUG] mapper.mapping_use_palm(): mapping pos: (733, 476)
2025-11-26 19:41:09,246 [DEBUG] camera.run(): Captured frame at timestamp: 18619
2025-11-26 19:41:09,257 [DEBUG] smoother.update(): velocity=0.15702786540218333
2025-11-26 19:41:09,258 [DEBUG] controller._on_landmark_update(): Gesture detected: RIGHT_PRESS
2025-11-26 19:41:09,258 [DEBUG] mapper.update_and_detect(): std=0.009517917345392538, velocity=0.024301637667084885
2025-11-26 19:41:09,258 [DEBUG] mapper.update_and_compute(): velocity=0.003842451415735431
2025-11-26 19:41:09,258 [DEBUG] mapper.update_and_compute(): slow movement detected, applying scaling factor: 0.9999999999978142
2025-11-26 19:41:09,258 [DEBUG] mapper.mapping_use_palm(): mapping pos: (723, 471)
2025-11-26 19:41:09,280 [DEBUG] camera.run(): Captured frame at timestamp: 18653
2025-11-26 19:41:09,291 [DEBUG] smoother.update(): velocity=0.13133237525964359
2025-11-26 19:41:09,292 [DEBUG] controller._on_landmark_update(): Gesture detected: RIGHT_PRESS
2025-11-26 19:41:09,292 [DEBUG] mapper.update_and_detect(): std=0.008067212373281148, velocity=0.020282047053320998
2025-11-26 19:41:09,292 [DEBUG] mapper.update_and_compute(): velocity=0.002653571855992768
2025-11-26 19:41:09,292 [DEBUG] mapper.update_and_compute(): slow movement detected, applying scaling factor: 0.9556990575843233
2025-11-26 19:41:09,292 [DEBUG] mapper.mapping_use_palm(): mapping pos: (718, 466)
2025-11-26 19:41:09,313 [DEBUG] camera.run(): Captured frame at timestamp: 18686
2025-11-26 19:41:09,324 [DEBUG] smoother.update(): velocity=0.10805017093875455
2025-11-26 19:41:09,325 [DEBUG] controller._on_landmark_update(): Gesture detected: RIGHT_PRESS
2025-11-26 19:41:09,325 [DEBUG] mapper.update_and_detect(): std=0.006652581571038112, velocity=0.016180499842797735
2025-11-26 19:41:09,325 [DEBUG] mapper.update_and_compute(): velocity=0.0020924624277742186
2025-11-26 19:41:09,325 [DEBUG] mapper.update_and_compute(): slow movement detected, applying scaling factor: 0.0002884352536264608
2025-11-26 19:41:09,325 [DEBUG] mapper.mapping_use_palm(): mapping pos: (718, 466)
2025-11-26 19:41:09,349 [DEBUG] camera.run(): Captured frame at timestamp: 18721
2025-11-26 19:41:09,359 [DEBUG] smoother.update(): velocity=0.09172141237004329
2025-11-26 19:41:09,360 [DEBUG] controller._on_landmark_update(): Gesture detected: RIGHT_PRESS
2025-11-26 19:41:09,360 [DEBUG] mapper.update_and_detect(): std=0.005281478326749123, velocity=0.012363758692794644
2025-11-26 19:41:09,360 [DEBUG] mapper.update_and_compute(): velocity=0.0032638017019575756
2025-11-26 19:41:09,360 [DEBUG] mapper.update_and_compute(): slow movement detected, applying scaling factor: 0.9999997678853186
2025-11-26 19:41:09,360 [DEBUG] mapper.mapping_use_palm(): mapping pos: (713, 460)
2025-11-26 19:41:09,379 [DEBUG] camera.run(): Captured frame at timestamp: 18752
2025-11-26 19:41:09,390 [DEBUG] smoother.update(): velocity=0.08158916710566559
2025-11-26 19:41:09,391 [DEBUG] controller._on_landmark_update(): Gesture detected: RIGHT_PRESS
2025-11-26 19:41:09,391 [DEBUG] mapper.update_and_detect(): std=0.004489885727095291, velocity=0.008824246126490244
2025-11-26 19:41:09,391 [DEBUG] mapper.update_and_compute(): velocity=0.0012523071970690438
2025-11-26 19:41:09,391 [DEBUG] mapper.update_and_compute(): slow movement detected, applying scaling factor: 1.4543803946161734e-11
2025-11-26 19:41:09,391 [DEBUG] mapper.mapping_use_palm(): mapping pos: (713, 460)
2025-11-26 19:41:09,414 [DEBUG] camera.run(): Captured frame at timestamp: 18786
2025-11-26 19:41:09,425 [DEBUG] smoother.update(): velocity=0.057325075843046434
2025-11-26 19:41:09,426 [DEBUG] controller._on_landmark_update(): Gesture detected: RIGHT_PRESS
2025-11-26 19:41:09,426 [DEBUG] mapper.update_and_detect(): std=0.003679215112314429, velocity=0.0070632127764967325
2025-11-26 19:41:09,426 [DEBUG] mapper.update_and_compute(): velocity=0.0033359083113517402
2025-11-26 19:41:09,426 [DEBUG] mapper.update_and_compute(): slow movement detected, applying scaling factor: 0.9999999451227125
2025-11-26 19:41:09,426 [DEBUG] mapper.mapping_use_palm(): mapping pos: (714, 453)
2025-11-26 19:41:09,444 [DEBUG] camera.run(): Captured frame at timestamp: 18817
2025-11-26 19:41:09,454 [DEBUG] smoother.update(): velocity=0.043107796571422365
2025-11-26 19:41:09,456 [DEBUG] controller._on_landmark_update(): Gesture detected: RIGHT_RELEASE
2025-11-26 19:41:09,456 [DEBUG] mapper.update_and_detect(): std=0.002993992481015005, velocity=0.004724654207872515
2025-11-26 19:41:09,456 [DEBUG] mapper.update_and_compute(): velocity=0.0025815706991849942
2025-11-26 19:41:09,456 [DEBUG] mapper.update_and_compute(): slow movement detected, applying scaling factor: 0.8363632483045753
2025-11-26 19:41:09,456 [DEBUG] mapper.mapping_use_palm(): mapping pos: (720, 456)
2025-11-26 19:41:09,456 [INFO] mouse._right_press(): Right mouse button pressed
2025-11-26 19:41:09,479 [DEBUG] camera.run(): Captured frame at timestamp: 18851
2025-11-26 19:41:09,490 [DEBUG] smoother.update(): velocity=0.09678618852961696
2025-11-26 19:41:09,491 [DEBUG] controller._on_landmark_update(): Gesture detected: RIGHT_RELEASE
2025-11-26 19:41:09,491 [DEBUG] mapper.update_and_detect(): std=0.0021982964625962987, velocity=0.004798703560081931
2025-11-26 19:41:09,491 [DEBUG] mapper.update_and_compute(): velocity=0.0026268378843916445
2025-11-26 19:41:09,491 [DEBUG] mapper.update_and_compute(): slow movement detected, applying scaling factor: 0.926678831650672
2025-11-26 19:41:09,491 [DEBUG] mapper.mapping_use_palm(): mapping pos: (727, 459)
2025-11-26 19:41:09,511 [DEBUG] camera.run(): Captured frame at timestamp: 18884
2025-11-26 19:41:09,521 [DEBUG] smoother.update(): velocity=0.1197621116865336
2025-11-26 19:41:09,523 [DEBUG] controller._on_landmark_update(): Gesture detected: RIGHT_RELEASE
2025-11-26 19:41:09,523 [DEBUG] mapper.update_and_detect(): std=0.0019307156117871406, velocity=0.005463639131762558
2025-11-26 19:41:09,523 [DEBUG] mapper.update_and_compute(): velocity=0.0021245600931736833
2025-11-26 19:41:09,523 [DEBUG] mapper.update_and_compute(): slow movement detected, applying scaling factor: 0.0005479392000968089
2025-11-26 19:41:09,523 [DEBUG] mapper.mapping_use_palm(): mapping pos: (727, 459)
2025-11-26 19:41:09,545 [DEBUG] camera.run(): Captured frame at timestamp: 18917
2025-11-26 19:41:09,556 [DEBUG] smoother.update(): velocity=0.11482979718560067
2025-11-26 19:41:09,557 [DEBUG] controller._on_landmark_update(): Gesture detected: RIGHT_RELEASE
2025-11-26 19:41:09,557 [DEBUG] mapper.update_and_detect(): std=0.002231569706117827, velocity=0.006297524318309099
2025-11-26 19:41:09,557 [DEBUG] mapper.update_and_compute(): velocity=0.004207470719076519
2025-11-26 19:41:09,557 [DEBUG] mapper.update_and_compute(): slow movement detected, applying scaling factor: 0.9999999999999984
2025-11-26 19:41:09,557 [DEBUG] mapper.mapping_use_palm(): mapping pos: (730, 465)
2025-11-26 19:41:09,578 [DEBUG] camera.run(): Captured frame at timestamp: 18950
2025-11-26 19:41:09,588 [DEBUG] smoother.update(): velocity=0.10547882418883653
2025-11-26 19:41:09,590 [DEBUG] controller._on_landmark_update(): Gesture detected: RIGHT_RELEASE
2025-11-26 19:41:09,590 [DEBUG] mapper.update_and_detect(): std=0.002261716962608322, velocity=0.006788154331236482
2025-11-26 19:41:09,590 [DEBUG] mapper.update_and_compute(): velocity=0.0022571473498783383
2025-11-26 19:41:09,590 [DEBUG] mapper.update_and_compute(): slow movement detected, applying scaling factor: 0.007713399221695317
2025-11-26 19:41:09,590 [DEBUG] mapper.mapping_use_palm(): mapping pos: (730, 465)
2025-11-26 19:41:09,611 [DEBUG] camera.run(): Captured frame at timestamp: 18984
2025-11-26 19:41:09,622 [DEBUG] smoother.update(): velocity=0.09367574525828011
2025-11-26 19:41:09,623 [DEBUG] controller._on_landmark_update(): Gesture detected: RIGHT_RELEASE
2025-11-26 19:41:09,623 [DEBUG] mapper.update_and_detect(): std=0.0021794550175422748, velocity=0.007313153763796557
2025-11-26 19:41:09,623 [DEBUG] mapper.update_and_compute(): velocity=0.004523624523918523
2025-11-26 19:41:09,623 [DEBUG] mapper.update_and_compute(): slow movement detected, applying scaling factor: 1.0
2025-11-26 19:41:09,623 [DEBUG] mapper.mapping_use_palm(): mapping pos: (729, 476)
2025-11-26 19:41:09,646 [DEBUG] camera.run(): Captured frame at timestamp: 19019
2025-11-26 19:41:09,657 [DEBUG] smoother.update(): velocity=0.0851619223881363
2025-11-26 19:41:09,658 [DEBUG] controller._on_landmark_update(): Gesture detected: RIGHT_RELEASE
2025-11-26 19:41:09,658 [DEBUG] mapper.update_and_detect(): std=0.00223338421303118, velocity=0.006894352591289859
2025-11-26 19:41:09,658 [DEBUG] mapper.update_and_compute(): velocity=0.0012032295478746136
2025-11-26 19:41:09,658 [DEBUG] mapper.update_and_compute(): slow movement detected, applying scaling factor: 5.449980732868238e-12
2025-11-26 19:41:09,658 [DEBUG] mapper.mapping_use_palm(): mapping pos: (729, 476)
2025-11-26 19:41:09,679 [DEBUG] camera.run(): Captured frame at timestamp: 19052
2025-11-26 19:41:09,690 [DEBUG] smoother.update(): velocity=0.07501577569702335
2025-11-26 19:41:09,691 [DEBUG] controller._on_landmark_update(): Gesture detected: RIGHT_RELEASE
2025-11-26 19:41:09,691 [DEBUG] mapper.update_and_detect(): std=0.0024091130633428076, velocity=0.006958152229319806
2025-11-26 19:41:09,691 [DEBUG] mapper.update_and_compute(): velocity=0.0029469367154676576
2025-11-26 19:41:09,691 [DEBUG] mapper.update_and_compute(): slow movement detected, applying scaling factor: 0.9998688102104125
2025-11-26 19:41:09,691 [DEBUG] mapper.mapping_use_palm(): mapping pos: (729, 482)
2025-11-26 19:41:09,713 [DEBUG] camera.run(): Captured frame at timestamp: 19085
2025-11-26 19:41:09,723 [DEBUG] smoother.update(): velocity=0.06318037286478896
2025-11-26 19:41:09,724 [DEBUG] controller._on_landmark_update(): Gesture detected: RIGHT_RELEASE
2025-11-26 19:41:09,724 [DEBUG] mapper.update_and_detect(): std=0.002616697569793617, velocity=0.006935873590792334
2025-11-26 19:41:09,724 [DEBUG] mapper.update_and_compute(): velocity=0.0018687315160692871
2025-11-26 19:41:09,724 [DEBUG] mapper.update_and_compute(): slow movement detected, applying scaling factor: 3.287533513955798e-06
2025-11-26 19:41:09,724 [DEBUG] mapper.mapping_use_palm(): mapping pos: (729, 482)
2025-11-26 19:41:09,746 [DEBUG] camera.run(): Captured frame at timestamp: 19118
2025-11-26 19:41:09,756 [DEBUG] smoother.update(): velocity=0.053504229671316406
2025-11-26 19:41:09,757 [DEBUG] controller._on_landmark_update(): Gesture detected: RIGHT_RELEASE
2025-11-26 19:41:09,757 [DEBUG] mapper.update_and_detect(): std=0.002909004024610084, velocity=0.007259824999087325
2025-11-26 19:41:09,757 [DEBUG] mapper.update_and_compute(): velocity=0.003953707678331805
2025-11-26 19:41:09,757 [DEBUG] mapper.update_and_compute(): slow movement detected, applying scaling factor: 0.9999999999997637
2025-11-26 19:41:09,758 [DEBUG] mapper.mapping_use_palm(): mapping pos: (731, 489)
2025-11-26 19:41:09,779 [DEBUG] camera.run(): Captured frame at timestamp: 19152
2025-11-26 19:41:09,790 [DEBUG] smoother.update(): velocity=0.04934101677136333
2025-11-26 19:41:09,791 [DEBUG] controller._on_landmark_update(): Gesture detected: LEFT_RELEASE
2025-11-26 19:41:09,791 [DEBUG] mapper.update_and_detect(): std=0.0031360715555844654, velocity=0.007455939142137237
2025-11-26 19:41:09,791 [DEBUG] mapper.update_and_compute(): velocity=0.0021618058798362166
2025-11-26 19:41:09,791 [DEBUG] mapper.update_and_compute(): slow movement detected, applying scaling factor: 0.0011534054237604277
2025-11-26 19:41:09,791 [DEBUG] mapper.mapping_use_palm(): mapping pos: (731, 489)
2025-11-26 19:41:09,791 [INFO] mouse._right_release(): Right mouse button released
2025-11-26 19:41:09,812 [DEBUG] camera.run(): Captured frame at timestamp: 19184
2025-11-26 19:41:09,823 [DEBUG] smoother.update(): velocity=0.04561103160247065
2025-11-26 19:41:09,824 [DEBUG] controller._on_landmark_update(): Gesture detected: LEFT_RELEASE
2025-11-26 19:41:09,824 [DEBUG] mapper.update_and_detect(): std=0.0032976987102571018, velocity=0.007691799073014992
2025-11-26 19:41:09,824 [DEBUG] mapper.update_and_compute(): velocity=0.004266864856561024
2025-11-26 19:41:09,824 [DEBUG] mapper.update_and_compute(): slow movement detected, applying scaling factor: 0.9999999999999996
2025-11-26 19:41:09,824 [DEBUG] mapper.mapping_use_palm(): mapping pos: (735, 495)
2025-11-26 19:41:09,846 [DEBUG] camera.run(): Captured frame at timestamp: 19219
2025-11-26 19:41:09,857 [DEBUG] smoother.update(): velocity=0.04085735342974021
2025-11-26 19:41:09,860 [DEBUG] controller._on_landmark_update(): Gesture detected: LEFT_RELEASE
2025-11-26 19:41:09,860 [DEBUG] mapper.update_and_detect(): std=0.0034636632534927655, velocity=0.008014802311469062
2025-11-26 19:41:09,860 [DEBUG] mapper.update_and_compute(): velocity=0.002234978600289043
2025-11-26 19:41:09,860 [DEBUG] mapper.update_and_compute(): slow movement detected, applying scaling factor: 0.004964686893991802
2025-11-26 19:41:09,860 [DEBUG] mapper.mapping_use_palm(): mapping pos: (735, 495)
2025-11-26 19:41:09,880 [DEBUG] camera.run(): Captured frame at timestamp: 19252
2025-11-26 19:41:09,890 [DEBUG] smoother.update(): velocity=0.039413088812387496
2025-11-26 19:41:09,892 [DEBUG] controller._on_landmark_update(): Gesture detected: LEFT_RELEASE
2025-11-26 19:41:09,892 [DEBUG] mapper.update_and_detect(): std=0.003616582751213702, velocity=0.008270630984974178
2025-11-26 19:41:09,892 [DEBUG] mapper.update_and_compute(): velocity=0.00442035982574742
2025-11-26 19:41:09,892 [DEBUG] mapper.update_and_compute(): slow movement detected, applying scaling factor: 1.0
2025-11-26 19:41:09,892 [DEBUG] mapper.mapping_use_palm(): mapping pos: (743, 502)
2025-11-26 19:41:09,915 [DEBUG] camera.run(): Captured frame at timestamp: 19287
2025-11-26 19:41:09,925 [DEBUG] smoother.update(): velocity=0.034831471665366855
2025-11-26 19:41:09,926 [DEBUG] controller._on_landmark_update(): Gesture detected: LEFT_RELEASE
2025-11-26 19:41:09,926 [DEBUG] mapper.update_and_detect(): std=0.003761918503775407, velocity=0.008356381043372033
2025-11-26 19:41:09,926 [DEBUG] mapper.update_and_compute(): velocity=0.0020572691230066986
2025-11-26 19:41:09,926 [DEBUG] mapper.update_and_compute(): slow movement detected, applying scaling factor: 0.00014270082518048246
2025-11-26 19:41:09,926 [DEBUG] mapper.mapping_use_palm(): mapping pos: (743, 502)
2025-11-26 19:41:09,949 [DEBUG] camera.run(): Captured frame at timestamp: 19321
2025-11-26 19:41:09,959 [DEBUG] smoother.update(): velocity=0.035648822931777006
2025-11-26 19:41:09,960 [DEBUG] controller._on_landmark_update(): Gesture detected: LEFT_RELEASE
2025-11-26 19:41:09,960 [DEBUG] mapper.update_and_detect(): std=0.0037902768549952556, velocity=0.008512725679388952
2025-11-26 19:41:09,960 [DEBUG] mapper.update_and_compute(): velocity=0.004274477766729041
2025-11-26 19:41:09,961 [DEBUG] mapper.update_and_compute(): slow movement detected, applying scaling factor: 0.9999999999999996
2025-11-26 19:41:09,961 [DEBUG] mapper.mapping_use_palm(): mapping pos: (752, 510)
2025-11-26 19:41:09,981 [DEBUG] camera.run(): Captured frame at timestamp: 19354
2025-11-26 19:41:09,992 [DEBUG] smoother.update(): velocity=0.03069534431005757
2025-11-26 19:41:09,993 [DEBUG] controller._on_landmark_update(): Gesture detected: LEFT_RELEASE
2025-11-26 19:41:09,993 [DEBUG] mapper.update_and_detect(): std=0.0037257053683653505, velocity=0.008317147354538491
2025-11-26 19:41:09,993 [DEBUG] mapper.update_and_compute(): velocity=0.0019483895082293959
2025-11-26 19:41:09,993 [DEBUG] mapper.update_and_compute(): slow movement detected, applying scaling factor: 1.6172051727699137e-05
2025-11-26 19:41:09,993 [DEBUG] mapper.mapping_use_palm(): mapping pos: (752, 510)
2025-11-26 19:41:10,015 [DEBUG] camera.run(): Captured frame at timestamp: 19388
2025-11-26 19:41:10,026 [DEBUG] smoother.update(): velocity=0.029070993333662445
2025-11-26 19:41:10,027 [DEBUG] controller._on_landmark_update(): Gesture detected: LEFT_RELEASE
2025-11-26 19:41:10,027 [DEBUG] mapper.update_and_detect(): std=0.003543958249637368, velocity=0.007826686320011931
2025-11-26 19:41:10,027 [DEBUG] mapper.update_and_compute(): velocity=0.003769169788464354
2025-11-26 19:41:10,027 [DEBUG] mapper.update_and_compute(): slow movement detected, applying scaling factor: 0.9999999999905347
2025-11-26 19:41:10,027 [DEBUG] mapper.mapping_use_palm(): mapping pos: (757, 514)
2025-11-26 19:41:10,048 [DEBUG] camera.run(): Captured frame at timestamp: 19421
2025-11-26 19:41:10,059 [DEBUG] smoother.update(): velocity=0.0311560872951876
2025-11-26 19:41:10,060 [DEBUG] controller._on_landmark_update(): Gesture detected: LEFT_RELEASE
2025-11-26 19:41:10,060 [DEBUG] mapper.update_and_detect(): std=0.003345898755703837, velocity=0.008025416055231176
2025-11-26 19:41:10,060 [DEBUG] mapper.update_and_compute(): velocity=0.0023533548077231074
2025-11-26 19:41:10,061 [DEBUG] mapper.update_and_compute(): slow movement detected, applying scaling factor: 0.05055077169154039
2025-11-26 19:41:10,061 [DEBUG] mapper.mapping_use_palm(): mapping pos: (758, 514)
2025-11-26 19:41:10,081 [DEBUG] camera.run(): Captured frame at timestamp: 19453
2025-11-26 19:41:10,092 [DEBUG] smoother.update(): velocity=0.037494143812187394
2025-11-26 19:41:10,093 [DEBUG] controller._on_landmark_update(): Gesture detected: LEFT_RELEASE
2025-11-26 19:41:10,093 [DEBUG] mapper.update_and_detect(): std=0.0031393973007840747, velocity=0.008597297480110979
2025-11-26 19:41:10,093 [DEBUG] mapper.update_and_compute(): velocity=0.00490367481714069
2025-11-26 19:41:10,093 [DEBUG] mapper.update_and_compute(): slow movement detected, applying scaling factor: 1.0
2025-11-26 19:41:10,093 [DEBUG] mapper.mapping_use_palm(): mapping pos: (766, 519)
2025-11-26 19:41:10,115 [DEBUG] camera.run(): Captured frame at timestamp: 19487
2025-11-26 19:41:10,126 [DEBUG] smoother.update(): velocity=0.04443660591418437
2025-11-26 19:41:10,127 [DEBUG] controller._on_landmark_update(): Gesture detected: LEFT_RELEASE
2025-11-26 19:41:10,127 [DEBUG] mapper.update_and_detect(): std=0.0029560932923361357, velocity=0.009957960234710772
2025-11-26 19:41:10,127 [DEBUG] mapper.update_and_compute(): velocity=0.003668483031753034
2025-11-26 19:41:10,127 [DEBUG] mapper.update_and_compute(): slow movement detected, applying scaling factor: 0.9999999999290936
2025-11-26 19:41:10,127 [DEBUG] mapper.mapping_use_palm(): mapping pos: (773, 522)
2025-11-26 19:41:10,147 [DEBUG] camera.run(): Captured frame at timestamp: 19520
2025-11-26 19:41:10,158 [DEBUG] smoother.update(): velocity=0.06257874815073683
2025-11-26 19:41:10,159 [DEBUG] controller._on_landmark_update(): Gesture detected: LEFT_RELEASE
2025-11-26 19:41:10,159 [DEBUG] mapper.update_and_detect(): std=0.002990540005835389, velocity=0.012606743827233417
2025-11-26 19:41:10,159 [DEBUG] mapper.update_and_compute(): velocity=0.005268429951370219
2025-11-26 19:41:10,159 [DEBUG] mapper.mapping_use_palm(): mapping pos: (780, 527)
2025-11-26 19:41:10,182 [DEBUG] camera.run(): Captured frame at timestamp: 19554
2025-11-26 19:41:10,193 [DEBUG] smoother.update(): velocity=0.09365606070335926
2025-11-26 19:41:10,194 [DEBUG] controller._on_landmark_update(): Gesture detected: LEFT_RELEASE
2025-11-26 19:41:10,194 [DEBUG] mapper.update_and_detect(): std=0.0036983864764375722, velocity=0.017418869432750943
2025-11-26 19:41:10,194 [DEBUG] mapper.update_and_compute(): velocity=0.00809805206595201
2025-11-26 19:41:10,194 [DEBUG] mapper.mapping_use_palm(): mapping pos: (793, 534)
2025-11-26 19:41:10,214 [DEBUG] camera.run(): Captured frame at timestamp: 19587
2025-11-26 19:41:10,225 [DEBUG] smoother.update(): velocity=0.12922939303019382
2025-11-26 19:41:10,226 [DEBUG] controller._on_landmark_update(): Gesture detected: LEFT_RELEASE
2025-11-26 19:41:10,226 [DEBUG] mapper.update_and_detect(): std=0.005498756845295972, velocity=0.023957045928778353
2025-11-26 19:41:10,226 [DEBUG] mapper.update_and_compute(): velocity=0.010823365680969876
2025-11-26 19:41:10,226 [DEBUG] mapper.mapping_use_palm(): mapping pos: (807, 543)
2025-11-26 19:41:10,248 [DEBUG] camera.run(): Captured frame at timestamp: 19621
2025-11-26 19:41:10,259 [DEBUG] smoother.update(): velocity=0.18144100460167753
2025-11-26 19:41:10,260 [DEBUG] controller._on_landmark_update(): Gesture detected: LEFT_RELEASE
2025-11-26 19:41:10,260 [DEBUG] mapper.update_and_detect(): std=0.008037631609033147, velocity=0.03343996733117256
2025-11-26 19:41:10,260 [DEBUG] mapper.update_and_compute(): velocity=0.015226264169137848
2025-11-26 19:41:10,260 [DEBUG] mapper.mapping_use_palm(): mapping pos: (830, 553)
2025-11-26 19:41:10,281 [DEBUG] camera.run(): Captured frame at timestamp: 19653
2025-11-26 19:41:10,292 [DEBUG] smoother.update(): velocity=0.25123663111580863
2025-11-26 19:41:10,293 [DEBUG] controller._on_landmark_update(): Gesture detected: LEFT_RELEASE
2025-11-26 19:41:10,293 [DEBUG] mapper.update_and_detect(): std=0.011714345314283123, velocity=0.047136950655231394
2025-11-26 19:41:10,293 [DEBUG] mapper.update_and_compute(): velocity=0.021658502138617988
2025-11-26 19:41:10,293 [DEBUG] mapper.mapping_use_palm(): mapping pos: (865, 570)
2025-11-26 19:41:10,314 [DEBUG] camera.run(): Captured frame at timestamp: 19687
2025-11-26 19:41:10,325 [DEBUG] smoother.update(): velocity=0.3334692483712268
2025-11-26 19:41:10,326 [DEBUG] controller._on_landmark_update(): Gesture detected: LEFT_RELEASE
2025-11-26 19:41:10,326 [DEBUG] mapper.update_and_detect(): std=0.016207685946069736, velocity=0.06423242139521829
2025-11-26 19:41:10,326 [DEBUG] mapper.update_and_compute(): velocity=0.028006117528327778
2025-11-26 19:41:10,326 [DEBUG] mapper.mapping_use_palm(): mapping pos: (922, 595)
2025-11-26 19:41:10,347 [DEBUG] camera.run(): Captured frame at timestamp: 19719
2025-11-26 19:41:10,357 [DEBUG] smoother.update(): velocity=0.42574292704883376
2025-11-26 19:41:10,358 [DEBUG] controller._on_landmark_update(): Gesture detected: NONE
2025-11-26 19:41:10,359 [DEBUG] mapper.update_and_detect(): std=0.022004018306462293, velocity=0.08612167144492398
2025-11-26 19:41:10,359 [DEBUG] mapper.update_and_compute(): velocity=0.03663167675891473
2025-11-26 19:41:10,359 [DEBUG] mapper.mapping_use_palm(): mapping pos: (993, 622)
2025-11-26 19:41:10,359 [INFO] mouse._move_mouse(): Moving mouse to (993, 622)
2025-11-26 19:41:10,379 [DEBUG] camera.run(): Captured frame at timestamp: 19752
2025-11-26 19:41:10,391 [DEBUG] smoother.update(): velocity=0.5431306440500009
2025-11-26 19:41:10,392 [DEBUG] controller._on_landmark_update(): Gesture detected: NONE
2025-11-26 19:41:10,392 [DEBUG] mapper.update_and_detect(): std=0.02813464821794007, velocity=0.11003343903596408
2025-11-26 19:41:10,392 [DEBUG] mapper.update_and_compute(): velocity=0.04334966956916207
2025-11-26 19:41:10,392 [DEBUG] mapper.mapping_use_palm(): mapping pos: (1082, 668)
2025-11-26 19:41:10,392 [INFO] mouse._move_mouse(): Moving mouse to (1082, 668)
2025-11-26 19:41:10,411 [DEBUG] camera.run(): Captured frame at timestamp: 19783
2025-11-26 19:41:10,421 [DEBUG] smoother.update(): velocity=0.6964680476516925
2025-11-26 19:41:10,422 [DEBUG] controller._on_landmark_update(): Gesture detected: NONE
2025-11-26 19:41:10,422 [DEBUG] mapper.update_and_detect(): std=0.0345250430492041, velocity=0.1399354632153813
2025-11-26 19:41:10,422 [DEBUG] mapper.update_and_compute(): velocity=0.05508286938786909
2025-11-26 19:41:10,422 [DEBUG] mapper.mapping_use_palm(): mapping pos: (1200, 732)
2025-11-26 19:41:10,422 [INFO] mouse._move_mouse(): Moving mouse to (1200, 732)
2025-11-26 19:41:10,443 [DEBUG] camera.run(): Captured frame at timestamp: 19816
2025-11-26 19:41:10,454 [DEBUG] smoother.update(): velocity=0.893793852149731
2025-11-26 19:41:10,455 [DEBUG] controller._on_landmark_update(): Gesture detected: NONE
2025-11-26 19:41:10,455 [DEBUG] mapper.update_and_detect(): std=0.04183247018359292, velocity=0.17673308241903504
2025-11-26 19:41:10,455 [DEBUG] mapper.update_and_compute(): velocity=0.06912709372675373
2025-11-26 19:41:10,455 [DEBUG] mapper.mapping_use_palm(): mapping pos: (1350, 816)
2025-11-26 19:41:10,455 [INFO] mouse._move_mouse(): Moving mouse to (1350, 816)
2025-11-26 19:41:10,477 [DEBUG] camera.run(): Captured frame at timestamp: 19849
2025-11-26 19:41:10,487 [DEBUG] smoother.update(): velocity=1.1351785031214838
2025-11-26 19:41:10,488 [DEBUG] controller._on_landmark_update(): Gesture detected: NONE
2025-11-26 19:41:10,489 [DEBUG] mapper.update_and_detect(): std=0.05266702392868139, velocity=0.2179853806929075
2025-11-26 19:41:10,489 [DEBUG] mapper.update_and_compute(): velocity=0.08129607281279809
2025-11-26 19:41:10,489 [DEBUG] mapper.mapping_use_palm(): mapping pos: (1507, 915)
2025-11-26 19:41:10,489 [INFO] mouse._move_mouse(): Moving mouse to (1507, 915)
2025-11-26 19:41:10,511 [DEBUG] camera.run(): Captured frame at timestamp: 19883
2025-11-26 19:41:10,547 [DEBUG] camera.run(): Captured frame at timestamp: 19919
2025-11-26 19:41:10,580 [DEBUG] camera.run(): Captured frame at timestamp: 19953
2025-11-26 19:41:10,614 [DEBUG] camera.run(): Captured frame at timestamp: 19986
2025-11-26 19:41:10,647 [DEBUG] camera.run(): Captured frame at timestamp: 20020
2025-11-26 19:41:10,681 [DEBUG] camera.run(): Captured frame at timestamp: 20054
2025-11-26 19:41:10,715 [DEBUG] camera.run(): Captured frame at timestamp: 20088
2025-11-26 19:41:10,748 [DEBUG] camera.run(): Captured frame at timestamp: 20121
2025-11-26 19:41:10,782 [DEBUG] camera.run(): Captured frame at timestamp: 20155
2025-11-26 19:41:10,813 [DEBUG] camera.run(): Captured frame at timestamp: 20185
2025-11-26 19:41:10,849 [DEBUG] camera.run(): Captured frame at timestamp: 20221
2025-11-26 19:41:10,878 [DEBUG] camera.run(): Captured frame at timestamp: 20250
2025-11-26 19:41:10,912 [DEBUG] camera.run(): Captured frame at timestamp: 20284
2025-11-26 19:41:10,946 [DEBUG] camera.run(): Captured frame at timestamp: 20319
2025-11-26 19:41:10,981 [DEBUG] camera.run(): Captured frame at timestamp: 20353
2025-11-26 19:41:11,013 [DEBUG] camera.run(): Captured frame at timestamp: 20385
2025-11-26 19:41:11,046 [DEBUG] camera.run(): Captured frame at timestamp: 20419
2025-11-26 19:41:11,078 [DEBUG] camera.run(): Captured frame at timestamp: 20451
2025-11-26 19:41:11,112 [DEBUG] camera.run(): Captured frame at timestamp: 20485
2025-11-26 19:41:11,144 [DEBUG] camera.run(): Captured frame at timestamp: 20516
2025-11-26 19:41:11,178 [DEBUG] camera.run(): Captured frame at timestamp: 20551
2025-11-26 19:41:11,213 [DEBUG] camera.run(): Captured frame at timestamp: 20585
2025-11-26 19:41:11,246 [DEBUG] camera.run(): Captured frame at timestamp: 20619
2025-11-26 19:41:11,280 [DEBUG] camera.run(): Captured frame at timestamp: 20653
2025-11-26 19:41:11,310 [DEBUG] camera.run(): Captured frame at timestamp: 20683
2025-11-26 19:41:11,346 [DEBUG] camera.run(): Captured frame at timestamp: 20718
2025-11-26 19:41:11,379 [DEBUG] camera.run(): Captured frame at timestamp: 20752
2025-11-26 19:41:11,413 [DEBUG] camera.run(): Captured frame at timestamp: 20786
2025-11-26 19:41:11,444 [DEBUG] camera.run(): Captured frame at timestamp: 20816
2025-11-26 19:41:11,478 [DEBUG] camera.run(): Captured frame at timestamp: 20851
2025-11-26 19:41:11,512 [DEBUG] camera.run(): Captured frame at timestamp: 20885
2025-11-26 19:41:11,546 [DEBUG] camera.run(): Captured frame at timestamp: 20919
2025-11-26 19:41:11,578 [DEBUG] camera.run(): Captured frame at timestamp: 20951
2025-11-26 19:41:11,612 [DEBUG] camera.run(): Captured frame at timestamp: 20984
2025-11-26 19:41:11,645 [DEBUG] camera.run(): Captured frame at timestamp: 21017
2025-11-26 19:41:11,680 [DEBUG] camera.run(): Captured frame at timestamp: 21052
2025-11-26 19:41:11,712 [DEBUG] camera.run(): Captured frame at timestamp: 21085
2025-11-26 19:41:11,745 [DEBUG] camera.run(): Captured frame at timestamp: 21118
2025-11-26 19:41:11,778 [DEBUG] camera.run(): Captured frame at timestamp: 21151
2025-11-26 19:41:11,812 [DEBUG] camera.run(): Captured frame at timestamp: 21184
2025-11-26 19:41:11,848 [DEBUG] camera.run(): Captured frame at timestamp: 21220
2025-11-26 19:41:11,880 [DEBUG] camera.run(): Captured frame at timestamp: 21253
2025-11-26 19:41:11,913 [DEBUG] camera.run(): Captured frame at timestamp: 21286
2025-11-26 19:41:11,946 [DEBUG] camera.run(): Captured frame at timestamp: 21319
2025-11-26 19:41:11,980 [DEBUG] camera.run(): Captured frame at timestamp: 21352
2025-11-26 19:41:12,014 [DEBUG] camera.run(): Captured frame at timestamp: 21387
2025-11-26 19:41:12,046 [DEBUG] camera.run(): Captured frame at timestamp: 21419
2025-11-26 19:41:12,077 [DEBUG] camera.run(): Captured frame at timestamp: 21449
2025-11-26 19:41:12,114 [DEBUG] camera.run(): Captured frame at timestamp: 21487
2025-11-26 19:41:12,148 [DEBUG] camera.run(): Captured frame at timestamp: 21520
2025-11-26 19:41:12,181 [DEBUG] camera.run(): Captured frame at timestamp: 21554
2025-11-26 19:41:12,216 [DEBUG] camera.run(): Captured frame at timestamp: 21588
2025-11-26 19:41:12,248 [DEBUG] camera.run(): Captured frame at timestamp: 21620
2025-11-26 19:41:12,280 [DEBUG] camera.run(): Captured frame at timestamp: 21652
2025-11-26 19:41:12,313 [DEBUG] camera.run(): Captured frame at timestamp: 21686
2025-11-26 19:41:12,346 [DEBUG] camera.run(): Captured frame at timestamp: 21718
2025-11-26 19:41:12,380 [DEBUG] camera.run(): Captured frame at timestamp: 21752
2025-11-26 19:41:12,413 [DEBUG] camera.run(): Captured frame at timestamp: 21785
2025-11-26 19:41:12,446 [DEBUG] camera.run(): Captured frame at timestamp: 21819
2025-11-26 19:41:12,480 [DEBUG] camera.run(): Captured frame at timestamp: 21852
2025-11-26 19:41:12,514 [DEBUG] camera.run(): Captured frame at timestamp: 21887
2025-11-26 19:41:12,547 [DEBUG] camera.run(): Captured frame at timestamp: 21920
2025-11-26 19:41:12,579 [DEBUG] camera.run(): Captured frame at timestamp: 21952
2025-11-26 19:41:12,614 [DEBUG] camera.run(): Captured frame at timestamp: 21987
2025-11-26 19:41:12,648 [DEBUG] camera.run(): Captured frame at timestamp: 22021
2025-11-26 19:41:12,681 [DEBUG] camera.run(): Captured frame at timestamp: 22053
2025-11-26 19:41:12,714 [DEBUG] camera.run(): Captured frame at timestamp: 22086
2025-11-26 19:41:12,747 [DEBUG] camera.run(): Captured frame at timestamp: 22119
2025-11-26 19:41:12,782 [DEBUG] camera.run(): Captured frame at timestamp: 22154
2025-11-26 19:41:12,813 [DEBUG] camera.run(): Captured frame at timestamp: 22185
2025-11-26 19:41:12,845 [DEBUG] camera.run(): Captured frame at timestamp: 22218
2025-11-26 19:41:12,880 [DEBUG] camera.run(): Captured frame at timestamp: 22252
2025-11-26 19:41:12,911 [DEBUG] camera.run(): Captured frame at timestamp: 22284
2025-11-26 19:41:12,947 [DEBUG] camera.run(): Captured frame at timestamp: 22319
2025-11-26 19:41:12,979 [DEBUG] camera.run(): Captured frame at timestamp: 22352
2025-11-26 19:41:13,012 [DEBUG] camera.run(): Captured frame at timestamp: 22384
2025-11-26 19:41:13,046 [DEBUG] camera.run(): Captured frame at timestamp: 22419
2025-11-26 19:41:13,080 [DEBUG] camera.run(): Captured frame at timestamp: 22452
2025-11-26 19:41:13,113 [DEBUG] camera.run(): Captured frame at timestamp: 22486
2025-11-26 19:41:13,146 [DEBUG] camera.run(): Captured frame at timestamp: 22519
2025-11-26 19:41:13,180 [DEBUG] camera.run(): Captured frame at timestamp: 22553
2025-11-26 19:41:13,213 [DEBUG] camera.run(): Captured frame at timestamp: 22585
2025-11-26 19:41:13,246 [DEBUG] camera.run(): Captured frame at timestamp: 22619
2025-11-26 19:41:13,282 [DEBUG] camera.run(): Captured frame at timestamp: 22654
2025-11-26 19:41:13,313 [DEBUG] camera.run(): Captured frame at timestamp: 22685
2025-11-26 19:41:13,346 [DEBUG] camera.run(): Captured frame at timestamp: 22719
2025-11-26 19:41:13,381 [DEBUG] camera.run(): Captured frame at timestamp: 22753
2025-11-26 19:41:13,414 [DEBUG] camera.run(): Captured frame at timestamp: 22786
2025-11-26 19:41:13,447 [DEBUG] camera.run(): Captured frame at timestamp: 22819
2025-11-26 19:41:13,477 [DEBUG] camera.run(): Captured frame at timestamp: 22850
