Start training script: Fri Nov 21 22:16:28 2025
+ Processing participant 0, task BA_LEFT_CLICK, trail 0
+ Processing participant 0, task BA_LEFT_CLICK, trail 1
+ Processing participant 0, task BA_LEFT_CLICK, trail 2
+ Processing participant 0, task BA_LEFT_CLICK, trail 3
+ Processing participant 0, task BA_LEFT_CLICK, trail 4
+ Processing participant 0, task BA_LEFT_CLICK, trail 5
+ Processing participant 0, task BA_LEFT_CLICK, trail 6
+ Processing participant 0, task BA_LEFT_CLICK, trail 7
+ Processing participant 0, task BA_LEFT_CLICK, trail 8
+ Processing participant 0, task BA_LEFT_CLICK, trail 9
+ Processing participant 0, task BA_RIGHT_CLICK, trail 0
+ Processing participant 0, task BA_RIGHT_CLICK, trail 1
+ Processing participant 0, task BA_RIGHT_CLICK, trail 2
+ Processing participant 0, task BA_RIGHT_CLICK, trail 3
+ Processing participant 0, task BA_RIGHT_CLICK, trail 4
+ Processing participant 0, task BA_RIGHT_CLICK, trail 5
+ Processing participant 0, task BA_RIGHT_CLICK, trail 6
+ Processing participant 0, task BA_RIGHT_CLICK, trail 7
+ Processing participant 0, task BA_RIGHT_CLICK, trail 8
+ Processing participant 0, task BA_RIGHT_CLICK, trail 9
+ Processing participant 0, task BA_SCROLL, trail 0
+ Processing participant 0, task BA_SCROLL, trail 1
+ Processing participant 0, task BA_SCROLL, trail 2
+ Processing participant 0, task BA_SCROLL, trail 3
+ Processing participant 0, task BA_SCROLL, trail 4
+ Processing participant 0, task DRAGGING, trail 0
+ Processing participant 0, task DRAGGING, trail 1
+ Processing participant 0, task DRAGGING, trail 2
+ Processing participant 0, task DRAGGING, trail 3
+ Processing participant 0, task DRAGGING, trail 4
+ Processing participant 0, task MENU_NAVIGATION, trail 0
+ Processing participant 0, task MENU_NAVIGATION, trail 1
+ Processing participant 0, task MENU_NAVIGATION, trail 2
+ Processing participant 0, task MENU_NAVIGATION, trail 3
+ Processing participant 0, task MENU_NAVIGATION, trail 4
+ Processing participant 0, task POINT_N_CLICK, trail 0
+ Processing participant 0, task POINT_N_CLICK, trail 1
+ Processing participant 0, task POINT_N_CLICK, trail 2
+ Processing participant 0, task POINT_N_CLICK, trail 3
+ Processing participant 0, task POINT_N_CLICK, trail 4
+ Processing participant 1, task BA_LEFT_CLICK, trail 0
+ Processing participant 1, task BA_LEFT_CLICK, trail 1
+ Processing participant 1, task BA_LEFT_CLICK, trail 2
+ Processing participant 1, task BA_LEFT_CLICK, trail 3
+ Processing participant 1, task BA_LEFT_CLICK, trail 4
+ Processing participant 1, task BA_LEFT_CLICK, trail 5
+ Processing participant 1, task BA_LEFT_CLICK, trail 6
+ Processing participant 1, task BA_LEFT_CLICK, trail 7
+ Processing participant 1, task BA_LEFT_CLICK, trail 8
+ Processing participant 1, task BA_LEFT_CLICK, trail 9
+ Processing participant 1, task BA_RIGHT_CLICK, trail 0
+ Processing participant 1, task BA_RIGHT_CLICK, trail 1
+ Processing participant 1, task BA_RIGHT_CLICK, trail 2
+ Processing participant 1, task BA_RIGHT_CLICK, trail 3
+ Processing participant 1, task BA_RIGHT_CLICK, trail 4
+ Processing participant 1, task BA_RIGHT_CLICK, trail 5
+ Processing participant 1, task BA_RIGHT_CLICK, trail 6
+ Processing participant 1, task BA_RIGHT_CLICK, trail 7
+ Processing participant 1, task BA_RIGHT_CLICK, trail 8
+ Processing participant 1, task BA_RIGHT_CLICK, trail 9
+ Processing participant 1, task BA_SCROLL, trail 0
+ Processing participant 1, task BA_SCROLL, trail 1
+ Processing participant 1, task BA_SCROLL, trail 2
+ Processing participant 1, task BA_SCROLL, trail 3
+ Processing participant 1, task BA_SCROLL, trail 4
+ Processing participant 1, task DRAGGING, trail 0
+ Processing participant 1, task DRAGGING, trail 1
+ Processing participant 1, task DRAGGING, trail 2
+ Processing participant 1, task DRAGGING, trail 3
+ Processing participant 1, task DRAGGING, trail 4
+ Processing participant 1, task MENU_NAVIGATION, trail 0
+ Processing participant 1, task MENU_NAVIGATION, trail 1
+ Processing participant 1, task MENU_NAVIGATION, trail 2
+ Processing participant 1, task MENU_NAVIGATION, trail 3
+ Processing participant 1, task MENU_NAVIGATION, trail 4
+ Processing participant 1, task POINT_N_CLICK, trail 0
+ Processing participant 1, task POINT_N_CLICK, trail 1
+ Processing participant 1, task POINT_N_CLICK, trail 2
+ Processing participant 1, task POINT_N_CLICK, trail 3
+ Processing participant 1, task POINT_N_CLICK, trail 4
+ Processing participant 2, task BA_LEFT_CLICK, trail 0
+ Processing participant 2, task BA_LEFT_CLICK, trail 1
+ Processing participant 2, task BA_LEFT_CLICK, trail 2
+ Processing participant 2, task BA_LEFT_CLICK, trail 3
+ Processing participant 2, task BA_LEFT_CLICK, trail 4
+ Processing participant 2, task BA_LEFT_CLICK, trail 5
+ Processing participant 2, task BA_LEFT_CLICK, trail 6
+ Processing participant 2, task BA_LEFT_CLICK, trail 7
+ Processing participant 2, task BA_LEFT_CLICK, trail 8
+ Processing participant 2, task BA_LEFT_CLICK, trail 9
+ Processing participant 2, task BA_RIGHT_CLICK, trail 0
+ Processing participant 2, task BA_RIGHT_CLICK, trail 1
+ Processing participant 2, task BA_RIGHT_CLICK, trail 2
+ Processing participant 2, task BA_RIGHT_CLICK, trail 3
+ Processing participant 2, task BA_RIGHT_CLICK, trail 4
+ Processing participant 2, task BA_RIGHT_CLICK, trail 5
+ Processing participant 2, task BA_RIGHT_CLICK, trail 6
+ Processing participant 2, task BA_RIGHT_CLICK, trail 7
+ Processing participant 2, task BA_RIGHT_CLICK, trail 8
+ Processing participant 2, task BA_RIGHT_CLICK, trail 9
+ Processing participant 2, task BA_SCROLL, trail 0
+ Processing participant 2, task BA_SCROLL, trail 1
+ Processing participant 2, task BA_SCROLL, trail 2
+ Processing participant 2, task BA_SCROLL, trail 3
+ Processing participant 2, task BA_SCROLL, trail 4
+ Processing participant 2, task DRAGGING, trail 0
+ Processing participant 2, task DRAGGING, trail 1
+ Processing participant 2, task DRAGGING, trail 2
+ Processing participant 2, task DRAGGING, trail 3
+ Processing participant 2, task DRAGGING, trail 4
+ Processing participant 2, task MENU_NAVIGATION, trail 0
+ Processing participant 2, task MENU_NAVIGATION, trail 1
+ Processing participant 2, task MENU_NAVIGATION, trail 2
+ Processing participant 2, task MENU_NAVIGATION, trail 3
+ Processing participant 2, task MENU_NAVIGATION, trail 4
+ Processing participant 2, task POINT_N_CLICK, trail 0
+ Processing participant 2, task POINT_N_CLICK, trail 1
+ Processing participant 2, task POINT_N_CLICK, trail 2
+ Processing participant 2, task POINT_N_CLICK, trail 3
+ Processing participant 2, task POINT_N_CLICK, trail 4
+ Processing participant 3, task BA_LEFT_CLICK, trail 0
+ Processing participant 3, task BA_LEFT_CLICK, trail 1
+ Processing participant 3, task BA_LEFT_CLICK, trail 2
+ Processing participant 3, task BA_LEFT_CLICK, trail 3
+ Processing participant 3, task BA_LEFT_CLICK, trail 4
+ Processing participant 3, task BA_LEFT_CLICK, trail 5
+ Processing participant 3, task BA_LEFT_CLICK, trail 6
+ Processing participant 3, task BA_LEFT_CLICK, trail 7
+ Processing participant 3, task BA_LEFT_CLICK, trail 8
+ Processing participant 3, task BA_LEFT_CLICK, trail 9
+ Processing participant 3, task BA_RIGHT_CLICK, trail 0
+ Processing participant 3, task BA_RIGHT_CLICK, trail 1
+ Processing participant 3, task BA_RIGHT_CLICK, trail 2
+ Processing participant 3, task BA_RIGHT_CLICK, trail 3
+ Processing participant 3, task BA_RIGHT_CLICK, trail 4
+ Processing participant 3, task BA_RIGHT_CLICK, trail 5
+ Processing participant 3, task BA_RIGHT_CLICK, trail 6
+ Processing participant 3, task BA_RIGHT_CLICK, trail 7
+ Processing participant 3, task BA_RIGHT_CLICK, trail 8
+ Processing participant 3, task BA_RIGHT_CLICK, trail 9
+ Processing participant 3, task BA_SCROLL, trail 0
+ Processing participant 3, task BA_SCROLL, trail 1
+ Processing participant 3, task BA_SCROLL, trail 2
+ Processing participant 3, task BA_SCROLL, trail 3
+ Processing participant 3, task BA_SCROLL, trail 4
+ Processing participant 3, task DRAGGING, trail 0
+ Processing participant 3, task DRAGGING, trail 1
+ Processing participant 3, task DRAGGING, trail 2
+ Processing participant 3, task DRAGGING, trail 3
+ Processing participant 3, task DRAGGING, trail 4
+ Processing participant 3, task MENU_NAVIGATION, trail 0
+ Processing participant 3, task MENU_NAVIGATION, trail 1
+ Processing participant 3, task MENU_NAVIGATION, trail 2
+ Processing participant 3, task MENU_NAVIGATION, trail 3
+ Processing participant 3, task MENU_NAVIGATION, trail 4
+ Processing participant 3, task POINT_N_CLICK, trail 0
+ Processing participant 3, task POINT_N_CLICK, trail 1
+ Processing participant 3, task POINT_N_CLICK, trail 2
+ Processing participant 3, task POINT_N_CLICK, trail 3
+ Processing participant 3, task POINT_N_CLICK, trail 4
> Dataset shape: torch.Size([16784, 10, 12, 3]), torch.Size([16784])
Using device: cpu
+ Start training GTCN.
Train size: 13427, Val size: 3357
[Epoch 1/200]Train Loss: 1.3302 Acc: 0.5858 | Val Loss: 1.2449 Acc: 0.5800
[Epoch 2/200]Train Loss: 1.0492 Acc: 0.6006 | Val Loss: 0.9394 Acc: 0.5871
[Epoch 3/200]Train Loss: 0.9065 Acc: 0.6141 | Val Loss: 0.9000 Acc: 0.5824
[Epoch 4/200]Train Loss: 0.8593 Acc: 0.6409 | Val Loss: 0.8453 Acc: 0.6321
[Epoch 5/200]Train Loss: 0.7923 Acc: 0.6745 | Val Loss: 0.7571 Acc: 0.6825
[Epoch 6/200]Train Loss: 0.7168 Acc: 0.7120 | Val Loss: 0.6893 Acc: 0.7102
[Epoch 7/200]Train Loss: 0.6520 Acc: 0.7470 | Val Loss: 0.6199 Acc: 0.7629
[Epoch 8/200]Train Loss: 0.5928 Acc: 0.7754 | Val Loss: 0.5576 Acc: 0.7906
[Epoch 9/200]Train Loss: 0.5529 Acc: 0.7954 | Val Loss: 0.5527 Acc: 0.7951
[Epoch 10/200]Train Loss: 0.5314 Acc: 0.8009 | Val Loss: 0.5218 Acc: 0.8168
[Epoch 11/200]Train Loss: 0.5212 Acc: 0.8071 | Val Loss: 0.5501 Acc: 0.7945
[Epoch 12/200]Train Loss: 0.5060 Acc: 0.8114 | Val Loss: 0.5056 Acc: 0.8114
[Epoch 13/200]Train Loss: 0.4838 Acc: 0.8216 | Val Loss: 0.4714 Acc: 0.8216
[Epoch 14/200]Train Loss: 0.4746 Acc: 0.8259 | Val Loss: 0.4881 Acc: 0.8204
[Epoch 15/200]Train Loss: 0.4571 Acc: 0.8261 | Val Loss: 0.4627 Acc: 0.8213
[Epoch 16/200]Train Loss: 0.4530 Acc: 0.8303 | Val Loss: 0.4479 Acc: 0.8323
[Epoch 17/200]Train Loss: 0.4345 Acc: 0.8388 | Val Loss: 0.4767 Acc: 0.8272
[Epoch 18/200]Train Loss: 0.4215 Acc: 0.8430 | Val Loss: 0.4259 Acc: 0.8460
[Epoch 19/200]Train Loss: 0.4163 Acc: 0.8459 | Val Loss: 0.4240 Acc: 0.8421
[Epoch 20/200]Train Loss: 0.4045 Acc: 0.8467 | Val Loss: 0.4098 Acc: 0.8505
[Epoch 21/200]Train Loss: 0.3920 Acc: 0.8540 | Val Loss: 0.4182 Acc: 0.8448
[Epoch 22/200]Train Loss: 0.3851 Acc: 0.8551 | Val Loss: 0.4047 Acc: 0.8564
[Epoch 23/200]Train Loss: 0.3736 Acc: 0.8585 | Val Loss: 0.3973 Acc: 0.8531
[Epoch 24/200]Train Loss: 0.3762 Acc: 0.8577 | Val Loss: 0.3941 Acc: 0.8508
[Epoch 25/200]Train Loss: 0.3580 Acc: 0.8675 | Val Loss: 0.3947 Acc: 0.8475
[Epoch 26/200]Train Loss: 0.3595 Acc: 0.8655 | Val Loss: 0.3851 Acc: 0.8627
[Epoch 27/200]Train Loss: 0.3539 Acc: 0.8651 | Val Loss: 0.3842 Acc: 0.8600
[Epoch 28/200]Train Loss: 0.3447 Acc: 0.8732 | Val Loss: 0.3810 Acc: 0.8472
[Epoch 29/200]Train Loss: 0.3421 Acc: 0.8698 | Val Loss: 0.3714 Acc: 0.8612
[Epoch 30/200]Train Loss: 0.3346 Acc: 0.8750 | Val Loss: 0.3763 Acc: 0.8639
[Epoch 31/200]Train Loss: 0.3295 Acc: 0.8753 | Val Loss: 0.3337 Acc: 0.8791
[Epoch 32/200]Train Loss: 0.3283 Acc: 0.8747 | Val Loss: 0.3639 Acc: 0.8594
[Epoch 33/200]Train Loss: 0.3234 Acc: 0.8770 | Val Loss: 0.4014 Acc: 0.8433
[Epoch 34/200]Train Loss: 0.3191 Acc: 0.8791 | Val Loss: 0.3944 Acc: 0.8603
[Epoch 35/200]Train Loss: 0.3164 Acc: 0.8799 | Val Loss: 0.4186 Acc: 0.8350
[Epoch 36/200]Train Loss: 0.3174 Acc: 0.8786 | Val Loss: 0.3238 Acc: 0.8767
[Epoch 37/200]Train Loss: 0.3000 Acc: 0.8850 | Val Loss: 0.3172 Acc: 0.8862
[Epoch 38/200]Train Loss: 0.3047 Acc: 0.8817 | Val Loss: 0.3359 Acc: 0.8791
[Epoch 39/200]Train Loss: 0.2990 Acc: 0.8863 | Val Loss: 0.3416 Acc: 0.8716
[Epoch 40/200]Train Loss: 0.2912 Acc: 0.8884 | Val Loss: 0.3118 Acc: 0.8808
[Epoch 41/200]Train Loss: 0.2968 Acc: 0.8856 | Val Loss: 0.3287 Acc: 0.8773
[Epoch 42/200]Train Loss: 0.2937 Acc: 0.8872 | Val Loss: 0.3275 Acc: 0.8698
[Epoch 43/200]Train Loss: 0.2868 Acc: 0.8899 | Val Loss: 0.3095 Acc: 0.8811
[Epoch 44/200]Train Loss: 0.2806 Acc: 0.8910 | Val Loss: 0.3115 Acc: 0.8800
[Epoch 45/200]Train Loss: 0.2782 Acc: 0.8916 | Val Loss: 0.2951 Acc: 0.8907
[Epoch 46/200]Train Loss: 0.2784 Acc: 0.8941 | Val Loss: 0.3011 Acc: 0.8919
[Epoch 47/200]Train Loss: 0.2751 Acc: 0.8943 | Val Loss: 0.3081 Acc: 0.8829
[Epoch 48/200]Train Loss: 0.2798 Acc: 0.8944 | Val Loss: 0.3651 Acc: 0.8609
[Epoch 49/200]Train Loss: 0.2755 Acc: 0.8912 | Val Loss: 0.3107 Acc: 0.8841
[Epoch 50/200]Train Loss: 0.2595 Acc: 0.8995 | Val Loss: 0.2892 Acc: 0.8871
[Epoch 51/200]Train Loss: 0.2617 Acc: 0.8992 | Val Loss: 0.3248 Acc: 0.8776
[Epoch 52/200]Train Loss: 0.2600 Acc: 0.9001 | Val Loss: 0.2915 Acc: 0.8954
[Epoch 53/200]Train Loss: 0.2609 Acc: 0.8994 | Val Loss: 0.2841 Acc: 0.8975
[Epoch 54/200]Train Loss: 0.2623 Acc: 0.8989 | Val Loss: 0.3032 Acc: 0.8856
[Epoch 55/200]Train Loss: 0.2563 Acc: 0.8995 | Val Loss: 0.2740 Acc: 0.9005
[Epoch 56/200]Train Loss: 0.2511 Acc: 0.9041 | Val Loss: 0.2917 Acc: 0.8877
[Epoch 57/200]Train Loss: 0.2529 Acc: 0.9021 | Val Loss: 0.3071 Acc: 0.8803
[Epoch 58/200]Train Loss: 0.2478 Acc: 0.9054 | Val Loss: 0.2735 Acc: 0.8948
[Epoch 59/200]Train Loss: 0.2444 Acc: 0.9058 | Val Loss: 0.2744 Acc: 0.8916
[Epoch 60/200]Train Loss: 0.2470 Acc: 0.9050 | Val Loss: 0.2711 Acc: 0.8993
[Epoch 61/200]Train Loss: 0.2429 Acc: 0.9068 | Val Loss: 0.2710 Acc: 0.8996
[Epoch 62/200]Train Loss: 0.2379 Acc: 0.9099 | Val Loss: 0.2551 Acc: 0.9050
[Epoch 63/200]Train Loss: 0.2442 Acc: 0.9050 | Val Loss: 0.2756 Acc: 0.8913
[Epoch 64/200]Train Loss: 0.2433 Acc: 0.9079 | Val Loss: 0.2573 Acc: 0.9014
[Epoch 65/200]Train Loss: 0.2328 Acc: 0.9097 | Val Loss: 0.2626 Acc: 0.8987
[Epoch 66/200]Train Loss: 0.2378 Acc: 0.9075 | Val Loss: 0.2522 Acc: 0.9017
[Epoch 67/200]Train Loss: 0.2307 Acc: 0.9115 | Val Loss: 0.2498 Acc: 0.9029
[Epoch 68/200]Train Loss: 0.2312 Acc: 0.9117 | Val Loss: 0.2996 Acc: 0.8889
[Epoch 69/200]Train Loss: 0.2310 Acc: 0.9083 | Val Loss: 0.2794 Acc: 0.8943
[Epoch 70/200]Train Loss: 0.2245 Acc: 0.9156 | Val Loss: 0.2720 Acc: 0.8916
[Epoch 71/200]Train Loss: 0.2237 Acc: 0.9111 | Val Loss: 0.2462 Acc: 0.9026
[Epoch 72/200]Train Loss: 0.2289 Acc: 0.9114 | Val Loss: 0.2365 Acc: 0.9047
[Epoch 73/200]Train Loss: 0.2198 Acc: 0.9150 | Val Loss: 0.2897 Acc: 0.8898
[Epoch 74/200]Train Loss: 0.2190 Acc: 0.9161 | Val Loss: 0.2538 Acc: 0.9065
[Epoch 75/200]Train Loss: 0.2237 Acc: 0.9119 | Val Loss: 0.2591 Acc: 0.8990
[Epoch 76/200]Train Loss: 0.2139 Acc: 0.9156 | Val Loss: 0.2732 Acc: 0.8913
[Epoch 77/200]Train Loss: 0.2159 Acc: 0.9144 | Val Loss: 0.2642 Acc: 0.8996
[Epoch 78/200]Train Loss: 0.2100 Acc: 0.9176 | Val Loss: 0.2460 Acc: 0.9029
[Epoch 79/200]Train Loss: 0.2182 Acc: 0.9146 | Val Loss: 0.2578 Acc: 0.8981
[Epoch 80/200]Train Loss: 0.2083 Acc: 0.9194 | Val Loss: 0.2332 Acc: 0.9118
[Epoch 81/200]Train Loss: 0.2110 Acc: 0.9216 | Val Loss: 0.2485 Acc: 0.9056
[Epoch 82/200]Train Loss: 0.2131 Acc: 0.9170 | Val Loss: 0.2298 Acc: 0.9112
[Epoch 83/200]Train Loss: 0.2073 Acc: 0.9234 | Val Loss: 0.2314 Acc: 0.9124
[Epoch 84/200]Train Loss: 0.2021 Acc: 0.9229 | Val Loss: 0.2339 Acc: 0.9085
[Epoch 85/200]Train Loss: 0.2010 Acc: 0.9239 | Val Loss: 0.2516 Acc: 0.8969
[Epoch 86/200]Train Loss: 0.2024 Acc: 0.9209 | Val Loss: 0.2362 Acc: 0.9091
[Epoch 87/200]Train Loss: 0.1995 Acc: 0.9218 | Val Loss: 0.2264 Acc: 0.9139
[Epoch 88/200]Train Loss: 0.1997 Acc: 0.9228 | Val Loss: 0.2368 Acc: 0.9050
[Epoch 89/200]Train Loss: 0.1997 Acc: 0.9239 | Val Loss: 0.2277 Acc: 0.9130
[Epoch 90/200]Train Loss: 0.1963 Acc: 0.9252 | Val Loss: 0.2596 Acc: 0.8978
[Epoch 91/200]Train Loss: 0.1947 Acc: 0.9233 | Val Loss: 0.2360 Acc: 0.9148
[Epoch 92/200]Train Loss: 0.1909 Acc: 0.9270 | Val Loss: 0.2758 Acc: 0.9047
[Epoch 93/200]Train Loss: 0.1944 Acc: 0.9241 | Val Loss: 0.2622 Acc: 0.8966
[Epoch 94/200]Train Loss: 0.1899 Acc: 0.9252 | Val Loss: 0.2545 Acc: 0.9038
[Epoch 95/200]Train Loss: 0.1939 Acc: 0.9233 | Val Loss: 0.2228 Acc: 0.9121
[Epoch 96/200]Train Loss: 0.1869 Acc: 0.9278 | Val Loss: 0.2179 Acc: 0.9163
[Epoch 97/200]Train Loss: 0.1900 Acc: 0.9234 | Val Loss: 0.2267 Acc: 0.9133
[Epoch 98/200]Train Loss: 0.1792 Acc: 0.9322 | Val Loss: 0.2334 Acc: 0.9100
[Epoch 99/200]Train Loss: 0.1868 Acc: 0.9270 | Val Loss: 0.2106 Acc: 0.9193
[Epoch 100/200]Train Loss: 0.1872 Acc: 0.9298 | Val Loss: 0.2531 Acc: 0.9032
[Epoch 101/200]Train Loss: 0.1819 Acc: 0.9304 | Val Loss: 0.2265 Acc: 0.9136
[Epoch 102/200]Train Loss: 0.1865 Acc: 0.9263 | Val Loss: 0.2477 Acc: 0.9026
[Epoch 103/200]Train Loss: 0.1773 Acc: 0.9318 | Val Loss: 0.2243 Acc: 0.9127
[Epoch 104/200]Train Loss: 0.1825 Acc: 0.9298 | Val Loss: 0.2198 Acc: 0.9118
[Epoch 105/200]Train Loss: 0.1877 Acc: 0.9287 | Val Loss: 0.2404 Acc: 0.9097
[Epoch 106/200]Train Loss: 0.1747 Acc: 0.9327 | Val Loss: 0.2273 Acc: 0.9151
[Epoch 107/200]Train Loss: 0.1802 Acc: 0.9307 | Val Loss: 0.2120 Acc: 0.9184
[Epoch 108/200]Train Loss: 0.1784 Acc: 0.9315 | Val Loss: 0.2233 Acc: 0.9112
[Epoch 109/200]Train Loss: 0.1753 Acc: 0.9324 | Val Loss: 0.2748 Acc: 0.9011
[Epoch 110/200]Train Loss: 0.1757 Acc: 0.9295 | Val Loss: 0.2245 Acc: 0.9121
[Epoch 111/200]Train Loss: 0.1751 Acc: 0.9328 | Val Loss: 0.2218 Acc: 0.9136
[Epoch 112/200]Train Loss: 0.1758 Acc: 0.9306 | Val Loss: 0.2284 Acc: 0.9139
[Epoch 113/200]Train Loss: 0.1684 Acc: 0.9361 | Val Loss: 0.2463 Acc: 0.9065
[Epoch 114/200]Train Loss: 0.1670 Acc: 0.9377 | Val Loss: 0.2189 Acc: 0.9166
Early stopping triggered.
Completed in 387.74 seconds.
Start training script: Fri Nov 21 22:35:22 2025
Traceback (most recent call last):
  File "<frozen runpy>", line 198, in _run_module_as_main
  File "<frozen runpy>", line 88, in _run_code
  File "/Users/bobch/Desktop/course/aircursor/gesture_model/graph_tcn/train.py", line 51, in <module>
    X_tensor = torch.from_numpy(np.load(GTCN_BASE_FOLDER + "X.npy"))
                                ^^^^^^^^^^^^^^^^^^^^^^^^^^^^^^^^^^^
  File "/Users/bobch/Desktop/course/aircursor/.venv/lib/python3.12/site-packages/numpy/lib/_npyio_impl.py", line 486, in load
    raise ValueError(
ValueError: This file contains pickled (object) data. If you trust the file you can load it unsafely using the `allow_pickle=` keyword argument or `pickle.load()`.
Start training script: Fri Nov 21 22:36:40 2025
> Loaded dataset shape: torch.Size([16784, 10, 12, 3]), torch.Size([16784])
Using device: cpu
> Using weights: [0.1, 1.0, 1.0, 1.0, 1.0, 1.0, 1.0]
+ Start training GTCN.
Train size: 13427, Val size: 3357
[Epoch 1/200]Train Loss: 1.6789 Acc: 0.1557 | Val Loss: 1.2522 Acc: 0.4438
[Epoch 2/200]Train Loss: 1.2049 Acc: 0.4075 | Val Loss: 1.1414 Acc: 0.4662
[Epoch 3/200]Train Loss: 1.1367 Acc: 0.4375 | Val Loss: 1.0755 Acc: 0.4465
[Epoch 4/200]Train Loss: 1.0744 Acc: 0.4594 | Val Loss: 1.0375 Acc: 0.4674
[Epoch 5/200]Train Loss: 1.0328 Acc: 0.4746 | Val Loss: 1.0241 Acc: 0.4930
[Epoch 6/200]Train Loss: 0.9848 Acc: 0.4949 | Val Loss: 0.9537 Acc: 0.4707
[Epoch 7/200]Train Loss: 0.9389 Acc: 0.5159 | Val Loss: 0.8944 Acc: 0.4942
[Epoch 8/200]Train Loss: 0.8837 Acc: 0.5273 | Val Loss: 0.8670 Acc: 0.5666
[Epoch 9/200]Train Loss: 0.8293 Acc: 0.5441 | Val Loss: 0.8068 Acc: 0.5559
[Epoch 10/200]Train Loss: 0.7941 Acc: 0.5557 | Val Loss: 0.7854 Acc: 0.5815
[Epoch 11/200]Train Loss: 0.7595 Acc: 0.5689 | Val Loss: 0.7546 Acc: 0.5219
[Epoch 12/200]Train Loss: 0.7367 Acc: 0.5829 | Val Loss: 0.7038 Acc: 0.5657
[Epoch 13/200]Train Loss: 0.7156 Acc: 0.5889 | Val Loss: 0.6793 Acc: 0.6059
[Epoch 14/200]Train Loss: 0.6852 Acc: 0.6015 | Val Loss: 0.6510 Acc: 0.5949
[Epoch 15/200]Train Loss: 0.6706 Acc: 0.6096 | Val Loss: 0.6571 Acc: 0.5624
[Epoch 16/200]Train Loss: 0.6513 Acc: 0.6205 | Val Loss: 0.6421 Acc: 0.6553
[Epoch 17/200]Train Loss: 0.6356 Acc: 0.6296 | Val Loss: 0.6129 Acc: 0.6753
[Epoch 18/200]Train Loss: 0.6180 Acc: 0.6336 | Val Loss: 0.5875 Acc: 0.6571
[Epoch 19/200]Train Loss: 0.6043 Acc: 0.6428 | Val Loss: 0.5869 Acc: 0.6449
[Epoch 20/200]Train Loss: 0.5921 Acc: 0.6421 | Val Loss: 0.5646 Acc: 0.6673
[Epoch 21/200]Train Loss: 0.5784 Acc: 0.6517 | Val Loss: 0.5549 Acc: 0.6747
[Epoch 22/200]Train Loss: 0.5678 Acc: 0.6539 | Val Loss: 0.5346 Acc: 0.6482
[Epoch 23/200]Train Loss: 0.5537 Acc: 0.6584 | Val Loss: 0.5443 Acc: 0.6753
[Epoch 24/200]Train Loss: 0.5575 Acc: 0.6554 | Val Loss: 0.5163 Acc: 0.6702
[Epoch 25/200]Train Loss: 0.5436 Acc: 0.6596 | Val Loss: 0.5254 Acc: 0.6640
[Epoch 26/200]Train Loss: 0.5433 Acc: 0.6616 | Val Loss: 0.5253 Acc: 0.6500
[Epoch 27/200]Train Loss: 0.5274 Acc: 0.6698 | Val Loss: 0.5085 Acc: 0.6765
[Epoch 28/200]Train Loss: 0.5215 Acc: 0.6745 | Val Loss: 0.4832 Acc: 0.6568
[Epoch 29/200]Train Loss: 0.5155 Acc: 0.6751 | Val Loss: 0.5016 Acc: 0.6953
[Epoch 30/200]Train Loss: 0.5025 Acc: 0.6798 | Val Loss: 0.5070 Acc: 0.6774
[Epoch 31/200]Train Loss: 0.5014 Acc: 0.6767 | Val Loss: 0.4836 Acc: 0.6679
[Epoch 32/200]Train Loss: 0.5026 Acc: 0.6809 | Val Loss: 0.5054 Acc: 0.6962
[Epoch 33/200]Train Loss: 0.4969 Acc: 0.6826 | Val Loss: 0.4921 Acc: 0.6976
[Epoch 34/200]Train Loss: 0.4866 Acc: 0.6908 | Val Loss: 0.4667 Acc: 0.7000
[Epoch 35/200]Train Loss: 0.4880 Acc: 0.6894 | Val Loss: 0.4699 Acc: 0.6896
[Epoch 36/200]Train Loss: 0.4742 Acc: 0.6981 | Val Loss: 0.4629 Acc: 0.6810
[Epoch 37/200]Train Loss: 0.4711 Acc: 0.6977 | Val Loss: 0.4494 Acc: 0.7155
[Epoch 38/200]Train Loss: 0.4639 Acc: 0.7018 | Val Loss: 0.4347 Acc: 0.6944
[Epoch 39/200]Train Loss: 0.4580 Acc: 0.7035 | Val Loss: 0.4435 Acc: 0.7334
[Epoch 40/200]Train Loss: 0.4573 Acc: 0.7048 | Val Loss: 0.4598 Acc: 0.6667
[Epoch 41/200]Train Loss: 0.4598 Acc: 0.7034 | Val Loss: 0.4388 Acc: 0.7203
[Epoch 42/200]Train Loss: 0.4522 Acc: 0.7099 | Val Loss: 0.4373 Acc: 0.7197
[Epoch 43/200]Train Loss: 0.4432 Acc: 0.7137 | Val Loss: 0.4478 Acc: 0.7414
[Epoch 44/200]Train Loss: 0.4436 Acc: 0.7127 | Val Loss: 0.4470 Acc: 0.7456
[Epoch 45/200]Train Loss: 0.4343 Acc: 0.7151 | Val Loss: 0.4192 Acc: 0.7316
[Epoch 46/200]Train Loss: 0.4293 Acc: 0.7221 | Val Loss: 0.4063 Acc: 0.7441
[Epoch 47/200]Train Loss: 0.4266 Acc: 0.7203 | Val Loss: 0.4222 Acc: 0.7119
[Epoch 48/200]Train Loss: 0.4305 Acc: 0.7220 | Val Loss: 0.4546 Acc: 0.6756
[Epoch 49/200]Train Loss: 0.4222 Acc: 0.7256 | Val Loss: 0.4463 Acc: 0.7024
[Epoch 50/200]Train Loss: 0.4188 Acc: 0.7283 | Val Loss: 0.3996 Acc: 0.7298
[Epoch 51/200]Train Loss: 0.4158 Acc: 0.7323 | Val Loss: 0.4216 Acc: 0.7057
[Epoch 52/200]Train Loss: 0.4158 Acc: 0.7287 | Val Loss: 0.4090 Acc: 0.7441
[Epoch 53/200]Train Loss: 0.4040 Acc: 0.7326 | Val Loss: 0.4052 Acc: 0.7456
[Epoch 54/200]Train Loss: 0.4028 Acc: 0.7346 | Val Loss: 0.4380 Acc: 0.6613
[Epoch 55/200]Train Loss: 0.4004 Acc: 0.7369 | Val Loss: 0.4457 Acc: 0.7423
[Epoch 56/200]Train Loss: 0.3916 Acc: 0.7431 | Val Loss: 0.3937 Acc: 0.7233
[Epoch 57/200]Train Loss: 0.3956 Acc: 0.7388 | Val Loss: 0.3857 Acc: 0.7137
[Epoch 58/200]Train Loss: 0.3929 Acc: 0.7432 | Val Loss: 0.4630 Acc: 0.7557
[Epoch 59/200]Train Loss: 0.3898 Acc: 0.7455 | Val Loss: 0.3710 Acc: 0.7557
[Epoch 60/200]Train Loss: 0.3875 Acc: 0.7501 | Val Loss: 0.3821 Acc: 0.7438
[Epoch 61/200]Train Loss: 0.3868 Acc: 0.7499 | Val Loss: 0.3827 Acc: 0.7450
[Epoch 62/200]Train Loss: 0.3758 Acc: 0.7537 | Val Loss: 0.3987 Acc: 0.7069
[Epoch 63/200]Train Loss: 0.3757 Acc: 0.7527 | Val Loss: 0.3726 Acc: 0.7519
[Epoch 64/200]Train Loss: 0.3707 Acc: 0.7573 | Val Loss: 0.3751 Acc: 0.7626
[Epoch 65/200]Train Loss: 0.3719 Acc: 0.7574 | Val Loss: 0.3654 Acc: 0.7307
[Epoch 66/200]Train Loss: 0.3766 Acc: 0.7553 | Val Loss: 0.3829 Acc: 0.7632
[Epoch 67/200]Train Loss: 0.3633 Acc: 0.7620 | Val Loss: 0.3630 Acc: 0.7391
[Epoch 68/200]Train Loss: 0.3643 Acc: 0.7619 | Val Loss: 0.3673 Acc: 0.7486
[Epoch 69/200]Train Loss: 0.3633 Acc: 0.7629 | Val Loss: 0.3516 Acc: 0.7685
[Epoch 70/200]Train Loss: 0.3604 Acc: 0.7643 | Val Loss: 0.3757 Acc: 0.8013
[Epoch 71/200]Train Loss: 0.3492 Acc: 0.7711 | Val Loss: 0.3549 Acc: 0.7957
[Epoch 72/200]Train Loss: 0.3544 Acc: 0.7682 | Val Loss: 0.3467 Acc: 0.7864
[Epoch 73/200]Train Loss: 0.3557 Acc: 0.7667 | Val Loss: 0.3458 Acc: 0.7718
[Epoch 74/200]Train Loss: 0.3468 Acc: 0.7750 | Val Loss: 0.3481 Acc: 0.7855
[Epoch 75/200]Train Loss: 0.3470 Acc: 0.7743 | Val Loss: 0.3713 Acc: 0.7206
[Epoch 76/200]Train Loss: 0.3457 Acc: 0.7722 | Val Loss: 0.3371 Acc: 0.7876
[Epoch 77/200]Train Loss: 0.3381 Acc: 0.7793 | Val Loss: 0.3376 Acc: 0.7802
[Epoch 78/200]Train Loss: 0.3361 Acc: 0.7810 | Val Loss: 0.3376 Acc: 0.7551
[Epoch 79/200]Train Loss: 0.3391 Acc: 0.7806 | Val Loss: 0.3344 Acc: 0.7718
[Epoch 80/200]Train Loss: 0.3395 Acc: 0.7833 | Val Loss: 0.3288 Acc: 0.7891
[Epoch 81/200]Train Loss: 0.3275 Acc: 0.7871 | Val Loss: 0.3271 Acc: 0.7897
[Epoch 82/200]Train Loss: 0.3330 Acc: 0.7817 | Val Loss: 0.3545 Acc: 0.7799
[Epoch 83/200]Train Loss: 0.3374 Acc: 0.7837 | Val Loss: 0.3778 Acc: 0.7942
[Epoch 84/200]Train Loss: 0.3269 Acc: 0.7871 | Val Loss: 0.3321 Acc: 0.8043
[Epoch 85/200]Train Loss: 0.3268 Acc: 0.7915 | Val Loss: 0.3431 Acc: 0.7986
[Epoch 86/200]Train Loss: 0.3226 Acc: 0.7911 | Val Loss: 0.3675 Acc: 0.7989
[Epoch 87/200]Train Loss: 0.3264 Acc: 0.7913 | Val Loss: 0.3524 Acc: 0.7364
[Epoch 88/200]Train Loss: 0.3257 Acc: 0.7924 | Val Loss: 0.3283 Acc: 0.7945
[Epoch 89/200]Train Loss: 0.3129 Acc: 0.7959 | Val Loss: 0.3595 Acc: 0.7954
[Epoch 90/200]Train Loss: 0.3207 Acc: 0.8013 | Val Loss: 0.3140 Acc: 0.7903
[Epoch 91/200]Train Loss: 0.3146 Acc: 0.7949 | Val Loss: 0.3090 Acc: 0.8043
[Epoch 92/200]Train Loss: 0.3167 Acc: 0.7965 | Val Loss: 0.3285 Acc: 0.7918
[Epoch 93/200]Train Loss: 0.3162 Acc: 0.7968 | Val Loss: 0.3200 Acc: 0.7840
[Epoch 94/200]Train Loss: 0.3096 Acc: 0.8010 | Val Loss: 0.3226 Acc: 0.7825
[Epoch 95/200]Train Loss: 0.3180 Acc: 0.7941 | Val Loss: 0.3199 Acc: 0.8105
[Epoch 96/200]Train Loss: 0.3079 Acc: 0.8029 | Val Loss: 0.3624 Acc: 0.7373
[Epoch 97/200]Train Loss: 0.3080 Acc: 0.8016 | Val Loss: 0.4115 Acc: 0.7569
[Epoch 98/200]Train Loss: 0.3032 Acc: 0.8046 | Val Loss: 0.3134 Acc: 0.8153
[Epoch 99/200]Train Loss: 0.3012 Acc: 0.8054 | Val Loss: 0.3012 Acc: 0.8007
[Epoch 100/200]Train Loss: 0.3069 Acc: 0.8035 | Val Loss: 0.3190 Acc: 0.8180
[Epoch 101/200]Train Loss: 0.3030 Acc: 0.8052 | Val Loss: 0.3331 Acc: 0.8070
[Epoch 102/200]Train Loss: 0.3051 Acc: 0.8072 | Val Loss: 0.3143 Acc: 0.7808
[Epoch 103/200]Train Loss: 0.2993 Acc: 0.8052 | Val Loss: 0.3147 Acc: 0.7727
[Epoch 104/200]Train Loss: 0.2962 Acc: 0.8082 | Val Loss: 0.3689 Acc: 0.7116
[Epoch 105/200]Train Loss: 0.2988 Acc: 0.8081 | Val Loss: 0.3016 Acc: 0.8085
[Epoch 106/200]Train Loss: 0.2938 Acc: 0.8089 | Val Loss: 0.2986 Acc: 0.7837
[Epoch 107/200]Train Loss: 0.2939 Acc: 0.8084 | Val Loss: 0.3042 Acc: 0.7968
[Epoch 108/200]Train Loss: 0.2902 Acc: 0.8061 | Val Loss: 0.3121 Acc: 0.8147
[Epoch 109/200]Train Loss: 0.2925 Acc: 0.8111 | Val Loss: 0.3053 Acc: 0.8091
[Epoch 110/200]Train Loss: 0.2916 Acc: 0.8114 | Val Loss: 0.3171 Acc: 0.8102
[Epoch 111/200]Train Loss: 0.2859 Acc: 0.8122 | Val Loss: 0.3246 Acc: 0.7897
[Epoch 112/200]Train Loss: 0.2829 Acc: 0.8154 | Val Loss: 0.3017 Acc: 0.8311
[Epoch 113/200]Train Loss: 0.2842 Acc: 0.8180 | Val Loss: 0.2905 Acc: 0.8147
[Epoch 114/200]Train Loss: 0.2974 Acc: 0.8092 | Val Loss: 0.3064 Acc: 0.8067
[Epoch 115/200]Train Loss: 0.2855 Acc: 0.8146 | Val Loss: 0.2955 Acc: 0.8097
[Epoch 116/200]Train Loss: 0.2781 Acc: 0.8173 | Val Loss: 0.3134 Acc: 0.8064
[Epoch 117/200]Train Loss: 0.2824 Acc: 0.8133 | Val Loss: 0.3400 Acc: 0.7977
[Epoch 118/200]Train Loss: 0.2851 Acc: 0.8122 | Val Loss: 0.3054 Acc: 0.7992
[Epoch 119/200]Train Loss: 0.2780 Acc: 0.8200 | Val Loss: 0.3011 Acc: 0.7909
[Epoch 120/200]Train Loss: 0.2757 Acc: 0.8209 | Val Loss: 0.3336 Acc: 0.7995
[Epoch 121/200]Train Loss: 0.2805 Acc: 0.8171 | Val Loss: 0.2947 Acc: 0.8257
[Epoch 122/200]Train Loss: 0.2747 Acc: 0.8204 | Val Loss: 0.2958 Acc: 0.8150
[Epoch 123/200]Train Loss: 0.2834 Acc: 0.8184 | Val Loss: 0.2958 Acc: 0.8073
[Epoch 124/200]Train Loss: 0.2786 Acc: 0.8207 | Val Loss: 0.2918 Acc: 0.8216
[Epoch 125/200]Train Loss: 0.2733 Acc: 0.8214 | Val Loss: 0.2882 Acc: 0.8049
[Epoch 126/200]Train Loss: 0.2721 Acc: 0.8216 | Val Loss: 0.2736 Acc: 0.8293
[Epoch 127/200]Train Loss: 0.2752 Acc: 0.8189 | Val Loss: 0.2855 Acc: 0.8242
[Epoch 128/200]Train Loss: 0.2733 Acc: 0.8177 | Val Loss: 0.3554 Acc: 0.7775
[Epoch 129/200]Train Loss: 0.2759 Acc: 0.8211 | Val Loss: 0.3440 Acc: 0.8105
[Epoch 130/200]Train Loss: 0.2733 Acc: 0.8213 | Val Loss: 0.2862 Acc: 0.8424
[Epoch 131/200]Train Loss: 0.2648 Acc: 0.8234 | Val Loss: 0.3366 Acc: 0.8120
[Epoch 132/200]Train Loss: 0.2681 Acc: 0.8254 | Val Loss: 0.2807 Acc: 0.8108
[Epoch 133/200]Train Loss: 0.2693 Acc: 0.8254 | Val Loss: 0.2863 Acc: 0.8311
[Epoch 134/200]Train Loss: 0.2708 Acc: 0.8254 | Val Loss: 0.2815 Acc: 0.8234
[Epoch 135/200]Train Loss: 0.2628 Acc: 0.8265 | Val Loss: 0.2744 Acc: 0.8371
[Epoch 136/200]Train Loss: 0.2665 Acc: 0.8248 | Val Loss: 0.2644 Acc: 0.8239
[Epoch 137/200]Train Loss: 0.2718 Acc: 0.8242 | Val Loss: 0.2912 Acc: 0.8231
[Epoch 138/200]Train Loss: 0.2588 Acc: 0.8284 | Val Loss: 0.2818 Acc: 0.8120
[Epoch 139/200]Train Loss: 0.2606 Acc: 0.8301 | Val Loss: 0.2878 Acc: 0.8159
[Epoch 140/200]Train Loss: 0.2649 Acc: 0.8278 | Val Loss: 0.2962 Acc: 0.8293
[Epoch 141/200]Train Loss: 0.2632 Acc: 0.8269 | Val Loss: 0.2754 Acc: 0.8251
[Epoch 142/200]Train Loss: 0.2541 Acc: 0.8306 | Val Loss: 0.2687 Acc: 0.8305
[Epoch 143/200]Train Loss: 0.2557 Acc: 0.8315 | Val Loss: 0.2904 Acc: 0.8186
[Epoch 144/200]Train Loss: 0.2608 Acc: 0.8289 | Val Loss: 0.2823 Acc: 0.8177
[Epoch 145/200]Train Loss: 0.2516 Acc: 0.8324 | Val Loss: 0.2807 Acc: 0.8287
[Epoch 146/200]Train Loss: 0.2524 Acc: 0.8326 | Val Loss: 0.2810 Acc: 0.8457
[Epoch 147/200]Train Loss: 0.2600 Acc: 0.8298 | Val Loss: 0.2972 Acc: 0.8326
[Epoch 148/200]Train Loss: 0.2531 Acc: 0.8344 | Val Loss: 0.2600 Acc: 0.8219
[Epoch 149/200]Train Loss: 0.2528 Acc: 0.8338 | Val Loss: 0.2781 Acc: 0.8555
[Epoch 150/200]Train Loss: 0.2591 Acc: 0.8296 | Val Loss: 0.2848 Acc: 0.8612
[Epoch 151/200]Train Loss: 0.2491 Acc: 0.8355 | Val Loss: 0.2738 Acc: 0.8201
[Epoch 152/200]Train Loss: 0.2474 Acc: 0.8346 | Val Loss: 0.2612 Acc: 0.8356
[Epoch 153/200]Train Loss: 0.2478 Acc: 0.8332 | Val Loss: 0.2942 Acc: 0.8374
[Epoch 154/200]Train Loss: 0.2577 Acc: 0.8291 | Val Loss: 0.2776 Acc: 0.8380
[Epoch 155/200]Train Loss: 0.2486 Acc: 0.8337 | Val Loss: 0.2655 Acc: 0.8332
[Epoch 156/200]Train Loss: 0.2454 Acc: 0.8364 | Val Loss: 0.2789 Acc: 0.8391
[Epoch 157/200]Train Loss: 0.2418 Acc: 0.8384 | Val Loss: 0.2637 Acc: 0.8350
[Epoch 158/200]Train Loss: 0.2472 Acc: 0.8318 | Val Loss: 0.2675 Acc: 0.8195
[Epoch 159/200]Train Loss: 0.2445 Acc: 0.8370 | Val Loss: 0.2686 Acc: 0.8049
[Epoch 160/200]Train Loss: 0.2473 Acc: 0.8379 | Val Loss: 0.2808 Acc: 0.8052
[Epoch 161/200]Train Loss: 0.2377 Acc: 0.8409 | Val Loss: 0.2828 Acc: 0.8421
[Epoch 162/200]Train Loss: 0.2424 Acc: 0.8373 | Val Loss: 0.2619 Acc: 0.8540
[Epoch 163/200]Train Loss: 0.2411 Acc: 0.8385 | Val Loss: 0.2548 Acc: 0.8034
[Epoch 164/200]Train Loss: 0.2427 Acc: 0.8411 | Val Loss: 0.2753 Acc: 0.8403
[Epoch 165/200]Train Loss: 0.2442 Acc: 0.8382 | Val Loss: 0.2702 Acc: 0.8287
[Epoch 166/200]Train Loss: 0.2378 Acc: 0.8395 | Val Loss: 0.2785 Acc: 0.8281
[Epoch 167/200]Train Loss: 0.2362 Acc: 0.8410 | Val Loss: 0.2453 Acc: 0.8388
[Epoch 168/200]Train Loss: 0.2350 Acc: 0.8406 | Val Loss: 0.2617 Acc: 0.8085
[Epoch 169/200]Train Loss: 0.2377 Acc: 0.8408 | Val Loss: 0.2640 Acc: 0.8266
[Epoch 170/200]Train Loss: 0.2388 Acc: 0.8405 | Val Loss: 0.2496 Acc: 0.8430
[Epoch 171/200]Train Loss: 0.2294 Acc: 0.8435 | Val Loss: 0.2549 Acc: 0.8263
[Epoch 172/200]Train Loss: 0.2269 Acc: 0.8476 | Val Loss: 0.2529 Acc: 0.8281
[Epoch 173/200]Train Loss: 0.2373 Acc: 0.8422 | Val Loss: 0.2828 Acc: 0.8546
[Epoch 174/200]Train Loss: 0.2243 Acc: 0.8505 | Val Loss: 0.2454 Acc: 0.8302
[Epoch 175/200]Train Loss: 0.2326 Acc: 0.8432 | Val Loss: 0.2558 Acc: 0.8490
[Epoch 176/200]Train Loss: 0.2308 Acc: 0.8462 | Val Loss: 0.2857 Acc: 0.8475
[Epoch 177/200]Train Loss: 0.2308 Acc: 0.8490 | Val Loss: 0.2833 Acc: 0.8463
[Epoch 178/200]Train Loss: 0.2250 Acc: 0.8468 | Val Loss: 0.2455 Acc: 0.8511
[Epoch 179/200]Train Loss: 0.2244 Acc: 0.8460 | Val Loss: 0.2422 Acc: 0.8668
[Epoch 180/200]Train Loss: 0.2321 Acc: 0.8447 | Val Loss: 0.2543 Acc: 0.8481
[Epoch 181/200]Train Loss: 0.2195 Acc: 0.8489 | Val Loss: 0.2488 Acc: 0.8207
[Epoch 182/200]Train Loss: 0.2243 Acc: 0.8499 | Val Loss: 0.2458 Acc: 0.8385
[Epoch 183/200]Train Loss: 0.2185 Acc: 0.8487 | Val Loss: 0.2848 Acc: 0.8460
[Epoch 184/200]Train Loss: 0.2259 Acc: 0.8464 | Val Loss: 0.2923 Acc: 0.8642
[Epoch 185/200]Train Loss: 0.2185 Acc: 0.8505 | Val Loss: 0.2639 Acc: 0.8534
[Epoch 186/200]Train Loss: 0.2284 Acc: 0.8506 | Val Loss: 0.2695 Acc: 0.8552
[Epoch 187/200]Train Loss: 0.2189 Acc: 0.8505 | Val Loss: 0.2439 Acc: 0.8576
[Epoch 188/200]Train Loss: 0.2243 Acc: 0.8516 | Val Loss: 0.2460 Acc: 0.8522
[Epoch 189/200]Train Loss: 0.2175 Acc: 0.8524 | Val Loss: 0.2408 Acc: 0.8412
[Epoch 190/200]Train Loss: 0.2185 Acc: 0.8494 | Val Loss: 0.2323 Acc: 0.8710
[Epoch 191/200]Train Loss: 0.2168 Acc: 0.8531 | Val Loss: 0.2510 Acc: 0.8242
[Epoch 192/200]Train Loss: 0.2172 Acc: 0.8538 | Val Loss: 0.2889 Acc: 0.8141
[Epoch 193/200]Train Loss: 0.2118 Acc: 0.8540 | Val Loss: 0.2661 Acc: 0.8272
[Epoch 194/200]Train Loss: 0.2150 Acc: 0.8509 | Val Loss: 0.2480 Acc: 0.8743
[Epoch 195/200]Train Loss: 0.2147 Acc: 0.8560 | Val Loss: 0.2492 Acc: 0.8424
[Epoch 196/200]Train Loss: 0.2158 Acc: 0.8521 | Val Loss: 0.2319 Acc: 0.8576
[Epoch 197/200]Train Loss: 0.2172 Acc: 0.8537 | Val Loss: 0.2587 Acc: 0.8442
[Epoch 198/200]Train Loss: 0.2136 Acc: 0.8547 | Val Loss: 0.2684 Acc: 0.8248
[Epoch 199/200]Train Loss: 0.2111 Acc: 0.8550 | Val Loss: 0.2376 Acc: 0.8770
[Epoch 200/200]Train Loss: 0.2104 Acc: 0.8588 | Val Loss: 0.2743 Acc: 0.7736
Completed in 678.63 seconds.
Start training script: Fri Nov 21 22:48:35 2025
> Loaded dataset shape: torch.Size([16784, 10, 12, 3]), torch.Size([16784])
Using device: cpu
> Using weights: [0.1, 1.0, 1.0, 1.0, 1.0, 1.0, 1.0]
+ Start training GTCN.
Train size: 13427, Val size: 3357
[Epoch 1/200]Train Loss: 1.4554 Acc: 0.2645 | Val Loss: 1.1463 Acc: 0.4808
[Epoch 2/200]Train Loss: 1.1146 Acc: 0.4617 | Val Loss: 1.0810 Acc: 0.5332
[Epoch 3/200]Train Loss: 1.0529 Acc: 0.4996 | Val Loss: 1.0307 Acc: 0.5958
[Epoch 4/200]Train Loss: 0.9878 Acc: 0.5243 | Val Loss: 0.9399 Acc: 0.6029
[Epoch 5/200]Train Loss: 0.8958 Acc: 0.5542 | Val Loss: 0.9027 Acc: 0.5737
[Epoch 6/200]Train Loss: 0.8094 Acc: 0.5662 | Val Loss: 0.7566 Acc: 0.6616
[Epoch 7/200]Train Loss: 0.7253 Acc: 0.5972 | Val Loss: 0.7437 Acc: 0.6288
[Epoch 8/200]Train Loss: 0.6654 Acc: 0.6145 | Val Loss: 0.6391 Acc: 0.6550
[Epoch 9/200]Train Loss: 0.6290 Acc: 0.6270 | Val Loss: 0.5959 Acc: 0.6318
[Epoch 10/200]Train Loss: 0.5881 Acc: 0.6419 | Val Loss: 0.5411 Acc: 0.6428
[Epoch 11/200]Train Loss: 0.5587 Acc: 0.6587 | Val Loss: 0.5392 Acc: 0.6369
[Epoch 12/200]Train Loss: 0.5287 Acc: 0.6725 | Val Loss: 0.5748 Acc: 0.6419
[Epoch 13/200]Train Loss: 0.5045 Acc: 0.6841 | Val Loss: 0.4716 Acc: 0.7289
[Epoch 14/200]Train Loss: 0.4946 Acc: 0.6879 | Val Loss: 0.4495 Acc: 0.7259
[Epoch 15/200]Train Loss: 0.4787 Acc: 0.6987 | Val Loss: 0.4428 Acc: 0.7251
[Epoch 16/200]Train Loss: 0.4540 Acc: 0.7097 | Val Loss: 0.4732 Acc: 0.7536
[Epoch 17/200]Train Loss: 0.4379 Acc: 0.7233 | Val Loss: 0.4137 Acc: 0.7411
[Epoch 18/200]Train Loss: 0.4366 Acc: 0.7232 | Val Loss: 0.4266 Acc: 0.7164
[Epoch 19/200]Train Loss: 0.4308 Acc: 0.7288 | Val Loss: 0.4166 Acc: 0.7614
[Epoch 20/200]Train Loss: 0.4226 Acc: 0.7333 | Val Loss: 0.4339 Acc: 0.7420
[Epoch 21/200]Train Loss: 0.4154 Acc: 0.7375 | Val Loss: 0.3909 Acc: 0.7548
[Epoch 22/200]Train Loss: 0.4089 Acc: 0.7421 | Val Loss: 0.4141 Acc: 0.7438
[Epoch 23/200]Train Loss: 0.4089 Acc: 0.7412 | Val Loss: 0.3895 Acc: 0.7301
[Epoch 24/200]Train Loss: 0.3932 Acc: 0.7526 | Val Loss: 0.4146 Acc: 0.7093
[Epoch 25/200]Train Loss: 0.3899 Acc: 0.7500 | Val Loss: 0.3776 Acc: 0.7575
[Epoch 26/200]Train Loss: 0.3871 Acc: 0.7515 | Val Loss: 0.3845 Acc: 0.7942
[Epoch 27/200]Train Loss: 0.3835 Acc: 0.7617 | Val Loss: 0.3709 Acc: 0.7819
[Epoch 28/200]Train Loss: 0.3837 Acc: 0.7594 | Val Loss: 0.3701 Acc: 0.7787
[Epoch 29/200]Train Loss: 0.3746 Acc: 0.7646 | Val Loss: 0.3607 Acc: 0.7876
[Epoch 30/200]Train Loss: 0.3665 Acc: 0.7684 | Val Loss: 0.3809 Acc: 0.7837
[Epoch 31/200]Train Loss: 0.3629 Acc: 0.7693 | Val Loss: 0.3956 Acc: 0.7242
[Epoch 32/200]Train Loss: 0.3603 Acc: 0.7739 | Val Loss: 0.3721 Acc: 0.7977
[Epoch 33/200]Train Loss: 0.3538 Acc: 0.7761 | Val Loss: 0.3493 Acc: 0.7962
[Epoch 34/200]Train Loss: 0.3455 Acc: 0.7838 | Val Loss: 0.3410 Acc: 0.7808
[Epoch 35/200]Train Loss: 0.3505 Acc: 0.7784 | Val Loss: 0.3424 Acc: 0.7891
[Epoch 36/200]Train Loss: 0.3350 Acc: 0.7894 | Val Loss: 0.3665 Acc: 0.7489
[Epoch 37/200]Train Loss: 0.3401 Acc: 0.7867 | Val Loss: 0.3406 Acc: 0.7900
[Epoch 38/200]Train Loss: 0.3355 Acc: 0.7905 | Val Loss: 0.3265 Acc: 0.7545
[Epoch 39/200]Train Loss: 0.3306 Acc: 0.7907 | Val Loss: 0.3181 Acc: 0.8171
[Epoch 40/200]Train Loss: 0.3276 Acc: 0.7950 | Val Loss: 0.3283 Acc: 0.7957
[Epoch 41/200]Train Loss: 0.3393 Acc: 0.7941 | Val Loss: 0.3195 Acc: 0.8058
[Epoch 42/200]Train Loss: 0.3136 Acc: 0.7997 | Val Loss: 0.3136 Acc: 0.8231
[Epoch 43/200]Train Loss: 0.3199 Acc: 0.7983 | Val Loss: 0.3073 Acc: 0.8409
[Epoch 44/200]Train Loss: 0.3126 Acc: 0.8014 | Val Loss: 0.3132 Acc: 0.7942
[Epoch 45/200]Train Loss: 0.3035 Acc: 0.8092 | Val Loss: 0.2901 Acc: 0.8338
[Epoch 46/200]Train Loss: 0.3032 Acc: 0.8044 | Val Loss: 0.3047 Acc: 0.8234
[Epoch 47/200]Train Loss: 0.3152 Acc: 0.8067 | Val Loss: 0.3680 Acc: 0.8260
[Epoch 48/200]Train Loss: 0.3058 Acc: 0.8094 | Val Loss: 0.2900 Acc: 0.8114
[Epoch 49/200]Train Loss: 0.2920 Acc: 0.8139 | Val Loss: 0.3093 Acc: 0.8341
[Epoch 50/200]Train Loss: 0.2942 Acc: 0.8166 | Val Loss: 0.3459 Acc: 0.7679
[Epoch 51/200]Train Loss: 0.2837 Acc: 0.8195 | Val Loss: 0.2890 Acc: 0.8490
[Epoch 52/200]Train Loss: 0.2884 Acc: 0.8125 | Val Loss: 0.2988 Acc: 0.8347
[Epoch 53/200]Train Loss: 0.2790 Acc: 0.8218 | Val Loss: 0.3001 Acc: 0.8037
[Epoch 54/200]Train Loss: 0.2970 Acc: 0.8118 | Val Loss: 0.2697 Acc: 0.8508
[Epoch 55/200]Train Loss: 0.2750 Acc: 0.8201 | Val Loss: 0.2831 Acc: 0.8350
[Epoch 56/200]Train Loss: 0.2742 Acc: 0.8260 | Val Loss: 0.2791 Acc: 0.8278
[Epoch 57/200]Train Loss: 0.2780 Acc: 0.8245 | Val Loss: 0.2673 Acc: 0.8144
[Epoch 58/200]Train Loss: 0.2693 Acc: 0.8268 | Val Loss: 0.3004 Acc: 0.8248
[Epoch 59/200]Train Loss: 0.2663 Acc: 0.8278 | Val Loss: 0.2593 Acc: 0.8585
[Epoch 60/200]Train Loss: 0.2640 Acc: 0.8306 | Val Loss: 0.2814 Acc: 0.8415
[Epoch 61/200]Train Loss: 0.2697 Acc: 0.8284 | Val Loss: 0.3298 Acc: 0.8079
[Epoch 62/200]Train Loss: 0.2620 Acc: 0.8269 | Val Loss: 0.2590 Acc: 0.8281
[Epoch 63/200]Train Loss: 0.2569 Acc: 0.8343 | Val Loss: 0.2533 Acc: 0.8385
[Epoch 64/200]Train Loss: 0.2572 Acc: 0.8318 | Val Loss: 0.2496 Acc: 0.8329
[Epoch 65/200]Train Loss: 0.2577 Acc: 0.8352 | Val Loss: 0.2931 Acc: 0.8239
[Epoch 66/200]Train Loss: 0.2531 Acc: 0.8363 | Val Loss: 0.3007 Acc: 0.7930
[Epoch 67/200]Train Loss: 0.2523 Acc: 0.8329 | Val Loss: 0.2421 Acc: 0.8478
[Epoch 68/200]Train Loss: 0.2494 Acc: 0.8353 | Val Loss: 0.2390 Acc: 0.8400
[Epoch 69/200]Train Loss: 0.2483 Acc: 0.8417 | Val Loss: 0.2469 Acc: 0.8639
[Epoch 70/200]Train Loss: 0.2444 Acc: 0.8385 | Val Loss: 0.2417 Acc: 0.8639
[Epoch 71/200]Train Loss: 0.2477 Acc: 0.8411 | Val Loss: 0.2412 Acc: 0.8326
[Epoch 72/200]Train Loss: 0.2376 Acc: 0.8465 | Val Loss: 0.2490 Acc: 0.8549
[Epoch 73/200]Train Loss: 0.2434 Acc: 0.8390 | Val Loss: 0.2620 Acc: 0.8374
[Epoch 74/200]Train Loss: 0.2349 Acc: 0.8501 | Val Loss: 0.2498 Acc: 0.8534
[Epoch 75/200]Train Loss: 0.2340 Acc: 0.8414 | Val Loss: 0.2590 Acc: 0.8764
[Epoch 76/200]Train Loss: 0.2280 Acc: 0.8462 | Val Loss: 0.2549 Acc: 0.8564
[Epoch 77/200]Train Loss: 0.2340 Acc: 0.8449 | Val Loss: 0.2388 Acc: 0.8180
[Epoch 78/200]Train Loss: 0.2264 Acc: 0.8529 | Val Loss: 0.2761 Acc: 0.8329
[Epoch 79/200]Train Loss: 0.2271 Acc: 0.8516 | Val Loss: 0.2675 Acc: 0.8537
[Epoch 80/200]Train Loss: 0.2234 Acc: 0.8529 | Val Loss: 0.2535 Acc: 0.8725
[Epoch 81/200]Train Loss: 0.2228 Acc: 0.8519 | Val Loss: 0.2367 Acc: 0.9008
[Epoch 82/200]Train Loss: 0.2238 Acc: 0.8504 | Val Loss: 0.2526 Acc: 0.8248
[Epoch 83/200]Train Loss: 0.2216 Acc: 0.8547 | Val Loss: 0.2506 Acc: 0.8341
[Epoch 84/200]Train Loss: 0.2116 Acc: 0.8585 | Val Loss: 0.2136 Acc: 0.8677
[Epoch 85/200]Train Loss: 0.2180 Acc: 0.8579 | Val Loss: 0.2323 Acc: 0.8609
[Epoch 86/200]Train Loss: 0.2166 Acc: 0.8535 | Val Loss: 0.2174 Acc: 0.8365
[Epoch 87/200]Train Loss: 0.2197 Acc: 0.8516 | Val Loss: 0.2026 Acc: 0.8713
[Epoch 88/200]Train Loss: 0.2205 Acc: 0.8555 | Val Loss: 0.2185 Acc: 0.8835
[Epoch 89/200]Train Loss: 0.2042 Acc: 0.8615 | Val Loss: 0.2524 Acc: 0.8266
[Epoch 90/200]Train Loss: 0.2130 Acc: 0.8577 | Val Loss: 0.2254 Acc: 0.9005
[Epoch 91/200]Train Loss: 0.2038 Acc: 0.8607 | Val Loss: 0.2187 Acc: 0.8454
[Epoch 92/200]Train Loss: 0.2137 Acc: 0.8593 | Val Loss: 0.2058 Acc: 0.8746
[Epoch 93/200]Train Loss: 0.1968 Acc: 0.8651 | Val Loss: 0.2584 Acc: 0.8117
[Epoch 94/200]Train Loss: 0.2013 Acc: 0.8650 | Val Loss: 0.2374 Acc: 0.8463
[Epoch 95/200]Train Loss: 0.1947 Acc: 0.8671 | Val Loss: 0.2072 Acc: 0.8755
[Epoch 96/200]Train Loss: 0.1984 Acc: 0.8662 | Val Loss: 0.2303 Acc: 0.8564
[Epoch 97/200]Train Loss: 0.1975 Acc: 0.8684 | Val Loss: 0.2056 Acc: 0.8740
[Epoch 98/200]Train Loss: 0.1918 Acc: 0.8683 | Val Loss: 0.2226 Acc: 0.8475
[Epoch 99/200]Train Loss: 0.1983 Acc: 0.8682 | Val Loss: 0.1928 Acc: 0.8660
[Epoch 100/200]Train Loss: 0.2080 Acc: 0.8645 | Val Loss: 0.2125 Acc: 0.8776
[Epoch 101/200]Train Loss: 0.1963 Acc: 0.8671 | Val Loss: 0.2195 Acc: 0.8621
[Epoch 102/200]Train Loss: 0.1915 Acc: 0.8709 | Val Loss: 0.2011 Acc: 0.8633
[Epoch 103/200]Train Loss: 0.1807 Acc: 0.8735 | Val Loss: 0.2023 Acc: 0.8576
[Epoch 104/200]Train Loss: 0.1893 Acc: 0.8686 | Val Loss: 0.1873 Acc: 0.8928
[Epoch 105/200]Train Loss: 0.1895 Acc: 0.8729 | Val Loss: 0.1925 Acc: 0.8841
[Epoch 106/200]Train Loss: 0.1830 Acc: 0.8731 | Val Loss: 0.2018 Acc: 0.8522
[Epoch 107/200]Train Loss: 0.1817 Acc: 0.8737 | Val Loss: 0.2049 Acc: 0.8692
[Epoch 108/200]Train Loss: 0.1807 Acc: 0.8779 | Val Loss: 0.1904 Acc: 0.8910
[Epoch 109/200]Train Loss: 0.1868 Acc: 0.8720 | Val Loss: 0.2366 Acc: 0.8585
[Epoch 110/200]Train Loss: 0.1755 Acc: 0.8790 | Val Loss: 0.2069 Acc: 0.8922
[Epoch 111/200]Train Loss: 0.1856 Acc: 0.8724 | Val Loss: 0.2089 Acc: 0.8853
[Epoch 112/200]Train Loss: 0.1815 Acc: 0.8779 | Val Loss: 0.1946 Acc: 0.8966
[Epoch 113/200]Train Loss: 0.1722 Acc: 0.8831 | Val Loss: 0.2275 Acc: 0.8293
[Epoch 114/200]Train Loss: 0.1914 Acc: 0.8706 | Val Loss: 0.1994 Acc: 0.8794
[Epoch 115/200]Train Loss: 0.1795 Acc: 0.8785 | Val Loss: 0.2069 Acc: 0.8624
[Epoch 116/200]Train Loss: 0.1673 Acc: 0.8825 | Val Loss: 0.2147 Acc: 0.8770
[Epoch 117/200]Train Loss: 0.1720 Acc: 0.8793 | Val Loss: 0.2002 Acc: 0.8966
[Epoch 118/200]Train Loss: 0.1765 Acc: 0.8780 | Val Loss: 0.1976 Acc: 0.8817
[Epoch 119/200]Train Loss: 0.1720 Acc: 0.8788 | Val Loss: 0.2169 Acc: 0.8934
Early stopping triggered.
Completed in 408.15 seconds.
Start training script: Sat Nov 22 19:17:02 2025
> Loaded dataset shape: torch.Size([17584, 5, 12, 3]), torch.Size([17584])
Using device: cpu
> Using weights: [0.1, 1.0, 1.0, 1.0, 1.0, 1.0, 1.0]
+ Start training GTCN.
Train size: 14067, Val size: 3517
[Epoch 1/200]Train Loss: 1.5487 Acc: 0.2039 | Val Loss: 1.2233 Acc: 0.5280
[Epoch 2/200]Train Loss: 1.1778 Acc: 0.4292 | Val Loss: 1.0965 Acc: 0.4609
[Epoch 3/200]Train Loss: 1.0927 Acc: 0.4801 | Val Loss: 1.0532 Acc: 0.5419
[Epoch 4/200]Train Loss: 1.0477 Acc: 0.5135 | Val Loss: 1.0605 Acc: 0.4322
[Epoch 5/200]Train Loss: 1.0131 Acc: 0.5302 | Val Loss: 0.9874 Acc: 0.5792
[Epoch 6/200]Train Loss: 0.9916 Acc: 0.5443 | Val Loss: 1.0663 Acc: 0.5920
[Epoch 7/200]Train Loss: 0.9714 Acc: 0.5511 | Val Loss: 0.9319 Acc: 0.5274
[Epoch 8/200]Train Loss: 0.9452 Acc: 0.5654 | Val Loss: 0.9165 Acc: 0.5402
[Epoch 9/200]Train Loss: 0.9180 Acc: 0.5785 | Val Loss: 0.8804 Acc: 0.5647
[Epoch 10/200]Train Loss: 0.8870 Acc: 0.5839 | Val Loss: 0.8784 Acc: 0.5772
[Epoch 11/200]Train Loss: 0.8368 Acc: 0.5988 | Val Loss: 0.8137 Acc: 0.5647
[Epoch 12/200]Train Loss: 0.7740 Acc: 0.6137 | Val Loss: 0.7332 Acc: 0.6625
[Epoch 13/200]Train Loss: 0.7069 Acc: 0.6330 | Val Loss: 0.6966 Acc: 0.6181
[Epoch 14/200]Train Loss: 0.6481 Acc: 0.6483 | Val Loss: 0.6141 Acc: 0.6494
[Epoch 15/200]Train Loss: 0.5951 Acc: 0.6714 | Val Loss: 0.5804 Acc: 0.6753
[Epoch 16/200]Train Loss: 0.5672 Acc: 0.6777 | Val Loss: 0.5636 Acc: 0.6648
[Epoch 17/200]Train Loss: 0.5272 Acc: 0.6896 | Val Loss: 0.5241 Acc: 0.6960
[Epoch 18/200]Train Loss: 0.4984 Acc: 0.7018 | Val Loss: 0.5118 Acc: 0.7151
[Epoch 19/200]Train Loss: 0.4768 Acc: 0.7051 | Val Loss: 0.4738 Acc: 0.7026
[Epoch 20/200]Train Loss: 0.4576 Acc: 0.7211 | Val Loss: 0.4752 Acc: 0.7464
[Epoch 21/200]Train Loss: 0.4401 Acc: 0.7326 | Val Loss: 0.5068 Acc: 0.6690
[Epoch 22/200]Train Loss: 0.4425 Acc: 0.7305 | Val Loss: 0.4214 Acc: 0.7359
[Epoch 23/200]Train Loss: 0.4269 Acc: 0.7385 | Val Loss: 0.4557 Acc: 0.7313
[Epoch 24/200]Train Loss: 0.4161 Acc: 0.7417 | Val Loss: 0.4037 Acc: 0.7467
[Epoch 25/200]Train Loss: 0.4053 Acc: 0.7540 | Val Loss: 0.4871 Acc: 0.7083
[Epoch 26/200]Train Loss: 0.4025 Acc: 0.7518 | Val Loss: 0.4059 Acc: 0.7654
[Epoch 27/200]Train Loss: 0.3980 Acc: 0.7568 | Val Loss: 0.4093 Acc: 0.7336
[Epoch 28/200]Train Loss: 0.3938 Acc: 0.7565 | Val Loss: 0.3944 Acc: 0.7774
[Epoch 29/200]Train Loss: 0.3823 Acc: 0.7656 | Val Loss: 0.4720 Acc: 0.6912
[Epoch 30/200]Train Loss: 0.3743 Acc: 0.7667 | Val Loss: 0.4084 Acc: 0.7788
[Epoch 31/200]Train Loss: 0.3740 Acc: 0.7677 | Val Loss: 0.4527 Acc: 0.7256
[Epoch 32/200]Train Loss: 0.3749 Acc: 0.7715 | Val Loss: 0.3700 Acc: 0.7666
[Epoch 33/200]Train Loss: 0.3620 Acc: 0.7776 | Val Loss: 0.3757 Acc: 0.7444
[Epoch 34/200]Train Loss: 0.3543 Acc: 0.7749 | Val Loss: 0.3751 Acc: 0.7967
[Epoch 35/200]Train Loss: 0.3559 Acc: 0.7744 | Val Loss: 0.4155 Acc: 0.8047
[Epoch 36/200]Train Loss: 0.3471 Acc: 0.7791 | Val Loss: 0.3926 Acc: 0.7984
[Epoch 37/200]Train Loss: 0.3370 Acc: 0.7840 | Val Loss: 0.3813 Acc: 0.7882
[Epoch 38/200]Train Loss: 0.3376 Acc: 0.7848 | Val Loss: 0.4111 Acc: 0.7464
[Epoch 39/200]Train Loss: 0.3415 Acc: 0.7809 | Val Loss: 0.3341 Acc: 0.7762
[Epoch 40/200]Train Loss: 0.3457 Acc: 0.7857 | Val Loss: 0.3585 Acc: 0.7751
[Epoch 41/200]Train Loss: 0.3283 Acc: 0.7886 | Val Loss: 0.3606 Acc: 0.7956
[Epoch 42/200]Train Loss: 0.3259 Acc: 0.7955 | Val Loss: 0.3515 Acc: 0.8089
[Epoch 43/200]Train Loss: 0.3174 Acc: 0.7943 | Val Loss: 0.3336 Acc: 0.7927
[Epoch 44/200]Train Loss: 0.3158 Acc: 0.7975 | Val Loss: 0.3535 Acc: 0.8084
[Epoch 45/200]Train Loss: 0.3146 Acc: 0.7990 | Val Loss: 0.3376 Acc: 0.8052
[Epoch 46/200]Train Loss: 0.3083 Acc: 0.7988 | Val Loss: 0.3398 Acc: 0.7995
[Epoch 47/200]Train Loss: 0.3030 Acc: 0.8029 | Val Loss: 0.3321 Acc: 0.7970
[Epoch 48/200]Train Loss: 0.3107 Acc: 0.7982 | Val Loss: 0.3459 Acc: 0.8169
[Epoch 49/200]Train Loss: 0.3095 Acc: 0.8046 | Val Loss: 0.3267 Acc: 0.8163
[Epoch 50/200]Train Loss: 0.2962 Acc: 0.8093 | Val Loss: 0.3189 Acc: 0.7899
[Epoch 51/200]Train Loss: 0.3068 Acc: 0.8024 | Val Loss: 0.3837 Acc: 0.7711
[Epoch 52/200]Train Loss: 0.2969 Acc: 0.8046 | Val Loss: 0.3340 Acc: 0.8092
[Epoch 53/200]Train Loss: 0.2947 Acc: 0.8066 | Val Loss: 0.2999 Acc: 0.7882
[Epoch 54/200]Train Loss: 0.2897 Acc: 0.8166 | Val Loss: 0.3289 Acc: 0.7816
[Epoch 55/200]Train Loss: 0.2946 Acc: 0.8083 | Val Loss: 0.3187 Acc: 0.8251
[Epoch 56/200]Train Loss: 0.2864 Acc: 0.8177 | Val Loss: 0.3222 Acc: 0.8268
[Epoch 57/200]Train Loss: 0.2705 Acc: 0.8188 | Val Loss: 0.3006 Acc: 0.8234
[Epoch 58/200]Train Loss: 0.2773 Acc: 0.8204 | Val Loss: 0.2962 Acc: 0.8411
[Epoch 59/200]Train Loss: 0.2734 Acc: 0.8231 | Val Loss: 0.3024 Acc: 0.8038
[Epoch 60/200]Train Loss: 0.2708 Acc: 0.8245 | Val Loss: 0.3517 Acc: 0.7668
[Epoch 61/200]Train Loss: 0.2766 Acc: 0.8219 | Val Loss: 0.3014 Acc: 0.7933
[Epoch 62/200]Train Loss: 0.2807 Acc: 0.8201 | Val Loss: 0.3023 Acc: 0.8428
[Epoch 63/200]Train Loss: 0.2656 Acc: 0.8251 | Val Loss: 0.3257 Acc: 0.7964
[Epoch 64/200]Train Loss: 0.2643 Acc: 0.8254 | Val Loss: 0.3274 Acc: 0.7694
[Epoch 65/200]Train Loss: 0.2631 Acc: 0.8255 | Val Loss: 0.3196 Acc: 0.8172
[Epoch 66/200]Train Loss: 0.2683 Acc: 0.8268 | Val Loss: 0.4056 Acc: 0.7768
[Epoch 67/200]Train Loss: 0.2619 Acc: 0.8287 | Val Loss: 0.2860 Acc: 0.7936
[Epoch 68/200]Train Loss: 0.2548 Acc: 0.8310 | Val Loss: 0.2689 Acc: 0.8314
[Epoch 69/200]Train Loss: 0.2601 Acc: 0.8297 | Val Loss: 0.2911 Acc: 0.8209
[Epoch 70/200]Train Loss: 0.2525 Acc: 0.8331 | Val Loss: 0.2927 Acc: 0.8504
[Epoch 71/200]Train Loss: 0.2587 Acc: 0.8366 | Val Loss: 0.3488 Acc: 0.8223
[Epoch 72/200]Train Loss: 0.2683 Acc: 0.8261 | Val Loss: 0.3237 Acc: 0.8490
[Epoch 73/200]Train Loss: 0.2464 Acc: 0.8386 | Val Loss: 0.2900 Acc: 0.8129
[Epoch 74/200]Train Loss: 0.2435 Acc: 0.8385 | Val Loss: 0.3146 Acc: 0.8257
[Epoch 75/200]Train Loss: 0.2450 Acc: 0.8367 | Val Loss: 0.2907 Acc: 0.8032
[Epoch 76/200]Train Loss: 0.2401 Acc: 0.8391 | Val Loss: 0.3119 Acc: 0.8493
[Epoch 77/200]Train Loss: 0.2442 Acc: 0.8417 | Val Loss: 0.2749 Acc: 0.8277
[Epoch 78/200]Train Loss: 0.2411 Acc: 0.8435 | Val Loss: 0.2937 Acc: 0.8209
[Epoch 79/200]Train Loss: 0.2355 Acc: 0.8452 | Val Loss: 0.3299 Acc: 0.8123
[Epoch 80/200]Train Loss: 0.2327 Acc: 0.8446 | Val Loss: 0.2844 Acc: 0.8399
[Epoch 81/200]Train Loss: 0.2351 Acc: 0.8420 | Val Loss: 0.3231 Acc: 0.7876
[Epoch 82/200]Train Loss: 0.2305 Acc: 0.8504 | Val Loss: 0.2894 Acc: 0.8405
[Epoch 83/200]Train Loss: 0.2252 Acc: 0.8479 | Val Loss: 0.3072 Acc: 0.8291
Early stopping triggered.
Completed in 268.77 seconds.
+ Processing participant 0, task BA_LEFT_CLICK, trail 0
+ Processing participant 0, task BA_LEFT_CLICK, trail 1
+ Processing participant 0, task BA_LEFT_CLICK, trail 2
+ Processing participant 0, task BA_LEFT_CLICK, trail 3
+ Processing participant 0, task BA_LEFT_CLICK, trail 4
+ Processing participant 0, task BA_LEFT_CLICK, trail 5
+ Processing participant 0, task BA_LEFT_CLICK, trail 6
+ Processing participant 0, task BA_LEFT_CLICK, trail 7
+ Processing participant 0, task BA_LEFT_CLICK, trail 8
+ Processing participant 0, task BA_LEFT_CLICK, trail 9
+ Processing participant 0, task BA_RIGHT_CLICK, trail 0
+ Processing participant 0, task BA_RIGHT_CLICK, trail 1
+ Processing participant 0, task BA_RIGHT_CLICK, trail 2
+ Processing participant 0, task BA_RIGHT_CLICK, trail 3
+ Processing participant 0, task BA_RIGHT_CLICK, trail 4
+ Processing participant 0, task BA_RIGHT_CLICK, trail 5
+ Processing participant 0, task BA_RIGHT_CLICK, trail 6
+ Processing participant 0, task BA_RIGHT_CLICK, trail 7
+ Processing participant 0, task BA_RIGHT_CLICK, trail 8
+ Processing participant 0, task BA_RIGHT_CLICK, trail 9
+ Processing participant 0, task BA_SCROLL, trail 0
+ Processing participant 0, task BA_SCROLL, trail 1
+ Processing participant 0, task BA_SCROLL, trail 2
+ Processing participant 0, task BA_SCROLL, trail 3
+ Processing participant 0, task BA_SCROLL, trail 4
+ Processing participant 0, task DRAGGING, trail 0
+ Processing participant 0, task DRAGGING, trail 1
+ Processing participant 0, task DRAGGING, trail 2
+ Processing participant 0, task DRAGGING, trail 3
+ Processing participant 0, task DRAGGING, trail 4
+ Processing participant 0, task MENU_NAVIGATION, trail 0
+ Processing participant 0, task MENU_NAVIGATION, trail 1
+ Processing participant 0, task MENU_NAVIGATION, trail 2
+ Processing participant 0, task MENU_NAVIGATION, trail 3
+ Processing participant 0, task MENU_NAVIGATION, trail 4
+ Processing participant 0, task POINT_N_CLICK, trail 0
+ Processing participant 0, task POINT_N_CLICK, trail 1
+ Processing participant 0, task POINT_N_CLICK, trail 2
+ Processing participant 0, task POINT_N_CLICK, trail 3
+ Processing participant 0, task POINT_N_CLICK, trail 4
+ Processing participant 1, task BA_LEFT_CLICK, trail 0
+ Processing participant 1, task BA_LEFT_CLICK, trail 1
+ Processing participant 1, task BA_LEFT_CLICK, trail 2
+ Processing participant 1, task BA_LEFT_CLICK, trail 3
+ Processing participant 1, task BA_LEFT_CLICK, trail 4
+ Processing participant 1, task BA_LEFT_CLICK, trail 5
+ Processing participant 1, task BA_LEFT_CLICK, trail 6
+ Processing participant 1, task BA_LEFT_CLICK, trail 7
+ Processing participant 1, task BA_LEFT_CLICK, trail 8
+ Processing participant 1, task BA_LEFT_CLICK, trail 9
+ Processing participant 1, task BA_RIGHT_CLICK, trail 0
+ Processing participant 1, task BA_RIGHT_CLICK, trail 1
+ Processing participant 1, task BA_RIGHT_CLICK, trail 2
+ Processing participant 1, task BA_RIGHT_CLICK, trail 3
+ Processing participant 1, task BA_RIGHT_CLICK, trail 4
+ Processing participant 1, task BA_RIGHT_CLICK, trail 5
+ Processing participant 1, task BA_RIGHT_CLICK, trail 6
+ Processing participant 1, task BA_RIGHT_CLICK, trail 7
+ Processing participant 1, task BA_RIGHT_CLICK, trail 8
+ Processing participant 1, task BA_RIGHT_CLICK, trail 9
+ Processing participant 1, task BA_SCROLL, trail 0
+ Processing participant 1, task BA_SCROLL, trail 1
+ Processing participant 1, task BA_SCROLL, trail 2
+ Processing participant 1, task BA_SCROLL, trail 3
+ Processing participant 1, task BA_SCROLL, trail 4
+ Processing participant 1, task DRAGGING, trail 0
+ Processing participant 1, task DRAGGING, trail 1
+ Processing participant 1, task DRAGGING, trail 2
+ Processing participant 1, task DRAGGING, trail 3
+ Processing participant 1, task DRAGGING, trail 4
+ Processing participant 1, task MENU_NAVIGATION, trail 0
+ Processing participant 1, task MENU_NAVIGATION, trail 1
+ Processing participant 1, task MENU_NAVIGATION, trail 2
+ Processing participant 1, task MENU_NAVIGATION, trail 3
+ Processing participant 1, task MENU_NAVIGATION, trail 4
+ Processing participant 1, task POINT_N_CLICK, trail 0
+ Processing participant 1, task POINT_N_CLICK, trail 1
+ Processing participant 1, task POINT_N_CLICK, trail 2
+ Processing participant 1, task POINT_N_CLICK, trail 3
+ Processing participant 1, task POINT_N_CLICK, trail 4
+ Processing participant 2, task BA_LEFT_CLICK, trail 0
+ Processing participant 2, task BA_LEFT_CLICK, trail 1
+ Processing participant 2, task BA_LEFT_CLICK, trail 2
+ Processing participant 2, task BA_LEFT_CLICK, trail 3
+ Processing participant 2, task BA_LEFT_CLICK, trail 4
+ Processing participant 2, task BA_LEFT_CLICK, trail 5
+ Processing participant 2, task BA_LEFT_CLICK, trail 6
+ Processing participant 2, task BA_LEFT_CLICK, trail 7
+ Processing participant 2, task BA_LEFT_CLICK, trail 8
+ Processing participant 2, task BA_LEFT_CLICK, trail 9
+ Processing participant 2, task BA_RIGHT_CLICK, trail 0
+ Processing participant 2, task BA_RIGHT_CLICK, trail 1
+ Processing participant 2, task BA_RIGHT_CLICK, trail 2
+ Processing participant 2, task BA_RIGHT_CLICK, trail 3
+ Processing participant 2, task BA_RIGHT_CLICK, trail 4
+ Processing participant 2, task BA_RIGHT_CLICK, trail 5
+ Processing participant 2, task BA_RIGHT_CLICK, trail 6
+ Processing participant 2, task BA_RIGHT_CLICK, trail 7
+ Processing participant 2, task BA_RIGHT_CLICK, trail 8
+ Processing participant 2, task BA_RIGHT_CLICK, trail 9
+ Processing participant 2, task BA_SCROLL, trail 0
+ Processing participant 2, task BA_SCROLL, trail 1
+ Processing participant 2, task BA_SCROLL, trail 2
+ Processing participant 2, task BA_SCROLL, trail 3
+ Processing participant 2, task BA_SCROLL, trail 4
+ Processing participant 2, task DRAGGING, trail 0
+ Processing participant 2, task DRAGGING, trail 1
+ Processing participant 2, task DRAGGING, trail 2
+ Processing participant 2, task DRAGGING, trail 3
+ Processing participant 2, task DRAGGING, trail 4
+ Processing participant 2, task MENU_NAVIGATION, trail 0
+ Processing participant 2, task MENU_NAVIGATION, trail 1
+ Processing participant 2, task MENU_NAVIGATION, trail 2
+ Processing participant 2, task MENU_NAVIGATION, trail 3
+ Processing participant 2, task MENU_NAVIGATION, trail 4
+ Processing participant 2, task POINT_N_CLICK, trail 0
+ Processing participant 2, task POINT_N_CLICK, trail 1
+ Processing participant 2, task POINT_N_CLICK, trail 2
+ Processing participant 2, task POINT_N_CLICK, trail 3
+ Processing participant 2, task POINT_N_CLICK, trail 4
+ Processing participant 3, task BA_LEFT_CLICK, trail 0
+ Processing participant 3, task BA_LEFT_CLICK, trail 1
+ Processing participant 3, task BA_LEFT_CLICK, trail 2
+ Processing participant 3, task BA_LEFT_CLICK, trail 3
+ Processing participant 3, task BA_LEFT_CLICK, trail 4
+ Processing participant 3, task BA_LEFT_CLICK, trail 5
+ Processing participant 3, task BA_LEFT_CLICK, trail 6
+ Processing participant 3, task BA_LEFT_CLICK, trail 7
+ Processing participant 3, task BA_LEFT_CLICK, trail 8
+ Processing participant 3, task BA_LEFT_CLICK, trail 9
+ Processing participant 3, task BA_RIGHT_CLICK, trail 0
+ Processing participant 3, task BA_RIGHT_CLICK, trail 1
+ Processing participant 3, task BA_RIGHT_CLICK, trail 2
+ Processing participant 3, task BA_RIGHT_CLICK, trail 3
+ Processing participant 3, task BA_RIGHT_CLICK, trail 4
+ Processing participant 3, task BA_RIGHT_CLICK, trail 5
+ Processing participant 3, task BA_RIGHT_CLICK, trail 6
+ Processing participant 3, task BA_RIGHT_CLICK, trail 7
+ Processing participant 3, task BA_RIGHT_CLICK, trail 8
+ Processing participant 3, task BA_RIGHT_CLICK, trail 9
+ Processing participant 3, task BA_SCROLL, trail 0
+ Processing participant 3, task BA_SCROLL, trail 1
+ Processing participant 3, task BA_SCROLL, trail 2
+ Processing participant 3, task BA_SCROLL, trail 3
+ Processing participant 3, task BA_SCROLL, trail 4
+ Processing participant 3, task DRAGGING, trail 0
+ Processing participant 3, task DRAGGING, trail 1
+ Processing participant 3, task DRAGGING, trail 2
+ Processing participant 3, task DRAGGING, trail 3
+ Processing participant 3, task DRAGGING, trail 4
+ Processing participant 3, task MENU_NAVIGATION, trail 0
+ Processing participant 3, task MENU_NAVIGATION, trail 1
+ Processing participant 3, task MENU_NAVIGATION, trail 2
+ Processing participant 3, task MENU_NAVIGATION, trail 3
+ Processing participant 3, task MENU_NAVIGATION, trail 4
+ Processing participant 3, task POINT_N_CLICK, trail 0
+ Processing participant 3, task POINT_N_CLICK, trail 1
+ Processing participant 3, task POINT_N_CLICK, trail 2
+ Processing participant 3, task POINT_N_CLICK, trail 3
+ Processing participant 3, task POINT_N_CLICK, trail 4
> Dataset shape: torch.Size([16784, 10, 6, 3]), torch.Size([16784])
Start training script: Sat Nov 22 20:06:45 2025
> Loaded dataset shape: torch.Size([16784, 10, 6, 3]), torch.Size([16784])
Using device: cpu
+ Start training GTCN.
Train size: 13427, Val size: 3357
Traceback (most recent call last):
  File "<frozen runpy>", line 198, in _run_module_as_main
  File "<frozen runpy>", line 88, in _run_code
  File "/Users/bobch/Desktop/course/aircursor/gesture_model/graph_tcn/train.py", line 84, in <module>
    training()
  File "/Users/bobch/Desktop/course/aircursor/gesture_model/graph_tcn/train.py", line 78, in training
    trainer.train(criterion, optimizer, epochs=200)
  File "/Users/bobch/Desktop/course/aircursor/gesture_model/model_runner.py", line 35, in train
    train_loss, train_acc = self.train_one_epoch(
                            ^^^^^^^^^^^^^^^^^^^^^
  File "/Users/bobch/Desktop/course/aircursor/gesture_model/model_runner.py", line 69, in train_one_epoch
    out = model(X)
          ^^^^^^^^
  File "/Users/bobch/Desktop/course/aircursor/.venv/lib/python3.12/site-packages/torch/nn/modules/module.py", line 1775, in _wrapped_call_impl
    return self._call_impl(*args, **kwargs)
           ^^^^^^^^^^^^^^^^^^^^^^^^^^^^^^^^
  File "/Users/bobch/Desktop/course/aircursor/.venv/lib/python3.12/site-packages/torch/nn/modules/module.py", line 1786, in _call_impl
    return forward_call(*args, **kwargs)
           ^^^^^^^^^^^^^^^^^^^^^^^^^^^^^
  File "/Users/bobch/Desktop/course/aircursor/gesture_model/graph_tcn/model.py", line 171, in forward
    g = self.pool(g)  # (B*T, 3, gcn_hidden_dim)
        ^^^^^^^^^^^^
  File "/Users/bobch/Desktop/course/aircursor/.venv/lib/python3.12/site-packages/torch/nn/modules/module.py", line 1775, in _wrapped_call_impl
    return self._call_impl(*args, **kwargs)
           ^^^^^^^^^^^^^^^^^^^^^^^^^^^^^^^^
  File "/Users/bobch/Desktop/course/aircursor/.venv/lib/python3.12/site-packages/torch/nn/modules/module.py", line 1786, in _call_impl
    return forward_call(*args, **kwargs)
           ^^^^^^^^^^^^^^^^^^^^^^^^^^^^^
  File "/Users/bobch/Desktop/course/aircursor/gesture_model/graph_tcn/model.py", line 53, in forward
    pooled.append(X[:, idxs].mean(dim=1))
                  ~^^^^^^^^^
IndexError: index 6 is out of bounds for dimension 0 with size 6
+ Processing participant 0, task BA_LEFT_CLICK, trail 0
+ Processing participant 0, task BA_LEFT_CLICK, trail 1
+ Processing participant 0, task BA_LEFT_CLICK, trail 2
+ Processing participant 0, task BA_LEFT_CLICK, trail 3
+ Processing participant 0, task BA_LEFT_CLICK, trail 4
+ Processing participant 0, task BA_LEFT_CLICK, trail 5
+ Processing participant 0, task BA_LEFT_CLICK, trail 6
+ Processing participant 0, task BA_LEFT_CLICK, trail 7
+ Processing participant 0, task BA_LEFT_CLICK, trail 8
+ Processing participant 0, task BA_LEFT_CLICK, trail 9
+ Processing participant 0, task BA_RIGHT_CLICK, trail 0
+ Processing participant 0, task BA_RIGHT_CLICK, trail 1
+ Processing participant 0, task BA_RIGHT_CLICK, trail 2
+ Processing participant 0, task BA_RIGHT_CLICK, trail 3
+ Processing participant 0, task BA_RIGHT_CLICK, trail 4
+ Processing participant 0, task BA_RIGHT_CLICK, trail 5
+ Processing participant 0, task BA_RIGHT_CLICK, trail 6
+ Processing participant 0, task BA_RIGHT_CLICK, trail 7
+ Processing participant 0, task BA_RIGHT_CLICK, trail 8
+ Processing participant 0, task BA_RIGHT_CLICK, trail 9
+ Processing participant 0, task BA_SCROLL, trail 0
+ Processing participant 0, task BA_SCROLL, trail 1
+ Processing participant 0, task BA_SCROLL, trail 2
+ Processing participant 0, task BA_SCROLL, trail 3
+ Processing participant 0, task BA_SCROLL, trail 4
+ Processing participant 0, task DRAGGING, trail 0
+ Processing participant 0, task DRAGGING, trail 1
+ Processing participant 0, task DRAGGING, trail 2
+ Processing participant 0, task DRAGGING, trail 3
+ Processing participant 0, task DRAGGING, trail 4
+ Processing participant 0, task MENU_NAVIGATION, trail 0
+ Processing participant 0, task MENU_NAVIGATION, trail 1
+ Processing participant 0, task MENU_NAVIGATION, trail 2
+ Processing participant 0, task MENU_NAVIGATION, trail 3
+ Processing participant 0, task MENU_NAVIGATION, trail 4
+ Processing participant 0, task POINT_N_CLICK, trail 0
+ Processing participant 0, task POINT_N_CLICK, trail 1
+ Processing participant 0, task POINT_N_CLICK, trail 2
+ Processing participant 0, task POINT_N_CLICK, trail 3
+ Processing participant 0, task POINT_N_CLICK, trail 4
+ Processing participant 1, task BA_LEFT_CLICK, trail 0
+ Processing participant 1, task BA_LEFT_CLICK, trail 1
+ Processing participant 1, task BA_LEFT_CLICK, trail 2
+ Processing participant 1, task BA_LEFT_CLICK, trail 3
+ Processing participant 1, task BA_LEFT_CLICK, trail 4
+ Processing participant 1, task BA_LEFT_CLICK, trail 5
+ Processing participant 1, task BA_LEFT_CLICK, trail 6
+ Processing participant 1, task BA_LEFT_CLICK, trail 7
+ Processing participant 1, task BA_LEFT_CLICK, trail 8
+ Processing participant 1, task BA_LEFT_CLICK, trail 9
+ Processing participant 1, task BA_RIGHT_CLICK, trail 0
+ Processing participant 1, task BA_RIGHT_CLICK, trail 1
+ Processing participant 1, task BA_RIGHT_CLICK, trail 2
+ Processing participant 1, task BA_RIGHT_CLICK, trail 3
+ Processing participant 1, task BA_RIGHT_CLICK, trail 4
+ Processing participant 1, task BA_RIGHT_CLICK, trail 5
+ Processing participant 1, task BA_RIGHT_CLICK, trail 6
+ Processing participant 1, task BA_RIGHT_CLICK, trail 7
+ Processing participant 1, task BA_RIGHT_CLICK, trail 8
+ Processing participant 1, task BA_RIGHT_CLICK, trail 9
+ Processing participant 1, task BA_SCROLL, trail 0
+ Processing participant 1, task BA_SCROLL, trail 1
+ Processing participant 1, task BA_SCROLL, trail 2
+ Processing participant 1, task BA_SCROLL, trail 3
+ Processing participant 1, task BA_SCROLL, trail 4
+ Processing participant 1, task DRAGGING, trail 0
+ Processing participant 1, task DRAGGING, trail 1
+ Processing participant 1, task DRAGGING, trail 2
+ Processing participant 1, task DRAGGING, trail 3
+ Processing participant 1, task DRAGGING, trail 4
+ Processing participant 1, task MENU_NAVIGATION, trail 0
+ Processing participant 1, task MENU_NAVIGATION, trail 1
+ Processing participant 1, task MENU_NAVIGATION, trail 2
+ Processing participant 1, task MENU_NAVIGATION, trail 3
+ Processing participant 1, task MENU_NAVIGATION, trail 4
+ Processing participant 1, task POINT_N_CLICK, trail 0
+ Processing participant 1, task POINT_N_CLICK, trail 1
+ Processing participant 1, task POINT_N_CLICK, trail 2
+ Processing participant 1, task POINT_N_CLICK, trail 3
+ Processing participant 1, task POINT_N_CLICK, trail 4
+ Processing participant 2, task BA_LEFT_CLICK, trail 0
+ Processing participant 2, task BA_LEFT_CLICK, trail 1
+ Processing participant 2, task BA_LEFT_CLICK, trail 2
+ Processing participant 2, task BA_LEFT_CLICK, trail 3
+ Processing participant 2, task BA_LEFT_CLICK, trail 4
+ Processing participant 2, task BA_LEFT_CLICK, trail 5
+ Processing participant 2, task BA_LEFT_CLICK, trail 6
+ Processing participant 2, task BA_LEFT_CLICK, trail 7
+ Processing participant 2, task BA_LEFT_CLICK, trail 8
+ Processing participant 2, task BA_LEFT_CLICK, trail 9
+ Processing participant 2, task BA_RIGHT_CLICK, trail 0
+ Processing participant 2, task BA_RIGHT_CLICK, trail 1
+ Processing participant 2, task BA_RIGHT_CLICK, trail 2
+ Processing participant 2, task BA_RIGHT_CLICK, trail 3
+ Processing participant 2, task BA_RIGHT_CLICK, trail 4
+ Processing participant 2, task BA_RIGHT_CLICK, trail 5
+ Processing participant 2, task BA_RIGHT_CLICK, trail 6
+ Processing participant 2, task BA_RIGHT_CLICK, trail 7
+ Processing participant 2, task BA_RIGHT_CLICK, trail 8
+ Processing participant 2, task BA_RIGHT_CLICK, trail 9
+ Processing participant 2, task BA_SCROLL, trail 0
+ Processing participant 2, task BA_SCROLL, trail 1
+ Processing participant 2, task BA_SCROLL, trail 2
+ Processing participant 2, task BA_SCROLL, trail 3
+ Processing participant 2, task BA_SCROLL, trail 4
+ Processing participant 2, task DRAGGING, trail 0
+ Processing participant 2, task DRAGGING, trail 1
+ Processing participant 2, task DRAGGING, trail 2
+ Processing participant 2, task DRAGGING, trail 3
+ Processing participant 2, task DRAGGING, trail 4
+ Processing participant 2, task MENU_NAVIGATION, trail 0
+ Processing participant 2, task MENU_NAVIGATION, trail 1
+ Processing participant 2, task MENU_NAVIGATION, trail 2
+ Processing participant 2, task MENU_NAVIGATION, trail 3
+ Processing participant 2, task MENU_NAVIGATION, trail 4
+ Processing participant 2, task POINT_N_CLICK, trail 0
+ Processing participant 2, task POINT_N_CLICK, trail 1
+ Processing participant 2, task POINT_N_CLICK, trail 2
+ Processing participant 2, task POINT_N_CLICK, trail 3
+ Processing participant 2, task POINT_N_CLICK, trail 4
+ Processing participant 3, task BA_LEFT_CLICK, trail 0
+ Processing participant 3, task BA_LEFT_CLICK, trail 1
+ Processing participant 3, task BA_LEFT_CLICK, trail 2
+ Processing participant 3, task BA_LEFT_CLICK, trail 3
+ Processing participant 3, task BA_LEFT_CLICK, trail 4
+ Processing participant 3, task BA_LEFT_CLICK, trail 5
+ Processing participant 3, task BA_LEFT_CLICK, trail 6
+ Processing participant 3, task BA_LEFT_CLICK, trail 7
+ Processing participant 3, task BA_LEFT_CLICK, trail 8
+ Processing participant 3, task BA_LEFT_CLICK, trail 9
+ Processing participant 3, task BA_RIGHT_CLICK, trail 0
+ Processing participant 3, task BA_RIGHT_CLICK, trail 1
+ Processing participant 3, task BA_RIGHT_CLICK, trail 2
+ Processing participant 3, task BA_RIGHT_CLICK, trail 3
+ Processing participant 3, task BA_RIGHT_CLICK, trail 4
+ Processing participant 3, task BA_RIGHT_CLICK, trail 5
+ Processing participant 3, task BA_RIGHT_CLICK, trail 6
+ Processing participant 3, task BA_RIGHT_CLICK, trail 7
+ Processing participant 3, task BA_RIGHT_CLICK, trail 8
+ Processing participant 3, task BA_RIGHT_CLICK, trail 9
+ Processing participant 3, task BA_SCROLL, trail 0
+ Processing participant 3, task BA_SCROLL, trail 1
+ Processing participant 3, task BA_SCROLL, trail 2
+ Processing participant 3, task BA_SCROLL, trail 3
+ Processing participant 3, task BA_SCROLL, trail 4
+ Processing participant 3, task DRAGGING, trail 0
+ Processing participant 3, task DRAGGING, trail 1
+ Processing participant 3, task DRAGGING, trail 2
+ Processing participant 3, task DRAGGING, trail 3
+ Processing participant 3, task DRAGGING, trail 4
+ Processing participant 3, task MENU_NAVIGATION, trail 0
+ Processing participant 3, task MENU_NAVIGATION, trail 1
+ Processing participant 3, task MENU_NAVIGATION, trail 2
+ Processing participant 3, task MENU_NAVIGATION, trail 3
+ Processing participant 3, task MENU_NAVIGATION, trail 4
+ Processing participant 3, task POINT_N_CLICK, trail 0
+ Processing participant 3, task POINT_N_CLICK, trail 1
+ Processing participant 3, task POINT_N_CLICK, trail 2
+ Processing participant 3, task POINT_N_CLICK, trail 3
+ Processing participant 3, task POINT_N_CLICK, trail 4
> Dataset shape: torch.Size([17424, 6, 12, 3]), torch.Size([17424])
Start training script: Sat Nov 22 20:07:48 2025
> Loaded dataset shape: torch.Size([17424, 6, 12, 3]), torch.Size([17424])
Using device: cpu
+ Start training GTCN.
Train size: 13939, Val size: 3485
Confusion Matrix:
[[2078   21    0    0    0    0    0]
 [ 394   27    0    0    0    0    0]
 [ 302   26    0    0    0    0    0]
 [ 104    0    0    0    0    0    0]
 [ 156    0    0    0    0    0    0]
 [ 173    0    0    0    0    0    0]
 [ 204    0    0    0    0    0    0]]
Classification Report:
/Users/bobch/Desktop/course/aircursor/.venv/lib/python3.12/site-packages/sklearn/metrics/_classification.py:1731: UndefinedMetricWarning: Precision is ill-defined and being set to 0.0 in labels with no predicted samples. Use `zero_division` parameter to control this behavior.
  _warn_prf(average, modifier, f"{metric.capitalize()} is", result.shape[0])
/Users/bobch/Desktop/course/aircursor/.venv/lib/python3.12/site-packages/sklearn/metrics/_classification.py:1731: UndefinedMetricWarning: Precision is ill-defined and being set to 0.0 in labels with no predicted samples. Use `zero_division` parameter to control this behavior.
  _warn_prf(average, modifier, f"{metric.capitalize()} is", result.shape[0])
/Users/bobch/Desktop/course/aircursor/.venv/lib/python3.12/site-packages/sklearn/metrics/_classification.py:1731: UndefinedMetricWarning: Precision is ill-defined and being set to 0.0 in labels with no predicted samples. Use `zero_division` parameter to control this behavior.
  _warn_prf(average, modifier, f"{metric.capitalize()} is", result.shape[0])
              precision    recall  f1-score   support

           0       0.61      0.99      0.75      2099
           1       0.36      0.06      0.11       421
           2       0.00      0.00      0.00       328
           3       0.00      0.00      0.00       104
           4       0.00      0.00      0.00       156
           5       0.00      0.00      0.00       173
           6       0.00      0.00      0.00       204

    accuracy                           0.60      3485
   macro avg       0.14      0.15      0.12      3485
weighted avg       0.41      0.60      0.47      3485

[Epoch 1/200]Train Loss: 1.1840 Acc: 0.6018 | Val Loss: 0.9775 Acc: 0.6040
Confusion Matrix:
[[1777  149   49    0    0    0  124]
 [ 170  169   77    0    0    0    5]
 [ 156   37  135    0    0    0    0]
 [  86    0    0    0    0    0   18]
 [ 101    0    9    0    0    0   46]
 [  48    0    0    0    0    0  125]
 [  85    0    0    0    0    0  119]]
Classification Report:
/Users/bobch/Desktop/course/aircursor/.venv/lib/python3.12/site-packages/sklearn/metrics/_classification.py:1731: UndefinedMetricWarning: Precision is ill-defined and being set to 0.0 in labels with no predicted samples. Use `zero_division` parameter to control this behavior.
  _warn_prf(average, modifier, f"{metric.capitalize()} is", result.shape[0])
/Users/bobch/Desktop/course/aircursor/.venv/lib/python3.12/site-packages/sklearn/metrics/_classification.py:1731: UndefinedMetricWarning: Precision is ill-defined and being set to 0.0 in labels with no predicted samples. Use `zero_division` parameter to control this behavior.
  _warn_prf(average, modifier, f"{metric.capitalize()} is", result.shape[0])
/Users/bobch/Desktop/course/aircursor/.venv/lib/python3.12/site-packages/sklearn/metrics/_classification.py:1731: UndefinedMetricWarning: Precision is ill-defined and being set to 0.0 in labels with no predicted samples. Use `zero_division` parameter to control this behavior.
  _warn_prf(average, modifier, f"{metric.capitalize()} is", result.shape[0])
              precision    recall  f1-score   support

           0       0.73      0.85      0.79      2099
           1       0.48      0.40      0.44       421
           2       0.50      0.41      0.45       328
           3       0.00      0.00      0.00       104
           4       0.00      0.00      0.00       156
           5       0.00      0.00      0.00       173
           6       0.27      0.58      0.37       204

    accuracy                           0.63      3485
   macro avg       0.28      0.32      0.29      3485
weighted avg       0.56      0.63      0.59      3485

[Epoch 2/200]Train Loss: 0.9079 Acc: 0.6144 | Val Loss: 0.8342 Acc: 0.6313
Confusion Matrix:
[[1995    0   17    0   21    0   66]
 [ 352   21   42    0    4    0    2]
 [ 224   17   86    0    1    0    0]
 [  55    0    0    0   40    0    9]
 [  43    0    1    0   82    0   30]
 [  52    0    0    0    4    0  117]
 [  61    0    0    0   18    0  125]]
Classification Report:
/Users/bobch/Desktop/course/aircursor/.venv/lib/python3.12/site-packages/sklearn/metrics/_classification.py:1731: UndefinedMetricWarning: Precision is ill-defined and being set to 0.0 in labels with no predicted samples. Use `zero_division` parameter to control this behavior.
  _warn_prf(average, modifier, f"{metric.capitalize()} is", result.shape[0])
/Users/bobch/Desktop/course/aircursor/.venv/lib/python3.12/site-packages/sklearn/metrics/_classification.py:1731: UndefinedMetricWarning: Precision is ill-defined and being set to 0.0 in labels with no predicted samples. Use `zero_division` parameter to control this behavior.
  _warn_prf(average, modifier, f"{metric.capitalize()} is", result.shape[0])
/Users/bobch/Desktop/course/aircursor/.venv/lib/python3.12/site-packages/sklearn/metrics/_classification.py:1731: UndefinedMetricWarning: Precision is ill-defined and being set to 0.0 in labels with no predicted samples. Use `zero_division` parameter to control this behavior.
  _warn_prf(average, modifier, f"{metric.capitalize()} is", result.shape[0])
              precision    recall  f1-score   support

           0       0.72      0.95      0.82      2099
           1       0.55      0.05      0.09       421
           2       0.59      0.26      0.36       328
           3       0.00      0.00      0.00       104
           4       0.48      0.53      0.50       156
           5       0.00      0.00      0.00       173
           6       0.36      0.61      0.45       204

    accuracy                           0.66      3485
   macro avg       0.39      0.34      0.32      3485
weighted avg       0.60      0.66      0.59      3485

[Epoch 3/200]Train Loss: 0.8214 Acc: 0.6450 | Val Loss: 0.7839 Acc: 0.6626
Confusion Matrix:
[[1893    8  104    0   22   55   17]
 [ 222   87  106    0    4    0    2]
 [ 133    4  189    0    2    0    0]
 [  48    0    0    2   48    2    4]
 [  39    0    0    0   97    5   15]
 [  36    0    0    0   12  112   13]
 [  38    0    0    0   22  111   33]]
Classification Report:
              precision    recall  f1-score   support

           0       0.79      0.90      0.84      2099
           1       0.88      0.21      0.33       421
           2       0.47      0.58      0.52       328
           3       1.00      0.02      0.04       104
           4       0.47      0.62      0.53       156
           5       0.39      0.65      0.49       173
           6       0.39      0.16      0.23       204

    accuracy                           0.69      3485
   macro avg       0.63      0.45      0.43      3485
weighted avg       0.72      0.69      0.66      3485

[Epoch 4/200]Train Loss: 0.7752 Acc: 0.6735 | Val Loss: 0.7274 Acc: 0.6924
Confusion Matrix:
[[1866   99   72    0   12   32   18]
 [  89  248   81    0    0    0    3]
 [  86   34  207    0    1    0    0]
 [  39    1    2    6   52    0    4]
 [  46    0    2    1  103    1    3]
 [  27    0    0    0    2  144    0]
 [  36    0    0    0   13    2  153]]
Classification Report:
              precision    recall  f1-score   support

           0       0.85      0.89      0.87      2099
           1       0.65      0.59      0.62       421
           2       0.57      0.63      0.60       328
           3       0.86      0.06      0.11       104
           4       0.56      0.66      0.61       156
           5       0.80      0.83      0.82       173
           6       0.85      0.75      0.79       204

    accuracy                           0.78      3485
   macro avg       0.73      0.63      0.63      3485
weighted avg       0.79      0.78      0.77      3485

[Epoch 5/200]Train Loss: 0.6867 Acc: 0.7291 | Val Loss: 0.5840 Acc: 0.7825
Confusion Matrix:
[[1942   31   67    2   11   35   11]
 [ 112  278   30    1    0    0    0]
 [  79   32  216    0    1    0    0]
 [  36    0    0   58    7    0    3]
 [  29    0    0   20  104    3    0]
 [   2    0    0    0    1  170    0]
 [  26    0    0    7    2    0  169]]
Classification Report:
              precision    recall  f1-score   support

           0       0.87      0.93      0.90      2099
           1       0.82      0.66      0.73       421
           2       0.69      0.66      0.67       328
           3       0.66      0.56      0.60       104
           4       0.83      0.67      0.74       156
           5       0.82      0.98      0.89       173
           6       0.92      0.83      0.87       204

    accuracy                           0.84      3485
   macro avg       0.80      0.75      0.77      3485
weighted avg       0.84      0.84      0.84      3485

[Epoch 6/200]Train Loss: 0.5416 Acc: 0.8003 | Val Loss: 0.4531 Acc: 0.8428
Confusion Matrix:
[[1876    9   96   17   86    2   13]
 [ 139  165  113    2    2    0    0]
 [  68    5  251    0    4    0    0]
 [  24    0    0   77    2    0    1]
 [  10    0    0   20  125    0    1]
 [  33    0    0    0    9  131    0]
 [   7    0    0   12    0    0  185]]
Classification Report:
              precision    recall  f1-score   support

           0       0.87      0.89      0.88      2099
           1       0.92      0.39      0.55       421
           2       0.55      0.77      0.64       328
           3       0.60      0.74      0.66       104
           4       0.55      0.80      0.65       156
           5       0.98      0.76      0.86       173
           6       0.93      0.91      0.92       204

    accuracy                           0.81      3485
   macro avg       0.77      0.75      0.74      3485
weighted avg       0.83      0.81      0.80      3485

[Epoch 7/200]Train Loss: 0.4530 Acc: 0.8340 | Val Loss: 0.5370 Acc: 0.8063
Confusion Matrix:
[[2029   20   32    0    3   12    3]
 [ 130  254   37    0    0    0    0]
 [ 108   21  198    0    1    0    0]
 [  40    0    0   53    9    0    2]
 [  37    0    0   12  103    4    0]
 [   6    0    0    0    0  167    0]
 [  32    0    0    0    0    0  172]]
Classification Report:
              precision    recall  f1-score   support

           0       0.85      0.97      0.91      2099
           1       0.86      0.60      0.71       421
           2       0.74      0.60      0.67       328
           3       0.82      0.51      0.63       104
           4       0.89      0.66      0.76       156
           5       0.91      0.97      0.94       173
           6       0.97      0.84      0.90       204

    accuracy                           0.85      3485
   macro avg       0.86      0.74      0.79      3485
weighted avg       0.85      0.85      0.85      3485

[Epoch 8/200]Train Loss: 0.4236 Acc: 0.8425 | Val Loss: 0.3831 Acc: 0.8539
Confusion Matrix:
[[1960   30   74    0    6   21    8]
 [ 109  274   37    1    0    0    0]
 [  72   16  239    0    1    0    0]
 [  49    0    0   43   10    0    2]
 [  30    0    1   12  111    2    0]
 [   3    0    0    0    1  169    0]
 [  21    0    0    0    1    0  182]]
Classification Report:
              precision    recall  f1-score   support

           0       0.87      0.93      0.90      2099
           1       0.86      0.65      0.74       421
           2       0.68      0.73      0.70       328
           3       0.77      0.41      0.54       104
           4       0.85      0.71      0.78       156
           5       0.88      0.98      0.93       173
           6       0.95      0.89      0.92       204

    accuracy                           0.85      3485
   macro avg       0.84      0.76      0.79      3485
weighted avg       0.85      0.85      0.85      3485

[Epoch 9/200]Train Loss: 0.3965 Acc: 0.8518 | Val Loss: 0.3729 Acc: 0.8545
Confusion Matrix:
[[1994   29   33    2    4   20   17]
 [  85  310   24    2    0    0    0]
 [  83   48  195    1    1    0    0]
 [  34    0    0   63    0    0    7]
 [  37    0    0   19   95    4    1]
 [   5    0    0    0    0  168    0]
 [   7    0    0    0    0    0  197]]
Classification Report:
              precision    recall  f1-score   support

           0       0.89      0.95      0.92      2099
           1       0.80      0.74      0.77       421
           2       0.77      0.59      0.67       328
           3       0.72      0.61      0.66       104
           4       0.95      0.61      0.74       156
           5       0.88      0.97      0.92       173
           6       0.89      0.97      0.92       204

    accuracy                           0.87      3485
   macro avg       0.84      0.78      0.80      3485
weighted avg       0.86      0.87      0.86      3485

[Epoch 10/200]Train Loss: 0.3820 Acc: 0.8571 | Val Loss: 0.3576 Acc: 0.8671
Confusion Matrix:
[[1882  158   33    1    3   12   10]
 [  38  353   28    2    0    0    0]
 [  80   45  202    0    1    0    0]
 [  36    3    0   56    4    0    5]
 [  46    0    3   12   92    3    0]
 [  34    0    0    0    0  139    0]
 [   5    0    0    0    0    0  199]]
Classification Report:
              precision    recall  f1-score   support

           0       0.89      0.90      0.89      2099
           1       0.63      0.84      0.72       421
           2       0.76      0.62      0.68       328
           3       0.79      0.54      0.64       104
           4       0.92      0.59      0.72       156
           5       0.90      0.80      0.85       173
           6       0.93      0.98      0.95       204

    accuracy                           0.84      3485
   macro avg       0.83      0.75      0.78      3485
weighted avg       0.85      0.84      0.84      3485

[Epoch 11/200]Train Loss: 0.3668 Acc: 0.8649 | Val Loss: 0.4119 Acc: 0.8387
Confusion Matrix:
[[1931    8  128    4    9    6   13]
 [  96  199  126    0    0    0    0]
 [  40    2  286    0    0    0    0]
 [  34    0    3   58    9    0    0]
 [  17    0    7    9  121    2    0]
 [  16    0    0    0    0  157    0]
 [   5    0    0    1    0    0  198]]
Classification Report:
              precision    recall  f1-score   support

           0       0.90      0.92      0.91      2099
           1       0.95      0.47      0.63       421
           2       0.52      0.87      0.65       328
           3       0.81      0.56      0.66       104
           4       0.87      0.78      0.82       156
           5       0.95      0.91      0.93       173
           6       0.94      0.97      0.95       204

    accuracy                           0.85      3485
   macro avg       0.85      0.78      0.79      3485
weighted avg       0.87      0.85      0.84      3485

[Epoch 12/200]Train Loss: 0.3532 Acc: 0.8697 | Val Loss: 0.4094 Acc: 0.8465
Confusion Matrix:
[[2025   17   22    5    4    2   24]
 [ 121  270   28    1    0    0    1]
 [ 102   23  202    0    1    0    0]
 [  35    0    0   69    0    0    0]
 [  29    0    0   23  103    1    0]
 [  21    0    0    0    0  152    0]
 [   2    0    0    0    0    0  202]]
Classification Report:
              precision    recall  f1-score   support

           0       0.87      0.96      0.91      2099
           1       0.87      0.64      0.74       421
           2       0.80      0.62      0.70       328
           3       0.70      0.66      0.68       104
           4       0.95      0.66      0.78       156
           5       0.98      0.88      0.93       173
           6       0.89      0.99      0.94       204

    accuracy                           0.87      3485
   macro avg       0.87      0.77      0.81      3485
weighted avg       0.87      0.87      0.86      3485

[Epoch 13/200]Train Loss: 0.3482 Acc: 0.8708 | Val Loss: 0.3587 Acc: 0.8674
Confusion Matrix:
[[2043    6   13    7   21    3    6]
 [ 169  226   24    0    2    0    0]
 [  98   25  203    0    2    0    0]
 [  20    0    0   72   12    0    0]
 [  10    0    0   11  135    0    0]
 [  23    0    0    0    0  150    0]
 [  10    0    0    0    0    0  194]]
Classification Report:
              precision    recall  f1-score   support

           0       0.86      0.97      0.91      2099
           1       0.88      0.54      0.67       421
           2       0.85      0.62      0.71       328
           3       0.80      0.69      0.74       104
           4       0.78      0.87      0.82       156
           5       0.98      0.87      0.92       173
           6       0.97      0.95      0.96       204

    accuracy                           0.87      3485
   macro avg       0.87      0.79      0.82      3485
weighted avg       0.87      0.87      0.86      3485

[Epoch 14/200]Train Loss: 0.3362 Acc: 0.8732 | Val Loss: 0.3581 Acc: 0.8674
Confusion Matrix:
[[2008   27   25    6   20    2   11]
 [  98  304   17    0    2    0    0]
 [  72   35  219    0    2    0    0]
 [  25    0    0   71    8    0    0]
 [  11    0    0    9  135    1    0]
 [  30    0    0    0    0  143    0]
 [  14    0    0    0    0    0  190]]
Classification Report:
              precision    recall  f1-score   support

           0       0.89      0.96      0.92      2099
           1       0.83      0.72      0.77       421
           2       0.84      0.67      0.74       328
           3       0.83      0.68      0.75       104
           4       0.81      0.87      0.84       156
           5       0.98      0.83      0.90       173
           6       0.95      0.93      0.94       204

    accuracy                           0.88      3485
   macro avg       0.87      0.81      0.84      3485
weighted avg       0.88      0.88      0.88      3485

[Epoch 15/200]Train Loss: 0.3296 Acc: 0.8769 | Val Loss: 0.3244 Acc: 0.8809
Confusion Matrix:
[[2042   16   20    4   10    2    5]
 [ 102  299   18    0    2    0    0]
 [  94   37  195    0    2    0    0]
 [  26    0    0   73    5    0    0]
 [  13    0    0   12  131    0    0]
 [  44    0    0    0    0  129    0]
 [  15    0    0    0    0    0  189]]
Classification Report:
              precision    recall  f1-score   support

           0       0.87      0.97      0.92      2099
           1       0.85      0.71      0.77       421
           2       0.84      0.59      0.70       328
           3       0.82      0.70      0.76       104
           4       0.87      0.84      0.86       156
           5       0.98      0.75      0.85       173
           6       0.97      0.93      0.95       204

    accuracy                           0.88      3485
   macro avg       0.89      0.78      0.83      3485
weighted avg       0.88      0.88      0.87      3485

[Epoch 16/200]Train Loss: 0.3294 Acc: 0.8767 | Val Loss: 0.3279 Acc: 0.8775
Confusion Matrix:
[[1976   46   54    4    6    6    7]
 [  66  305   50    0    0    0    0]
 [  55   12  260    0    1    0    0]
 [  20    2    3   74    5    0    0]
 [  15    0    0   14  127    0    0]
 [  12    0    0    0    0  161    0]
 [  11    0    0    3    0    0  190]]
Classification Report:
              precision    recall  f1-score   support

           0       0.92      0.94      0.93      2099
           1       0.84      0.72      0.78       421
           2       0.71      0.79      0.75       328
           3       0.78      0.71      0.74       104
           4       0.91      0.81      0.86       156
           5       0.96      0.93      0.95       173
           6       0.96      0.93      0.95       204

    accuracy                           0.89      3485
   macro avg       0.87      0.84      0.85      3485
weighted avg       0.89      0.89      0.89      3485

[Epoch 17/200]Train Loss: 0.3172 Acc: 0.8798 | Val Loss: 0.2972 Acc: 0.8875
Confusion Matrix:
[[1932   17  108    6   20   12    4]
 [  88  224  109    0    0    0    0]
 [  50    3  274    0    1    0    0]
 [  20    1    2   74    7    0    0]
 [   7    0    0   12  137    0    0]
 [   8    0    0    0    1  164    0]
 [  22    0    0    4    0    0  178]]
Classification Report:
              precision    recall  f1-score   support

           0       0.91      0.92      0.91      2099
           1       0.91      0.53      0.67       421
           2       0.56      0.84      0.67       328
           3       0.77      0.71      0.74       104
           4       0.83      0.88      0.85       156
           5       0.93      0.95      0.94       173
           6       0.98      0.87      0.92       204

    accuracy                           0.86      3485
   macro avg       0.84      0.81      0.82      3485
weighted avg       0.87      0.86      0.86      3485

[Epoch 18/200]Train Loss: 0.3039 Acc: 0.8863 | Val Loss: 0.3735 Acc: 0.8560
Confusion Matrix:
[[2018   32   31    2    7    2    7]
 [  64  330   27    0    0    0    0]
 [  77   34  216    0    1    0    0]
 [  25    5    0   71    3    0    0]
 [  17    0    0   11  128    0    0]
 [  25    0    0    0    1  147    0]
 [   6    0    0    5    0    0  193]]
Classification Report:
              precision    recall  f1-score   support

           0       0.90      0.96      0.93      2099
           1       0.82      0.78      0.80       421
           2       0.79      0.66      0.72       328
           3       0.80      0.68      0.74       104
           4       0.91      0.82      0.86       156
           5       0.99      0.85      0.91       173
           6       0.96      0.95      0.96       204

    accuracy                           0.89      3485
   macro avg       0.88      0.81      0.85      3485
weighted avg       0.89      0.89      0.89      3485

[Epoch 19/200]Train Loss: 0.3023 Acc: 0.8861 | Val Loss: 0.2930 Acc: 0.8904
Confusion Matrix:
[[2002   56   28    4    5    3    1]
 [  53  350   16    0    2    0    0]
 [  69   44  214    0    1    0    0]
 [  21    2    0   76    5    0    0]
 [  16    0    0   11  129    0    0]
 [  25    0    0    0    2  146    0]
 [  16    0    0    0    0    0  188]]
Classification Report:
              precision    recall  f1-score   support

           0       0.91      0.95      0.93      2099
           1       0.77      0.83      0.80       421
           2       0.83      0.65      0.73       328
           3       0.84      0.73      0.78       104
           4       0.90      0.83      0.86       156
           5       0.98      0.84      0.91       173
           6       0.99      0.92      0.96       204

    accuracy                           0.89      3485
   macro avg       0.89      0.82      0.85      3485
weighted avg       0.89      0.89      0.89      3485

[Epoch 20/200]Train Loss: 0.2893 Acc: 0.8892 | Val Loss: 0.2894 Acc: 0.8910
Confusion Matrix:
[[1958   16   69   12    7   10   27]
 [  76  288   55    1    0    0    1]
 [  63   21  244    0    0    0    0]
 [  18    0    1   81    3    0    1]
 [   9    0    0   11  136    0    0]
 [  25    0    0    0    1  147    0]
 [   1    0    0    0    0    0  203]]
Classification Report:
              precision    recall  f1-score   support

           0       0.91      0.93      0.92      2099
           1       0.89      0.68      0.77       421
           2       0.66      0.74      0.70       328
           3       0.77      0.78      0.78       104
           4       0.93      0.87      0.90       156
           5       0.94      0.85      0.89       173
           6       0.88      1.00      0.93       204

    accuracy                           0.88      3485
   macro avg       0.85      0.84      0.84      3485
weighted avg       0.88      0.88      0.88      3485

[Epoch 21/200]Train Loss: 0.2875 Acc: 0.8915 | Val Loss: 0.3274 Acc: 0.8772
Confusion Matrix:
[[2017   41   19    3    4    2   13]
 [  78  317   26    0    0    0    0]
 [  90   25  213    0    0    0    0]
 [  25    1    0   68   10    0    0]
 [  14    0    0    4  138    0    0]
 [  19    0    0    0    3  151    0]
 [   6    0    0    3    0    0  195]]
Classification Report:
              precision    recall  f1-score   support

           0       0.90      0.96      0.93      2099
           1       0.83      0.75      0.79       421
           2       0.83      0.65      0.73       328
           3       0.87      0.65      0.75       104
           4       0.89      0.88      0.89       156
           5       0.99      0.87      0.93       173
           6       0.94      0.96      0.95       204

    accuracy                           0.89      3485
   macro avg       0.89      0.82      0.85      3485
weighted avg       0.89      0.89      0.89      3485

[Epoch 22/200]Train Loss: 0.2814 Acc: 0.8942 | Val Loss: 0.2919 Acc: 0.8892
Confusion Matrix:
[[2009   11   62    3    7    7    0]
 [  94  282   45    0    0    0    0]
 [  32   14  282    0    0    0    0]
 [  19    1    0   79    5    0    0]
 [  10    0    1   14  131    0    0]
 [   7    0    0    0    0  166    0]
 [  25    0    0    0    0    0  179]]
Classification Report:
              precision    recall  f1-score   support

           0       0.91      0.96      0.94      2099
           1       0.92      0.67      0.77       421
           2       0.72      0.86      0.79       328
           3       0.82      0.76      0.79       104
           4       0.92      0.84      0.88       156
           5       0.96      0.96      0.96       173
           6       1.00      0.88      0.93       204

    accuracy                           0.90      3485
   macro avg       0.89      0.85      0.87      3485
weighted avg       0.90      0.90      0.90      3485

[Epoch 23/200]Train Loss: 0.2680 Acc: 0.8954 | Val Loss: 0.2808 Acc: 0.8976
Confusion Matrix:
[[1983   19   57   10   17   12    1]
 [ 108  283   29    1    0    0    0]
 [  49   22  256    0    1    0    0]
 [  17    3    0   74   10    0    0]
 [   7    0    0   12  137    0    0]
 [   7    0    0    0    1  165    0]
 [  29    0    0    3    0    0  172]]
Classification Report:
              precision    recall  f1-score   support

           0       0.90      0.94      0.92      2099
           1       0.87      0.67      0.76       421
           2       0.75      0.78      0.76       328
           3       0.74      0.71      0.73       104
           4       0.83      0.88      0.85       156
           5       0.93      0.95      0.94       173
           6       0.99      0.84      0.91       204

    accuracy                           0.88      3485
   macro avg       0.86      0.83      0.84      3485
weighted avg       0.88      0.88      0.88      3485

[Epoch 24/200]Train Loss: 0.2620 Acc: 0.9015 | Val Loss: 0.3128 Acc: 0.8809
Confusion Matrix:
[[2012   28   24   16    4    4   11]
 [  59  335   23    1    2    0    1]
 [  59   30  238    0    1    0    0]
 [  16    1    0   85    2    0    0]
 [  12    0    0   22  122    0    0]
 [  15    0    0    0    1  157    0]
 [   3    0    0    4    0    0  197]]
Classification Report:
              precision    recall  f1-score   support

           0       0.92      0.96      0.94      2099
           1       0.85      0.80      0.82       421
           2       0.84      0.73      0.78       328
           3       0.66      0.82      0.73       104
           4       0.92      0.78      0.85       156
           5       0.98      0.91      0.94       173
           6       0.94      0.97      0.95       204

    accuracy                           0.90      3485
   macro avg       0.87      0.85      0.86      3485
weighted avg       0.90      0.90      0.90      3485

[Epoch 25/200]Train Loss: 0.2641 Acc: 0.8960 | Val Loss: 0.2553 Acc: 0.9027
Confusion Matrix:
[[1993   35   46    4    6    5   10]
 [  69  313   35    1    2    0    1]
 [  69   24  234    0    1    0    0]
 [  21    1    0   80    2    0    0]
 [  12    0    0   11  133    0    0]
 [  19    0    0    0    0  154    0]
 [   3    0    0    0    0    0  201]]
Classification Report:
              precision    recall  f1-score   support

           0       0.91      0.95      0.93      2099
           1       0.84      0.74      0.79       421
           2       0.74      0.71      0.73       328
           3       0.83      0.77      0.80       104
           4       0.92      0.85      0.89       156
           5       0.97      0.89      0.93       173
           6       0.95      0.99      0.97       204

    accuracy                           0.89      3485
   macro avg       0.88      0.84      0.86      3485
weighted avg       0.89      0.89      0.89      3485

[Epoch 26/200]Train Loss: 0.2611 Acc: 0.9014 | Val Loss: 0.2801 Acc: 0.8918
Confusion Matrix:
[[1958   66   45    8    5    5   12]
 [  46  318   56    0    0    0    1]
 [  51   16  260    0    1    0    0]
 [  17    2    0   79    6    0    0]
 [  14    0    1    2  139    0    0]
 [  10    0    0    0    0  163    0]
 [   5    0    0    2    0    0  197]]
Classification Report:
              precision    recall  f1-score   support

           0       0.93      0.93      0.93      2099
           1       0.79      0.76      0.77       421
           2       0.72      0.79      0.75       328
           3       0.87      0.76      0.81       104
           4       0.92      0.89      0.91       156
           5       0.97      0.94      0.96       173
           6       0.94      0.97      0.95       204

    accuracy                           0.89      3485
   macro avg       0.88      0.86      0.87      3485
weighted avg       0.89      0.89      0.89      3485

[Epoch 27/200]Train Loss: 0.2517 Acc: 0.9067 | Val Loss: 0.2854 Acc: 0.8935
Confusion Matrix:
[[1954   29   69    4   18   23    2]
 [  56  335   30    0    0    0    0]
 [  32   30  265    0    1    0    0]
 [  20    5    0   55   23    0    1]
 [   6    0    2    0  148    0    0]
 [   1    0    0    0    2  170    0]
 [  21    0    0    0    0    0  183]]
Classification Report:
              precision    recall  f1-score   support

           0       0.93      0.93      0.93      2099
           1       0.84      0.80      0.82       421
           2       0.72      0.81      0.76       328
           3       0.93      0.53      0.67       104
           4       0.77      0.95      0.85       156
           5       0.88      0.98      0.93       173
           6       0.98      0.90      0.94       204

    accuracy                           0.89      3485
   macro avg       0.87      0.84      0.84      3485
weighted avg       0.90      0.89      0.89      3485

[Epoch 28/200]Train Loss: 0.2438 Acc: 0.9062 | Val Loss: 0.2852 Acc: 0.8924
Confusion Matrix:
[[1912   58  109    2    0    5   13]
 [  29  361   30    0    0    0    1]
 [  10   28  290    0    0    0    0]
 [  21    3    0   80    0    0    0]
 [  29    0    2   26   99    0    0]
 [  12    0    0    0    0  161    0]
 [   3    0    0    0    0    0  201]]
Classification Report:
              precision    recall  f1-score   support

           0       0.95      0.91      0.93      2099
           1       0.80      0.86      0.83       421
           2       0.67      0.88      0.76       328
           3       0.74      0.77      0.75       104
           4       1.00      0.63      0.78       156
           5       0.97      0.93      0.95       173
           6       0.93      0.99      0.96       204

    accuracy                           0.89      3485
   macro avg       0.87      0.85      0.85      3485
weighted avg       0.90      0.89      0.89      3485

[Epoch 29/200]Train Loss: 0.2357 Acc: 0.9086 | Val Loss: 0.3000 Acc: 0.8907
Confusion Matrix:
[[1996   24   35   10   32    1    1]
 [  51  329   41    0    0    0    0]
 [  30   21  276    0    1    0    0]
 [  14    1    0   84    5    0    0]
 [   2    0    0   13  141    0    0]
 [  28    0    0    0    3  142    0]
 [  11    0    0    0    0    0  193]]
Classification Report:
              precision    recall  f1-score   support

           0       0.94      0.95      0.94      2099
           1       0.88      0.78      0.83       421
           2       0.78      0.84      0.81       328
           3       0.79      0.81      0.80       104
           4       0.77      0.90      0.83       156
           5       0.99      0.82      0.90       173
           6       0.99      0.95      0.97       204

    accuracy                           0.91      3485
   macro avg       0.88      0.86      0.87      3485
weighted avg       0.91      0.91      0.91      3485

[Epoch 30/200]Train Loss: 0.2390 Acc: 0.9085 | Val Loss: 0.2523 Acc: 0.9070
Confusion Matrix:
[[2004   34   26    2    1    1   31]
 [  58  335   26    1    0    0    1]
 [  61   26  241    0    0    0    0]
 [  35    2    0   67    0    0    0]
 [  35    0    0   37   84    0    0]
 [  50    0    0    0    2  121    0]
 [   2    0    0    1    0    0  201]]
Classification Report:
              precision    recall  f1-score   support

           0       0.89      0.95      0.92      2099
           1       0.84      0.80      0.82       421
           2       0.82      0.73      0.78       328
           3       0.62      0.64      0.63       104
           4       0.97      0.54      0.69       156
           5       0.99      0.70      0.82       173
           6       0.86      0.99      0.92       204

    accuracy                           0.88      3485
   macro avg       0.86      0.76      0.80      3485
weighted avg       0.88      0.88      0.87      3485

[Epoch 31/200]Train Loss: 0.2369 Acc: 0.9098 | Val Loss: 0.3675 Acc: 0.8760
Confusion Matrix:
[[2022   26   27    6    8    1    9]
 [  76  319   25    0    0    0    1]
 [  72   22  234    0    0    0    0]
 [  12    1    0   89    2    0    0]
 [  11    0    0   17  128    0    0]
 [  37    0    0    0    3  133    0]
 [   6    0    0    0    0    0  198]]
Classification Report:
              precision    recall  f1-score   support

           0       0.90      0.96      0.93      2099
           1       0.87      0.76      0.81       421
           2       0.82      0.71      0.76       328
           3       0.79      0.86      0.82       104
           4       0.91      0.82      0.86       156
           5       0.99      0.77      0.87       173
           6       0.95      0.97      0.96       204

    accuracy                           0.90      3485
   macro avg       0.89      0.84      0.86      3485
weighted avg       0.90      0.90      0.89      3485

[Epoch 32/200]Train Loss: 0.2229 Acc: 0.9157 | Val Loss: 0.2756 Acc: 0.8961
Confusion Matrix:
[[1997   23   44    8    7   15    5]
 [  84  301   36    0    0    0    0]
 [  45   18  265    0    0    0    0]
 [  13    0    0   88    3    0    0]
 [   9    0    2   12  133    0    0]
 [   3    0    0    0    2  168    0]
 [  19    0    0    0    0    0  185]]
Classification Report:
              precision    recall  f1-score   support

           0       0.92      0.95      0.94      2099
           1       0.88      0.71      0.79       421
           2       0.76      0.81      0.79       328
           3       0.81      0.85      0.83       104
           4       0.92      0.85      0.88       156
           5       0.92      0.97      0.94       173
           6       0.97      0.91      0.94       204

    accuracy                           0.90      3485
   macro avg       0.88      0.86      0.87      3485
weighted avg       0.90      0.90      0.90      3485

[Epoch 33/200]Train Loss: 0.2295 Acc: 0.9131 | Val Loss: 0.2602 Acc: 0.9001
Confusion Matrix:
[[2020   20   38    4    0    4   13]
 [  56  332   32    0    0    0    1]
 [  35   25  268    0    0    0    0]
 [  17    1    0   82    4    0    0]
 [  21    0    0   16  119    0    0]
 [  12    0    0    0    0  161    0]
 [   5    0    0    0    0    0  199]]
Classification Report:
              precision    recall  f1-score   support

           0       0.93      0.96      0.95      2099
           1       0.88      0.79      0.83       421
           2       0.79      0.82      0.80       328
           3       0.80      0.79      0.80       104
           4       0.97      0.76      0.85       156
           5       0.98      0.93      0.95       173
           6       0.93      0.98      0.95       204

    accuracy                           0.91      3485
   macro avg       0.90      0.86      0.88      3485
weighted avg       0.91      0.91      0.91      3485

[Epoch 34/200]Train Loss: 0.2212 Acc: 0.9151 | Val Loss: 0.2239 Acc: 0.9128
Confusion Matrix:
[[2030   25   20    5   11    4    4]
 [  67  330   23    0    0    0    1]
 [  57   29  242    0    0    0    0]
 [  14    2    0   82    6    0    0]
 [   4    0    0    6  146    0    0]
 [  24    0    0    0    1  148    0]
 [  15    0    0    0    0    0  189]]
Classification Report:
              precision    recall  f1-score   support

           0       0.92      0.97      0.94      2099
           1       0.85      0.78      0.82       421
           2       0.85      0.74      0.79       328
           3       0.88      0.79      0.83       104
           4       0.89      0.94      0.91       156
           5       0.97      0.86      0.91       173
           6       0.97      0.93      0.95       204

    accuracy                           0.91      3485
   macro avg       0.91      0.86      0.88      3485
weighted avg       0.91      0.91      0.91      3485

[Epoch 35/200]Train Loss: 0.2135 Acc: 0.9189 | Val Loss: 0.2372 Acc: 0.9088
Confusion Matrix:
[[2025   31   29    3    6    2    3]
 [  57  337   27    0    0    0    0]
 [  60   29  239    0    0    0    0]
 [  12    2    0   83    7    0    0]
 [  10    0    0    3  143    0    0]
 [  18    0    0    0    0  155    0]
 [   9    0    0    0    0    0  195]]
Classification Report:
              precision    recall  f1-score   support

           0       0.92      0.96      0.94      2099
           1       0.84      0.80      0.82       421
           2       0.81      0.73      0.77       328
           3       0.93      0.80      0.86       104
           4       0.92      0.92      0.92       156
           5       0.99      0.90      0.94       173
           6       0.98      0.96      0.97       204

    accuracy                           0.91      3485
   macro avg       0.91      0.87      0.89      3485
weighted avg       0.91      0.91      0.91      3485

[Epoch 36/200]Train Loss: 0.2141 Acc: 0.9174 | Val Loss: 0.2218 Acc: 0.9116
Confusion Matrix:
[[2022   19   25    5    5    9   14]
 [  64  328   28    0    0    0    1]
 [  29   22  277    0    0    0    0]
 [  16    1    0   85    2    0    0]
 [  10    0    0   12  134    0    0]
 [   6    0    0    0    1  166    0]
 [   4    0    0    0    0    0  200]]
Classification Report:
              precision    recall  f1-score   support

           0       0.94      0.96      0.95      2099
           1       0.89      0.78      0.83       421
           2       0.84      0.84      0.84       328
           3       0.83      0.82      0.83       104
           4       0.94      0.86      0.90       156
           5       0.95      0.96      0.95       173
           6       0.93      0.98      0.95       204

    accuracy                           0.92      3485
   macro avg       0.90      0.89      0.89      3485
weighted avg       0.92      0.92      0.92      3485

[Epoch 37/200]Train Loss: 0.2088 Acc: 0.9219 | Val Loss: 0.2020 Acc: 0.9217
Confusion Matrix:
[[2032    6   29    5    4    7   16]
 [  88  304   28    0    0    0    1]
 [  60   25  243    0    0    0    0]
 [  20    0    0   76    8    0    0]
 [  12    0    0    9  135    0    0]
 [  20    0    0    0    0  153    0]
 [   3    0    0    0    0    0  201]]
Classification Report:
              precision    recall  f1-score   support

           0       0.91      0.97      0.94      2099
           1       0.91      0.72      0.80       421
           2       0.81      0.74      0.77       328
           3       0.84      0.73      0.78       104
           4       0.92      0.87      0.89       156
           5       0.96      0.88      0.92       173
           6       0.92      0.99      0.95       204

    accuracy                           0.90      3485
   macro avg       0.90      0.84      0.87      3485
weighted avg       0.90      0.90      0.90      3485

[Epoch 38/200]Train Loss: 0.1998 Acc: 0.9249 | Val Loss: 0.2551 Acc: 0.9022
Confusion Matrix:
[[1986   33   43    4   12   15    6]
 [  41  357   22    0    0    0    1]
 [  27   39  262    0    0    0    0]
 [  14    2    0   81    7    0    0]
 [  10    0    1   12  133    0    0]
 [   4    0    0    0    1  168    0]
 [  11    0    0    2    0    0  191]]
Classification Report:
              precision    recall  f1-score   support

           0       0.95      0.95      0.95      2099
           1       0.83      0.85      0.84       421
           2       0.80      0.80      0.80       328
           3       0.82      0.78      0.80       104
           4       0.87      0.85      0.86       156
           5       0.92      0.97      0.94       173
           6       0.96      0.94      0.95       204

    accuracy                           0.91      3485
   macro avg       0.88      0.88      0.88      3485
weighted avg       0.91      0.91      0.91      3485

[Epoch 39/200]Train Loss: 0.1988 Acc: 0.9242 | Val Loss: 0.2358 Acc: 0.9119
Confusion Matrix:
[[2003   29   35    2    7   13   10]
 [  68  325   27    0    0    0    1]
 [  47   14  267    0    0    0    0]
 [  19    1    0   79    5    0    0]
 [  11    0    1    4  139    1    0]
 [   6    0    0    0    0  167    0]
 [   4    0    0    0    0    0  200]]
Classification Report:
              precision    recall  f1-score   support

           0       0.93      0.95      0.94      2099
           1       0.88      0.77      0.82       421
           2       0.81      0.81      0.81       328
           3       0.93      0.76      0.84       104
           4       0.92      0.89      0.91       156
           5       0.92      0.97      0.94       173
           6       0.95      0.98      0.96       204

    accuracy                           0.91      3485
   macro avg       0.91      0.88      0.89      3485
weighted avg       0.91      0.91      0.91      3485

[Epoch 40/200]Train Loss: 0.1894 Acc: 0.9247 | Val Loss: 0.2383 Acc: 0.9125
Confusion Matrix:
[[1995   25   36    8   14    4   17]
 [  58  320   41    1    0    0    1]
 [  55   11  262    0    0    0    0]
 [  11    2    0   88    3    0    0]
 [  13    0    0   13  129    1    0]
 [  10    0    0    0    0  163    0]
 [   4    0    0    0    0    0  200]]
Classification Report:
              precision    recall  f1-score   support

           0       0.93      0.95      0.94      2099
           1       0.89      0.76      0.82       421
           2       0.77      0.80      0.79       328
           3       0.80      0.85      0.82       104
           4       0.88      0.83      0.85       156
           5       0.97      0.94      0.96       173
           6       0.92      0.98      0.95       204

    accuracy                           0.91      3485
   macro avg       0.88      0.87      0.88      3485
weighted avg       0.91      0.91      0.91      3485

[Epoch 41/200]Train Loss: 0.2035 Acc: 0.9215 | Val Loss: 0.2456 Acc: 0.9059
Confusion Matrix:
[[1997   23   45    4    7    6   17]
 [  46  352   22    0    0    0    1]
 [  18   25  284    0    1    0    0]
 [  16    2    0   83    3    0    0]
 [   6    0    0   17  132    1    0]
 [  10    0    0    0    0  163    0]
 [   1    0    0    0    0    0  203]]
Classification Report:
              precision    recall  f1-score   support

           0       0.95      0.95      0.95      2099
           1       0.88      0.84      0.86       421
           2       0.81      0.87      0.84       328
           3       0.80      0.80      0.80       104
           4       0.92      0.85      0.88       156
           5       0.96      0.94      0.95       173
           6       0.92      1.00      0.96       204

    accuracy                           0.92      3485
   macro avg       0.89      0.89      0.89      3485
weighted avg       0.92      0.92      0.92      3485

[Epoch 42/200]Train Loss: 0.1914 Acc: 0.9257 | Val Loss: 0.2153 Acc: 0.9222
Confusion Matrix:
[[1973   24   56    7   29   10    0]
 [  50  344   27    0    0    0    0]
 [  18   14  295    0    1    0    0]
 [   8    1    0   79   16    0    0]
 [   0    0    0    0  156    0    0]
 [   5    0    0    0    2  166    0]
 [  23    0    0    0    0    0  181]]
Classification Report:
              precision    recall  f1-score   support

           0       0.95      0.94      0.94      2099
           1       0.90      0.82      0.86       421
           2       0.78      0.90      0.84       328
           3       0.92      0.76      0.83       104
           4       0.76      1.00      0.87       156
           5       0.94      0.96      0.95       173
           6       1.00      0.89      0.94       204

    accuracy                           0.92      3485
   macro avg       0.89      0.89      0.89      3485
weighted avg       0.92      0.92      0.92      3485

[Epoch 43/200]Train Loss: 0.1922 Acc: 0.9260 | Val Loss: 0.2319 Acc: 0.9165
Confusion Matrix:
[[1955   33   53   17   35    6    0]
 [  52  320   49    0    0    0    0]
 [  31   10  287    0    0    0    0]
 [   7    2    0   90    5    0    0]
 [   1    0    1   14  140    0    0]
 [   9    0    0    0    3  161    0]
 [  42    0    0    2    0    0  160]]
Classification Report:
              precision    recall  f1-score   support

           0       0.93      0.93      0.93      2099
           1       0.88      0.76      0.81       421
           2       0.74      0.88      0.80       328
           3       0.73      0.87      0.79       104
           4       0.77      0.90      0.83       156
           5       0.96      0.93      0.95       173
           6       1.00      0.78      0.88       204

    accuracy                           0.89      3485
   macro avg       0.86      0.86      0.86      3485
weighted avg       0.90      0.89      0.89      3485

[Epoch 44/200]Train Loss: 0.1858 Acc: 0.9291 | Val Loss: 0.2838 Acc: 0.8933
Confusion Matrix:
[[2000   49   23    1    2    4   20]
 [  28  371   21    0    0    0    1]
 [  44   40  244    0    0    0    0]
 [  27    5    0   68    4    0    0]
 [  23    0    0    8  125    0    0]
 [  17    0    0    0    0  156    0]
 [   1    0    0    0    0    0  203]]
Classification Report:
              precision    recall  f1-score   support

           0       0.93      0.95      0.94      2099
           1       0.80      0.88      0.84       421
           2       0.85      0.74      0.79       328
           3       0.88      0.65      0.75       104
           4       0.95      0.80      0.87       156
           5       0.97      0.90      0.94       173
           6       0.91      1.00      0.95       204

    accuracy                           0.91      3485
   macro avg       0.90      0.85      0.87      3485
weighted avg       0.91      0.91      0.91      3485

[Epoch 45/200]Train Loss: 0.1857 Acc: 0.9288 | Val Loss: 0.2421 Acc: 0.9088
Confusion Matrix:
[[1983   34   34   14   12    3   19]
 [  37  354   29    0    0    0    1]
 [  27   23  278    0    0    0    0]
 [  10    2    0   88    4    0    0]
 [   6    0    0   19  131    0    0]
 [   9    0    0    0    3  161    0]
 [   2    0    0    5    0    0  197]]
Classification Report:
              precision    recall  f1-score   support

           0       0.96      0.94      0.95      2099
           1       0.86      0.84      0.85       421
           2       0.82      0.85      0.83       328
           3       0.70      0.85      0.77       104
           4       0.87      0.84      0.86       156
           5       0.98      0.93      0.96       173
           6       0.91      0.97      0.94       204

    accuracy                           0.92      3485
   macro avg       0.87      0.89      0.88      3485
weighted avg       0.92      0.92      0.92      3485

[Epoch 46/200]Train Loss: 0.1889 Acc: 0.9289 | Val Loss: 0.2270 Acc: 0.9159
Confusion Matrix:
[[2032   11   18    7    5   12   14]
 [  87  317   16    0    0    0    1]
 [  60   18  250    0    0    0    0]
 [  13    1    0   87    3    0    0]
 [  15    0    0   15  124    2    0]
 [   5    0    0    0    0  168    0]
 [   1    0    0    0    0    0  203]]
Classification Report:
              precision    recall  f1-score   support

           0       0.92      0.97      0.94      2099
           1       0.91      0.75      0.83       421
           2       0.88      0.76      0.82       328
           3       0.80      0.84      0.82       104
           4       0.94      0.79      0.86       156
           5       0.92      0.97      0.95       173
           6       0.93      1.00      0.96       204

    accuracy                           0.91      3485
   macro avg       0.90      0.87      0.88      3485
weighted avg       0.91      0.91      0.91      3485

[Epoch 47/200]Train Loss: 0.1782 Acc: 0.9325 | Val Loss: 0.2423 Acc: 0.9128
Confusion Matrix:
[[1987   39   50    6    1    7    9]
 [  36  331   53    0    0    0    1]
 [  21    6  301    0    0    0    0]
 [  11    2    0   91    0    0    0]
 [  17    0    0   21  117    1    0]
 [  13    0    0    0    0  160    0]
 [   4    0    0    0    0    0  200]]
Classification Report:
              precision    recall  f1-score   support

           0       0.95      0.95      0.95      2099
           1       0.88      0.79      0.83       421
           2       0.75      0.92      0.82       328
           3       0.77      0.88      0.82       104
           4       0.99      0.75      0.85       156
           5       0.95      0.92      0.94       173
           6       0.95      0.98      0.97       204

    accuracy                           0.91      3485
   macro avg       0.89      0.88      0.88      3485
weighted avg       0.92      0.91      0.91      3485

[Epoch 48/200]Train Loss: 0.1740 Acc: 0.9334 | Val Loss: 0.2534 Acc: 0.9145
Confusion Matrix:
[[1952   50   49   18   21    5    4]
 [  30  362   27    0    1    0    1]
 [  15   31  281    0    1    0    0]
 [   7    3    0   86    8    0    0]
 [   1    0    0    4  151    0    0]
 [   9    0    0    0    2  162    0]
 [  11    0    0    0    0    0  193]]
Classification Report:
              precision    recall  f1-score   support

           0       0.96      0.93      0.95      2099
           1       0.81      0.86      0.84       421
           2       0.79      0.86      0.82       328
           3       0.80      0.83      0.81       104
           4       0.82      0.97      0.89       156
           5       0.97      0.94      0.95       173
           6       0.97      0.95      0.96       204

    accuracy                           0.91      3485
   macro avg       0.87      0.90      0.89      3485
weighted avg       0.92      0.91      0.92      3485

[Epoch 49/200]Train Loss: 0.1789 Acc: 0.9308 | Val Loss: 0.2321 Acc: 0.9145
Confusion Matrix:
[[2030   15   27    5   11    6    5]
 [  64  338   18    0    0    0    1]
 [  38   28  261    0    1    0    0]
 [  15    3    0   80    6    0    0]
 [   9    0    0   12  134    1    0]
 [  15    0    0    0    0  158    0]
 [   6    0    0    0    0    0  198]]
Classification Report:
              precision    recall  f1-score   support

           0       0.93      0.97      0.95      2099
           1       0.88      0.80      0.84       421
           2       0.85      0.80      0.82       328
           3       0.82      0.77      0.80       104
           4       0.88      0.86      0.87       156
           5       0.96      0.91      0.93       173
           6       0.97      0.97      0.97       204

    accuracy                           0.92      3485
   macro avg       0.90      0.87      0.88      3485
weighted avg       0.92      0.92      0.92      3485

[Epoch 50/200]Train Loss: 0.1744 Acc: 0.9342 | Val Loss: 0.2112 Acc: 0.9179
Confusion Matrix:
[[2007   15   24   21   10    2   20]
 [  61  334   25    0    0    0    1]
 [  57   16  255    0    0    0    0]
 [  10    1    0   92    1    0    0]
 [   7    0    0   28  121    0    0]
 [  20    0    0    0    0  153    0]
 [   0    0    0    1    0    0  203]]
Classification Report:
              precision    recall  f1-score   support

           0       0.93      0.96      0.94      2099
           1       0.91      0.79      0.85       421
           2       0.84      0.78      0.81       328
           3       0.65      0.88      0.75       104
           4       0.92      0.78      0.84       156
           5       0.99      0.88      0.93       173
           6       0.91      1.00      0.95       204

    accuracy                           0.91      3485
   macro avg       0.88      0.87      0.87      3485
weighted avg       0.91      0.91      0.91      3485

[Epoch 51/200]Train Loss: 0.1738 Acc: 0.9325 | Val Loss: 0.2471 Acc: 0.9082
Confusion Matrix:
[[1999   39   26    8   20    2    5]
 [  36  368   17    0    0    0    0]
 [  32   25  271    0    0    0    0]
 [   8    2    0   91    3    0    0]
 [   5    0    0   13  138    0    0]
 [  16    0    0    0    3  154    0]
 [   9    0    0    1    0    0  194]]
Classification Report:
              precision    recall  f1-score   support

           0       0.95      0.95      0.95      2099
           1       0.85      0.87      0.86       421
           2       0.86      0.83      0.84       328
           3       0.81      0.88      0.84       104
           4       0.84      0.88      0.86       156
           5       0.99      0.89      0.94       173
           6       0.97      0.95      0.96       204

    accuracy                           0.92      3485
   macro avg       0.90      0.89      0.89      3485
weighted avg       0.92      0.92      0.92      3485

[Epoch 52/200]Train Loss: 0.1634 Acc: 0.9379 | Val Loss: 0.2184 Acc: 0.9225
Early stopping triggered.
Completed in 166.45 seconds.
+ Processing participant 0, task BA_LEFT_CLICK, trail 0
+ Processing participant 0, task BA_LEFT_CLICK, trail 1
+ Processing participant 0, task BA_LEFT_CLICK, trail 2
+ Processing participant 0, task BA_LEFT_CLICK, trail 3
+ Processing participant 0, task BA_LEFT_CLICK, trail 4
+ Processing participant 0, task BA_LEFT_CLICK, trail 5
+ Processing participant 0, task BA_LEFT_CLICK, trail 6
+ Processing participant 0, task BA_LEFT_CLICK, trail 7
+ Processing participant 0, task BA_LEFT_CLICK, trail 8
+ Processing participant 0, task BA_LEFT_CLICK, trail 9
+ Processing participant 0, task BA_RIGHT_CLICK, trail 0
+ Processing participant 0, task BA_RIGHT_CLICK, trail 1
+ Processing participant 0, task BA_RIGHT_CLICK, trail 2
+ Processing participant 0, task BA_RIGHT_CLICK, trail 3
+ Processing participant 0, task BA_RIGHT_CLICK, trail 4
+ Processing participant 0, task BA_RIGHT_CLICK, trail 5
+ Processing participant 0, task BA_RIGHT_CLICK, trail 6
+ Processing participant 0, task BA_RIGHT_CLICK, trail 7
+ Processing participant 0, task BA_RIGHT_CLICK, trail 8
+ Processing participant 0, task BA_RIGHT_CLICK, trail 9
+ Processing participant 0, task BA_SCROLL, trail 0
+ Processing participant 0, task BA_SCROLL, trail 1
+ Processing participant 0, task BA_SCROLL, trail 2
+ Processing participant 0, task BA_SCROLL, trail 3
+ Processing participant 0, task BA_SCROLL, trail 4
+ Processing participant 0, task DRAGGING, trail 0
+ Processing participant 0, task DRAGGING, trail 1
+ Processing participant 0, task DRAGGING, trail 2
+ Processing participant 0, task DRAGGING, trail 3
+ Processing participant 0, task DRAGGING, trail 4
+ Processing participant 0, task MENU_NAVIGATION, trail 0
+ Processing participant 0, task MENU_NAVIGATION, trail 1
+ Processing participant 0, task MENU_NAVIGATION, trail 2
+ Processing participant 0, task MENU_NAVIGATION, trail 3
+ Processing participant 0, task MENU_NAVIGATION, trail 4
+ Processing participant 0, task POINT_N_CLICK, trail 0
+ Processing participant 0, task POINT_N_CLICK, trail 1
+ Processing participant 0, task POINT_N_CLICK, trail 2
+ Processing participant 0, task POINT_N_CLICK, trail 3
+ Processing participant 0, task POINT_N_CLICK, trail 4
+ Processing participant 1, task BA_LEFT_CLICK, trail 0
+ Processing participant 1, task BA_LEFT_CLICK, trail 1
+ Processing participant 1, task BA_LEFT_CLICK, trail 2
+ Processing participant 1, task BA_LEFT_CLICK, trail 3
+ Processing participant 1, task BA_LEFT_CLICK, trail 4
+ Processing participant 1, task BA_LEFT_CLICK, trail 5
+ Processing participant 1, task BA_LEFT_CLICK, trail 6
+ Processing participant 1, task BA_LEFT_CLICK, trail 7
+ Processing participant 1, task BA_LEFT_CLICK, trail 8
+ Processing participant 1, task BA_LEFT_CLICK, trail 9
+ Processing participant 1, task BA_RIGHT_CLICK, trail 0
+ Processing participant 1, task BA_RIGHT_CLICK, trail 1
+ Processing participant 1, task BA_RIGHT_CLICK, trail 2
+ Processing participant 1, task BA_RIGHT_CLICK, trail 3
+ Processing participant 1, task BA_RIGHT_CLICK, trail 4
+ Processing participant 1, task BA_RIGHT_CLICK, trail 5
+ Processing participant 1, task BA_RIGHT_CLICK, trail 6
+ Processing participant 1, task BA_RIGHT_CLICK, trail 7
+ Processing participant 1, task BA_RIGHT_CLICK, trail 8
+ Processing participant 1, task BA_RIGHT_CLICK, trail 9
+ Processing participant 1, task BA_SCROLL, trail 0
+ Processing participant 1, task BA_SCROLL, trail 1
+ Processing participant 1, task BA_SCROLL, trail 2
+ Processing participant 1, task BA_SCROLL, trail 3
+ Processing participant 1, task BA_SCROLL, trail 4
+ Processing participant 1, task DRAGGING, trail 0
+ Processing participant 1, task DRAGGING, trail 1
+ Processing participant 1, task DRAGGING, trail 2
+ Processing participant 1, task DRAGGING, trail 3
+ Processing participant 1, task DRAGGING, trail 4
+ Processing participant 1, task MENU_NAVIGATION, trail 0
+ Processing participant 1, task MENU_NAVIGATION, trail 1
+ Processing participant 1, task MENU_NAVIGATION, trail 2
+ Processing participant 1, task MENU_NAVIGATION, trail 3
+ Processing participant 1, task MENU_NAVIGATION, trail 4
+ Processing participant 1, task POINT_N_CLICK, trail 0
+ Processing participant 1, task POINT_N_CLICK, trail 1
+ Processing participant 1, task POINT_N_CLICK, trail 2
+ Processing participant 1, task POINT_N_CLICK, trail 3
+ Processing participant 1, task POINT_N_CLICK, trail 4
+ Processing participant 2, task BA_LEFT_CLICK, trail 0
+ Processing participant 2, task BA_LEFT_CLICK, trail 1
+ Processing participant 2, task BA_LEFT_CLICK, trail 2
+ Processing participant 2, task BA_LEFT_CLICK, trail 3
+ Processing participant 2, task BA_LEFT_CLICK, trail 4
+ Processing participant 2, task BA_LEFT_CLICK, trail 5
+ Processing participant 2, task BA_LEFT_CLICK, trail 6
+ Processing participant 2, task BA_LEFT_CLICK, trail 7
+ Processing participant 2, task BA_LEFT_CLICK, trail 8
+ Processing participant 2, task BA_LEFT_CLICK, trail 9
+ Processing participant 2, task BA_RIGHT_CLICK, trail 0
+ Processing participant 2, task BA_RIGHT_CLICK, trail 1
+ Processing participant 2, task BA_RIGHT_CLICK, trail 2
+ Processing participant 2, task BA_RIGHT_CLICK, trail 3
+ Processing participant 2, task BA_RIGHT_CLICK, trail 4
+ Processing participant 2, task BA_RIGHT_CLICK, trail 5
+ Processing participant 2, task BA_RIGHT_CLICK, trail 6
+ Processing participant 2, task BA_RIGHT_CLICK, trail 7
+ Processing participant 2, task BA_RIGHT_CLICK, trail 8
+ Processing participant 2, task BA_RIGHT_CLICK, trail 9
+ Processing participant 2, task BA_SCROLL, trail 0
+ Processing participant 2, task BA_SCROLL, trail 1
+ Processing participant 2, task BA_SCROLL, trail 2
+ Processing participant 2, task BA_SCROLL, trail 3
+ Processing participant 2, task BA_SCROLL, trail 4
+ Processing participant 2, task DRAGGING, trail 0
+ Processing participant 2, task DRAGGING, trail 1
+ Processing participant 2, task DRAGGING, trail 2
+ Processing participant 2, task DRAGGING, trail 3
+ Processing participant 2, task DRAGGING, trail 4
+ Processing participant 2, task MENU_NAVIGATION, trail 0
+ Processing participant 2, task MENU_NAVIGATION, trail 1
+ Processing participant 2, task MENU_NAVIGATION, trail 2
+ Processing participant 2, task MENU_NAVIGATION, trail 3
+ Processing participant 2, task MENU_NAVIGATION, trail 4
+ Processing participant 2, task POINT_N_CLICK, trail 0
+ Processing participant 2, task POINT_N_CLICK, trail 1
+ Processing participant 2, task POINT_N_CLICK, trail 2
+ Processing participant 2, task POINT_N_CLICK, trail 3
+ Processing participant 2, task POINT_N_CLICK, trail 4
+ Processing participant 3, task BA_LEFT_CLICK, trail 0
+ Processing participant 3, task BA_LEFT_CLICK, trail 1
+ Processing participant 3, task BA_LEFT_CLICK, trail 2
+ Processing participant 3, task BA_LEFT_CLICK, trail 3
+ Processing participant 3, task BA_LEFT_CLICK, trail 4
+ Processing participant 3, task BA_LEFT_CLICK, trail 5
+ Processing participant 3, task BA_LEFT_CLICK, trail 6
+ Processing participant 3, task BA_LEFT_CLICK, trail 7
+ Processing participant 3, task BA_LEFT_CLICK, trail 8
+ Processing participant 3, task BA_LEFT_CLICK, trail 9
+ Processing participant 3, task BA_RIGHT_CLICK, trail 0
+ Processing participant 3, task BA_RIGHT_CLICK, trail 1
+ Processing participant 3, task BA_RIGHT_CLICK, trail 2
+ Processing participant 3, task BA_RIGHT_CLICK, trail 3
+ Processing participant 3, task BA_RIGHT_CLICK, trail 4
+ Processing participant 3, task BA_RIGHT_CLICK, trail 5
+ Processing participant 3, task BA_RIGHT_CLICK, trail 6
+ Processing participant 3, task BA_RIGHT_CLICK, trail 7
+ Processing participant 3, task BA_RIGHT_CLICK, trail 8
+ Processing participant 3, task BA_RIGHT_CLICK, trail 9
+ Processing participant 3, task BA_SCROLL, trail 0
+ Processing participant 3, task BA_SCROLL, trail 1
+ Processing participant 3, task BA_SCROLL, trail 2
+ Processing participant 3, task BA_SCROLL, trail 3
+ Processing participant 3, task BA_SCROLL, trail 4
+ Processing participant 3, task DRAGGING, trail 0
+ Processing participant 3, task DRAGGING, trail 1
+ Processing participant 3, task DRAGGING, trail 2
+ Processing participant 3, task DRAGGING, trail 3
+ Processing participant 3, task DRAGGING, trail 4
+ Processing participant 3, task MENU_NAVIGATION, trail 0
+ Processing participant 3, task MENU_NAVIGATION, trail 1
+ Processing participant 3, task MENU_NAVIGATION, trail 2
+ Processing participant 3, task MENU_NAVIGATION, trail 3
+ Processing participant 3, task MENU_NAVIGATION, trail 4
+ Processing participant 3, task POINT_N_CLICK, trail 0
+ Processing participant 3, task POINT_N_CLICK, trail 1
+ Processing participant 3, task POINT_N_CLICK, trail 2
+ Processing participant 3, task POINT_N_CLICK, trail 3
+ Processing participant 3, task POINT_N_CLICK, trail 4
> Dataset shape: torch.Size([17424, 6, 12, 3]), torch.Size([17424])
Start training script: Sat Nov 22 20:22:36 2025
> Loaded dataset shape: torch.Size([17424, 6, 12, 3]), torch.Size([17424])
Using device: cpu
+ Start training GTCN.
Train size: 13939, Val size: 3485
Confusion Matrix:
[[2019    0    0    0    0    0   92]
 [ 390    0    0    0    0    0    0]
 [ 342    0    0    0    0    0    0]
 [  89    0    0    0    0    0   12]
 [ 149    0    0    0    0    0   22]
 [ 137    0    0    0    0    0   25]
 [ 168    0    0    0    0    0   40]]
Classification Report:
/Users/bobch/Desktop/course/aircursor/.venv/lib/python3.12/site-packages/sklearn/metrics/_classification.py:1731: UndefinedMetricWarning: Precision is ill-defined and being set to 0.0 in labels with no predicted samples. Use `zero_division` parameter to control this behavior.
  _warn_prf(average, modifier, f"{metric.capitalize()} is", result.shape[0])
/Users/bobch/Desktop/course/aircursor/.venv/lib/python3.12/site-packages/sklearn/metrics/_classification.py:1731: UndefinedMetricWarning: Precision is ill-defined and being set to 0.0 in labels with no predicted samples. Use `zero_division` parameter to control this behavior.
  _warn_prf(average, modifier, f"{metric.capitalize()} is", result.shape[0])
/Users/bobch/Desktop/course/aircursor/.venv/lib/python3.12/site-packages/sklearn/metrics/_classification.py:1731: UndefinedMetricWarning: Precision is ill-defined and being set to 0.0 in labels with no predicted samples. Use `zero_division` parameter to control this behavior.
  _warn_prf(average, modifier, f"{metric.capitalize()} is", result.shape[0])
              precision    recall  f1-score   support

           0       0.61      0.96      0.75      2111
           1       0.00      0.00      0.00       390
           2       0.00      0.00      0.00       342
           3       0.00      0.00      0.00       101
           4       0.00      0.00      0.00       171
           5       0.00      0.00      0.00       162
           6       0.21      0.19      0.20       208

    accuracy                           0.59      3485
   macro avg       0.12      0.16      0.14      3485
weighted avg       0.38      0.59      0.46      3485

[Epoch 1/200]Train Loss: 1.2543 Acc: 0.6023 | Val Loss: 1.1108 Acc: 0.5908
Confusion Matrix:
[[2006   37   68    0    0    0    0]
 [ 313   17   60    0    0    0    0]
 [ 223    5  114    0    0    0    0]
 [  99    0    2    0    0    0    0]
 [ 167    0    4    0    0    0    0]
 [ 162    0    0    0    0    0    0]
 [ 208    0    0    0    0    0    0]]
Classification Report:
/Users/bobch/Desktop/course/aircursor/.venv/lib/python3.12/site-packages/sklearn/metrics/_classification.py:1731: UndefinedMetricWarning: Precision is ill-defined and being set to 0.0 in labels with no predicted samples. Use `zero_division` parameter to control this behavior.
  _warn_prf(average, modifier, f"{metric.capitalize()} is", result.shape[0])
/Users/bobch/Desktop/course/aircursor/.venv/lib/python3.12/site-packages/sklearn/metrics/_classification.py:1731: UndefinedMetricWarning: Precision is ill-defined and being set to 0.0 in labels with no predicted samples. Use `zero_division` parameter to control this behavior.
  _warn_prf(average, modifier, f"{metric.capitalize()} is", result.shape[0])
/Users/bobch/Desktop/course/aircursor/.venv/lib/python3.12/site-packages/sklearn/metrics/_classification.py:1731: UndefinedMetricWarning: Precision is ill-defined and being set to 0.0 in labels with no predicted samples. Use `zero_division` parameter to control this behavior.
  _warn_prf(average, modifier, f"{metric.capitalize()} is", result.shape[0])
              precision    recall  f1-score   support

           0       0.63      0.95      0.76      2111
           1       0.29      0.04      0.08       390
           2       0.46      0.33      0.39       342
           3       0.00      0.00      0.00       101
           4       0.00      0.00      0.00       171
           5       0.00      0.00      0.00       162
           6       0.00      0.00      0.00       208

    accuracy                           0.61      3485
   macro avg       0.20      0.19      0.17      3485
weighted avg       0.46      0.61      0.51      3485

[Epoch 2/200]Train Loss: 0.9635 Acc: 0.6085 | Val Loss: 0.9243 Acc: 0.6132
Confusion Matrix:
[[1826   43   39    0   11  192    0]
 [ 286   31   63    0    7    3    0]
 [ 215    5  116    0    6    0    0]
 [  71    0    1    0    3   26    0]
 [  86    0    0    0   13   72    0]
 [   4    0    0    0    0  158    0]
 [  10    0    0    0    0  198    0]]
Classification Report:
/Users/bobch/Desktop/course/aircursor/.venv/lib/python3.12/site-packages/sklearn/metrics/_classification.py:1731: UndefinedMetricWarning: Precision is ill-defined and being set to 0.0 in labels with no predicted samples. Use `zero_division` parameter to control this behavior.
  _warn_prf(average, modifier, f"{metric.capitalize()} is", result.shape[0])
/Users/bobch/Desktop/course/aircursor/.venv/lib/python3.12/site-packages/sklearn/metrics/_classification.py:1731: UndefinedMetricWarning: Precision is ill-defined and being set to 0.0 in labels with no predicted samples. Use `zero_division` parameter to control this behavior.
  _warn_prf(average, modifier, f"{metric.capitalize()} is", result.shape[0])
/Users/bobch/Desktop/course/aircursor/.venv/lib/python3.12/site-packages/sklearn/metrics/_classification.py:1731: UndefinedMetricWarning: Precision is ill-defined and being set to 0.0 in labels with no predicted samples. Use `zero_division` parameter to control this behavior.
  _warn_prf(average, modifier, f"{metric.capitalize()} is", result.shape[0])
              precision    recall  f1-score   support

           0       0.73      0.86      0.79      2111
           1       0.39      0.08      0.13       390
           2       0.53      0.34      0.41       342
           3       0.00      0.00      0.00       101
           4       0.33      0.08      0.12       171
           5       0.24      0.98      0.39       162
           6       0.00      0.00      0.00       208

    accuracy                           0.62      3485
   macro avg       0.32      0.33      0.26      3485
weighted avg       0.57      0.62      0.56      3485

[Epoch 3/200]Train Loss: 0.8734 Acc: 0.6246 | Val Loss: 0.8986 Acc: 0.6152
Confusion Matrix:
[[1749  185   93    0   11   16   57]
 [ 112  202   73    0    2    0    1]
 [ 107   63  172    0    0    0    0]
 [  59    0    2    8   26    3    3]
 [  71    0    3    3   75   11    8]
 [  73    0    0    0    1   59   29]
 [ 125    0    0    0   13   21   49]]
Classification Report:
              precision    recall  f1-score   support

           0       0.76      0.83      0.79      2111
           1       0.45      0.52      0.48       390
           2       0.50      0.50      0.50       342
           3       0.73      0.08      0.14       101
           4       0.59      0.44      0.50       171
           5       0.54      0.36      0.43       162
           6       0.33      0.24      0.28       208

    accuracy                           0.66      3485
   macro avg       0.56      0.42      0.45      3485
weighted avg       0.66      0.66      0.65      3485

[Epoch 4/200]Train Loss: 0.8264 Acc: 0.6422 | Val Loss: 0.7836 Acc: 0.6640
Confusion Matrix:
[[1854   14    8   10   36   70  119]
 [ 218  117   52    1    1    1    0]
 [ 195   37  109    0    1    0    0]
 [  36    0    0   38   14    0   13]
 [  20    0    0   22  100   25    4]
 [   7    0    0    0   10  132   13]
 [   2    0    0    4    6    0  196]]
Classification Report:
              precision    recall  f1-score   support

           0       0.80      0.88      0.83      2111
           1       0.70      0.30      0.42       390
           2       0.64      0.32      0.43       342
           3       0.51      0.38      0.43       101
           4       0.60      0.58      0.59       171
           5       0.58      0.81      0.68       162
           6       0.57      0.94      0.71       208

    accuracy                           0.73      3485
   macro avg       0.63      0.60      0.58      3485
weighted avg       0.73      0.73      0.71      3485

[Epoch 5/200]Train Loss: 0.7421 Acc: 0.6947 | Val Loss: 0.7006 Acc: 0.7306
Confusion Matrix:
[[1983   20   34    1   29    9   35]
 [ 174  169   44    0    3    0    0]
 [ 150   16  172    0    4    0    0]
 [  34    1    2   38   17    0    9]
 [  24    0    1   16  125    5    0]
 [   8    0    0    0    5  149    0]
 [   5    0    0    6    2    0  195]]
Classification Report:
              precision    recall  f1-score   support

           0       0.83      0.94      0.88      2111
           1       0.82      0.43      0.57       390
           2       0.68      0.50      0.58       342
           3       0.62      0.38      0.47       101
           4       0.68      0.73      0.70       171
           5       0.91      0.92      0.92       162
           6       0.82      0.94      0.87       208

    accuracy                           0.81      3485
   macro avg       0.77      0.69      0.71      3485
weighted avg       0.81      0.81      0.80      3485

[Epoch 6/200]Train Loss: 0.5521 Acc: 0.7925 | Val Loss: 0.4786 Acc: 0.8123
Confusion Matrix:
[[1979   61   50    9    4    0    8]
 [  82  246   62    0    0    0    0]
 [  89   28  222    0    3    0    0]
 [  30    2    2   66    1    0    0]
 [  39    0    1   28  103    0    0]
 [  23    0    0    0    5  134    0]
 [  30    0    0    7    2    0  169]]
Classification Report:
              precision    recall  f1-score   support

           0       0.87      0.94      0.90      2111
           1       0.73      0.63      0.68       390
           2       0.66      0.65      0.65       342
           3       0.60      0.65      0.63       101
           4       0.87      0.60      0.71       171
           5       1.00      0.83      0.91       162
           6       0.95      0.81      0.88       208

    accuracy                           0.84      3485
   macro avg       0.81      0.73      0.77      3485
weighted avg       0.84      0.84      0.83      3485

[Epoch 7/200]Train Loss: 0.4602 Acc: 0.8252 | Val Loss: 0.4218 Acc: 0.8376
Confusion Matrix:
[[1994   50   17   12    7    0   31]
 [  79  285   26    0    0    0    0]
 [ 113   45  180    0    4    0    0]
 [  32    1    0   65    3    0    0]
 [  34    0    0   19  118    0    0]
 [  17    0    0    0    2  143    0]
 [   5    0    0    2    2    0  199]]
Classification Report:
              precision    recall  f1-score   support

           0       0.88      0.94      0.91      2111
           1       0.75      0.73      0.74       390
           2       0.81      0.53      0.64       342
           3       0.66      0.64      0.65       101
           4       0.87      0.69      0.77       171
           5       1.00      0.88      0.94       162
           6       0.87      0.96      0.91       208

    accuracy                           0.86      3485
   macro avg       0.83      0.77      0.79      3485
weighted avg       0.85      0.86      0.85      3485

[Epoch 8/200]Train Loss: 0.4261 Acc: 0.8376 | Val Loss: 0.3891 Acc: 0.8562
Confusion Matrix:
[[1981   48   40    4    8    0   30]
 [  66  294   30    0    0    0    0]
 [  80   30  229    0    3    0    0]
 [  24    2    2   68    5    0    0]
 [  29    0    0   17  125    0    0]
 [  22    0    0    0    2  138    0]
 [   2    0    0    1    0    0  205]]
Classification Report:
              precision    recall  f1-score   support

           0       0.90      0.94      0.92      2111
           1       0.79      0.75      0.77       390
           2       0.76      0.67      0.71       342
           3       0.76      0.67      0.71       101
           4       0.87      0.73      0.80       171
           5       1.00      0.85      0.92       162
           6       0.87      0.99      0.93       208

    accuracy                           0.87      3485
   macro avg       0.85      0.80      0.82      3485
weighted avg       0.87      0.87      0.87      3485

[Epoch 9/200]Train Loss: 0.3991 Acc: 0.8503 | Val Loss: 0.3542 Acc: 0.8723
Confusion Matrix:
[[1910   69   94    5   10   18    5]
 [  68  282   39    0    0    1    0]
 [  65   26  249    0    2    0    0]
 [  31    2    4   51   13    0    0]
 [  28    0    2    7  127    7    0]
 [   1    0    0    0    0  161    0]
 [  12    0    0    0    0    0  196]]
Classification Report:
              precision    recall  f1-score   support

           0       0.90      0.90      0.90      2111
           1       0.74      0.72      0.73       390
           2       0.64      0.73      0.68       342
           3       0.81      0.50      0.62       101
           4       0.84      0.74      0.79       171
           5       0.86      0.99      0.92       162
           6       0.98      0.94      0.96       208

    accuracy                           0.85      3485
   macro avg       0.82      0.79      0.80      3485
weighted avg       0.86      0.85      0.85      3485

[Epoch 10/200]Train Loss: 0.3768 Acc: 0.8549 | Val Loss: 0.3757 Acc: 0.8539
Confusion Matrix:
[[1993   25   52    2    5    1   33]
 [  94  254   42    0    0    0    0]
 [  71   20  247    0    4    0    0]
 [  39    0    0   45   15    0    2]
 [  28    0    0   10  133    0    0]
 [  11    0    0    0    1  150    0]
 [   4    0    0    0    2    0  202]]
Classification Report:
              precision    recall  f1-score   support

           0       0.89      0.94      0.92      2111
           1       0.85      0.65      0.74       390
           2       0.72      0.72      0.72       342
           3       0.79      0.45      0.57       101
           4       0.83      0.78      0.80       171
           5       0.99      0.93      0.96       162
           6       0.85      0.97      0.91       208

    accuracy                           0.87      3485
   macro avg       0.85      0.78      0.80      3485
weighted avg       0.87      0.87      0.86      3485

[Epoch 11/200]Train Loss: 0.3624 Acc: 0.8614 | Val Loss: 0.3502 Acc: 0.8677
Confusion Matrix:
[[2030   23   15    4    5    0   34]
 [ 121  250   19    0    0    0    0]
 [ 130   25  184    0    3    0    0]
 [  29    2    0   63    5    0    2]
 [  30    0    0   22  119    0    0]
 [  26    0    0    0    0  136    0]
 [   2    0    0    0    0    0  206]]
Classification Report:
              precision    recall  f1-score   support

           0       0.86      0.96      0.91      2111
           1       0.83      0.64      0.72       390
           2       0.84      0.54      0.66       342
           3       0.71      0.62      0.66       101
           4       0.90      0.70      0.79       171
           5       1.00      0.84      0.91       162
           6       0.85      0.99      0.92       208

    accuracy                           0.86      3485
   macro avg       0.86      0.76      0.80      3485
weighted avg       0.86      0.86      0.85      3485

[Epoch 12/200]Train Loss: 0.3451 Acc: 0.8693 | Val Loss: 0.3735 Acc: 0.8574
Confusion Matrix:
[[1993   25   54    4   23    7    5]
 [  83  283   24    0    0    0    0]
 [  76   31  231    0    4    0    0]
 [  26    0    0   51   24    0    0]
 [  18    0    0    5  148    0    0]
 [  12    0    0    0    2  148    0]
 [  10    0    0    2    2    0  194]]
Classification Report:
              precision    recall  f1-score   support

           0       0.90      0.94      0.92      2111
           1       0.83      0.73      0.78       390
           2       0.75      0.68      0.71       342
           3       0.82      0.50      0.63       101
           4       0.73      0.87      0.79       171
           5       0.95      0.91      0.93       162
           6       0.97      0.93      0.95       208

    accuracy                           0.87      3485
   macro avg       0.85      0.79      0.82      3485
weighted avg       0.87      0.87      0.87      3485

[Epoch 13/200]Train Loss: 0.3470 Acc: 0.8679 | Val Loss: 0.3267 Acc: 0.8746
Confusion Matrix:
[[2046   17   23    5   11    3    6]
 [  88  277   25    0    0    0    0]
 [  88   33  219    0    2    0    0]
 [  24    0    0   72    5    0    0]
 [  21    0    0   24  126    0    0]
 [   5    0    0    0    0  157    0]
 [  10    0    0    0    0    0  198]]
Classification Report:
              precision    recall  f1-score   support

           0       0.90      0.97      0.93      2111
           1       0.85      0.71      0.77       390
           2       0.82      0.64      0.72       342
           3       0.71      0.71      0.71       101
           4       0.88      0.74      0.80       171
           5       0.98      0.97      0.98       162
           6       0.97      0.95      0.96       208

    accuracy                           0.89      3485
   macro avg       0.87      0.81      0.84      3485
weighted avg       0.89      0.89      0.88      3485

[Epoch 14/200]Train Loss: 0.3292 Acc: 0.8778 | Val Loss: 0.3090 Acc: 0.8881
Confusion Matrix:
[[2015   30   43    2    4   14    3]
 [ 110  220   60    0    0    0    0]
 [  93    8  237    0    4    0    0]
 [  29    0    0   60   12    0    0]
 [  31    0    0   10  130    0    0]
 [   5    0    0    0    0  157    0]
 [  28    0    0    2    2    0  176]]
Classification Report:
              precision    recall  f1-score   support

           0       0.87      0.95      0.91      2111
           1       0.85      0.56      0.68       390
           2       0.70      0.69      0.70       342
           3       0.81      0.59      0.69       101
           4       0.86      0.76      0.80       171
           5       0.92      0.97      0.94       162
           6       0.98      0.85      0.91       208

    accuracy                           0.86      3485
   macro avg       0.86      0.77      0.80      3485
weighted avg       0.86      0.86      0.85      3485

[Epoch 15/200]Train Loss: 0.3245 Acc: 0.8766 | Val Loss: 0.3603 Acc: 0.8594
Confusion Matrix:
[[2039   22   39    3    3    2    3]
 [  79  259   52    0    0    0    0]
 [  85   17  240    0    0    0    0]
 [  29    1    4   49   18    0    0]
 [  29    0    0    9  131    2    0]
 [   4    0    0    0    0  158    0]
 [  15    0    0    0    0    0  193]]
Classification Report:
              precision    recall  f1-score   support

           0       0.89      0.97      0.93      2111
           1       0.87      0.66      0.75       390
           2       0.72      0.70      0.71       342
           3       0.80      0.49      0.60       101
           4       0.86      0.77      0.81       171
           5       0.98      0.98      0.98       162
           6       0.98      0.93      0.96       208

    accuracy                           0.88      3485
   macro avg       0.87      0.78      0.82      3485
weighted avg       0.88      0.88      0.88      3485

[Epoch 16/200]Train Loss: 0.3095 Acc: 0.8818 | Val Loss: 0.3053 Acc: 0.8806
Confusion Matrix:
[[1985   29   38    6   15    5   33]
 [  80  276   34    0    0    0    0]
 [  80   25  236    0    1    0    0]
 [  15    1    1   66   17    0    1]
 [  17    0    0    8  146    0    0]
 [   3    0    0    0    0  159    0]
 [   3    0    0    0    0    0  205]]
Classification Report:
              precision    recall  f1-score   support

           0       0.91      0.94      0.92      2111
           1       0.83      0.71      0.77       390
           2       0.76      0.69      0.73       342
           3       0.82      0.65      0.73       101
           4       0.82      0.85      0.83       171
           5       0.97      0.98      0.98       162
           6       0.86      0.99      0.92       208

    accuracy                           0.88      3485
   macro avg       0.85      0.83      0.84      3485
weighted avg       0.88      0.88      0.88      3485

[Epoch 17/200]Train Loss: 0.3044 Acc: 0.8843 | Val Loss: 0.3143 Acc: 0.8818
Confusion Matrix:
[[1995   33   39    9   23    7    5]
 [  61  313   16    0    0    0    0]
 [  65   40  231    0    6    0    0]
 [  19    5    1   65   11    0    0]
 [  12    0    0   10  149    0    0]
 [   4    0    0    0    0  158    0]
 [  22    0    0    0    0    0  186]]
Classification Report:
              precision    recall  f1-score   support

           0       0.92      0.95      0.93      2111
           1       0.80      0.80      0.80       390
           2       0.80      0.68      0.73       342
           3       0.77      0.64      0.70       101
           4       0.79      0.87      0.83       171
           5       0.96      0.98      0.97       162
           6       0.97      0.89      0.93       208

    accuracy                           0.89      3485
   macro avg       0.86      0.83      0.84      3485
weighted avg       0.89      0.89      0.89      3485

[Epoch 18/200]Train Loss: 0.3051 Acc: 0.8823 | Val Loss: 0.2991 Acc: 0.8887
Confusion Matrix:
[[1978   31   51    7   13    3   28]
 [  55  306   29    0    0    0    0]
 [  76   29  237    0    0    0    0]
 [  15    3    2   79    2    0    0]
 [  16    0    0   29  126    0    0]
 [   4    0    0    0    1  157    0]
 [   2    0    0    0    0    0  206]]
Classification Report:
              precision    recall  f1-score   support

           0       0.92      0.94      0.93      2111
           1       0.83      0.78      0.81       390
           2       0.74      0.69      0.72       342
           3       0.69      0.78      0.73       101
           4       0.89      0.74      0.81       171
           5       0.98      0.97      0.98       162
           6       0.88      0.99      0.93       208

    accuracy                           0.89      3485
   macro avg       0.85      0.84      0.84      3485
weighted avg       0.89      0.89      0.89      3485

[Epoch 19/200]Train Loss: 0.2938 Acc: 0.8859 | Val Loss: 0.3016 Acc: 0.8864
Confusion Matrix:
[[1958   65   63    6   15    0    4]
 [  23  341   26    0    0    0    0]
 [  59   29  254    0    0    0    0]
 [  12    2    2   74   11    0    0]
 [  13    0    0    8  150    0    0]
 [   8    0    0    0    3  151    0]
 [   9    0    0    1    2    0  196]]
Classification Report:
              precision    recall  f1-score   support

           0       0.94      0.93      0.93      2111
           1       0.78      0.87      0.82       390
           2       0.74      0.74      0.74       342
           3       0.83      0.73      0.78       101
           4       0.83      0.88      0.85       171
           5       1.00      0.93      0.96       162
           6       0.98      0.94      0.96       208

    accuracy                           0.90      3485
   macro avg       0.87      0.86      0.86      3485
weighted avg       0.90      0.90      0.90      3485

[Epoch 20/200]Train Loss: 0.2894 Acc: 0.8905 | Val Loss: 0.2807 Acc: 0.8964
Confusion Matrix:
[[2041    8   40    4    7    7    4]
 [ 102  227   61    0    0    0    0]
 [  74    9  259    0    0    0    0]
 [  22    0    3   70    6    0    0]
 [  15    0    1   17  137    1    0]
 [  10    0    0    0    0  152    0]
 [  17    0    0    0    0    0  191]]
Classification Report:
              precision    recall  f1-score   support

           0       0.89      0.97      0.93      2111
           1       0.93      0.58      0.72       390
           2       0.71      0.76      0.73       342
           3       0.77      0.69      0.73       101
           4       0.91      0.80      0.85       171
           5       0.95      0.94      0.94       162
           6       0.98      0.92      0.95       208

    accuracy                           0.88      3485
   macro avg       0.88      0.81      0.84      3485
weighted avg       0.89      0.88      0.88      3485

[Epoch 21/200]Train Loss: 0.2787 Acc: 0.8948 | Val Loss: 0.3025 Acc: 0.8829
Confusion Matrix:
[[2030   27   28    7    8    0   11]
 [  51  312   26    1    0    0    0]
 [  66   27  249    0    0    0    0]
 [   8    2    3   78   10    0    0]
 [  20    0    0   12  139    0    0]
 [  19    0    0    0    1  142    0]
 [   4    0    0    0    0    0  204]]
Classification Report:
              precision    recall  f1-score   support

           0       0.92      0.96      0.94      2111
           1       0.85      0.80      0.82       390
           2       0.81      0.73      0.77       342
           3       0.80      0.77      0.78       101
           4       0.88      0.81      0.84       171
           5       1.00      0.88      0.93       162
           6       0.95      0.98      0.96       208

    accuracy                           0.91      3485
   macro avg       0.89      0.85      0.87      3485
weighted avg       0.90      0.91      0.90      3485

[Epoch 22/200]Train Loss: 0.2736 Acc: 0.8944 | Val Loss: 0.2552 Acc: 0.9050
Confusion Matrix:
[[2047   20   16   10    9    0    9]
 [  59  314   17    0    0    0    0]
 [  88   39  215    0    0    0    0]
 [  21    2    0   76    2    0    0]
 [  25    0    0   27  119    0    0]
 [  18    0    0    0    5  139    0]
 [  17    0    0    2    1    0  188]]
Classification Report:
              precision    recall  f1-score   support

           0       0.90      0.97      0.93      2111
           1       0.84      0.81      0.82       390
           2       0.87      0.63      0.73       342
           3       0.66      0.75      0.70       101
           4       0.88      0.70      0.78       171
           5       1.00      0.86      0.92       162
           6       0.95      0.90      0.93       208

    accuracy                           0.89      3485
   macro avg       0.87      0.80      0.83      3485
weighted avg       0.89      0.89      0.89      3485

[Epoch 23/200]Train Loss: 0.2695 Acc: 0.8963 | Val Loss: 0.2917 Acc: 0.8890
Confusion Matrix:
[[1968   95   23    3    4   13    5]
 [  33  348    9    0    0    0    0]
 [  62   68  212    0    0    0    0]
 [  28    7    1   47   17    0    1]
 [  29    0    0    6  131    5    0]
 [   0    0    0    0    0  162    0]
 [  10    0    0    0    0    0  198]]
Classification Report:
              precision    recall  f1-score   support

           0       0.92      0.93      0.93      2111
           1       0.67      0.89      0.77       390
           2       0.87      0.62      0.72       342
           3       0.84      0.47      0.60       101
           4       0.86      0.77      0.81       171
           5       0.90      1.00      0.95       162
           6       0.97      0.95      0.96       208

    accuracy                           0.88      3485
   macro avg       0.86      0.80      0.82      3485
weighted avg       0.89      0.88      0.88      3485

[Epoch 24/200]Train Loss: 0.2655 Acc: 0.8983 | Val Loss: 0.3152 Acc: 0.8798
Confusion Matrix:
[[1994   41   20    7   11    3   35]
 [  39  339   12    0    0    0    0]
 [  60   50  232    0    0    0    0]
 [  15    3    0   73   10    0    0]
 [  18    0    0   11  142    0    0]
 [   5    0    0    0    2  155    0]
 [   1    0    0    0    2    0  205]]
Classification Report:
              precision    recall  f1-score   support

           0       0.94      0.94      0.94      2111
           1       0.78      0.87      0.82       390
           2       0.88      0.68      0.77       342
           3       0.80      0.72      0.76       101
           4       0.85      0.83      0.84       171
           5       0.98      0.96      0.97       162
           6       0.85      0.99      0.92       208

    accuracy                           0.90      3485
   macro avg       0.87      0.86      0.86      3485
weighted avg       0.90      0.90      0.90      3485

[Epoch 25/200]Train Loss: 0.2624 Acc: 0.8988 | Val Loss: 0.2657 Acc: 0.9010
Confusion Matrix:
[[2017   17   32   10   12   13   10]
 [  56  299   35    0    0    0    0]
 [  56   24  261    0    1    0    0]
 [  14    1    3   74    9    0    0]
 [  16    0    0    9  145    1    0]
 [   1    0    0    0    0  161    0]
 [   5    0    0    0    0    0  203]]
Classification Report:
              precision    recall  f1-score   support

           0       0.93      0.96      0.94      2111
           1       0.88      0.77      0.82       390
           2       0.79      0.76      0.78       342
           3       0.80      0.73      0.76       101
           4       0.87      0.85      0.86       171
           5       0.92      0.99      0.96       162
           6       0.95      0.98      0.96       208

    accuracy                           0.91      3485
   macro avg       0.88      0.86      0.87      3485
weighted avg       0.91      0.91      0.91      3485

[Epoch 26/200]Train Loss: 0.2524 Acc: 0.9031 | Val Loss: 0.2404 Acc: 0.9067
Confusion Matrix:
[[2050   10   20    8   10    7    6]
 [  79  282   28    1    0    0    0]
 [  67   17  258    0    0    0    0]
 [  13    1    0   79    8    0    0]
 [  18    0    0   15  138    0    0]
 [   4    0    0    0    0  158    0]
 [  13    0    0    0    0    0  195]]
Classification Report:
              precision    recall  f1-score   support

           0       0.91      0.97      0.94      2111
           1       0.91      0.72      0.81       390
           2       0.84      0.75      0.80       342
           3       0.77      0.78      0.77       101
           4       0.88      0.81      0.84       171
           5       0.96      0.98      0.97       162
           6       0.97      0.94      0.95       208

    accuracy                           0.91      3485
   macro avg       0.89      0.85      0.87      3485
weighted avg       0.91      0.91      0.90      3485

[Epoch 27/200]Train Loss: 0.2469 Acc: 0.9045 | Val Loss: 0.2468 Acc: 0.9067
Confusion Matrix:
[[1998   31   33    3    9    6   31]
 [  41  324   25    0    0    0    0]
 [  46   34  262    0    0    0    0]
 [  22    2    1   68    8    0    0]
 [  26    0    0   10  135    0    0]
 [   7    0    0    0    0  155    0]
 [   0    1    0    0    0    0  207]]
Classification Report:
              precision    recall  f1-score   support

           0       0.93      0.95      0.94      2111
           1       0.83      0.83      0.83       390
           2       0.82      0.77      0.79       342
           3       0.84      0.67      0.75       101
           4       0.89      0.79      0.84       171
           5       0.96      0.96      0.96       162
           6       0.87      1.00      0.93       208

    accuracy                           0.90      3485
   macro avg       0.88      0.85      0.86      3485
weighted avg       0.90      0.90      0.90      3485

[Epoch 28/200]Train Loss: 0.2448 Acc: 0.9051 | Val Loss: 0.2465 Acc: 0.9036
Confusion Matrix:
[[2021   29   22    6   13   18    2]
 [  66  308   16    0    0    0    0]
 [  78   35  229    0    0    0    0]
 [  18    2    0   71   10    0    0]
 [  21    0    0    7  141    2    0]
 [   1    0    0    0    0  161    0]
 [  20    0    0    0    0    0  188]]
Classification Report:
              precision    recall  f1-score   support

           0       0.91      0.96      0.93      2111
           1       0.82      0.79      0.81       390
           2       0.86      0.67      0.75       342
           3       0.85      0.70      0.77       101
           4       0.86      0.82      0.84       171
           5       0.89      0.99      0.94       162
           6       0.99      0.90      0.94       208

    accuracy                           0.89      3485
   macro avg       0.88      0.83      0.85      3485
weighted avg       0.89      0.89      0.89      3485

[Epoch 29/200]Train Loss: 0.2453 Acc: 0.9035 | Val Loss: 0.2704 Acc: 0.8950
Confusion Matrix:
[[2028   38   16   13    7    0    9]
 [  37  339   14    0    0    0    0]
 [  71   46  225    0    0    0    0]
 [   7    3    1   90    0    0    0]
 [  17    0    0   28  126    0    0]
 [  17    0    0    0    1  144    0]
 [   2    0    0    0    0    0  206]]
Classification Report:
              precision    recall  f1-score   support

           0       0.93      0.96      0.95      2111
           1       0.80      0.87      0.83       390
           2       0.88      0.66      0.75       342
           3       0.69      0.89      0.78       101
           4       0.94      0.74      0.83       171
           5       1.00      0.89      0.94       162
           6       0.96      0.99      0.97       208

    accuracy                           0.91      3485
   macro avg       0.88      0.86      0.86      3485
weighted avg       0.91      0.91      0.90      3485

[Epoch 30/200]Train Loss: 0.2432 Acc: 0.9047 | Val Loss: 0.2565 Acc: 0.9062
Confusion Matrix:
[[2048    5   13    7   12   19    7]
 [  86  281   23    0    0    0    0]
 [  80   20  241    0    1    0    0]
 [  16    0    0   75   10    0    0]
 [  12    0    0   12  143    4    0]
 [   1    0    0    0    0  161    0]
 [   8    0    0    0    0    0  200]]
Classification Report:
              precision    recall  f1-score   support

           0       0.91      0.97      0.94      2111
           1       0.92      0.72      0.81       390
           2       0.87      0.70      0.78       342
           3       0.80      0.74      0.77       101
           4       0.86      0.84      0.85       171
           5       0.88      0.99      0.93       162
           6       0.97      0.96      0.96       208

    accuracy                           0.90      3485
   macro avg       0.89      0.85      0.86      3485
weighted avg       0.90      0.90      0.90      3485

[Epoch 31/200]Train Loss: 0.2266 Acc: 0.9124 | Val Loss: 0.2601 Acc: 0.9036
Confusion Matrix:
[[1963   27   63    4    8    4   42]
 [  36  340   13    0    0    0    1]
 [  40   36  266    0    0    0    0]
 [  12    0    1   69   19    0    0]
 [  16    0    0    7  148    0    0]
 [   5    0    0    0    1  156    0]
 [   0    0    0    0    0    0  208]]
Classification Report:
              precision    recall  f1-score   support

           0       0.95      0.93      0.94      2111
           1       0.84      0.87      0.86       390
           2       0.78      0.78      0.78       342
           3       0.86      0.68      0.76       101
           4       0.84      0.87      0.85       171
           5       0.97      0.96      0.97       162
           6       0.83      1.00      0.91       208

    accuracy                           0.90      3485
   macro avg       0.87      0.87      0.87      3485
weighted avg       0.91      0.90      0.90      3485

[Epoch 32/200]Train Loss: 0.2294 Acc: 0.9095 | Val Loss: 0.2441 Acc: 0.9039
Confusion Matrix:
[[2021   19   24    8    7    8   24]
 [  34  332   23    1    0    0    0]
 [  63   23  256    0    0    0    0]
 [  15    0    0   77    8    0    1]
 [  16    0    0   11  144    0    0]
 [   2    0    0    0    0  160    0]
 [   3    0    0    0    0    0  205]]
Classification Report:
              precision    recall  f1-score   support

           0       0.94      0.96      0.95      2111
           1       0.89      0.85      0.87       390
           2       0.84      0.75      0.79       342
           3       0.79      0.76      0.78       101
           4       0.91      0.84      0.87       171
           5       0.95      0.99      0.97       162
           6       0.89      0.99      0.94       208

    accuracy                           0.92      3485
   macro avg       0.89      0.88      0.88      3485
weighted avg       0.92      0.92      0.92      3485

[Epoch 33/200]Train Loss: 0.2098 Acc: 0.9162 | Val Loss: 0.2156 Acc: 0.9168
Confusion Matrix:
[[1961   73   29    9    6    2   31]
 [  26  358    6    0    0    0    0]
 [  46   56  240    0    0    0    0]
 [  11    4    0   84    2    0    0]
 [  20    0    0   30  120    1    0]
 [   9    0    0    0    0  153    0]
 [   1    0    0    0    0    0  207]]
Classification Report:
              precision    recall  f1-score   support

           0       0.95      0.93      0.94      2111
           1       0.73      0.92      0.81       390
           2       0.87      0.70      0.78       342
           3       0.68      0.83      0.75       101
           4       0.94      0.70      0.80       171
           5       0.98      0.94      0.96       162
           6       0.87      1.00      0.93       208

    accuracy                           0.90      3485
   macro avg       0.86      0.86      0.85      3485
weighted avg       0.90      0.90      0.90      3485

[Epoch 34/200]Train Loss: 0.2247 Acc: 0.9131 | Val Loss: 0.2668 Acc: 0.8961
Confusion Matrix:
[[2001   59   18    4   21    8    0]
 [  60  313   15    1    1    0    0]
 [  76   51  211    0    4    0    0]
 [  14    0    0   62   25    0    0]
 [   7    0    0    5  159    0    0]
 [   2    0    0    0    0  160    0]
 [  33    0    0    0    0    0  175]]
Classification Report:
              precision    recall  f1-score   support

           0       0.91      0.95      0.93      2111
           1       0.74      0.80      0.77       390
           2       0.86      0.62      0.72       342
           3       0.86      0.61      0.72       101
           4       0.76      0.93      0.83       171
           5       0.95      0.99      0.97       162
           6       1.00      0.84      0.91       208

    accuracy                           0.88      3485
   macro avg       0.87      0.82      0.84      3485
weighted avg       0.89      0.88      0.88      3485

[Epoch 35/200]Train Loss: 0.2203 Acc: 0.9123 | Val Loss: 0.2885 Acc: 0.8841
Confusion Matrix:
[[1945   46   71    7   10   32    0]
 [  31  328   31    0    0    0    0]
 [  23   27  292    0    0    0    0]
 [   7    1    7   64   22    0    0]
 [  10    0    0    5  156    0    0]
 [   0    0    0    0    0  162    0]
 [  20    0    0    0    0    0  188]]
Classification Report:
              precision    recall  f1-score   support

           0       0.96      0.92      0.94      2111
           1       0.82      0.84      0.83       390
           2       0.73      0.85      0.79       342
           3       0.84      0.63      0.72       101
           4       0.83      0.91      0.87       171
           5       0.84      1.00      0.91       162
           6       1.00      0.90      0.95       208

    accuracy                           0.90      3485
   macro avg       0.86      0.87      0.86      3485
weighted avg       0.91      0.90      0.90      3485

[Epoch 36/200]Train Loss: 0.2077 Acc: 0.9180 | Val Loss: 0.2690 Acc: 0.8996
Confusion Matrix:
[[2000   22   27    7   39   14    2]
 [  51  299   40    0    0    0    0]
 [  67   16  257    0    2    0    0]
 [  18    0    0   56   27    0    0]
 [   1    0    0    3  166    1    0]
 [   0    0    0    0    0  162    0]
 [  21    0    0    0    0    0  187]]
Classification Report:
              precision    recall  f1-score   support

           0       0.93      0.95      0.94      2111
           1       0.89      0.77      0.82       390
           2       0.79      0.75      0.77       342
           3       0.85      0.55      0.67       101
           4       0.71      0.97      0.82       171
           5       0.92      1.00      0.96       162
           6       0.99      0.90      0.94       208

    accuracy                           0.90      3485
   macro avg       0.87      0.84      0.85      3485
weighted avg       0.90      0.90      0.90      3485

[Epoch 37/200]Train Loss: 0.2086 Acc: 0.9171 | Val Loss: 0.2772 Acc: 0.8973
Confusion Matrix:
[[2017   41   23    6    8    1   15]
 [  23  358    9    0    0    0    0]
 [  46   51  245    0    0    0    0]
 [   9    3    1   85    2    0    1]
 [  17    0    0   20  134    0    0]
 [  11    0    0    0    0  151    0]
 [   3    0    0    0    0    0  205]]
Classification Report:
              precision    recall  f1-score   support

           0       0.95      0.96      0.95      2111
           1       0.79      0.92      0.85       390
           2       0.88      0.72      0.79       342
           3       0.77      0.84      0.80       101
           4       0.93      0.78      0.85       171
           5       0.99      0.93      0.96       162
           6       0.93      0.99      0.96       208

    accuracy                           0.92      3485
   macro avg       0.89      0.88      0.88      3485
weighted avg       0.92      0.92      0.92      3485

[Epoch 38/200]Train Loss: 0.2115 Acc: 0.9165 | Val Loss: 0.2245 Acc: 0.9168
Confusion Matrix:
[[2035   33   28    4    4    2    5]
 [  41  342    6    1    0    0    0]
 [  66   48  228    0    0    0    0]
 [  18    2    1   69   11    0    0]
 [  20    0    0   13  137    1    0]
 [  10    0    0    0    0  152    0]
 [  10    0    0    0    0    0  198]]
Classification Report:
              precision    recall  f1-score   support

           0       0.93      0.96      0.94      2111
           1       0.80      0.88      0.84       390
           2       0.87      0.67      0.75       342
           3       0.79      0.68      0.73       101
           4       0.90      0.80      0.85       171
           5       0.98      0.94      0.96       162
           6       0.98      0.95      0.96       208

    accuracy                           0.91      3485
   macro avg       0.89      0.84      0.86      3485
weighted avg       0.91      0.91      0.90      3485

[Epoch 39/200]Train Loss: 0.2081 Acc: 0.9177 | Val Loss: 0.2422 Acc: 0.9070
Confusion Matrix:
[[2011   20   15    9   21    0   35]
 [  42  335   11    0    0    0    2]
 [  54   35  251    0    2    0    0]
 [   9    2    0   79   10    0    1]
 [   7    0    0    9  155    0    0]
 [  24    0    0    0    0  138    0]
 [   1    0    0    0    0    0  207]]
Classification Report:
              precision    recall  f1-score   support

           0       0.94      0.95      0.94      2111
           1       0.85      0.86      0.86       390
           2       0.91      0.73      0.81       342
           3       0.81      0.78      0.80       101
           4       0.82      0.91      0.86       171
           5       1.00      0.85      0.92       162
           6       0.84      1.00      0.91       208

    accuracy                           0.91      3485
   macro avg       0.88      0.87      0.87      3485
weighted avg       0.91      0.91      0.91      3485

[Epoch 40/200]Train Loss: 0.2000 Acc: 0.9224 | Val Loss: 0.2422 Acc: 0.9113
Confusion Matrix:
[[1967   72   45    6   14    5    2]
 [  21  361    8    0    0    0    0]
 [  38   38  266    0    0    0    0]
 [   6    5    2   73   15    0    0]
 [  12    0    2    7  150    0    0]
 [   3    0    0    0    1  158    0]
 [  30    0    0    0    1    0  177]]
Classification Report:
              precision    recall  f1-score   support

           0       0.95      0.93      0.94      2111
           1       0.76      0.93      0.83       390
           2       0.82      0.78      0.80       342
           3       0.85      0.72      0.78       101
           4       0.83      0.88      0.85       171
           5       0.97      0.98      0.97       162
           6       0.99      0.85      0.91       208

    accuracy                           0.90      3485
   macro avg       0.88      0.87      0.87      3485
weighted avg       0.91      0.90      0.91      3485

[Epoch 41/200]Train Loss: 0.1918 Acc: 0.9274 | Val Loss: 0.2458 Acc: 0.9044
Confusion Matrix:
[[1980   38   50   11   11   15    6]
 [  13  354   23    0    0    0    0]
 [  16   25  300    0    1    0    0]
 [   7    3    1   89    1    0    0]
 [  13    0    0   22  136    0    0]
 [   1    0    0    0    1  160    0]
 [   8    0    0    0    0    0  200]]
Classification Report:
              precision    recall  f1-score   support

           0       0.97      0.94      0.95      2111
           1       0.84      0.91      0.87       390
           2       0.80      0.88      0.84       342
           3       0.73      0.88      0.80       101
           4       0.91      0.80      0.85       171
           5       0.91      0.99      0.95       162
           6       0.97      0.96      0.97       208

    accuracy                           0.92      3485
   macro avg       0.88      0.91      0.89      3485
weighted avg       0.93      0.92      0.92      3485

[Epoch 42/200]Train Loss: 0.1844 Acc: 0.9300 | Val Loss: 0.2197 Acc: 0.9237
Confusion Matrix:
[[2040   27   18    2   11    6    7]
 [  66  301   23    0    0    0    0]
 [  71   15  256    0    0    0    0]
 [  17    0    0   53   29    0    2]
 [  12    0    0    3  156    0    0]
 [   4    0    0    0    0  158    0]
 [   8    4    0    0    0    0  196]]
Classification Report:
              precision    recall  f1-score   support

           0       0.92      0.97      0.94      2111
           1       0.87      0.77      0.82       390
           2       0.86      0.75      0.80       342
           3       0.91      0.52      0.67       101
           4       0.80      0.91      0.85       171
           5       0.96      0.98      0.97       162
           6       0.96      0.94      0.95       208

    accuracy                           0.91      3485
   macro avg       0.90      0.83      0.86      3485
weighted avg       0.91      0.91      0.90      3485

[Epoch 43/200]Train Loss: 0.1988 Acc: 0.9216 | Val Loss: 0.2408 Acc: 0.9067
Confusion Matrix:
[[2046   33   22    4    2    1    3]
 [  33  343   14    0    0    0    0]
 [  52   25  265    0    0    0    0]
 [  12    4    0   83    2    0    0]
 [  25    0    0   18  128    0    0]
 [  16    0    0    0    0  146    0]
 [   9    0    0    0    0    0  199]]
Classification Report:
              precision    recall  f1-score   support

           0       0.93      0.97      0.95      2111
           1       0.85      0.88      0.86       390
           2       0.88      0.77      0.82       342
           3       0.79      0.82      0.81       101
           4       0.97      0.75      0.84       171
           5       0.99      0.90      0.94       162
           6       0.99      0.96      0.97       208

    accuracy                           0.92      3485
   macro avg       0.91      0.86      0.89      3485
weighted avg       0.92      0.92      0.92      3485

[Epoch 44/200]Train Loss: 0.1967 Acc: 0.9243 | Val Loss: 0.2108 Acc: 0.9211
Confusion Matrix:
[[2057    8   21    4    8    5    8]
 [  54  303   33    0    0    0    0]
 [  58    6  278    0    0    0    0]
 [  19    0    1   74    7    0    0]
 [  19    0    0    8  144    0    0]
 [   3    0    0    0    0  159    0]
 [   7    0    0    0    0    0  201]]
Classification Report:
              precision    recall  f1-score   support

           0       0.93      0.97      0.95      2111
           1       0.96      0.78      0.86       390
           2       0.83      0.81      0.82       342
           3       0.86      0.73      0.79       101
           4       0.91      0.84      0.87       171
           5       0.97      0.98      0.98       162
           6       0.96      0.97      0.96       208

    accuracy                           0.92      3485
   macro avg       0.92      0.87      0.89      3485
weighted avg       0.92      0.92      0.92      3485

[Epoch 45/200]Train Loss: 0.1825 Acc: 0.9294 | Val Loss: 0.2050 Acc: 0.9228
Confusion Matrix:
[[2004   61   29    8    2    0    7]
 [  14  355   21    0    0    0    0]
 [  34   27  281    0    0    0    0]
 [   8    3    2   86    2    0    0]
 [  35    0    0   16  120    0    0]
 [  32    0    0    0    0  130    0]
 [   6    0    0    0    0    0  202]]
Classification Report:
              precision    recall  f1-score   support

           0       0.94      0.95      0.94      2111
           1       0.80      0.91      0.85       390
           2       0.84      0.82      0.83       342
           3       0.78      0.85      0.82       101
           4       0.97      0.70      0.81       171
           5       1.00      0.80      0.89       162
           6       0.97      0.97      0.97       208

    accuracy                           0.91      3485
   macro avg       0.90      0.86      0.87      3485
weighted avg       0.92      0.91      0.91      3485

[Epoch 46/200]Train Loss: 0.1751 Acc: 0.9288 | Val Loss: 0.2349 Acc: 0.9119
Confusion Matrix:
[[2033   17   24   10    9    2   16]
 [  36  334   20    0    0    0    0]
 [  35   20  287    0    0    0    0]
 [   8    1    1   91    0    0    0]
 [  11    0    0   27  133    0    0]
 [  11    0    0    0    0  151    0]
 [   5    0    0    0    0    0  203]]
Classification Report:
              precision    recall  f1-score   support

           0       0.95      0.96      0.96      2111
           1       0.90      0.86      0.88       390
           2       0.86      0.84      0.85       342
           3       0.71      0.90      0.79       101
           4       0.94      0.78      0.85       171
           5       0.99      0.93      0.96       162
           6       0.93      0.98      0.95       208

    accuracy                           0.93      3485
   macro avg       0.90      0.89      0.89      3485
weighted avg       0.93      0.93      0.93      3485

[Epoch 47/200]Train Loss: 0.1877 Acc: 0.9286 | Val Loss: 0.1950 Acc: 0.9274
Confusion Matrix:
[[2062   15   10    1    4    6   13]
 [  50  318   22    0    0    0    0]
 [  69   17  256    0    0    0    0]
 [  21    0    0   72    8    0    0]
 [  22    0    0   13  136    0    0]
 [   3    0    0    0    0  159    0]
 [   6    0    0    0    0    0  202]]
Classification Report:
              precision    recall  f1-score   support

           0       0.92      0.98      0.95      2111
           1       0.91      0.82      0.86       390
           2       0.89      0.75      0.81       342
           3       0.84      0.71      0.77       101
           4       0.92      0.80      0.85       171
           5       0.96      0.98      0.97       162
           6       0.94      0.97      0.96       208

    accuracy                           0.92      3485
   macro avg       0.91      0.86      0.88      3485
weighted avg       0.92      0.92      0.92      3485

[Epoch 48/200]Train Loss: 0.1765 Acc: 0.9295 | Val Loss: 0.2054 Acc: 0.9197
Confusion Matrix:
[[2013   31   35    6   14   11    1]
 [  21  354   15    0    0    0    0]
 [  33   32  277    0    0    0    0]
 [  12    1    1   71   16    0    0]
 [   7    0    0    4  158    2    0]
 [   1    0    0    0    0  161    0]
 [  14    0    0    0    0    0  194]]
Classification Report:
              precision    recall  f1-score   support

           0       0.96      0.95      0.96      2111
           1       0.85      0.91      0.88       390
           2       0.84      0.81      0.83       342
           3       0.88      0.70      0.78       101
           4       0.84      0.92      0.88       171
           5       0.93      0.99      0.96       162
           6       0.99      0.93      0.96       208

    accuracy                           0.93      3485
   macro avg       0.90      0.89      0.89      3485
weighted avg       0.93      0.93      0.93      3485

[Epoch 49/200]Train Loss: 0.1740 Acc: 0.9298 | Val Loss: 0.2121 Acc: 0.9263
Confusion Matrix:
[[2012   40   20    1    8    5   25]
 [  32  344   14    0    0    0    0]
 [  44   30  268    0    0    0    0]
 [  19    2    0   70   10    0    0]
 [  12    0    0   11  148    0    0]
 [   7    0    0    0    0  155    0]
 [   2    0    0    0    0    0  206]]
Classification Report:
              precision    recall  f1-score   support

           0       0.95      0.95      0.95      2111
           1       0.83      0.88      0.85       390
           2       0.89      0.78      0.83       342
           3       0.85      0.69      0.77       101
           4       0.89      0.87      0.88       171
           5       0.97      0.96      0.96       162
           6       0.89      0.99      0.94       208

    accuracy                           0.92      3485
   macro avg       0.90      0.87      0.88      3485
weighted avg       0.92      0.92      0.92      3485

[Epoch 50/200]Train Loss: 0.1691 Acc: 0.9341 | Val Loss: 0.2202 Acc: 0.9191
Confusion Matrix:
[[2046   15   30    2   12    4    2]
 [  41  303   45    1    0    0    0]
 [  46    9  286    0    1    0    0]
 [  20    0    0   66   15    0    0]
 [   9    0    0    6  156    0    0]
 [   2    0    0    0    0  160    0]
 [  13    0    0    0    0    0  195]]
Classification Report:
              precision    recall  f1-score   support

           0       0.94      0.97      0.95      2111
           1       0.93      0.78      0.85       390
           2       0.79      0.84      0.81       342
           3       0.88      0.65      0.75       101
           4       0.85      0.91      0.88       171
           5       0.98      0.99      0.98       162
           6       0.99      0.94      0.96       208

    accuracy                           0.92      3485
   macro avg       0.91      0.87      0.88      3485
weighted avg       0.92      0.92      0.92      3485

[Epoch 51/200]Train Loss: 0.1723 Acc: 0.9326 | Val Loss: 0.1991 Acc: 0.9217
Confusion Matrix:
[[2028   24   33   15    6    2    3]
 [  29  337   22    2    0    0    0]
 [  38   17  286    1    0    0    0]
 [   7    1    0   92    1    0    0]
 [  14    0    0   26  131    0    0]
 [  11    0    0    0    0  151    0]
 [   8    0    0    0    0    0  200]]
Classification Report:
              precision    recall  f1-score   support

           0       0.95      0.96      0.96      2111
           1       0.89      0.86      0.88       390
           2       0.84      0.84      0.84       342
           3       0.68      0.91      0.78       101
           4       0.95      0.77      0.85       171
           5       0.99      0.93      0.96       162
           6       0.99      0.96      0.97       208

    accuracy                           0.93      3485
   macro avg       0.90      0.89      0.89      3485
weighted avg       0.93      0.93      0.93      3485

[Epoch 52/200]Train Loss: 0.1736 Acc: 0.9327 | Val Loss: 0.1954 Acc: 0.9254
Confusion Matrix:
[[1977   19   82    6    8   10    9]
 [  27  334   29    0    0    0    0]
 [  12    9  321    0    0    0    0]
 [  10    1    1   82    7    0    0]
 [  14    0    0   10  146    1    0]
 [   1    0    0    0    0  161    0]
 [   5    0    0    0    0    0  203]]
Classification Report:
              precision    recall  f1-score   support

           0       0.97      0.94      0.95      2111
           1       0.92      0.86      0.89       390
           2       0.74      0.94      0.83       342
           3       0.84      0.81      0.82       101
           4       0.91      0.85      0.88       171
           5       0.94      0.99      0.96       162
           6       0.96      0.98      0.97       208

    accuracy                           0.93      3485
   macro avg       0.89      0.91      0.90      3485
weighted avg       0.93      0.93      0.93      3485

[Epoch 53/200]Train Loss: 0.1657 Acc: 0.9356 | Val Loss: 0.2099 Acc: 0.9251
Confusion Matrix:
[[2018   22   34    6   12    7   12]
 [  36  345    9    0    0    0    0]
 [  37   14  291    0    0    0    0]
 [  14    0    0   84    3    0    0]
 [  16    0    0    9  144    2    0]
 [   4    0    0    0    0  158    0]
 [   4    0    0    0    0    0  204]]
Classification Report:
              precision    recall  f1-score   support

           0       0.95      0.96      0.95      2111
           1       0.91      0.88      0.89       390
           2       0.87      0.85      0.86       342
           3       0.85      0.83      0.84       101
           4       0.91      0.84      0.87       171
           5       0.95      0.98      0.96       162
           6       0.94      0.98      0.96       208

    accuracy                           0.93      3485
   macro avg       0.91      0.90      0.91      3485
weighted avg       0.93      0.93      0.93      3485

[Epoch 54/200]Train Loss: 0.1648 Acc: 0.9372 | Val Loss: 0.1921 Acc: 0.9308
Confusion Matrix:
[[2013   33   34    3   17    4    7]
 [  32  337   21    0    0    0    0]
 [  35   17  290    0    0    0    0]
 [   8    6    1   67   19    0    0]
 [   5    0    1    3  162    0    0]
 [   8    0    0    0    0  154    0]
 [   6    0    0    0    0    0  202]]
Classification Report:
              precision    recall  f1-score   support

           0       0.96      0.95      0.95      2111
           1       0.86      0.86      0.86       390
           2       0.84      0.85      0.84       342
           3       0.92      0.66      0.77       101
           4       0.82      0.95      0.88       171
           5       0.97      0.95      0.96       162
           6       0.97      0.97      0.97       208

    accuracy                           0.93      3485
   macro avg       0.90      0.89      0.89      3485
weighted avg       0.93      0.93      0.93      3485

[Epoch 55/200]Train Loss: 0.1579 Acc: 0.9392 | Val Loss: 0.2133 Acc: 0.9254
Confusion Matrix:
[[2021   37   36    2    5    5    5]
 [  16  354   20    0    0    0    0]
 [  24   20  298    0    0    0    0]
 [  15    2    1   75    8    0    0]
 [  22    0    0   11  138    0    0]
 [   4    0    0    0    0  158    0]
 [   8    0    0    0    0    0  200]]
Classification Report:
              precision    recall  f1-score   support

           0       0.96      0.96      0.96      2111
           1       0.86      0.91      0.88       390
           2       0.84      0.87      0.86       342
           3       0.85      0.74      0.79       101
           4       0.91      0.81      0.86       171
           5       0.97      0.98      0.97       162
           6       0.98      0.96      0.97       208

    accuracy                           0.93      3485
   macro avg       0.91      0.89      0.90      3485
weighted avg       0.93      0.93      0.93      3485

[Epoch 56/200]Train Loss: 0.1573 Acc: 0.9410 | Val Loss: 0.1844 Acc: 0.9308
Confusion Matrix:
[[2033   31   15    0   12   19    1]
 [  55  328    7    0    0    0    0]
 [  69   25  248    0    0    0    0]
 [  13    3    2   69   14    0    0]
 [   8    0    0    7  155    1    0]
 [   1    0    0    0    0  161    0]
 [  34    0    0    0    0    0  174]]
Classification Report:
              precision    recall  f1-score   support

           0       0.92      0.96      0.94      2111
           1       0.85      0.84      0.84       390
           2       0.91      0.73      0.81       342
           3       0.91      0.68      0.78       101
           4       0.86      0.91      0.88       171
           5       0.89      0.99      0.94       162
           6       0.99      0.84      0.91       208

    accuracy                           0.91      3485
   macro avg       0.90      0.85      0.87      3485
weighted avg       0.91      0.91      0.91      3485

[Epoch 57/200]Train Loss: 0.1576 Acc: 0.9370 | Val Loss: 0.2592 Acc: 0.9090
Confusion Matrix:
[[2033   11   37    5    7   14    4]
 [  48  326   16    0    0    0    0]
 [  39   23  280    0    0    0    0]
 [   9    0    0   87    5    0    0]
 [  15    0    0   15  141    0    0]
 [   0    0    0    0    0  162    0]
 [   9    0    0    0    0    0  199]]
Classification Report:
              precision    recall  f1-score   support

           0       0.94      0.96      0.95      2111
           1       0.91      0.84      0.87       390
           2       0.84      0.82      0.83       342
           3       0.81      0.86      0.84       101
           4       0.92      0.82      0.87       171
           5       0.92      1.00      0.96       162
           6       0.98      0.96      0.97       208

    accuracy                           0.93      3485
   macro avg       0.90      0.89      0.90      3485
weighted avg       0.93      0.93      0.93      3485

[Epoch 58/200]Train Loss: 0.1502 Acc: 0.9397 | Val Loss: 0.2001 Acc: 0.9263
Confusion Matrix:
[[2051   13   21    4   13    0    9]
 [  38  328   24    0    0    0    0]
 [  45   11  286    0    0    0    0]
 [   9    2    0   83    6    0    1]
 [  11    0    0   17  143    0    0]
 [  22    0    0    0    0  140    0]
 [   4    0    0    0    0    0  204]]
Classification Report:
              precision    recall  f1-score   support

           0       0.94      0.97      0.96      2111
           1       0.93      0.84      0.88       390
           2       0.86      0.84      0.85       342
           3       0.80      0.82      0.81       101
           4       0.88      0.84      0.86       171
           5       1.00      0.86      0.93       162
           6       0.95      0.98      0.97       208

    accuracy                           0.93      3485
   macro avg       0.91      0.88      0.89      3485
weighted avg       0.93      0.93      0.93      3485

[Epoch 59/200]Train Loss: 0.1585 Acc: 0.9384 | Val Loss: 0.2081 Acc: 0.9283
Confusion Matrix:
[[2036   21   32    2   13    3    4]
 [  32  329   29    0    0    0    0]
 [  37   15  290    0    0    0    0]
 [  10    0    0   75   16    0    0]
 [  11    0    0    5  155    0    0]
 [   8    0    0    0    0  154    0]
 [   9    0    0    0    0    0  199]]
Classification Report:
              precision    recall  f1-score   support

           0       0.95      0.96      0.96      2111
           1       0.90      0.84      0.87       390
           2       0.83      0.85      0.84       342
           3       0.91      0.74      0.82       101
           4       0.84      0.91      0.87       171
           5       0.98      0.95      0.97       162
           6       0.98      0.96      0.97       208

    accuracy                           0.93      3485
   macro avg       0.91      0.89      0.90      3485
weighted avg       0.93      0.93      0.93      3485

[Epoch 60/200]Train Loss: 0.1581 Acc: 0.9380 | Val Loss: 0.1855 Acc: 0.9291
Confusion Matrix:
[[1993   40   40   13    9    2   14]
 [  11  369   10    0    0    0    0]
 [  22   18  302    0    0    0    0]
 [   3    2    0   96    0    0    0]
 [   9    0    0   20  142    0    0]
 [  12    0    0    0    0  150    0]
 [   4    0    0    0    0    0  204]]
Classification Report:
              precision    recall  f1-score   support

           0       0.97      0.94      0.96      2111
           1       0.86      0.95      0.90       390
           2       0.86      0.88      0.87       342
           3       0.74      0.95      0.83       101
           4       0.94      0.83      0.88       171
           5       0.99      0.93      0.96       162
           6       0.94      0.98      0.96       208

    accuracy                           0.93      3485
   macro avg       0.90      0.92      0.91      3485
weighted avg       0.94      0.93      0.93      3485

[Epoch 61/200]Train Loss: 0.1517 Acc: 0.9416 | Val Loss: 0.1805 Acc: 0.9343
Confusion Matrix:
[[2015   31   25    5   19    4   12]
 [  33  345   12    0    0    0    0]
 [  23   20  299    0    0    0    0]
 [  12    1    0   71   17    0    0]
 [   4    0    0    3  164    0    0]
 [   3    0    0    0    0  159    0]
 [   6    0    0    0    0    0  202]]
Classification Report:
              precision    recall  f1-score   support

           0       0.96      0.95      0.96      2111
           1       0.87      0.88      0.88       390
           2       0.89      0.87      0.88       342
           3       0.90      0.70      0.79       101
           4       0.82      0.96      0.88       171
           5       0.98      0.98      0.98       162
           6       0.94      0.97      0.96       208

    accuracy                           0.93      3485
   macro avg       0.91      0.90      0.90      3485
weighted avg       0.93      0.93      0.93      3485

[Epoch 62/200]Train Loss: 0.1509 Acc: 0.9386 | Val Loss: 0.1936 Acc: 0.9340
Confusion Matrix:
[[2048   10   34    4    6    5    4]
 [  34  326   30    0    0    0    0]
 [  31   12  299    0    0    0    0]
 [  12    0    0   80    9    0    0]
 [  13    0    0    6  152    0    0]
 [   4    0    0    0    0  158    0]
 [   7    0    0    0    0    0  201]]
Classification Report:
              precision    recall  f1-score   support

           0       0.95      0.97      0.96      2111
           1       0.94      0.84      0.88       390
           2       0.82      0.87      0.85       342
           3       0.89      0.79      0.84       101
           4       0.91      0.89      0.90       171
           5       0.97      0.98      0.97       162
           6       0.98      0.97      0.97       208

    accuracy                           0.94      3485
   macro avg       0.92      0.90      0.91      3485
weighted avg       0.94      0.94      0.94      3485

[Epoch 63/200]Train Loss: 0.1450 Acc: 0.9445 | Val Loss: 0.1962 Acc: 0.9366
Confusion Matrix:
[[2069   15    9    1    9    4    4]
 [  41  338   11    0    0    0    0]
 [  38   19  284    0    1    0    0]
 [  20    0    0   75    6    0    0]
 [  12    0    0   11  148    0    0]
 [   3    0    0    0    0  159    0]
 [  15    0    0    0    0    0  193]]
Classification Report:
              precision    recall  f1-score   support

           0       0.94      0.98      0.96      2111
           1       0.91      0.87      0.89       390
           2       0.93      0.83      0.88       342
           3       0.86      0.74      0.80       101
           4       0.90      0.87      0.88       171
           5       0.98      0.98      0.98       162
           6       0.98      0.93      0.95       208

    accuracy                           0.94      3485
   macro avg       0.93      0.88      0.91      3485
weighted avg       0.94      0.94      0.94      3485

[Epoch 64/200]Train Loss: 0.1386 Acc: 0.9462 | Val Loss: 0.1978 Acc: 0.9372
Confusion Matrix:
[[2021   19   32    9   13    9    8]
 [  25  348   17    0    0    0    0]
 [  23   19  300    0    0    0    0]
 [   5    1    0   90    5    0    0]
 [  10    0    0   11  150    0    0]
 [   4    0    0    0    0  158    0]
 [  12    0    0    0    0    0  196]]
Classification Report:
              precision    recall  f1-score   support

           0       0.96      0.96      0.96      2111
           1       0.90      0.89      0.90       390
           2       0.86      0.88      0.87       342
           3       0.82      0.89      0.85       101
           4       0.89      0.88      0.88       171
           5       0.95      0.98      0.96       162
           6       0.96      0.94      0.95       208

    accuracy                           0.94      3485
   macro avg       0.91      0.92      0.91      3485
weighted avg       0.94      0.94      0.94      3485

[Epoch 65/200]Train Loss: 0.1495 Acc: 0.9429 | Val Loss: 0.1693 Acc: 0.9363
Confusion Matrix:
[[2014   30   29    2    4    0   32]
 [  22  355   11    0    0    0    2]
 [  30   28  284    0    0    0    0]
 [  13    0    0   77   10    0    1]
 [  24    0    0   10  137    0    0]
 [  25    0    0    0    0  137    0]
 [   2    0    0    0    0    0  206]]
Classification Report:
              precision    recall  f1-score   support

           0       0.95      0.95      0.95      2111
           1       0.86      0.91      0.88       390
           2       0.88      0.83      0.85       342
           3       0.87      0.76      0.81       101
           4       0.91      0.80      0.85       171
           5       1.00      0.85      0.92       162
           6       0.85      0.99      0.92       208

    accuracy                           0.92      3485
   macro avg       0.90      0.87      0.88      3485
weighted avg       0.92      0.92      0.92      3485

[Epoch 66/200]Train Loss: 0.1411 Acc: 0.9466 | Val Loss: 0.2145 Acc: 0.9211
Confusion Matrix:
[[1974   39   53    2   22    6   15]
 [  19  346   25    0    0    0    0]
 [  16   20  306    0    0    0    0]
 [   4    0    0   86   11    0    0]
 [   7    0    0   10  154    0    0]
 [   3    0    0    0    1  158    0]
 [   5    0    0    0    0    0  203]]
Classification Report:
              precision    recall  f1-score   support

           0       0.97      0.94      0.95      2111
           1       0.85      0.89      0.87       390
           2       0.80      0.89      0.84       342
           3       0.88      0.85      0.86       101
           4       0.82      0.90      0.86       171
           5       0.96      0.98      0.97       162
           6       0.93      0.98      0.95       208

    accuracy                           0.93      3485
   macro avg       0.89      0.92      0.90      3485
weighted avg       0.93      0.93      0.93      3485

[Epoch 67/200]Train Loss: 0.1332 Acc: 0.9504 | Val Loss: 0.1959 Acc: 0.9260
Confusion Matrix:
[[2056   23   12    3    7    6    4]
 [  36  345    8    1    0    0    0]
 [  39   25  278    0    0    0    0]
 [   9    0    0   82   10    0    0]
 [  13    0    1    9  148    0    0]
 [   1    0    0    0    0  161    0]
 [  12    0    0    0    0    0  196]]
Classification Report:
              precision    recall  f1-score   support

           0       0.95      0.97      0.96      2111
           1       0.88      0.88      0.88       390
           2       0.93      0.81      0.87       342
           3       0.86      0.81      0.84       101
           4       0.90      0.87      0.88       171
           5       0.96      0.99      0.98       162
           6       0.98      0.94      0.96       208

    accuracy                           0.94      3485
   macro avg       0.92      0.90      0.91      3485
weighted avg       0.94      0.94      0.94      3485

[Epoch 68/200]Train Loss: 0.1423 Acc: 0.9456 | Val Loss: 0.1784 Acc: 0.9372
Confusion Matrix:
[[2033   26   18   12   10    3    9]
 [  38  341    9    1    0    0    1]
 [  36   23  283    0    0    0    0]
 [   5    1    0   92    3    0    0]
 [  11    0    0   20  140    0    0]
 [  12    0    0    0    0  150    0]
 [   6    0    0    0    0    0  202]]
Classification Report:
              precision    recall  f1-score   support

           0       0.95      0.96      0.96      2111
           1       0.87      0.87      0.87       390
           2       0.91      0.83      0.87       342
           3       0.74      0.91      0.81       101
           4       0.92      0.82      0.86       171
           5       0.98      0.93      0.95       162
           6       0.95      0.97      0.96       208

    accuracy                           0.93      3485
   macro avg       0.90      0.90      0.90      3485
weighted avg       0.93      0.93      0.93      3485

[Epoch 69/200]Train Loss: 0.1404 Acc: 0.9458 | Val Loss: 0.1973 Acc: 0.9300
Confusion Matrix:
[[1973   37   52   12   18    5   14]
 [  20  352   18    0    0    0    0]
 [  16   15  311    0    0    0    0]
 [   4    4    1   84    8    0    0]
 [   3    0    0   12  156    0    0]
 [   6    0    0    0    0  156    0]
 [   3    0    0    0    0    0  205]]
Classification Report:
              precision    recall  f1-score   support

           0       0.97      0.93      0.95      2111
           1       0.86      0.90      0.88       390
           2       0.81      0.91      0.86       342
           3       0.78      0.83      0.80       101
           4       0.86      0.91      0.88       171
           5       0.97      0.96      0.97       162
           6       0.94      0.99      0.96       208

    accuracy                           0.93      3485
   macro avg       0.88      0.92      0.90      3485
weighted avg       0.93      0.93      0.93      3485

[Epoch 70/200]Train Loss: 0.1333 Acc: 0.9486 | Val Loss: 0.2111 Acc: 0.9288
Confusion Matrix:
[[2025   12   28   14   16    7    9]
 [  27  339   22    2    0    0    0]
 [  25    8  308    1    0    0    0]
 [   4    0    0   93    4    0    0]
 [   6    0    0   14  151    0    0]
 [   3    0    0    0    0  159    0]
 [   4    0    0    0    0    0  204]]
Classification Report:
              precision    recall  f1-score   support

           0       0.97      0.96      0.96      2111
           1       0.94      0.87      0.91       390
           2       0.86      0.90      0.88       342
           3       0.75      0.92      0.83       101
           4       0.88      0.88      0.88       171
           5       0.96      0.98      0.97       162
           6       0.96      0.98      0.97       208

    accuracy                           0.94      3485
   macro avg       0.90      0.93      0.91      3485
weighted avg       0.94      0.94      0.94      3485

[Epoch 71/200]Train Loss: 0.1421 Acc: 0.9457 | Val Loss: 0.1621 Acc: 0.9409
Confusion Matrix:
[[2036   25   28    5   12    1    4]
 [  35  347    8    0    0    0    0]
 [  32   19  291    0    0    0    0]
 [   7    2    0   81   11    0    0]
 [   5    0    0    9  157    0    0]
 [  11    0    0    0    0  151    0]
 [   4    0    0    0    0    0  204]]
Classification Report:
              precision    recall  f1-score   support

           0       0.96      0.96      0.96      2111
           1       0.88      0.89      0.89       390
           2       0.89      0.85      0.87       342
           3       0.85      0.80      0.83       101
           4       0.87      0.92      0.89       171
           5       0.99      0.93      0.96       162
           6       0.98      0.98      0.98       208

    accuracy                           0.94      3485
   macro avg       0.92      0.91      0.91      3485
weighted avg       0.94      0.94      0.94      3485

[Epoch 72/200]Train Loss: 0.1328 Acc: 0.9502 | Val Loss: 0.1816 Acc: 0.9374
Confusion Matrix:
[[2013   15   49    7   17    7    3]
 [  25  348   16    1    0    0    0]
 [  13   19  310    0    0    0    0]
 [   6    2    0   67   26    0    0]
 [   3    0    0    3  165    0    0]
 [   1    0    0    0    0  161    0]
 [   9    0    0    0    0    0  199]]
Classification Report:
              precision    recall  f1-score   support

           0       0.97      0.95      0.96      2111
           1       0.91      0.89      0.90       390
           2       0.83      0.91      0.86       342
           3       0.86      0.66      0.75       101
           4       0.79      0.96      0.87       171
           5       0.96      0.99      0.98       162
           6       0.99      0.96      0.97       208

    accuracy                           0.94      3485
   macro avg       0.90      0.90      0.90      3485
weighted avg       0.94      0.94      0.94      3485

[Epoch 73/200]Train Loss: 0.1365 Acc: 0.9479 | Val Loss: 0.1834 Acc: 0.9363
Confusion Matrix:
[[2018   15   44    9   12    6    7]
 [  42  319   27    1    0    0    1]
 [  30    9  303    0    0    0    0]
 [   7    0    1   86    6    0    1]
 [  13    0    0   15  142    1    0]
 [  11    0    0    0    0  151    0]
 [  13    0    0    0    0    0  195]]
Classification Report:
              precision    recall  f1-score   support

           0       0.95      0.96      0.95      2111
           1       0.93      0.82      0.87       390
           2       0.81      0.89      0.85       342
           3       0.77      0.85      0.81       101
           4       0.89      0.83      0.86       171
           5       0.96      0.93      0.94       162
           6       0.96      0.94      0.95       208

    accuracy                           0.92      3485
   macro avg       0.89      0.89      0.89      3485
weighted avg       0.92      0.92      0.92      3485

[Epoch 74/200]Train Loss: 0.1419 Acc: 0.9460 | Val Loss: 0.2422 Acc: 0.9222
Confusion Matrix:
[[2036   49   12    3    8    2    1]
 [  16  369    5    0    0    0    0]
 [  32   40  269    1    0    0    0]
 [   5    1    0   85   10    0    0]
 [   6    0    0    8  157    0    0]
 [  14    0    0    0    0  148    0]
 [  22    0    0    0    0    0  186]]
Classification Report:
              precision    recall  f1-score   support

           0       0.96      0.96      0.96      2111
           1       0.80      0.95      0.87       390
           2       0.94      0.79      0.86       342
           3       0.88      0.84      0.86       101
           4       0.90      0.92      0.91       171
           5       0.99      0.91      0.95       162
           6       0.99      0.89      0.94       208

    accuracy                           0.93      3485
   macro avg       0.92      0.89      0.91      3485
weighted avg       0.94      0.93      0.93      3485

[Epoch 75/200]Train Loss: 0.1318 Acc: 0.9479 | Val Loss: 0.1805 Acc: 0.9326
Confusion Matrix:
[[2006   40   27    9   14   10    5]
 [  17  368    5    0    0    0    0]
 [  40   27  275    0    0    0    0]
 [   6    3    0   91    1    0    0]
 [  10    0    1   17  143    0    0]
 [   3    0    0    0    0  159    0]
 [  10    0    0    1    0    0  197]]
Classification Report:
              precision    recall  f1-score   support

           0       0.96      0.95      0.95      2111
           1       0.84      0.94      0.89       390
           2       0.89      0.80      0.85       342
           3       0.77      0.90      0.83       101
           4       0.91      0.84      0.87       171
           5       0.94      0.98      0.96       162
           6       0.98      0.95      0.96       208

    accuracy                           0.93      3485
   macro avg       0.90      0.91      0.90      3485
weighted avg       0.93      0.93      0.93      3485

[Epoch 76/200]Train Loss: 0.1273 Acc: 0.9511 | Val Loss: 0.2009 Acc: 0.9294
Confusion Matrix:
[[2047   25    8    1   14    1   15]
 [  31  354    5    0    0    0    0]
 [  46   30  266    0    0    0    0]
 [  12    2    0   66   21    0    0]
 [   5    0    0    3  163    0    0]
 [   9    0    0    0    1  152    0]
 [   6    0    0    0    0    0  202]]
Classification Report:
              precision    recall  f1-score   support

           0       0.95      0.97      0.96      2111
           1       0.86      0.91      0.88       390
           2       0.95      0.78      0.86       342
           3       0.94      0.65      0.77       101
           4       0.82      0.95      0.88       171
           5       0.99      0.94      0.97       162
           6       0.93      0.97      0.95       208

    accuracy                           0.93      3485
   macro avg       0.92      0.88      0.90      3485
weighted avg       0.93      0.93      0.93      3485

[Epoch 77/200]Train Loss: 0.1355 Acc: 0.9475 | Val Loss: 0.1962 Acc: 0.9326
Confusion Matrix:
[[2025   43   21    0    4    4   14]
 [  14  373    3    0    0    0    0]
 [  27   34  281    0    0    0    0]
 [  34    5    1   53    8    0    0]
 [  23    0    0    7  137    4    0]
 [   2    0    0    0    0  160    0]
 [   5    0    0    0    0    0  203]]
Classification Report:
              precision    recall  f1-score   support

           0       0.95      0.96      0.95      2111
           1       0.82      0.96      0.88       390
           2       0.92      0.82      0.87       342
           3       0.88      0.52      0.66       101
           4       0.92      0.80      0.86       171
           5       0.95      0.99      0.97       162
           6       0.94      0.98      0.96       208

    accuracy                           0.93      3485
   macro avg       0.91      0.86      0.88      3485
weighted avg       0.93      0.93      0.93      3485

[Epoch 78/200]Train Loss: 0.1317 Acc: 0.9488 | Val Loss: 0.2131 Acc: 0.9274
Confusion Matrix:
[[2045   16   34    0    9    1    6]
 [  46  320   24    0    0    0    0]
 [  29   24  289    0    0    0    0]
 [   8    0    0   77   15    0    1]
 [  19    0    0    6  146    0    0]
 [  12    0    0    0    0  150    0]
 [  10    0    0    0    0    0  198]]
Classification Report:
              precision    recall  f1-score   support

           0       0.94      0.97      0.96      2111
           1       0.89      0.82      0.85       390
           2       0.83      0.85      0.84       342
           3       0.93      0.76      0.84       101
           4       0.86      0.85      0.86       171
           5       0.99      0.93      0.96       162
           6       0.97      0.95      0.96       208

    accuracy                           0.93      3485
   macro avg       0.92      0.88      0.89      3485
weighted avg       0.93      0.93      0.92      3485

[Epoch 79/200]Train Loss: 0.1253 Acc: 0.9505 | Val Loss: 0.2005 Acc: 0.9254
Confusion Matrix:
[[2079    4   11    2    8    1    6]
 [  49  322   19    0    0    0    0]
 [  42    7  293    0    0    0    0]
 [   7    0    0   81   13    0    0]
 [   7    0    0    9  155    0    0]
 [  16    0    0    0    0  146    0]
 [  10    0    0    0    0    0  198]]
Classification Report:
              precision    recall  f1-score   support

           0       0.94      0.98      0.96      2111
           1       0.97      0.83      0.89       390
           2       0.91      0.86      0.88       342
           3       0.88      0.80      0.84       101
           4       0.88      0.91      0.89       171
           5       0.99      0.90      0.94       162
           6       0.97      0.95      0.96       208

    accuracy                           0.94      3485
   macro avg       0.93      0.89      0.91      3485
weighted avg       0.94      0.94      0.94      3485

[Epoch 80/200]Train Loss: 0.1257 Acc: 0.9506 | Val Loss: 0.1754 Acc: 0.9395
Confusion Matrix:
[[2063   12   10    5    8    1   12]
 [  49  330   11    0    0    0    0]
 [  40   14  288    0    0    0    0]
 [   9    0    0   85    7    0    0]
 [   7    0    0   12  152    0    0]
 [  15    0    0    0    0  147    0]
 [   4    0    0    0    0    0  204]]
Classification Report:
              precision    recall  f1-score   support

           0       0.94      0.98      0.96      2111
           1       0.93      0.85      0.88       390
           2       0.93      0.84      0.88       342
           3       0.83      0.84      0.84       101
           4       0.91      0.89      0.90       171
           5       0.99      0.91      0.95       162
           6       0.94      0.98      0.96       208

    accuracy                           0.94      3485
   macro avg       0.93      0.90      0.91      3485
weighted avg       0.94      0.94      0.94      3485

[Epoch 81/200]Train Loss: 0.1304 Acc: 0.9525 | Val Loss: 0.1706 Acc: 0.9380
Confusion Matrix:
[[2056   12   20    3    2    1   17]
 [  38  344    8    0    0    0    0]
 [  26   26  290    0    0    0    0]
 [  10    2    0   84    5    0    0]
 [  22    0    0   15  134    0    0]
 [  14    0    0    0    0  148    0]
 [   4    0    0    0    0    0  204]]
Classification Report:
              precision    recall  f1-score   support

           0       0.95      0.97      0.96      2111
           1       0.90      0.88      0.89       390
           2       0.91      0.85      0.88       342
           3       0.82      0.83      0.83       101
           4       0.95      0.78      0.86       171
           5       0.99      0.91      0.95       162
           6       0.92      0.98      0.95       208

    accuracy                           0.94      3485
   macro avg       0.92      0.89      0.90      3485
weighted avg       0.94      0.94      0.93      3485

[Epoch 82/200]Train Loss: 0.1219 Acc: 0.9528 | Val Loss: 0.1896 Acc: 0.9354
Confusion Matrix:
[[1982   53   36    2   19    2   17]
 [  10  373    7    0    0    0    0]
 [  14   24  304    0    0    0    0]
 [   4    4    1   81    8    0    3]
 [   5    0    0    9  157    0    0]
 [  16    0    0    0    0  146    0]
 [   7    0    0    0    0    0  201]]
Classification Report:
              precision    recall  f1-score   support

           0       0.97      0.94      0.96      2111
           1       0.82      0.96      0.88       390
           2       0.87      0.89      0.88       342
           3       0.88      0.80      0.84       101
           4       0.85      0.92      0.88       171
           5       0.99      0.90      0.94       162
           6       0.91      0.97      0.94       208

    accuracy                           0.93      3485
   macro avg       0.90      0.91      0.90      3485
weighted avg       0.93      0.93      0.93      3485

[Epoch 83/200]Train Loss: 0.1224 Acc: 0.9525 | Val Loss: 0.1898 Acc: 0.9308
Confusion Matrix:
[[2029   20   41    4    3    2   12]
 [  10  368   12    0    0    0    0]
 [  13   17  311    1    0    0    0]
 [  10    1    0   85    5    0    0]
 [  18    0    0   12  141    0    0]
 [   6    0    0    0    0  156    0]
 [   5    0    0    0    0    0  203]]
Classification Report:
              precision    recall  f1-score   support

           0       0.97      0.96      0.97      2111
           1       0.91      0.94      0.92       390
           2       0.85      0.91      0.88       342
           3       0.83      0.84      0.84       101
           4       0.95      0.82      0.88       171
           5       0.99      0.96      0.97       162
           6       0.94      0.98      0.96       208

    accuracy                           0.94      3485
   macro avg       0.92      0.92      0.92      3485
weighted avg       0.95      0.94      0.95      3485

[Epoch 84/200]Train Loss: 0.1239 Acc: 0.9534 | Val Loss: 0.1570 Acc: 0.9449
Confusion Matrix:
[[2066   12   11    3    9    1    9]
 [  59  315   15    1    0    0    0]
 [  49   11  282    0    0    0    0]
 [  10    0    0   73   18    0    0]
 [  10    0    0    5  156    0    0]
 [  23    0    0    0    0  139    0]
 [   4    0    0    0    0    0  204]]
Classification Report:
              precision    recall  f1-score   support

           0       0.93      0.98      0.95      2111
           1       0.93      0.81      0.87       390
           2       0.92      0.82      0.87       342
           3       0.89      0.72      0.80       101
           4       0.85      0.91      0.88       171
           5       0.99      0.86      0.92       162
           6       0.96      0.98      0.97       208

    accuracy                           0.93      3485
   macro avg       0.92      0.87      0.89      3485
weighted avg       0.93      0.93      0.93      3485

[Epoch 85/200]Train Loss: 0.1258 Acc: 0.9521 | Val Loss: 0.2249 Acc: 0.9283
Confusion Matrix:
[[2055   21   19    3    5    2    6]
 [  33  347   10    0    0    0    0]
 [  35   31  276    0    0    0    0]
 [  10    0    0   86    4    0    1]
 [   7    0    0   16  147    1    0]
 [  13    0    0    0    0  149    0]
 [   6    0    0    0    0    0  202]]
Classification Report:
              precision    recall  f1-score   support

           0       0.95      0.97      0.96      2111
           1       0.87      0.89      0.88       390
           2       0.90      0.81      0.85       342
           3       0.82      0.85      0.83       101
           4       0.94      0.86      0.90       171
           5       0.98      0.92      0.95       162
           6       0.97      0.97      0.97       208

    accuracy                           0.94      3485
   macro avg       0.92      0.90      0.91      3485
weighted avg       0.94      0.94      0.94      3485

[Epoch 86/200]Train Loss: 0.1317 Acc: 0.9499 | Val Loss: 0.1700 Acc: 0.9360
Confusion Matrix:
[[2071   14   11    2    3    5    5]
 [  47  337    6    0    0    0    0]
 [  39   28  275    0    0    0    0]
 [  21    0    0   72    8    0    0]
 [  17    0    0    6  148    0    0]
 [   6    0    0    0    0  156    0]
 [  13    0    0    0    0    0  195]]
Classification Report:
              precision    recall  f1-score   support

           0       0.94      0.98      0.96      2111
           1       0.89      0.86      0.88       390
           2       0.94      0.80      0.87       342
           3       0.90      0.71      0.80       101
           4       0.93      0.87      0.90       171
           5       0.97      0.96      0.97       162
           6       0.97      0.94      0.96       208

    accuracy                           0.93      3485
   macro avg       0.93      0.88      0.90      3485
weighted avg       0.93      0.93      0.93      3485

[Epoch 87/200]Train Loss: 0.1203 Acc: 0.9528 | Val Loss: 0.1940 Acc: 0.9337
Confusion Matrix:
[[2053   18   24    2    9    2    3]
 [  33  339   18    0    0    0    0]
 [  32   13  297    0    0    0    0]
 [   9    1    1   79   11    0    0]
 [  10    0    0    5  156    0    0]
 [   7    0    0    0    0  155    0]
 [  10    0    0    1    0    0  197]]
Classification Report:
              precision    recall  f1-score   support

           0       0.95      0.97      0.96      2111
           1       0.91      0.87      0.89       390
           2       0.87      0.87      0.87       342
           3       0.91      0.78      0.84       101
           4       0.89      0.91      0.90       171
           5       0.99      0.96      0.97       162
           6       0.98      0.95      0.97       208

    accuracy                           0.94      3485
   macro avg       0.93      0.90      0.91      3485
weighted avg       0.94      0.94      0.94      3485

[Epoch 88/200]Train Loss: 0.1328 Acc: 0.9486 | Val Loss: 0.1680 Acc: 0.9400
Confusion Matrix:
[[2035   29   33    0    4    2    8]
 [  21  361    8    0    0    0    0]
 [  30   16  296    0    0    0    0]
 [  17    2    1   72    8    0    1]
 [  14    0    1    7  149    0    0]
 [  14    0    0    0    0  148    0]
 [  12    0    0    0    0    0  196]]
Classification Report:
              precision    recall  f1-score   support

           0       0.95      0.96      0.96      2111
           1       0.88      0.93      0.90       390
           2       0.87      0.87      0.87       342
           3       0.91      0.71      0.80       101
           4       0.93      0.87      0.90       171
           5       0.99      0.91      0.95       162
           6       0.96      0.94      0.95       208

    accuracy                           0.93      3485
   macro avg       0.93      0.89      0.90      3485
weighted avg       0.93      0.93      0.93      3485

[Epoch 89/200]Train Loss: 0.1228 Acc: 0.9534 | Val Loss: 0.2006 Acc: 0.9346
Confusion Matrix:
[[2063   18   11    1    5    2   11]
 [  34  348    8    0    0    0    0]
 [  30   27  285    0    0    0    0]
 [  10    0    0   86    5    0    0]
 [  18    0    0   16  137    0    0]
 [  22    0    0    0    0  140    0]
 [   9    0    0    0    0    0  199]]
Classification Report:
              precision    recall  f1-score   support

           0       0.94      0.98      0.96      2111
           1       0.89      0.89      0.89       390
           2       0.94      0.83      0.88       342
           3       0.83      0.85      0.84       101
           4       0.93      0.80      0.86       171
           5       0.99      0.86      0.92       162
           6       0.95      0.96      0.95       208

    accuracy                           0.93      3485
   macro avg       0.92      0.88      0.90      3485
weighted avg       0.94      0.93      0.93      3485

[Epoch 90/200]Train Loss: 0.1253 Acc: 0.9509 | Val Loss: 0.1821 Acc: 0.9349
Confusion Matrix:
[[2001   52   28    1    4    1   24]
 [   8  375    7    0    0    0    0]
 [  18   21  303    0    0    0    0]
 [   6    2    0   92    1    0    0]
 [  15    1    1   23  131    0    0]
 [  25    0    0    0    0  137    0]
 [   2    0    0    0    0    0  206]]
Classification Report:
              precision    recall  f1-score   support

           0       0.96      0.95      0.96      2111
           1       0.83      0.96      0.89       390
           2       0.89      0.89      0.89       342
           3       0.79      0.91      0.85       101
           4       0.96      0.77      0.85       171
           5       0.99      0.85      0.91       162
           6       0.90      0.99      0.94       208

    accuracy                           0.93      3485
   macro avg       0.90      0.90      0.90      3485
weighted avg       0.93      0.93      0.93      3485

[Epoch 91/200]Train Loss: 0.1236 Acc: 0.9524 | Val Loss: 0.1912 Acc: 0.9311
Confusion Matrix:
[[2020   30   19   10   20    6    6]
 [  14  366   10    0    0    0    0]
 [  20   22  300    0    0    0    0]
 [   3    0    0   92    6    0    0]
 [   6    0    0   11  154    0    0]
 [   1    0    0    0    0  161    0]
 [   4    0    0    0    0    0  204]]
Classification Report:
              precision    recall  f1-score   support

           0       0.98      0.96      0.97      2111
           1       0.88      0.94      0.91       390
           2       0.91      0.88      0.89       342
           3       0.81      0.91      0.86       101
           4       0.86      0.90      0.88       171
           5       0.96      0.99      0.98       162
           6       0.97      0.98      0.98       208

    accuracy                           0.95      3485
   macro avg       0.91      0.94      0.92      3485
weighted avg       0.95      0.95      0.95      3485

[Epoch 92/200]Train Loss: 0.1132 Acc: 0.9562 | Val Loss: 0.1514 Acc: 0.9461
Confusion Matrix:
[[2040   23   18    2    5    9   14]
 [  31  352    7    0    0    0    0]
 [  17   26  299    0    0    0    0]
 [  22    2    0   77    0    0    0]
 [  24    0    1   16  130    0    0]
 [   3    0    0    0    0  159    0]
 [   4    0    0    0    0    0  204]]
Classification Report:
              precision    recall  f1-score   support

           0       0.95      0.97      0.96      2111
           1       0.87      0.90      0.89       390
           2       0.92      0.87      0.90       342
           3       0.81      0.76      0.79       101
           4       0.96      0.76      0.85       171
           5       0.95      0.98      0.96       162
           6       0.94      0.98      0.96       208

    accuracy                           0.94      3485
   macro avg       0.91      0.89      0.90      3485
weighted avg       0.94      0.94      0.93      3485

[Epoch 93/200]Train Loss: 0.1135 Acc: 0.9570 | Val Loss: 0.1829 Acc: 0.9357
Confusion Matrix:
[[2035   22   22    3    8   20    1]
 [  19  355   16    0    0    0    0]
 [  30   10  302    0    0    0    0]
 [   9    1    0   88    3    0    0]
 [   6    0    1   15  147    2    0]
 [   0    0    0    0    0  162    0]
 [  16    0    0    0    0    0  192]]
Classification Report:
              precision    recall  f1-score   support

           0       0.96      0.96      0.96      2111
           1       0.91      0.91      0.91       390
           2       0.89      0.88      0.88       342
           3       0.83      0.87      0.85       101
           4       0.93      0.86      0.89       171
           5       0.88      1.00      0.94       162
           6       0.99      0.92      0.96       208

    accuracy                           0.94      3485
   macro avg       0.91      0.92      0.91      3485
weighted avg       0.94      0.94      0.94      3485

[Epoch 94/200]Train Loss: 0.1166 Acc: 0.9567 | Val Loss: 0.1674 Acc: 0.9415
Confusion Matrix:
[[2017   22   29   20    7    2   14]
 [  21  361    8    0    0    0    0]
 [  35   18  288    0    1    0    0]
 [   2    1    0   94    4    0    0]
 [  11    0    0   20  140    0    0]
 [   9    0    0    0    0  153    0]
 [   5    0    0    0    0    0  203]]
Classification Report:
              precision    recall  f1-score   support

           0       0.96      0.96      0.96      2111
           1       0.90      0.93      0.91       390
           2       0.89      0.84      0.86       342
           3       0.70      0.93      0.80       101
           4       0.92      0.82      0.87       171
           5       0.99      0.94      0.97       162
           6       0.94      0.98      0.96       208

    accuracy                           0.93      3485
   macro avg       0.90      0.91      0.90      3485
weighted avg       0.94      0.93      0.93      3485

[Epoch 95/200]Train Loss: 0.1182 Acc: 0.9546 | Val Loss: 0.1839 Acc: 0.9343
Confusion Matrix:
[[1992   40   41    1    5    3   29]
 [  21  345   24    0    0    0    0]
 [  11   15  316    0    0    0    0]
 [  14    1    1   79    6    0    0]
 [  17    0    0    9  145    0    0]
 [   6    0    0    0    0  156    0]
 [   2    0    0    0    0    0  206]]
Classification Report:
              precision    recall  f1-score   support

           0       0.97      0.94      0.95      2111
           1       0.86      0.88      0.87       390
           2       0.83      0.92      0.87       342
           3       0.89      0.78      0.83       101
           4       0.93      0.85      0.89       171
           5       0.98      0.96      0.97       162
           6       0.88      0.99      0.93       208

    accuracy                           0.93      3485
   macro avg       0.90      0.91      0.90      3485
weighted avg       0.93      0.93      0.93      3485

[Epoch 96/200]Train Loss: 0.1162 Acc: 0.9542 | Val Loss: 0.1939 Acc: 0.9294
Confusion Matrix:
[[2028   19   30    5    9    8   12]
 [  19  357   13    1    0    0    0]
 [  18   23  301    0    0    0    0]
 [   8    0    0   88    5    0    0]
 [   7    0    0   14  150    0    0]
 [   6    0    0    0    0  156    0]
 [   8    0    0    0    0    0  200]]
Classification Report:
              precision    recall  f1-score   support

           0       0.97      0.96      0.96      2111
           1       0.89      0.92      0.90       390
           2       0.88      0.88      0.88       342
           3       0.81      0.87      0.84       101
           4       0.91      0.88      0.90       171
           5       0.95      0.96      0.96       162
           6       0.94      0.96      0.95       208

    accuracy                           0.94      3485
   macro avg       0.91      0.92      0.91      3485
weighted avg       0.94      0.94      0.94      3485

[Epoch 97/200]Train Loss: 0.1104 Acc: 0.9578 | Val Loss: 0.1750 Acc: 0.9412
Confusion Matrix:
[[1963   45   63   14   15    7    4]
 [  11  371    8    0    0    0    0]
 [  14   23  305    0    0    0    0]
 [   3    1    0   88    9    0    0]
 [   5    0    1    9  156    0    0]
 [   1    0    0    0    0  161    0]
 [  13    0    0    0    0    0  195]]
Classification Report:
              precision    recall  f1-score   support

           0       0.98      0.93      0.95      2111
           1       0.84      0.95      0.89       390
           2       0.81      0.89      0.85       342
           3       0.79      0.87      0.83       101
           4       0.87      0.91      0.89       171
           5       0.96      0.99      0.98       162
           6       0.98      0.94      0.96       208

    accuracy                           0.93      3485
   macro avg       0.89      0.93      0.91      3485
weighted avg       0.93      0.93      0.93      3485

[Epoch 98/200]Train Loss: 0.1210 Acc: 0.9541 | Val Loss: 0.2178 Acc: 0.9294
Confusion Matrix:
[[2051   14   26    5    4    2    9]
 [  33  328   29    0    0    0    0]
 [  38    7  297    0    0    0    0]
 [   8    0    0   93    0    0    0]
 [  18    0    0   25  128    0    0]
 [   8    0    0    0    0  154    0]
 [   6    0    0    1    0    0  201]]
Classification Report:
              precision    recall  f1-score   support

           0       0.95      0.97      0.96      2111
           1       0.94      0.84      0.89       390
           2       0.84      0.87      0.86       342
           3       0.75      0.92      0.83       101
           4       0.97      0.75      0.84       171
           5       0.99      0.95      0.97       162
           6       0.96      0.97      0.96       208

    accuracy                           0.93      3485
   macro avg       0.91      0.90      0.90      3485
weighted avg       0.93      0.93      0.93      3485

[Epoch 99/200]Train Loss: 0.1235 Acc: 0.9532 | Val Loss: 0.1815 Acc: 0.9331
Confusion Matrix:
[[2032   18   25   13    7    1   15]
 [  18  361   11    0    0    0    0]
 [  19   14  308    1    0    0    0]
 [   1    0    0  100    0    0    0]
 [  12    0    0   22  137    0    0]
 [  17    0    0    0    0  145    0]
 [   5    0    0    0    0    0  203]]
Classification Report:
              precision    recall  f1-score   support

           0       0.97      0.96      0.96      2111
           1       0.92      0.93      0.92       390
           2       0.90      0.90      0.90       342
           3       0.74      0.99      0.84       101
           4       0.95      0.80      0.87       171
           5       0.99      0.90      0.94       162
           6       0.93      0.98      0.95       208

    accuracy                           0.94      3485
   macro avg       0.91      0.92      0.91      3485
weighted avg       0.95      0.94      0.94      3485

[Epoch 100/200]Train Loss: 0.1037 Acc: 0.9585 | Val Loss: 0.1512 Acc: 0.9429
Confusion Matrix:
[[2045   32   10    3    3    2   16]
 [  31  349   10    0    0    0    0]
 [  25   18  299    0    0    0    0]
 [   6    1    0   91    2    0    1]
 [  15    0    0   21  135    0    0]
 [  11    0    0    0    0  151    0]
 [   1    0    0    0    0    0  207]]
Classification Report:
              precision    recall  f1-score   support

           0       0.96      0.97      0.96      2111
           1       0.87      0.89      0.88       390
           2       0.94      0.87      0.90       342
           3       0.79      0.90      0.84       101
           4       0.96      0.79      0.87       171
           5       0.99      0.93      0.96       162
           6       0.92      1.00      0.96       208

    accuracy                           0.94      3485
   macro avg       0.92      0.91      0.91      3485
weighted avg       0.94      0.94      0.94      3485

[Epoch 101/200]Train Loss: 0.1115 Acc: 0.9575 | Val Loss: 0.1614 Acc: 0.9403
Confusion Matrix:
[[2026   10   32    1   25   16    1]
 [  38  316   36    0    0    0    0]
 [  23    3  316    0    0    0    0]
 [   6    0    0   81   14    0    0]
 [   2    0    0    7  162    0    0]
 [   0    0    0    0    0  162    0]
 [  20    0    0    0    0    0  188]]
Classification Report:
              precision    recall  f1-score   support

           0       0.96      0.96      0.96      2111
           1       0.96      0.81      0.88       390
           2       0.82      0.92      0.87       342
           3       0.91      0.80      0.85       101
           4       0.81      0.95      0.87       171
           5       0.91      1.00      0.95       162
           6       0.99      0.90      0.95       208

    accuracy                           0.93      3485
   macro avg       0.91      0.91      0.90      3485
weighted avg       0.94      0.93      0.93      3485

[Epoch 102/200]Train Loss: 0.1204 Acc: 0.9558 | Val Loss: 0.1815 Acc: 0.9329
Confusion Matrix:
[[2008   55   11   12   17    2    6]
 [  14  369    7    0    0    0    0]
 [  34   28  280    0    0    0    0]
 [   3    4    0   89    5    0    0]
 [   5    0    0   13  153    0    0]
 [  11    0    0    0    0  151    0]
 [  15    0    0    0    0    0  193]]
Classification Report:
              precision    recall  f1-score   support

           0       0.96      0.95      0.96      2111
           1       0.81      0.95      0.87       390
           2       0.94      0.82      0.88       342
           3       0.78      0.88      0.83       101
           4       0.87      0.89      0.88       171
           5       0.99      0.93      0.96       162
           6       0.97      0.93      0.95       208

    accuracy                           0.93      3485
   macro avg       0.90      0.91      0.90      3485
weighted avg       0.93      0.93      0.93      3485

[Epoch 103/200]Train Loss: 0.1191 Acc: 0.9561 | Val Loss: 0.1924 Acc: 0.9306
Confusion Matrix:
[[2046   14   20    4   11    4   12]
 [  28  354    8    0    0    0    0]
 [  19   20  303    0    0    0    0]
 [   5    0    0   89    7    0    0]
 [  11    0    0   12  148    0    0]
 [  10    0    0    0    0  152    0]
 [   4    0    0    0    0    0  204]]
Classification Report:
              precision    recall  f1-score   support

           0       0.96      0.97      0.97      2111
           1       0.91      0.91      0.91       390
           2       0.92      0.89      0.90       342
           3       0.85      0.88      0.86       101
           4       0.89      0.87      0.88       171
           5       0.97      0.94      0.96       162
           6       0.94      0.98      0.96       208

    accuracy                           0.95      3485
   macro avg       0.92      0.92      0.92      3485
weighted avg       0.95      0.95      0.95      3485

[Epoch 104/200]Train Loss: 0.1053 Acc: 0.9588 | Val Loss: 0.1428 Acc: 0.9458
Confusion Matrix:
[[2001   14   60    3   13   13    7]
 [  32  338   20    0    0    0    0]
 [   9   14  319    0    0    0    0]
 [   9    1    0   90    0    0    1]
 [   7    0    0   20  143    1    0]
 [   0    0    0    0    0  162    0]
 [   9    0    0    0    0    0  199]]
Classification Report:
              precision    recall  f1-score   support

           0       0.97      0.95      0.96      2111
           1       0.92      0.87      0.89       390
           2       0.80      0.93      0.86       342
           3       0.80      0.89      0.84       101
           4       0.92      0.84      0.87       171
           5       0.92      1.00      0.96       162
           6       0.96      0.96      0.96       208

    accuracy                           0.93      3485
   macro avg       0.90      0.92      0.91      3485
weighted avg       0.94      0.93      0.93      3485

[Epoch 105/200]Train Loss: 0.1055 Acc: 0.9615 | Val Loss: 0.1990 Acc: 0.9331
Confusion Matrix:
[[2064    8    8    9    7    6    9]
 [  60  314   16    0    0    0    0]
 [  47   16  279    0    0    0    0]
 [   7    0    0   92    2    0    0]
 [  17    0    0   17  137    0    0]
 [   4    0    0    0    0  158    0]
 [  10    0    0    0    0    0  198]]
Classification Report:
              precision    recall  f1-score   support

           0       0.93      0.98      0.96      2111
           1       0.93      0.81      0.86       390
           2       0.92      0.82      0.87       342
           3       0.78      0.91      0.84       101
           4       0.94      0.80      0.86       171
           5       0.96      0.98      0.97       162
           6       0.96      0.95      0.95       208

    accuracy                           0.93      3485
   macro avg       0.92      0.89      0.90      3485
weighted avg       0.93      0.93      0.93      3485

[Epoch 106/200]Train Loss: 0.1175 Acc: 0.9535 | Val Loss: 0.2031 Acc: 0.9303
Confusion Matrix:
[[2045   28   22    5    3    1    7]
 [  10  371    9    0    0    0    0]
 [  24   22  296    0    0    0    0]
 [  15    2    0   80    4    0    0]
 [  26    0    0   14  131    0    0]
 [  17    0    0    0    0  145    0]
 [   6    0    0    0    0    0  202]]
Classification Report:
              precision    recall  f1-score   support

           0       0.95      0.97      0.96      2111
           1       0.88      0.95      0.91       390
           2       0.91      0.87      0.88       342
           3       0.81      0.79      0.80       101
           4       0.95      0.77      0.85       171
           5       0.99      0.90      0.94       162
           6       0.97      0.97      0.97       208

    accuracy                           0.94      3485
   macro avg       0.92      0.89      0.90      3485
weighted avg       0.94      0.94      0.94      3485

[Epoch 107/200]Train Loss: 0.1089 Acc: 0.9598 | Val Loss: 0.1832 Acc: 0.9383
Confusion Matrix:
[[2061    7   21    4    7    1   10]
 [  35  337   18    0    0    0    0]
 [  22    7  313    0    0    0    0]
 [  10    0    0   85    6    0    0]
 [  17    0    0   14  140    0    0]
 [  17    0    0    0    0  145    0]
 [   5    0    0    0    0    0  203]]
Classification Report:
              precision    recall  f1-score   support

           0       0.95      0.98      0.96      2111
           1       0.96      0.86      0.91       390
           2       0.89      0.92      0.90       342
           3       0.83      0.84      0.83       101
           4       0.92      0.82      0.86       171
           5       0.99      0.90      0.94       162
           6       0.95      0.98      0.96       208

    accuracy                           0.94      3485
   macro avg       0.93      0.90      0.91      3485
weighted avg       0.94      0.94      0.94      3485

[Epoch 108/200]Train Loss: 0.1123 Acc: 0.9580 | Val Loss: 0.1598 Acc: 0.9423
Confusion Matrix:
[[2045   16   13    8   12    1   16]
 [  35  332   23    0    0    0    0]
 [  22   10  310    0    0    0    0]
 [   6    1    0   94    0    0    0]
 [  10    0    0   23  138    0    0]
 [  17    0    0    0    0  145    0]
 [   3    0    0    0    0    0  205]]
Classification Report:
              precision    recall  f1-score   support

           0       0.96      0.97      0.96      2111
           1       0.92      0.85      0.89       390
           2       0.90      0.91      0.90       342
           3       0.75      0.93      0.83       101
           4       0.92      0.81      0.86       171
           5       0.99      0.90      0.94       162
           6       0.93      0.99      0.96       208

    accuracy                           0.94      3485
   macro avg       0.91      0.91      0.91      3485
weighted avg       0.94      0.94      0.94      3485

[Epoch 109/200]Train Loss: 0.1140 Acc: 0.9567 | Val Loss: 0.1783 Acc: 0.9380
Confusion Matrix:
[[2051   21    6    0    9    2   22]
 [  19  368    3    0    0    0    0]
 [  46   25  271    0    0    0    0]
 [  18    1    0   72   10    0    0]
 [   6    0    0    6  159    0    0]
 [  14    0    0    0    2  146    0]
 [   2    0    0    0    0    0  206]]
Classification Report:
              precision    recall  f1-score   support

           0       0.95      0.97      0.96      2111
           1       0.89      0.94      0.91       390
           2       0.97      0.79      0.87       342
           3       0.92      0.71      0.80       101
           4       0.88      0.93      0.91       171
           5       0.99      0.90      0.94       162
           6       0.90      0.99      0.94       208

    accuracy                           0.94      3485
   macro avg       0.93      0.89      0.91      3485
weighted avg       0.94      0.94      0.94      3485

[Epoch 110/200]Train Loss: 0.0958 Acc: 0.9630 | Val Loss: 0.1820 Acc: 0.9392
Confusion Matrix:
[[2043   33   19    1    6    7    2]
 [  18  367    5    0    0    0    0]
 [  31   21  290    0    0    0    0]
 [  15    3    0   74    9    0    0]
 [  16    0    0   11  144    0    0]
 [   3    0    0    0    0  159    0]
 [  19    0    0    0    0    0  189]]
Classification Report:
              precision    recall  f1-score   support

           0       0.95      0.97      0.96      2111
           1       0.87      0.94      0.90       390
           2       0.92      0.85      0.88       342
           3       0.86      0.73      0.79       101
           4       0.91      0.84      0.87       171
           5       0.96      0.98      0.97       162
           6       0.99      0.91      0.95       208

    accuracy                           0.94      3485
   macro avg       0.92      0.89      0.90      3485
weighted avg       0.94      0.94      0.94      3485

[Epoch 111/200]Train Loss: 0.1106 Acc: 0.9589 | Val Loss: 0.1914 Acc: 0.9372
Confusion Matrix:
[[2050   15   17    1    4    7   17]
 [  24  358    8    0    0    0    0]
 [  24   19  299    0    0    0    0]
 [  12    0    0   80    9    0    0]
 [  17    0    0    7  147    0    0]
 [   5    0    0    0    0  157    0]
 [   5    0    0    0    0    0  203]]
Classification Report:
              precision    recall  f1-score   support

           0       0.96      0.97      0.97      2111
           1       0.91      0.92      0.92       390
           2       0.92      0.87      0.90       342
           3       0.91      0.79      0.85       101
           4       0.92      0.86      0.89       171
           5       0.96      0.97      0.96       162
           6       0.92      0.98      0.95       208

    accuracy                           0.95      3485
   macro avg       0.93      0.91      0.92      3485
weighted avg       0.94      0.95      0.94      3485

[Epoch 112/200]Train Loss: 0.1167 Acc: 0.9563 | Val Loss: 0.1558 Acc: 0.9452
Confusion Matrix:
[[2054   15   28    2    3    3    6]
 [  28  346   16    0    0    0    0]
 [  15   10  317    0    0    0    0]
 [   7    0    0   89    5    0    0]
 [  18    0    0    9  144    0    0]
 [  14    0    0    0    0  148    0]
 [   7    0    0    0    0    0  201]]
Classification Report:
              precision    recall  f1-score   support

           0       0.96      0.97      0.97      2111
           1       0.93      0.89      0.91       390
           2       0.88      0.93      0.90       342
           3       0.89      0.88      0.89       101
           4       0.95      0.84      0.89       171
           5       0.98      0.91      0.95       162
           6       0.97      0.97      0.97       208

    accuracy                           0.95      3485
   macro avg       0.94      0.91      0.92      3485
weighted avg       0.95      0.95      0.95      3485

[Epoch 113/200]Train Loss: 0.1092 Acc: 0.9595 | Val Loss: 0.1555 Acc: 0.9466
Confusion Matrix:
[[2004   36   23   11   22   12    3]
 [  15  365   10    0    0    0    0]
 [  25   21  296    0    0    0    0]
 [   6    2    0   87    6    0    0]
 [   4    0    0   12  155    0    0]
 [   0    0    0    0    0  162    0]
 [  11    0    0    0    0    0  197]]
Classification Report:
              precision    recall  f1-score   support

           0       0.97      0.95      0.96      2111
           1       0.86      0.94      0.90       390
           2       0.90      0.87      0.88       342
           3       0.79      0.86      0.82       101
           4       0.85      0.91      0.88       171
           5       0.93      1.00      0.96       162
           6       0.98      0.95      0.97       208

    accuracy                           0.94      3485
   macro avg       0.90      0.92      0.91      3485
weighted avg       0.94      0.94      0.94      3485

[Epoch 114/200]Train Loss: 0.1081 Acc: 0.9575 | Val Loss: 0.1833 Acc: 0.9372
Confusion Matrix:
[[2033   21   25    3   13    3   13]
 [  24  355   11    0    0    0    0]
 [  12   10  320    0    0    0    0]
 [   8    0    0   86    7    0    0]
 [   6    0    0    7  158    0    0]
 [   7    0    0    0    0  155    0]
 [   4    0    0    0    0    0  204]]
Classification Report:
              precision    recall  f1-score   support

           0       0.97      0.96      0.97      2111
           1       0.92      0.91      0.91       390
           2       0.90      0.94      0.92       342
           3       0.90      0.85      0.87       101
           4       0.89      0.92      0.91       171
           5       0.98      0.96      0.97       162
           6       0.94      0.98      0.96       208

    accuracy                           0.95      3485
   macro avg       0.93      0.93      0.93      3485
weighted avg       0.95      0.95      0.95      3485

[Epoch 115/200]Train Loss: 0.1029 Acc: 0.9608 | Val Loss: 0.1465 Acc: 0.9501
Confusion Matrix:
[[2046    9   36    1   11    5    3]
 [  18  364    8    0    0    0    0]
 [  16   14  312    0    0    0    0]
 [  13    1    0   76   11    0    0]
 [   9    0    0    7  152    3    0]
 [   2    0    0    0    0  160    0]
 [  13    0    0    0    0    0  195]]
Classification Report:
              precision    recall  f1-score   support

           0       0.97      0.97      0.97      2111
           1       0.94      0.93      0.94       390
           2       0.88      0.91      0.89       342
           3       0.90      0.75      0.82       101
           4       0.87      0.89      0.88       171
           5       0.95      0.99      0.97       162
           6       0.98      0.94      0.96       208

    accuracy                           0.95      3485
   macro avg       0.93      0.91      0.92      3485
weighted avg       0.95      0.95      0.95      3485

[Epoch 116/200]Train Loss: 0.1050 Acc: 0.9600 | Val Loss: 0.1606 Acc: 0.9484
Confusion Matrix:
[[2059   15   11    0    4    6   16]
 [  25  356    9    0    0    0    0]
 [  24   19  299    0    0    0    0]
 [   9    1    0   80   10    0    1]
 [  10    0    0   10  151    0    0]
 [   6    0    0    0    0  156    0]
 [   3    0    0    0    0    0  205]]
Classification Report:
              precision    recall  f1-score   support

           0       0.96      0.98      0.97      2111
           1       0.91      0.91      0.91       390
           2       0.94      0.87      0.90       342
           3       0.89      0.79      0.84       101
           4       0.92      0.88      0.90       171
           5       0.96      0.96      0.96       162
           6       0.92      0.99      0.95       208

    accuracy                           0.95      3485
   macro avg       0.93      0.91      0.92      3485
weighted avg       0.95      0.95      0.95      3485

[Epoch 117/200]Train Loss: 0.1077 Acc: 0.9597 | Val Loss: 0.1529 Acc: 0.9486
Confusion Matrix:
[[2061   12   18    0    5    2   13]
 [  40  345    5    0    0    0    0]
 [  23   17  302    0    0    0    0]
 [   9    1    0   84    7    0    0]
 [  12    0    1   17  141    0    0]
 [  11    0    0    0    0  151    0]
 [   4    0    0    0    0    0  204]]
Classification Report:
              precision    recall  f1-score   support

           0       0.95      0.98      0.97      2111
           1       0.92      0.88      0.90       390
           2       0.93      0.88      0.90       342
           3       0.83      0.83      0.83       101
           4       0.92      0.82      0.87       171
           5       0.99      0.93      0.96       162
           6       0.94      0.98      0.96       208

    accuracy                           0.94      3485
   macro avg       0.93      0.90      0.91      3485
weighted avg       0.94      0.94      0.94      3485

[Epoch 118/200]Train Loss: 0.1062 Acc: 0.9600 | Val Loss: 0.1735 Acc: 0.9435
Confusion Matrix:
[[2070    7   10    1    9   10    4]
 [  42  336   12    0    0    0    0]
 [  34    9  299    0    0    0    0]
 [   8    0    0   86    7    0    0]
 [  14    0    0   11  145    1    0]
 [   1    0    0    0    0  161    0]
 [  12    0    0    0    0    0  196]]
Classification Report:
              precision    recall  f1-score   support

           0       0.95      0.98      0.96      2111
           1       0.95      0.86      0.91       390
           2       0.93      0.87      0.90       342
           3       0.88      0.85      0.86       101
           4       0.90      0.85      0.87       171
           5       0.94      0.99      0.96       162
           6       0.98      0.94      0.96       208

    accuracy                           0.94      3485
   macro avg       0.93      0.91      0.92      3485
weighted avg       0.94      0.94      0.94      3485

[Epoch 119/200]Train Loss: 0.1021 Acc: 0.9605 | Val Loss: 0.1688 Acc: 0.9449
Early stopping triggered.
Completed in 384.08 seconds.
