2025-12-03 00:56:13,676 [DEBUG] camera.__init__(): camera fps: 30.0
2025-12-03 00:56:13,676 [DEBUG] camera.get_camera_singleton(): CameraSingleton started.
2025-12-03 00:56:13,705 [DEBUG] camera.run(): Captured frame at timestamp: 28
2025-12-03 00:56:13,706 [INFO] landmarker.__init__(): HandLandmarker started successfully
2025-12-03 00:56:13,706 [INFO] controller.__init__(): Using rule-based mapper
2025-12-03 00:56:13,707 [INFO] client.connect(): Connected to mouse server at localhost:8888
2025-12-03 00:56:13,788 [DEBUG] camera.run(): Captured frame at timestamp: 112
2025-12-03 00:56:13,791 [DEBUG] camera.run(): Captured frame at timestamp: 115
2025-12-03 00:56:13,826 [DEBUG] camera.run(): Captured frame at timestamp: 149
2025-12-03 00:56:13,859 [DEBUG] camera.run(): Captured frame at timestamp: 183
2025-12-03 00:56:13,890 [DEBUG] camera.run(): Captured frame at timestamp: 214
2025-12-03 00:56:13,924 [DEBUG] camera.run(): Captured frame at timestamp: 248
2025-12-03 00:56:13,957 [DEBUG] camera.run(): Captured frame at timestamp: 281
2025-12-03 00:56:13,991 [DEBUG] camera.run(): Captured frame at timestamp: 315
2025-12-03 00:56:14,024 [DEBUG] camera.run(): Captured frame at timestamp: 348
2025-12-03 00:56:14,056 [DEBUG] camera.run(): Captured frame at timestamp: 379
2025-12-03 00:56:14,090 [DEBUG] camera.run(): Captured frame at timestamp: 414
2025-12-03 00:56:14,124 [DEBUG] camera.run(): Captured frame at timestamp: 447
2025-12-03 00:56:14,158 [DEBUG] camera.run(): Captured frame at timestamp: 482
2025-12-03 00:56:14,192 [DEBUG] camera.run(): Captured frame at timestamp: 516
2025-12-03 00:56:14,234 [DEBUG] camera.run(): Captured frame at timestamp: 557
2025-12-03 00:56:14,258 [DEBUG] camera.run(): Captured frame at timestamp: 582
2025-12-03 00:56:14,291 [DEBUG] camera.run(): Captured frame at timestamp: 614
2025-12-03 00:56:14,322 [DEBUG] camera.run(): Captured frame at timestamp: 646
2025-12-03 00:56:14,356 [DEBUG] camera.run(): Captured frame at timestamp: 679
2025-12-03 00:56:14,392 [DEBUG] camera.run(): Captured frame at timestamp: 715
2025-12-03 00:56:14,425 [DEBUG] camera.run(): Captured frame at timestamp: 748
2025-12-03 00:56:14,458 [DEBUG] camera.run(): Captured frame at timestamp: 781
2025-12-03 00:56:14,493 [DEBUG] camera.run(): Captured frame at timestamp: 816
2025-12-03 00:56:14,526 [DEBUG] camera.run(): Captured frame at timestamp: 850
2025-12-03 00:56:14,560 [DEBUG] camera.run(): Captured frame at timestamp: 883
2025-12-03 00:56:14,593 [DEBUG] camera.run(): Captured frame at timestamp: 916
2025-12-03 00:56:14,626 [DEBUG] camera.run(): Captured frame at timestamp: 950
2025-12-03 00:56:14,660 [DEBUG] camera.run(): Captured frame at timestamp: 983
2025-12-03 00:56:14,693 [DEBUG] camera.run(): Captured frame at timestamp: 1016
2025-12-03 00:56:14,726 [DEBUG] camera.run(): Captured frame at timestamp: 1049
2025-12-03 00:56:14,760 [DEBUG] camera.run(): Captured frame at timestamp: 1083
2025-12-03 00:56:14,793 [DEBUG] camera.run(): Captured frame at timestamp: 1116
2025-12-03 00:56:14,826 [DEBUG] camera.run(): Captured frame at timestamp: 1150
2025-12-03 00:56:14,860 [DEBUG] camera.run(): Captured frame at timestamp: 1183
2025-12-03 00:56:14,893 [DEBUG] camera.run(): Captured frame at timestamp: 1217
2025-12-03 00:56:14,926 [DEBUG] camera.run(): Captured frame at timestamp: 1249
2025-12-03 00:56:14,958 [DEBUG] camera.run(): Captured frame at timestamp: 1281
2025-12-03 00:56:14,969 [DEBUG] pointer_mapper.update(): std=0.0, velocity=0.0
2025-12-03 00:56:14,969 [DEBUG] pointer_mapper.update(): stationary detected
2025-12-03 00:56:14,969 [DEBUG] controller._on_landmark_update(): Pointer mapped to screen position: (0, 0)
2025-12-03 00:56:14,969 [DEBUG] controller._on_landmark_update(): Mouse event deteced: MOVE
2025-12-03 00:56:14,993 [DEBUG] camera.run(): Captured frame at timestamp: 1317
2025-12-03 00:56:15,004 [DEBUG] landmarker.update(): velocity=0.49052512067412524
2025-12-03 00:56:15,004 [DEBUG] pointer_mapper.update(): std=0.011587166786193816, velocity=0.016962362676608125
2025-12-03 00:56:15,004 [DEBUG] controller._on_landmark_update(): Pointer mapped to screen position: (1512, 842)
2025-12-03 00:56:15,004 [DEBUG] controller._on_landmark_update(): Mouse event deteced: MOVE
2025-12-03 00:56:15,027 [DEBUG] camera.run(): Captured frame at timestamp: 1350
2025-12-03 00:56:15,037 [DEBUG] landmarker.update(): velocity=0.7997064352103489
2025-12-03 00:56:15,038 [DEBUG] pointer_mapper.update(): std=0.02480122854902249, velocity=0.04987052867945575
2025-12-03 00:56:15,038 [DEBUG] controller._on_landmark_update(): Pointer mapped to screen position: (1512, 826)
2025-12-03 00:56:15,038 [DEBUG] controller._on_landmark_update(): Mouse event deteced: MOVE
2025-12-03 00:56:15,060 [DEBUG] camera.run(): Captured frame at timestamp: 1383
2025-12-03 00:56:15,070 [DEBUG] landmarker.update(): velocity=0.9668526589185521
2025-12-03 00:56:15,071 [DEBUG] pointer_mapper.update(): std=0.040304942910521564, velocity=0.09242809001314128
2025-12-03 00:56:15,071 [DEBUG] controller._on_landmark_update(): Pointer mapped to screen position: (1512, 794)
2025-12-03 00:56:15,071 [DEBUG] controller._on_landmark_update(): Mouse event deteced: MOVE
2025-12-03 00:56:15,093 [DEBUG] camera.run(): Captured frame at timestamp: 1417
2025-12-03 00:56:15,104 [DEBUG] landmarker.update(): velocity=1.0497480285287633
2025-12-03 00:56:15,104 [DEBUG] pointer_mapper.update(): std=0.050243909789492024, velocity=0.11232179067166519
2025-12-03 00:56:15,104 [DEBUG] controller._on_landmark_update(): Pointer mapped to screen position: (1505, 748)
2025-12-03 00:56:15,105 [DEBUG] controller._on_landmark_update(): Mouse event deteced: MOVE
2025-12-03 00:56:15,127 [DEBUG] camera.run(): Captured frame at timestamp: 1450
2025-12-03 00:56:15,137 [DEBUG] landmarker.update(): velocity=1.037266633376084
2025-12-03 00:56:15,138 [DEBUG] pointer_mapper.update(): std=0.054803882827989675, velocity=0.12063448389500081
2025-12-03 00:56:15,138 [DEBUG] controller._on_landmark_update(): Pointer mapped to screen position: (1493, 691)
2025-12-03 00:56:15,138 [DEBUG] mouse_event_mapper.detect(): thumb-index distances: current=0.409936442652544, past=0.4281666201414956
2025-12-03 00:56:15,138 [DEBUG] mouse_event_mapper.detect(): thumb-middle distances: current=0.5581134273327275, past=0.5832046650713251
2025-12-03 00:56:15,138 [DEBUG] mouse_event_mapper.update(): detected mouse event: MouseEvent.MOVE
2025-12-03 00:56:15,138 [DEBUG] controller._on_landmark_update(): Mouse event deteced: MOVE
2025-12-03 00:56:15,160 [DEBUG] camera.run(): Captured frame at timestamp: 1483
2025-12-03 00:56:15,171 [DEBUG] landmarker.update(): velocity=0.9306013345541361
2025-12-03 00:56:15,171 [DEBUG] pointer_mapper.update(): std=0.054389434792242744, velocity=0.11759447541641499
2025-12-03 00:56:15,171 [DEBUG] controller._on_landmark_update(): Pointer mapped to screen position: (1477, 627)
2025-12-03 00:56:15,171 [DEBUG] mouse_event_mapper.detect(): thumb-index distances: current=0.40204264016810926, past=0.42376315702065254
2025-12-03 00:56:15,171 [DEBUG] mouse_event_mapper.detect(): thumb-middle distances: current=0.5461751329912574, past=0.5779977727566679
2025-12-03 00:56:15,171 [DEBUG] mouse_event_mapper.update(): detected mouse event: MouseEvent.MOVE
2025-12-03 00:56:15,171 [DEBUG] controller._on_landmark_update(): Mouse event deteced: MOVE
2025-12-03 00:56:15,193 [DEBUG] camera.run(): Captured frame at timestamp: 1516
2025-12-03 00:56:15,204 [DEBUG] landmarker.update(): velocity=0.7949226219969534
2025-12-03 00:56:15,204 [DEBUG] pointer_mapper.update(): std=0.050110877747682026, velocity=0.10706249412185621
2025-12-03 00:56:15,204 [DEBUG] controller._on_landmark_update(): Pointer mapped to screen position: (1459, 560)
2025-12-03 00:56:15,204 [DEBUG] mouse_event_mapper.detect(): thumb-index distances: current=0.3947131854670914, past=0.4175194381554909
2025-12-03 00:56:15,204 [DEBUG] mouse_event_mapper.detect(): thumb-middle distances: current=0.5353423346338196, past=0.5693719331896927
2025-12-03 00:56:15,204 [DEBUG] mouse_event_mapper.update(): detected mouse event: MouseEvent.MOVE
2025-12-03 00:56:15,204 [DEBUG] controller._on_landmark_update(): Mouse event deteced: MOVE
2025-12-03 00:56:15,226 [DEBUG] camera.run(): Captured frame at timestamp: 1550
2025-12-03 00:56:15,237 [DEBUG] landmarker.update(): velocity=0.6323071107339446
2025-12-03 00:56:15,237 [DEBUG] pointer_mapper.update(): std=0.04347222697183062, velocity=0.09168620639581607
2025-12-03 00:56:15,238 [DEBUG] controller._on_landmark_update(): Pointer mapped to screen position: (1438, 492)
2025-12-03 00:56:15,238 [DEBUG] mouse_event_mapper.detect(): thumb-index distances: current=0.38748371631567274, past=0.409936442652544
2025-12-03 00:56:15,238 [DEBUG] mouse_event_mapper.detect(): thumb-middle distances: current=0.5255685109540958, past=0.5581134273327275
2025-12-03 00:56:15,238 [DEBUG] mouse_event_mapper.update(): detected mouse event: MouseEvent.MOVE
2025-12-03 00:56:15,238 [DEBUG] controller._on_landmark_update(): Mouse event deteced: MOVE
2025-12-03 00:56:15,260 [DEBUG] camera.run(): Captured frame at timestamp: 1583
2025-12-03 00:56:15,270 [DEBUG] landmarker.update(): velocity=0.4554955134084828
2025-12-03 00:56:15,271 [DEBUG] pointer_mapper.update(): std=0.03639916972147801, velocity=0.07246770606623017
2025-12-03 00:56:15,271 [DEBUG] controller._on_landmark_update(): Pointer mapped to screen position: (1415, 429)
2025-12-03 00:56:15,271 [DEBUG] mouse_event_mapper.detect(): thumb-index distances: current=0.38052329383383104, past=0.40204264016810926
2025-12-03 00:56:15,271 [DEBUG] mouse_event_mapper.detect(): thumb-middle distances: current=0.5171123695834048, past=0.5461751329912574
2025-12-03 00:56:15,271 [DEBUG] mouse_event_mapper.update(): detected mouse event: MouseEvent.MOVE
2025-12-03 00:56:15,271 [DEBUG] controller._on_landmark_update(): Mouse event deteced: MOVE
2025-12-03 00:56:15,297 [DEBUG] camera.run(): Captured frame at timestamp: 1621
2025-12-03 00:56:15,308 [DEBUG] landmarker.update(): velocity=0.2973003282555362
2025-12-03 00:56:15,309 [DEBUG] pointer_mapper.update(): std=0.027862436871610916, velocity=0.05248832213569649
2025-12-03 00:56:15,309 [DEBUG] controller._on_landmark_update(): Pointer mapped to screen position: (1391, 371)
2025-12-03 00:56:15,309 [DEBUG] mouse_event_mapper.detect(): thumb-index distances: current=0.3730282077365665, past=0.3947131854670914
2025-12-03 00:56:15,309 [DEBUG] mouse_event_mapper.detect(): thumb-middle distances: current=0.5093231711805677, past=0.5353423346338196
2025-12-03 00:56:15,309 [DEBUG] mouse_event_mapper.update(): detected mouse event: MouseEvent.MOVE
2025-12-03 00:56:15,309 [DEBUG] controller._on_landmark_update(): Mouse event deteced: MOVE
2025-12-03 00:56:15,330 [DEBUG] camera.run(): Captured frame at timestamp: 1654
2025-12-03 00:56:15,341 [DEBUG] landmarker.update(): velocity=0.18603652310400334
2025-12-03 00:56:15,342 [DEBUG] pointer_mapper.update(): std=0.019349012425579737, velocity=0.0351590959804061
2025-12-03 00:56:15,342 [DEBUG] controller._on_landmark_update(): Pointer mapped to screen position: (1367, 322)
2025-12-03 00:56:15,342 [DEBUG] mouse_event_mapper.detect(): thumb-index distances: current=0.3663500823893109, past=0.38748371631567274
2025-12-03 00:56:15,342 [DEBUG] mouse_event_mapper.detect(): thumb-middle distances: current=0.5023968984447827, past=0.5255685109540958
2025-12-03 00:56:15,342 [DEBUG] mouse_event_mapper.update(): detected mouse event: MouseEvent.MOVE
2025-12-03 00:56:15,342 [DEBUG] controller._on_landmark_update(): Mouse event deteced: MOVE
2025-12-03 00:56:15,364 [DEBUG] camera.run(): Captured frame at timestamp: 1688
2025-12-03 00:56:15,375 [DEBUG] landmarker.update(): velocity=0.11703403548169596
2025-12-03 00:56:15,375 [DEBUG] pointer_mapper.update(): std=0.011928802950898742, velocity=0.020635170296052944
2025-12-03 00:56:15,375 [DEBUG] controller._on_landmark_update(): Pointer mapped to screen position: (1343, 281)
2025-12-03 00:56:15,375 [DEBUG] mouse_event_mapper.detect(): thumb-index distances: current=0.3606873238614026, past=0.38052329383383104
2025-12-03 00:56:15,376 [DEBUG] mouse_event_mapper.detect(): thumb-middle distances: current=0.49638916526843185, past=0.5171123695834048
2025-12-03 00:56:15,376 [DEBUG] mouse_event_mapper.update(): detected mouse event: MouseEvent.MOVE
2025-12-03 00:56:15,376 [DEBUG] controller._on_landmark_update(): Mouse event deteced: MOVE
2025-12-03 00:56:15,397 [DEBUG] camera.run(): Captured frame at timestamp: 1720
2025-12-03 00:56:15,408 [DEBUG] landmarker.update(): velocity=0.13937041723737048
2025-12-03 00:56:15,409 [DEBUG] pointer_mapper.update(): std=0.0060316729773303235, velocity=0.011523918341347137
2025-12-03 00:56:15,409 [DEBUG] controller._on_landmark_update(): Pointer mapped to screen position: (1319, 248)
2025-12-03 00:56:15,409 [DEBUG] mouse_event_mapper.detect(): thumb-index distances: current=0.3564554865859339, past=0.3730282077365665
2025-12-03 00:56:15,409 [DEBUG] mouse_event_mapper.detect(): thumb-middle distances: current=0.4913494899809138, past=0.5093231711805677
2025-12-03 00:56:15,409 [DEBUG] mouse_event_mapper.update(): detected mouse event: MouseEvent.MOVE
2025-12-03 00:56:15,409 [DEBUG] controller._on_landmark_update(): Mouse event deteced: MOVE
2025-12-03 00:56:15,430 [DEBUG] camera.run(): Captured frame at timestamp: 1754
2025-12-03 00:56:15,441 [DEBUG] landmarker.update(): velocity=0.2024470689553899
2025-12-03 00:56:15,441 [DEBUG] pointer_mapper.update(): std=0.005061223663502015, velocity=0.011719553744053209
2025-12-03 00:56:15,441 [DEBUG] controller._on_landmark_update(): Pointer mapped to screen position: (1296, 223)
2025-12-03 00:56:15,441 [DEBUG] mouse_event_mapper.detect(): thumb-index distances: current=0.3532197831504546, past=0.3663500823893109
2025-12-03 00:56:15,441 [DEBUG] mouse_event_mapper.detect(): thumb-middle distances: current=0.4869378406369897, past=0.5023968984447827
2025-12-03 00:56:15,442 [DEBUG] mouse_event_mapper.update(): detected mouse event: MouseEvent.MOVE
2025-12-03 00:56:15,442 [DEBUG] controller._on_landmark_update(): Mouse event deteced: MOVE
2025-12-03 00:56:15,464 [DEBUG] camera.run(): Captured frame at timestamp: 1787
2025-12-03 00:56:15,475 [DEBUG] landmarker.update(): velocity=0.2531978273649159
2025-12-03 00:56:15,475 [DEBUG] pointer_mapper.update(): std=0.007020186341736441, velocity=0.018519311876761216
2025-12-03 00:56:15,475 [DEBUG] controller._on_landmark_update(): Pointer mapped to screen position: (1274, 205)
2025-12-03 00:56:15,475 [DEBUG] mouse_event_mapper.detect(): thumb-index distances: current=0.3514005904005805, past=0.3606873238614026
2025-12-03 00:56:15,475 [DEBUG] mouse_event_mapper.detect(): thumb-middle distances: current=0.4834342075444913, past=0.49638916526843185
2025-12-03 00:56:15,475 [DEBUG] mouse_event_mapper.update(): detected mouse event: MouseEvent.MOVE
2025-12-03 00:56:15,475 [DEBUG] controller._on_landmark_update(): Mouse event deteced: MOVE
2025-12-03 00:56:15,497 [DEBUG] camera.run(): Captured frame at timestamp: 1820
2025-12-03 00:56:15,508 [DEBUG] landmarker.update(): velocity=0.2786111240078311
2025-12-03 00:56:15,508 [DEBUG] pointer_mapper.update(): std=0.01026029373828608, velocity=0.023873707606388208
2025-12-03 00:56:15,508 [DEBUG] controller._on_landmark_update(): Pointer mapped to screen position: (1252, 194)
2025-12-03 00:56:15,508 [DEBUG] mouse_event_mapper.detect(): thumb-index distances: current=0.351192931467758, past=0.3564554865859339
2025-12-03 00:56:15,508 [DEBUG] mouse_event_mapper.detect(): thumb-middle distances: current=0.48123643159439417, past=0.4913494899809138
2025-12-03 00:56:15,508 [DEBUG] mouse_event_mapper.update(): detected mouse event: MouseEvent.MOVE
2025-12-03 00:56:15,508 [DEBUG] controller._on_landmark_update(): Mouse event deteced: MOVE
2025-12-03 00:56:15,531 [DEBUG] camera.run(): Captured frame at timestamp: 1854
2025-12-03 00:56:15,542 [DEBUG] landmarker.update(): velocity=0.29847550379002175
2025-12-03 00:56:15,543 [DEBUG] pointer_mapper.update(): std=0.012323825461517949, velocity=0.027127214780425162
2025-12-03 00:56:15,543 [DEBUG] controller._on_landmark_update(): Pointer mapped to screen position: (1233, 189)
2025-12-03 00:56:15,543 [DEBUG] mouse_event_mapper.detect(): thumb-index distances: current=0.3518115304308782, past=0.3532197831504546
2025-12-03 00:56:15,543 [DEBUG] mouse_event_mapper.detect(): thumb-middle distances: current=0.48004777369917034, past=0.4869378406369897
2025-12-03 00:56:15,543 [DEBUG] mouse_event_mapper.update(): detected mouse event: MouseEvent.MOVE
2025-12-03 00:56:15,543 [DEBUG] controller._on_landmark_update(): Mouse event deteced: MOVE
2025-12-03 00:56:15,563 [DEBUG] camera.run(): Captured frame at timestamp: 1887
2025-12-03 00:56:15,574 [DEBUG] landmarker.update(): velocity=0.30300001429863016
2025-12-03 00:56:15,575 [DEBUG] pointer_mapper.update(): std=0.013311324442887454, velocity=0.02863381181814142
2025-12-03 00:56:15,575 [DEBUG] controller._on_landmark_update(): Pointer mapped to screen position: (1214, 189)
2025-12-03 00:56:15,575 [DEBUG] mouse_event_mapper.detect(): thumb-index distances: current=0.3524531074005141, past=0.3514005904005805
2025-12-03 00:56:15,575 [DEBUG] mouse_event_mapper.detect(): thumb-middle distances: current=0.47908071110842165, past=0.4834342075444913
2025-12-03 00:56:15,575 [DEBUG] mouse_event_mapper.update(): detected mouse event: MouseEvent.MOVE
2025-12-03 00:56:15,575 [DEBUG] controller._on_landmark_update(): Mouse event deteced: MOVE
2025-12-03 00:56:15,596 [DEBUG] camera.run(): Captured frame at timestamp: 1920
2025-12-03 00:56:15,607 [DEBUG] landmarker.update(): velocity=0.2979413606134866
2025-12-03 00:56:15,608 [DEBUG] pointer_mapper.update(): std=0.013747025591932726, velocity=0.028618160952170502
2025-12-03 00:56:15,608 [DEBUG] controller._on_landmark_update(): Pointer mapped to screen position: (1196, 193)
2025-12-03 00:56:15,608 [DEBUG] mouse_event_mapper.detect(): thumb-index distances: current=0.35268495267775674, past=0.351192931467758
2025-12-03 00:56:15,608 [DEBUG] mouse_event_mapper.detect(): thumb-middle distances: current=0.47789488179147527, past=0.48123643159439417
2025-12-03 00:56:15,608 [DEBUG] mouse_event_mapper.update(): detected mouse event: MouseEvent.MOVE
2025-12-03 00:56:15,608 [DEBUG] controller._on_landmark_update(): Mouse event deteced: MOVE
2025-12-03 00:56:15,630 [DEBUG] camera.run(): Captured frame at timestamp: 1954
2025-12-03 00:56:15,641 [DEBUG] landmarker.update(): velocity=0.28316341604257955
2025-12-03 00:56:15,642 [DEBUG] pointer_mapper.update(): std=0.013560941638142322, velocity=0.027471836633545754
2025-12-03 00:56:15,642 [DEBUG] controller._on_landmark_update(): Pointer mapped to screen position: (1180, 200)
2025-12-03 00:56:15,642 [DEBUG] mouse_event_mapper.detect(): thumb-index distances: current=0.3527229851991245, past=0.3518115304308782
2025-12-03 00:56:15,642 [DEBUG] mouse_event_mapper.detect(): thumb-middle distances: current=0.4765784848504408, past=0.48004777369917034
2025-12-03 00:56:15,642 [DEBUG] mouse_event_mapper.update(): detected mouse event: MouseEvent.MOVE
2025-12-03 00:56:15,642 [DEBUG] controller._on_landmark_update(): Mouse event deteced: MOVE
2025-12-03 00:56:15,664 [DEBUG] camera.run(): Captured frame at timestamp: 1988
2025-12-03 00:56:15,675 [DEBUG] landmarker.update(): velocity=0.2712951001964563
2025-12-03 00:56:15,676 [DEBUG] pointer_mapper.update(): std=0.01287550889927413, velocity=0.025688395571657273
2025-12-03 00:56:15,676 [DEBUG] controller._on_landmark_update(): Pointer mapped to screen position: (1165, 209)
2025-12-03 00:56:15,676 [DEBUG] mouse_event_mapper.detect(): thumb-index distances: current=0.3520947389972817, past=0.3524531074005141
2025-12-03 00:56:15,676 [DEBUG] mouse_event_mapper.detect(): thumb-middle distances: current=0.4745867785919749, past=0.47908071110842165
2025-12-03 00:56:15,676 [DEBUG] mouse_event_mapper.update(): detected mouse event: MouseEvent.MOVE
2025-12-03 00:56:15,676 [DEBUG] controller._on_landmark_update(): Mouse event deteced: MOVE
2025-12-03 00:56:15,697 [DEBUG] camera.run(): Captured frame at timestamp: 2021
2025-12-03 00:56:15,708 [DEBUG] landmarker.update(): velocity=0.2542159807408783
2025-12-03 00:56:15,709 [DEBUG] pointer_mapper.update(): std=0.011890468609000835, velocity=0.02334706351021859
2025-12-03 00:56:15,709 [DEBUG] controller._on_landmark_update(): Pointer mapped to screen position: (1151, 219)
2025-12-03 00:56:15,709 [DEBUG] mouse_event_mapper.detect(): thumb-index distances: current=0.35059026319086334, past=0.35268495267775674
2025-12-03 00:56:15,709 [DEBUG] mouse_event_mapper.detect(): thumb-middle distances: current=0.47173943257559775, past=0.47789488179147527
2025-12-03 00:56:15,709 [DEBUG] mouse_event_mapper.update(): detected mouse event: MouseEvent.MOVE
2025-12-03 00:56:15,709 [DEBUG] controller._on_landmark_update(): Mouse event deteced: MOVE
2025-12-03 00:56:15,731 [DEBUG] camera.run(): Captured frame at timestamp: 2054
2025-12-03 00:56:15,742 [DEBUG] landmarker.update(): velocity=0.2423164615648543
2025-12-03 00:56:15,742 [DEBUG] pointer_mapper.update(): std=0.011091813811279815, velocity=0.021375520319697777
2025-12-03 00:56:15,742 [DEBUG] controller._on_landmark_update(): Pointer mapped to screen position: (1137, 230)
2025-12-03 00:56:15,742 [DEBUG] mouse_event_mapper.detect(): thumb-index distances: current=0.34813569092316393, past=0.3527229851991245
2025-12-03 00:56:15,743 [DEBUG] mouse_event_mapper.detect(): thumb-middle distances: current=0.46783434470666085, past=0.4765784848504408
2025-12-03 00:56:15,743 [DEBUG] mouse_event_mapper.update(): detected mouse event: MouseEvent.MOVE
2025-12-03 00:56:15,743 [DEBUG] controller._on_landmark_update(): Mouse event deteced: MOVE
2025-12-03 00:56:15,764 [DEBUG] camera.run(): Captured frame at timestamp: 2088
2025-12-03 00:56:15,775 [DEBUG] landmarker.update(): velocity=0.22382163179915154
2025-12-03 00:56:15,776 [DEBUG] pointer_mapper.update(): std=0.01022532403754518, velocity=0.01949886005433589
2025-12-03 00:56:15,776 [DEBUG] controller._on_landmark_update(): Pointer mapped to screen position: (1124, 241)
2025-12-03 00:56:15,776 [DEBUG] mouse_event_mapper.detect(): thumb-index distances: current=0.34546477108901213, past=0.3520947389972817
2025-12-03 00:56:15,776 [DEBUG] mouse_event_mapper.detect(): thumb-middle distances: current=0.4634619554283275, past=0.4745867785919749
2025-12-03 00:56:15,776 [DEBUG] mouse_event_mapper.update(): detected mouse event: MouseEvent.MOVE
2025-12-03 00:56:15,776 [DEBUG] controller._on_landmark_update(): Mouse event deteced: MOVE
2025-12-03 00:56:15,797 [DEBUG] camera.run(): Captured frame at timestamp: 2121
2025-12-03 00:56:15,808 [DEBUG] landmarker.update(): velocity=0.20410983175646508
2025-12-03 00:56:15,809 [DEBUG] pointer_mapper.update(): std=0.009184884226866514, velocity=0.017466332817934097
2025-12-03 00:56:15,809 [DEBUG] controller._on_landmark_update(): Pointer mapped to screen position: (1111, 252)
2025-12-03 00:56:15,809 [DEBUG] mouse_event_mapper.detect(): thumb-index distances: current=0.34276182087283774, past=0.35059026319086334
2025-12-03 00:56:15,809 [DEBUG] mouse_event_mapper.detect(): thumb-middle distances: current=0.4589654461178658, past=0.47173943257559775
2025-12-03 00:56:15,809 [DEBUG] mouse_event_mapper.update(): detected mouse event: MouseEvent.MOVE
2025-12-03 00:56:15,809 [DEBUG] controller._on_landmark_update(): Mouse event deteced: MOVE
2025-12-03 00:56:15,827 [DEBUG] camera.run(): Captured frame at timestamp: 2150
2025-12-03 00:56:15,838 [DEBUG] landmarker.update(): velocity=0.1773344738071872
2025-12-03 00:56:15,838 [DEBUG] pointer_mapper.update(): std=0.007887275314433556, velocity=0.015363841602115784
2025-12-03 00:56:15,838 [DEBUG] controller._on_landmark_update(): Pointer mapped to screen position: (1098, 263)
2025-12-03 00:56:15,838 [DEBUG] mouse_event_mapper.detect(): thumb-index distances: current=0.34000067519521854, past=0.34813569092316393
2025-12-03 00:56:15,838 [DEBUG] mouse_event_mapper.detect(): thumb-middle distances: current=0.4544608736313919, past=0.46783434470666085
2025-12-03 00:56:15,838 [DEBUG] mouse_event_mapper.update(): detected mouse event: MouseEvent.MOVE
2025-12-03 00:56:15,838 [DEBUG] controller._on_landmark_update(): Mouse event deteced: MOVE
2025-12-03 00:56:15,863 [DEBUG] camera.run(): Captured frame at timestamp: 2186
2025-12-03 00:56:15,873 [DEBUG] landmarker.update(): velocity=0.15010056261982638
2025-12-03 00:56:15,874 [DEBUG] pointer_mapper.update(): std=0.006522462647551025, velocity=0.01298738463961394
2025-12-03 00:56:15,874 [DEBUG] controller._on_landmark_update(): Pointer mapped to screen position: (1086, 273)
2025-12-03 00:56:15,874 [DEBUG] mouse_event_mapper.detect(): thumb-index distances: current=0.33685862325429916, past=0.34546477108901213
2025-12-03 00:56:15,874 [DEBUG] mouse_event_mapper.detect(): thumb-middle distances: current=0.44968887787688244, past=0.4634619554283275
2025-12-03 00:56:15,874 [DEBUG] mouse_event_mapper.update(): detected mouse event: MouseEvent.MOVE
2025-12-03 00:56:15,874 [DEBUG] controller._on_landmark_update(): Mouse event deteced: MOVE
2025-12-03 00:56:15,897 [DEBUG] camera.run(): Captured frame at timestamp: 2221
2025-12-03 00:56:15,908 [DEBUG] landmarker.update(): velocity=0.12031346666700747
2025-12-03 00:56:15,909 [DEBUG] pointer_mapper.update(): std=0.005107885611684252, velocity=0.010855697727977174
2025-12-03 00:56:15,909 [DEBUG] controller._on_landmark_update(): Pointer mapped to screen position: (1075, 282)
2025-12-03 00:56:15,909 [DEBUG] mouse_event_mapper.detect(): thumb-index distances: current=0.3337033017330338, past=0.34276182087283774
2025-12-03 00:56:15,909 [DEBUG] mouse_event_mapper.detect(): thumb-middle distances: current=0.4449395515851302, past=0.4589654461178658
2025-12-03 00:56:15,909 [DEBUG] mouse_event_mapper.update(): detected mouse event: MouseEvent.MOVE
2025-12-03 00:56:15,909 [DEBUG] controller._on_landmark_update(): Mouse event deteced: MOVE
2025-12-03 00:56:15,931 [DEBUG] camera.run(): Captured frame at timestamp: 2254
2025-12-03 00:56:15,941 [DEBUG] landmarker.update(): velocity=0.09887693776381477
2025-12-03 00:56:15,942 [DEBUG] pointer_mapper.update(): std=0.003663317553479951, velocity=0.009371112174109634
2025-12-03 00:56:15,942 [DEBUG] controller._on_landmark_update(): Pointer mapped to screen position: (1063, 290)
2025-12-03 00:56:15,942 [DEBUG] mouse_event_mapper.detect(): thumb-index distances: current=0.3306868559255934, past=0.34000067519521854
2025-12-03 00:56:15,942 [DEBUG] mouse_event_mapper.detect(): thumb-middle distances: current=0.4403825799081867, past=0.4544608736313919
2025-12-03 00:56:15,942 [DEBUG] mouse_event_mapper.update(): detected mouse event: MouseEvent.MOVE
2025-12-03 00:56:15,942 [DEBUG] controller._on_landmark_update(): Mouse event deteced: MOVE
2025-12-03 00:56:15,964 [DEBUG] camera.run(): Captured frame at timestamp: 2288
2025-12-03 00:56:15,975 [DEBUG] landmarker.update(): velocity=0.08391404504267756
2025-12-03 00:56:15,975 [DEBUG] pointer_mapper.update(): std=0.003626578029541212, velocity=0.008705211327865796
2025-12-03 00:56:15,975 [DEBUG] controller._on_landmark_update(): Pointer mapped to screen position: (1052, 297)
2025-12-03 00:56:15,975 [DEBUG] mouse_event_mapper.detect(): thumb-index distances: current=0.32794134055728436, past=0.33685862325429916
2025-12-03 00:56:15,975 [DEBUG] mouse_event_mapper.detect(): thumb-middle distances: current=0.4362808873975168, past=0.44968887787688244
2025-12-03 00:56:15,975 [DEBUG] mouse_event_mapper.update(): detected mouse event: MouseEvent.MOVE
2025-12-03 00:56:15,976 [DEBUG] controller._on_landmark_update(): Mouse event deteced: MOVE
2025-12-03 00:56:15,996 [DEBUG] camera.run(): Captured frame at timestamp: 2320
2025-12-03 00:56:16,007 [DEBUG] landmarker.update(): velocity=0.07149091430098792
2025-12-03 00:56:16,008 [DEBUG] pointer_mapper.update(): std=0.0036589502729913975, velocity=0.008207788508278167
2025-12-03 00:56:16,008 [DEBUG] controller._on_landmark_update(): Pointer mapped to screen position: (1040, 302)
2025-12-03 00:56:16,008 [DEBUG] mouse_event_mapper.detect(): thumb-index distances: current=0.3254063616549801, past=0.3337033017330338
2025-12-03 00:56:16,008 [DEBUG] mouse_event_mapper.detect(): thumb-middle distances: current=0.43258789319229757, past=0.4449395515851302
2025-12-03 00:56:16,008 [DEBUG] mouse_event_mapper.update(): detected mouse event: MouseEvent.MOVE
2025-12-03 00:56:16,008 [DEBUG] controller._on_landmark_update(): Mouse event deteced: MOVE
2025-12-03 00:56:16,027 [DEBUG] camera.run(): Captured frame at timestamp: 2351
2025-12-03 00:56:16,038 [DEBUG] landmarker.update(): velocity=0.056946177591710535
2025-12-03 00:56:16,039 [DEBUG] pointer_mapper.update(): std=0.0034707255252787645, velocity=0.007174150445404028
2025-12-03 00:56:16,039 [DEBUG] controller._on_landmark_update(): Pointer mapped to screen position: (1027, 306)
2025-12-03 00:56:16,039 [DEBUG] mouse_event_mapper.detect(): thumb-index distances: current=0.32317469299334745, past=0.3306868559255934
2025-12-03 00:56:16,039 [DEBUG] mouse_event_mapper.detect(): thumb-middle distances: current=0.4293381345919527, past=0.4403825799081867
2025-12-03 00:56:16,039 [DEBUG] mouse_event_mapper.update(): detected mouse event: MouseEvent.MOVE
2025-12-03 00:56:16,039 [DEBUG] controller._on_landmark_update(): Mouse event deteced: MOVE
2025-12-03 00:56:16,061 [DEBUG] camera.run(): Captured frame at timestamp: 2384
2025-12-03 00:56:16,071 [DEBUG] landmarker.update(): velocity=0.045851970066965744
2025-12-03 00:56:16,072 [DEBUG] pointer_mapper.update(): std=0.0030507191761919017, velocity=0.006065193939091839
2025-12-03 00:56:16,072 [DEBUG] controller._on_landmark_update(): Pointer mapped to screen position: (1014, 309)
2025-12-03 00:56:16,072 [DEBUG] mouse_event_mapper.detect(): thumb-index distances: current=0.3213120162544479, past=0.32794134055728436
2025-12-03 00:56:16,072 [DEBUG] mouse_event_mapper.detect(): thumb-middle distances: current=0.42649531560953585, past=0.4362808873975168
2025-12-03 00:56:16,072 [DEBUG] mouse_event_mapper.update(): detected mouse event: MouseEvent.MOVE
2025-12-03 00:56:16,072 [DEBUG] controller._on_landmark_update(): Mouse event deteced: MOVE
2025-12-03 00:56:16,095 [DEBUG] camera.run(): Captured frame at timestamp: 2418
2025-12-03 00:56:16,106 [DEBUG] landmarker.update(): velocity=0.03661095562019189
2025-12-03 00:56:16,106 [DEBUG] pointer_mapper.update(): std=0.002463612077528199, velocity=0.004893749224259386
2025-12-03 00:56:16,106 [DEBUG] controller._on_landmark_update(): Pointer mapped to screen position: (1001, 311)
2025-12-03 00:56:16,106 [DEBUG] mouse_event_mapper.detect(): thumb-index distances: current=0.3194545128117136, past=0.3254063616549801
2025-12-03 00:56:16,106 [DEBUG] mouse_event_mapper.detect(): thumb-middle distances: current=0.4237073363694168, past=0.43258789319229757
2025-12-03 00:56:16,106 [DEBUG] mouse_event_mapper.update(): detected mouse event: MouseEvent.MOVE
2025-12-03 00:56:16,106 [DEBUG] controller._on_landmark_update(): Mouse event deteced: MOVE
2025-12-03 00:56:16,129 [DEBUG] camera.run(): Captured frame at timestamp: 2452
2025-12-03 00:56:16,140 [DEBUG] landmarker.update(): velocity=0.0345113587991809
2025-12-03 00:56:16,140 [DEBUG] pointer_mapper.update(): std=0.002018707456376295, velocity=0.004034714931358321
2025-12-03 00:56:16,140 [DEBUG] controller._on_landmark_update(): Pointer mapped to screen position: (989, 312)
2025-12-03 00:56:16,140 [DEBUG] mouse_event_mapper.detect(): thumb-index distances: current=0.3170275673237035, past=0.32317469299334745
2025-12-03 00:56:16,140 [DEBUG] mouse_event_mapper.detect(): thumb-middle distances: current=0.42055041300950546, past=0.4293381345919527
2025-12-03 00:56:16,140 [DEBUG] mouse_event_mapper.update(): detected mouse event: MouseEvent.MOVE
2025-12-03 00:56:16,140 [DEBUG] controller._on_landmark_update(): Mouse event deteced: MOVE
2025-12-03 00:56:16,162 [DEBUG] camera.run(): Captured frame at timestamp: 2486
2025-12-03 00:56:16,173 [DEBUG] landmarker.update(): velocity=0.03907973522715044
2025-12-03 00:56:16,174 [DEBUG] pointer_mapper.update(): std=0.0016646290156986892, velocity=0.003814493467561278
2025-12-03 00:56:16,174 [DEBUG] controller._on_landmark_update(): Pointer mapped to screen position: (977, 314)
2025-12-03 00:56:16,174 [DEBUG] mouse_event_mapper.detect(): thumb-index distances: current=0.3135299929158435, past=0.3213120162544479
2025-12-03 00:56:16,174 [DEBUG] mouse_event_mapper.detect(): thumb-middle distances: current=0.41661525675105554, past=0.42649531560953585
2025-12-03 00:56:16,174 [DEBUG] mouse_event_mapper.update(): detected mouse event: MouseEvent.MOVE
2025-12-03 00:56:16,174 [DEBUG] controller._on_landmark_update(): Mouse event deteced: MOVE
2025-12-03 00:56:16,191 [DEBUG] camera.run(): Captured frame at timestamp: 2515
2025-12-03 00:56:16,202 [DEBUG] landmarker.update(): velocity=0.038179513667993985
2025-12-03 00:56:16,203 [DEBUG] pointer_mapper.update(): std=0.0013202877326145526, velocity=0.003576836417050099
2025-12-03 00:56:16,203 [DEBUG] controller._on_landmark_update(): Pointer mapped to screen position: (965, 315)
2025-12-03 00:56:16,203 [DEBUG] mouse_event_mapper.detect(): thumb-index distances: current=0.30899663907629876, past=0.3194545128117136
2025-12-03 00:56:16,203 [DEBUG] mouse_event_mapper.detect(): thumb-middle distances: current=0.411855399213419, past=0.4237073363694168
2025-12-03 00:56:16,203 [DEBUG] mouse_event_mapper.update(): detected mouse event: MouseEvent.MOVE
2025-12-03 00:56:16,203 [DEBUG] controller._on_landmark_update(): Mouse event deteced: MOVE
2025-12-03 00:56:16,225 [DEBUG] camera.run(): Captured frame at timestamp: 2548
2025-12-03 00:56:16,236 [DEBUG] landmarker.update(): velocity=0.03998279604222661
2025-12-03 00:56:16,237 [DEBUG] pointer_mapper.update(): std=0.001363459494985833, velocity=0.003294905582781085
2025-12-03 00:56:16,237 [DEBUG] controller._on_landmark_update(): Pointer mapped to screen position: (954, 317)
2025-12-03 00:56:16,237 [DEBUG] mouse_event_mapper.detect(): thumb-index distances: current=0.30363961414434276, past=0.3170275673237035
2025-12-03 00:56:16,237 [DEBUG] mouse_event_mapper.detect(): thumb-middle distances: current=0.4063692054317049, past=0.42055041300950546
2025-12-03 00:56:16,237 [DEBUG] mouse_event_mapper.update(): detected mouse event: MouseEvent.MOVE
2025-12-03 00:56:16,237 [DEBUG] controller._on_landmark_update(): Mouse event deteced: MOVE
2025-12-03 00:56:16,262 [DEBUG] camera.run(): Captured frame at timestamp: 2586
2025-12-03 00:56:16,273 [DEBUG] landmarker.update(): velocity=0.03285115719657686
2025-12-03 00:56:16,273 [DEBUG] pointer_mapper.update(): std=0.0013470483483922434, velocity=0.0027814896669800977
2025-12-03 00:56:16,274 [DEBUG] controller._on_landmark_update(): Pointer mapped to screen position: (945, 319)
2025-12-03 00:56:16,274 [DEBUG] mouse_event_mapper.detect(): thumb-index distances: current=0.2982778441983551, past=0.3135299929158435
2025-12-03 00:56:16,274 [DEBUG] mouse_event_mapper.detect(): thumb-middle distances: current=0.40086555393910644, past=0.41661525675105554
2025-12-03 00:56:16,274 [DEBUG] mouse_event_mapper.update(): detected mouse event: MouseEvent.MOVE
2025-12-03 00:56:16,274 [DEBUG] controller._on_landmark_update(): Mouse event deteced: MOVE
2025-12-03 00:56:16,296 [DEBUG] camera.run(): Captured frame at timestamp: 2619
2025-12-03 00:56:16,307 [DEBUG] landmarker.update(): velocity=0.03088616676115554
2025-12-03 00:56:16,307 [DEBUG] pointer_mapper.update(): std=0.001393053727447871, velocity=0.002740226345388724
2025-12-03 00:56:16,307 [DEBUG] controller._on_landmark_update(): Pointer mapped to screen position: (938, 321)
2025-12-03 00:56:16,307 [DEBUG] mouse_event_mapper.detect(): thumb-index distances: current=0.2931892342169487, past=0.30899663907629876
2025-12-03 00:56:16,307 [DEBUG] mouse_event_mapper.detect(): thumb-middle distances: current=0.39573362059698264, past=0.411855399213419
2025-12-03 00:56:16,307 [DEBUG] mouse_event_mapper.update(): detected mouse event: MouseEvent.MOVE
2025-12-03 00:56:16,307 [DEBUG] controller._on_landmark_update(): Mouse event deteced: MOVE
2025-12-03 00:56:16,329 [DEBUG] camera.run(): Captured frame at timestamp: 2652
2025-12-03 00:56:16,340 [DEBUG] landmarker.update(): velocity=0.038747026932446894
2025-12-03 00:56:16,340 [DEBUG] pointer_mapper.update(): std=0.001573863981216595, velocity=0.0032047478065232015
2025-12-03 00:56:16,340 [DEBUG] controller._on_landmark_update(): Pointer mapped to screen position: (931, 323)
2025-12-03 00:56:16,340 [DEBUG] mouse_event_mapper.detect(): thumb-index distances: current=0.28819738799822436, past=0.30363961414434276
2025-12-03 00:56:16,340 [DEBUG] mouse_event_mapper.detect(): thumb-middle distances: current=0.39078858591115084, past=0.4063692054317049
2025-12-03 00:56:16,340 [DEBUG] mouse_event_mapper.update(): detected mouse event: MouseEvent.MOVE
2025-12-03 00:56:16,340 [DEBUG] controller._on_landmark_update(): Mouse event deteced: MOVE
2025-12-03 00:56:16,363 [DEBUG] camera.run(): Captured frame at timestamp: 2686
2025-12-03 00:56:16,374 [DEBUG] landmarker.update(): velocity=0.05028976351987958
2025-12-03 00:56:16,374 [DEBUG] pointer_mapper.update(): std=0.0017413859159724893, velocity=0.004016335909831547
2025-12-03 00:56:16,374 [DEBUG] controller._on_landmark_update(): Pointer mapped to screen position: (925, 326)
2025-12-03 00:56:16,375 [DEBUG] mouse_event_mapper.detect(): thumb-index distances: current=0.28233533129731714, past=0.2982778441983551
2025-12-03 00:56:16,375 [DEBUG] mouse_event_mapper.detect(): thumb-middle distances: current=0.3851197812616496, past=0.40086555393910644
2025-12-03 00:56:16,375 [DEBUG] mouse_event_mapper.update(): detected mouse event: MouseEvent.MOVE
2025-12-03 00:56:16,375 [DEBUG] controller._on_landmark_update(): Mouse event deteced: MOVE
2025-12-03 00:56:16,396 [DEBUG] camera.run(): Captured frame at timestamp: 2719
2025-12-03 00:56:16,407 [DEBUG] landmarker.update(): velocity=0.06484862631853165
2025-12-03 00:56:16,407 [DEBUG] pointer_mapper.update(): std=0.002097225092937659, velocity=0.005081753462698433
2025-12-03 00:56:16,407 [DEBUG] controller._on_landmark_update(): Pointer mapped to screen position: (920, 330)
2025-12-03 00:56:16,407 [DEBUG] mouse_event_mapper.detect(): thumb-index distances: current=0.27506816745223556, past=0.2931892342169487
2025-12-03 00:56:16,407 [DEBUG] mouse_event_mapper.detect(): thumb-middle distances: current=0.3781859326243011, past=0.39573362059698264
2025-12-03 00:56:16,407 [DEBUG] mouse_event_mapper.update(): detected mouse event: MouseEvent.MOVE
2025-12-03 00:56:16,407 [DEBUG] controller._on_landmark_update(): Mouse event deteced: MOVE
2025-12-03 00:56:16,429 [DEBUG] camera.run(): Captured frame at timestamp: 2753
2025-12-03 00:56:16,440 [DEBUG] landmarker.update(): velocity=0.07737070716862375
2025-12-03 00:56:16,441 [DEBUG] pointer_mapper.update(): std=0.0022838188147477124, velocity=0.005844841959445349
2025-12-03 00:56:16,441 [DEBUG] controller._on_landmark_update(): Pointer mapped to screen position: (915, 334)
2025-12-03 00:56:16,441 [DEBUG] mouse_event_mapper.detect(): thumb-index distances: current=0.26610192646576364, past=0.28819738799822436
2025-12-03 00:56:16,441 [DEBUG] mouse_event_mapper.detect(): thumb-middle distances: current=0.3697975628998295, past=0.39078858591115084
2025-12-03 00:56:16,441 [DEBUG] mouse_event_mapper.update(): detected mouse event: MouseEvent.MOVE
2025-12-03 00:56:16,441 [DEBUG] controller._on_landmark_update(): Mouse event deteced: MOVE
2025-12-03 00:56:16,462 [DEBUG] camera.run(): Captured frame at timestamp: 2786
2025-12-03 00:56:16,473 [DEBUG] landmarker.update(): velocity=0.0840899507772773
2025-12-03 00:56:16,474 [DEBUG] pointer_mapper.update(): std=0.002675107499198634, velocity=0.005824061926707069
2025-12-03 00:56:16,474 [DEBUG] controller._on_landmark_update(): Pointer mapped to screen position: (911, 338)
2025-12-03 00:56:16,474 [DEBUG] mouse_event_mapper.detect(): thumb-index distances: current=0.2555962014667667, past=0.28233533129731714
2025-12-03 00:56:16,474 [DEBUG] mouse_event_mapper.detect(): thumb-middle distances: current=0.36030482722326473, past=0.3851197812616496
2025-12-03 00:56:16,474 [DEBUG] mouse_event_mapper.update(): detected mouse event: MouseEvent.MOVE
2025-12-03 00:56:16,474 [DEBUG] controller._on_landmark_update(): Mouse event deteced: MOVE
2025-12-03 00:56:16,494 [DEBUG] camera.run(): Captured frame at timestamp: 2818
2025-12-03 00:56:16,505 [DEBUG] landmarker.update(): velocity=0.08543384080838858
2025-12-03 00:56:16,506 [DEBUG] pointer_mapper.update(): std=0.002763907149228619, velocity=0.005609427611125625
2025-12-03 00:56:16,506 [DEBUG] controller._on_landmark_update(): Pointer mapped to screen position: (908, 342)
2025-12-03 00:56:16,506 [DEBUG] mouse_event_mapper.detect(): thumb-index distances: current=0.24379583343454292, past=0.27506816745223556
2025-12-03 00:56:16,506 [DEBUG] mouse_event_mapper.detect(): thumb-middle distances: current=0.35000143961195646, past=0.3781859326243011
2025-12-03 00:56:16,506 [DEBUG] mouse_event_mapper.update(): detected mouse event: MouseEvent.MOVE
2025-12-03 00:56:16,506 [DEBUG] controller._on_landmark_update(): Mouse event deteced: MOVE
2025-12-03 00:56:16,527 [DEBUG] camera.run(): Captured frame at timestamp: 2850
2025-12-03 00:56:16,538 [DEBUG] landmarker.update(): velocity=0.08631710948000502
2025-12-03 00:56:16,539 [DEBUG] pointer_mapper.update(): std=0.0028386212175643584, velocity=0.005226520865448606
2025-12-03 00:56:16,539 [DEBUG] controller._on_landmark_update(): Pointer mapped to screen position: (905, 346)
2025-12-03 00:56:16,539 [DEBUG] mouse_event_mapper.detect(): thumb-index distances: current=0.23144088299031984, past=0.26610192646576364
2025-12-03 00:56:16,539 [DEBUG] mouse_event_mapper.detect(): thumb-middle distances: current=0.3397328413469471, past=0.3697975628998295
2025-12-03 00:56:16,539 [DEBUG] mouse_event_mapper.update(): detected mouse event: MouseEvent.MOVE
2025-12-03 00:56:16,539 [DEBUG] controller._on_landmark_update(): Mouse event deteced: MOVE
2025-12-03 00:56:16,561 [DEBUG] camera.run(): Captured frame at timestamp: 2884
2025-12-03 00:56:16,572 [DEBUG] landmarker.update(): velocity=0.09365990048939554
2025-12-03 00:56:16,573 [DEBUG] pointer_mapper.update(): std=0.0027280172158021393, velocity=0.004586744934318213
2025-12-03 00:56:16,573 [DEBUG] controller._on_landmark_update(): Pointer mapped to screen position: (903, 350)
2025-12-03 00:56:16,573 [DEBUG] mouse_event_mapper.detect(): thumb-index distances: current=0.21791965649115383, past=0.2555962014667667
2025-12-03 00:56:16,573 [DEBUG] mouse_event_mapper.detect(): thumb-middle distances: current=0.329151191309129, past=0.36030482722326473
2025-12-03 00:56:16,573 [DEBUG] mouse_event_mapper.update(): detected mouse event: MouseEvent.MOVE
2025-12-03 00:56:16,573 [DEBUG] controller._on_landmark_update(): Mouse event deteced: MOVE
2025-12-03 00:56:16,594 [DEBUG] camera.run(): Captured frame at timestamp: 2917
2025-12-03 00:56:16,605 [DEBUG] landmarker.update(): velocity=0.10030598372079885
2025-12-03 00:56:16,605 [DEBUG] pointer_mapper.update(): std=0.0027923370765298595, velocity=0.004730960265624638
2025-12-03 00:56:16,606 [DEBUG] controller._on_landmark_update(): Pointer mapped to screen position: (901, 352)
2025-12-03 00:56:16,606 [DEBUG] mouse_event_mapper.detect(): thumb-index distances: current=0.20323114930568442, past=0.24379583343454292
2025-12-03 00:56:16,606 [DEBUG] mouse_event_mapper.detect(): thumb-middle distances: current=0.3186896315775631, past=0.35000143961195646
2025-12-03 00:56:16,606 [DEBUG] mouse_event_mapper.update(): detected mouse event: MouseEvent.MOVE
2025-12-03 00:56:16,606 [DEBUG] controller._on_landmark_update(): Mouse event deteced: MOVE
2025-12-03 00:56:16,627 [DEBUG] camera.run(): Captured frame at timestamp: 2951
2025-12-03 00:56:16,639 [DEBUG] landmarker.update(): velocity=0.11285533015711278
2025-12-03 00:56:16,639 [DEBUG] pointer_mapper.update(): std=0.002722263184104016, velocity=0.005026761791602685
2025-12-03 00:56:16,639 [DEBUG] controller._on_landmark_update(): Pointer mapped to screen position: (899, 354)
2025-12-03 00:56:16,639 [DEBUG] mouse_event_mapper.detect(): thumb-index distances: current=0.18565469439558388, past=0.23144088299031984
2025-12-03 00:56:16,639 [DEBUG] mouse_event_mapper.detect(): thumb-middle distances: current=0.30750797416933, past=0.3397328413469471
2025-12-03 00:56:16,639 [DEBUG] mouse_event_mapper.update(): detected mouse event: MouseEvent.MOVE
2025-12-03 00:56:16,639 [DEBUG] controller._on_landmark_update(): Mouse event deteced: MOVE
2025-12-03 00:56:16,661 [DEBUG] camera.run(): Captured frame at timestamp: 2984
2025-12-03 00:56:16,672 [DEBUG] landmarker.update(): velocity=0.08952860021626925
2025-12-03 00:56:16,672 [DEBUG] pointer_mapper.update(): std=0.002536048283719876, velocity=0.004726629585444406
2025-12-03 00:56:16,672 [DEBUG] controller._on_landmark_update(): Pointer mapped to screen position: (897, 355)
2025-12-03 00:56:16,673 [DEBUG] mouse_event_mapper.detect(): thumb-index distances: current=0.1678495966375272, past=0.21791965649115383
2025-12-03 00:56:16,673 [DEBUG] mouse_event_mapper.detect(): thumb-middle distances: current=0.2968596026463504, past=0.329151191309129
2025-12-03 00:56:16,673 [DEBUG] mouse_event_mapper.update(): detected mouse event: MouseEvent.MOVE
2025-12-03 00:56:16,673 [DEBUG] controller._on_landmark_update(): Mouse event deteced: MOVE
2025-12-03 00:56:16,696 [DEBUG] camera.run(): Captured frame at timestamp: 3019
2025-12-03 00:56:16,707 [DEBUG] landmarker.update(): velocity=0.07178769329690522
2025-12-03 00:56:16,707 [DEBUG] pointer_mapper.update(): std=0.002049564299152767, velocity=0.003964128596248179
2025-12-03 00:56:16,707 [DEBUG] controller._on_landmark_update(): Pointer mapped to screen position: (895, 356)
2025-12-03 00:56:16,707 [DEBUG] mouse_event_mapper.detect(): thumb-index distances: current=0.15095796054141813, past=0.20323114930568442
2025-12-03 00:56:16,707 [DEBUG] mouse_event_mapper.detect(): thumb-middle distances: current=0.28704037781135533, past=0.3186896315775631
2025-12-03 00:56:16,707 [DEBUG] mouse_event_mapper.update(): detected mouse event: MouseEvent.MOVE
2025-12-03 00:56:16,707 [DEBUG] controller._on_landmark_update(): Mouse event deteced: MOVE
2025-12-03 00:56:16,729 [DEBUG] camera.run(): Captured frame at timestamp: 3053
2025-12-03 00:56:16,740 [DEBUG] landmarker.update(): velocity=0.05947631690756804
2025-12-03 00:56:16,741 [DEBUG] pointer_mapper.update(): std=0.0016874252237172019, velocity=0.003383226107931167
2025-12-03 00:56:16,741 [DEBUG] controller._on_landmark_update(): Pointer mapped to screen position: (894, 357)
2025-12-03 00:56:16,741 [DEBUG] mouse_event_mapper.detect(): thumb-index distances: current=0.13735633100548492, past=0.18565469439558388
2025-12-03 00:56:16,741 [DEBUG] mouse_event_mapper.detect(): thumb-middle distances: current=0.27908004087699795, past=0.30750797416933
2025-12-03 00:56:16,741 [DEBUG] mouse_event_mapper.update(): detected mouse event: MouseEvent.MOVE
2025-12-03 00:56:16,741 [DEBUG] controller._on_landmark_update(): Mouse event deteced: MOVE
2025-12-03 00:56:16,763 [DEBUG] camera.run(): Captured frame at timestamp: 3086
2025-12-03 00:56:16,774 [DEBUG] landmarker.update(): velocity=0.048663867922727
2025-12-03 00:56:16,775 [DEBUG] pointer_mapper.update(): std=0.0017268772163368702, velocity=0.003305491100263452
2025-12-03 00:56:16,775 [DEBUG] controller._on_landmark_update(): Pointer mapped to screen position: (892, 357)
2025-12-03 00:56:16,775 [DEBUG] mouse_event_mapper.detect(): thumb-index distances: current=0.12618911865860663, past=0.1678495966375272
2025-12-03 00:56:16,775 [DEBUG] mouse_event_mapper.detect(): thumb-middle distances: current=0.2727069687166634, past=0.2968596026463504
2025-12-03 00:56:16,775 [DEBUG] mouse_event_mapper.update(): detected mouse event: MouseEvent.MOVE
2025-12-03 00:56:16,775 [DEBUG] controller._on_landmark_update(): Mouse event deteced: MOVE
2025-12-03 00:56:16,796 [DEBUG] camera.run(): Captured frame at timestamp: 3120
2025-12-03 00:56:16,807 [DEBUG] landmarker.update(): velocity=0.03823611607757644
2025-12-03 00:56:16,808 [DEBUG] pointer_mapper.update(): std=0.0017123189148705678, velocity=0.0033003811429998735
2025-12-03 00:56:16,808 [DEBUG] controller._on_landmark_update(): Pointer mapped to screen position: (891, 358)
2025-12-03 00:56:16,808 [DEBUG] mouse_event_mapper.detect(): thumb-index distances: current=0.11754395204491042, past=0.15095796054141813
2025-12-03 00:56:16,808 [DEBUG] mouse_event_mapper.detect(): thumb-middle distances: current=0.26796045729627654, past=0.28704037781135533
2025-12-03 00:56:16,808 [DEBUG] mouse_event_mapper.update(): detected mouse event: MouseEvent.MOVE
2025-12-03 00:56:16,808 [DEBUG] controller._on_landmark_update(): Mouse event deteced: MOVE
2025-12-03 00:56:16,830 [DEBUG] camera.run(): Captured frame at timestamp: 3153
2025-12-03 00:56:16,841 [DEBUG] landmarker.update(): velocity=0.034580180490216335
2025-12-03 00:56:16,842 [DEBUG] pointer_mapper.update(): std=0.001579280155296467, velocity=0.002955186822210514
2025-12-03 00:56:16,842 [DEBUG] controller._on_landmark_update(): Pointer mapped to screen position: (891, 359)
2025-12-03 00:56:16,842 [DEBUG] mouse_event_mapper.detect(): thumb-index distances: current=0.11054299131840443, past=0.13735633100548492
2025-12-03 00:56:16,842 [DEBUG] mouse_event_mapper.detect(): thumb-middle distances: current=0.26429094183379015, past=0.27908004087699795
2025-12-03 00:56:16,842 [DEBUG] mouse_event_mapper.update(): detected mouse event: MouseEvent.MOVE
2025-12-03 00:56:16,842 [DEBUG] controller._on_landmark_update(): Mouse event deteced: MOVE
2025-12-03 00:56:16,864 [DEBUG] camera.run(): Captured frame at timestamp: 3188
2025-12-03 00:56:16,875 [DEBUG] landmarker.update(): velocity=0.030360980242342895
2025-12-03 00:56:16,876 [DEBUG] pointer_mapper.update(): std=0.0013653364981431708, velocity=0.002658559074791881
2025-12-03 00:56:16,876 [DEBUG] controller._on_landmark_update(): Pointer mapped to screen position: (891, 359)
2025-12-03 00:56:16,876 [DEBUG] mouse_event_mapper.detect(): thumb-index distances: current=0.10513108118941683, past=0.12618911865860663
2025-12-03 00:56:16,876 [DEBUG] mouse_event_mapper.detect(): thumb-middle distances: current=0.26167683417748294, past=0.2727069687166634
2025-12-03 00:56:16,876 [DEBUG] mouse_event_mapper.update(): detected mouse event: MouseEvent.MOVE
2025-12-03 00:56:16,876 [DEBUG] controller._on_landmark_update(): Mouse event deteced: MOVE
2025-12-03 00:56:16,897 [DEBUG] camera.run(): Captured frame at timestamp: 3221
2025-12-03 00:56:16,909 [DEBUG] landmarker.update(): velocity=0.030129501534289418
2025-12-03 00:56:16,909 [DEBUG] pointer_mapper.update(): std=0.001207374976689329, velocity=0.0026367270089420586
2025-12-03 00:56:16,909 [DEBUG] controller._on_landmark_update(): Pointer mapped to screen position: (892, 359)
2025-12-03 00:56:16,909 [DEBUG] mouse_event_mapper.detect(): thumb-index distances: current=0.10110791458287723, past=0.11754395204491042
2025-12-03 00:56:16,909 [DEBUG] mouse_event_mapper.detect(): thumb-middle distances: current=0.2596081354952129, past=0.26796045729627654
2025-12-03 00:56:16,909 [DEBUG] mouse_event_mapper.update(): detected mouse event: MouseEvent.MOVE
2025-12-03 00:56:16,909 [DEBUG] controller._on_landmark_update(): Mouse event deteced: MOVE
2025-12-03 00:56:16,930 [DEBUG] camera.run(): Captured frame at timestamp: 3254
2025-12-03 00:56:16,941 [DEBUG] landmarker.update(): velocity=0.04334881211175564
2025-12-03 00:56:16,942 [DEBUG] pointer_mapper.update(): std=0.0009059049456164119, velocity=0.002182239295192814
2025-12-03 00:56:16,942 [DEBUG] controller._on_landmark_update(): Pointer mapped to screen position: (895, 359)
2025-12-03 00:56:16,942 [DEBUG] mouse_event_mapper.detect(): thumb-index distances: current=0.10125271153605266, past=0.11054299131840443
2025-12-03 00:56:16,942 [DEBUG] mouse_event_mapper.detect(): thumb-middle distances: current=0.259574952874023, past=0.26429094183379015
2025-12-03 00:56:16,942 [DEBUG] mouse_event_mapper.update(): detected mouse event: MouseEvent.MOVE
2025-12-03 00:56:16,942 [DEBUG] controller._on_landmark_update(): Mouse event deteced: MOVE
2025-12-03 00:56:16,964 [DEBUG] camera.run(): Captured frame at timestamp: 3288
2025-12-03 00:56:16,975 [DEBUG] landmarker.update(): velocity=0.06442499369742001
2025-12-03 00:56:16,976 [DEBUG] pointer_mapper.update(): std=0.0011296953604498395, velocity=0.0025430656440300404
2025-12-03 00:56:16,976 [DEBUG] controller._on_landmark_update(): Pointer mapped to screen position: (899, 359)
2025-12-03 00:56:16,976 [DEBUG] mouse_event_mapper.detect(): thumb-index distances: current=0.10588664903623816, past=0.10513108118941683
2025-12-03 00:56:16,976 [DEBUG] mouse_event_mapper.detect(): thumb-middle distances: current=0.26151941813541457, past=0.26167683417748294
2025-12-03 00:56:16,976 [DEBUG] mouse_event_mapper.update(): detected mouse event: MouseEvent.MOVE
2025-12-03 00:56:16,976 [DEBUG] controller._on_landmark_update(): Mouse event deteced: MOVE
2025-12-03 00:56:16,998 [DEBUG] camera.run(): Captured frame at timestamp: 3321
2025-12-03 00:56:17,009 [DEBUG] landmarker.update(): velocity=0.08225106163321902
2025-12-03 00:56:17,009 [DEBUG] pointer_mapper.update(): std=0.0013032246334120509, velocity=0.0032673982681327715
2025-12-03 00:56:17,009 [DEBUG] controller._on_landmark_update(): Pointer mapped to screen position: (905, 359)
2025-12-03 00:56:17,009 [DEBUG] mouse_event_mapper.detect(): thumb-index distances: current=0.11425618083339563, past=0.10110791458287723
2025-12-03 00:56:17,009 [DEBUG] mouse_event_mapper.detect(): thumb-middle distances: current=0.2655098738576723, past=0.2596081354952129
2025-12-03 00:56:17,009 [DEBUG] mouse_event_mapper.update(): detected mouse event: MouseEvent.MOVE
2025-12-03 00:56:17,009 [DEBUG] controller._on_landmark_update(): Mouse event deteced: MOVE
2025-12-03 00:56:17,031 [DEBUG] camera.run(): Captured frame at timestamp: 3354
2025-12-03 00:56:17,042 [DEBUG] landmarker.update(): velocity=0.10319771592248993
2025-12-03 00:56:17,042 [DEBUG] pointer_mapper.update(): std=0.0014371075801097285, velocity=0.004124011815201488
2025-12-03 00:56:17,042 [DEBUG] controller._on_landmark_update(): Pointer mapped to screen position: (911, 359)
2025-12-03 00:56:17,042 [DEBUG] mouse_event_mapper.detect(): thumb-index distances: current=0.12573226710818644, past=0.10125271153605266
2025-12-03 00:56:17,042 [DEBUG] mouse_event_mapper.detect(): thumb-middle distances: current=0.2717602797103484, past=0.259574952874023
2025-12-03 00:56:17,042 [DEBUG] mouse_event_mapper.update(): detected mouse event: MouseEvent.MOVE
2025-12-03 00:56:17,042 [DEBUG] controller._on_landmark_update(): Mouse event deteced: MOVE
2025-12-03 00:56:17,064 [DEBUG] camera.run(): Captured frame at timestamp: 3388
2025-12-03 00:56:17,075 [DEBUG] landmarker.update(): velocity=0.10451854927882125
2025-12-03 00:56:17,076 [DEBUG] pointer_mapper.update(): std=0.0019928753797691123, velocity=0.004368946363341931
2025-12-03 00:56:17,076 [DEBUG] controller._on_landmark_update(): Pointer mapped to screen position: (918, 359)
2025-12-03 00:56:17,076 [DEBUG] mouse_event_mapper.detect(): thumb-index distances: current=0.13945888920296678, past=0.10588664903623816
2025-12-03 00:56:17,076 [DEBUG] mouse_event_mapper.detect(): thumb-middle distances: current=0.2802453967729124, past=0.26151941813541457
2025-12-03 00:56:17,076 [DEBUG] mouse_event_mapper.update(): detected mouse event: MouseEvent.MOVE
2025-12-03 00:56:17,076 [DEBUG] controller._on_landmark_update(): Mouse event deteced: MOVE
2025-12-03 00:56:17,098 [DEBUG] camera.run(): Captured frame at timestamp: 3422
2025-12-03 00:56:17,109 [DEBUG] landmarker.update(): velocity=0.10062078786190817
2025-12-03 00:56:17,110 [DEBUG] pointer_mapper.update(): std=0.002159540852306281, velocity=0.004181087477902416
2025-12-03 00:56:17,110 [DEBUG] controller._on_landmark_update(): Pointer mapped to screen position: (925, 360)
2025-12-03 00:56:17,110 [DEBUG] mouse_event_mapper.detect(): thumb-index distances: current=0.15498173024997736, past=0.11425618083339563
2025-12-03 00:56:17,110 [DEBUG] mouse_event_mapper.detect(): thumb-middle distances: current=0.29067653697766255, past=0.2655098738576723
2025-12-03 00:56:17,110 [DEBUG] mouse_event_mapper.update(): detected mouse event: MouseEvent.MOVE
2025-12-03 00:56:17,110 [DEBUG] controller._on_landmark_update(): Mouse event deteced: MOVE
2025-12-03 00:56:17,131 [DEBUG] camera.run(): Captured frame at timestamp: 3454
2025-12-03 00:56:17,142 [DEBUG] landmarker.update(): velocity=0.0955165068206585
2025-12-03 00:56:17,142 [DEBUG] pointer_mapper.update(): std=0.0021648121883474656, velocity=0.004015080129171091
2025-12-03 00:56:17,142 [DEBUG] controller._on_landmark_update(): Pointer mapped to screen position: (932, 360)
2025-12-03 00:56:17,143 [DEBUG] mouse_event_mapper.detect(): thumb-index distances: current=0.17017614922932178, past=0.12573226710818644
2025-12-03 00:56:17,143 [DEBUG] mouse_event_mapper.detect(): thumb-middle distances: current=0.30155315888347745, past=0.2717602797103484
2025-12-03 00:56:17,143 [DEBUG] mouse_event_mapper.update(): detected mouse event: MouseEvent.MOVE
2025-12-03 00:56:17,143 [DEBUG] controller._on_landmark_update(): Mouse event deteced: MOVE
2025-12-03 00:56:17,165 [DEBUG] camera.run(): Captured frame at timestamp: 3488
2025-12-03 00:56:17,176 [DEBUG] landmarker.update(): velocity=0.0883031902623916
2025-12-03 00:56:17,176 [DEBUG] pointer_mapper.update(): std=0.0019900339432058524, velocity=0.003549718108645561
2025-12-03 00:56:17,176 [DEBUG] controller._on_landmark_update(): Pointer mapped to screen position: (939, 360)
2025-12-03 00:56:17,176 [DEBUG] mouse_event_mapper.detect(): thumb-index distances: current=0.184751563893592, past=0.13945888920296678
2025-12-03 00:56:17,176 [DEBUG] mouse_event_mapper.detect(): thumb-middle distances: current=0.3124548820294793, past=0.2802453967729124
2025-12-03 00:56:17,176 [DEBUG] mouse_event_mapper.update(): detected mouse event: MouseEvent.MOVE
2025-12-03 00:56:17,176 [DEBUG] controller._on_landmark_update(): Mouse event deteced: MOVE
2025-12-03 00:56:17,198 [DEBUG] camera.run(): Captured frame at timestamp: 3521
2025-12-03 00:56:17,209 [DEBUG] landmarker.update(): velocity=0.08234360732389555
2025-12-03 00:56:17,209 [DEBUG] pointer_mapper.update(): std=0.001729388373800759, velocity=0.00307170384113513
2025-12-03 00:56:17,209 [DEBUG] controller._on_landmark_update(): Pointer mapped to screen position: (945, 360)
2025-12-03 00:56:17,209 [DEBUG] mouse_event_mapper.detect(): thumb-index distances: current=0.19859057428033566, past=0.15498173024997736
2025-12-03 00:56:17,209 [DEBUG] mouse_event_mapper.detect(): thumb-middle distances: current=0.3231515748133483, past=0.29067653697766255
2025-12-03 00:56:17,209 [DEBUG] mouse_event_mapper.update(): detected mouse event: MouseEvent.MOVE
2025-12-03 00:56:17,209 [DEBUG] controller._on_landmark_update(): Mouse event deteced: MOVE
2025-12-03 00:56:17,231 [DEBUG] camera.run(): Captured frame at timestamp: 3555
2025-12-03 00:56:17,242 [DEBUG] landmarker.update(): velocity=0.06927847792171452
2025-12-03 00:56:17,243 [DEBUG] pointer_mapper.update(): std=0.001430710145887743, velocity=0.0025783118248100378
2025-12-03 00:56:17,243 [DEBUG] controller._on_landmark_update(): Pointer mapped to screen position: (950, 360)
2025-12-03 00:56:17,243 [DEBUG] mouse_event_mapper.detect(): thumb-index distances: current=0.21107961021647395, past=0.17017614922932178
2025-12-03 00:56:17,243 [DEBUG] mouse_event_mapper.detect(): thumb-middle distances: current=0.3331343578520938, past=0.30155315888347745
2025-12-03 00:56:17,243 [DEBUG] mouse_event_mapper.update(): detected mouse event: MouseEvent.MOVE
2025-12-03 00:56:17,243 [DEBUG] controller._on_landmark_update(): Mouse event deteced: MOVE
2025-12-03 00:56:17,265 [DEBUG] camera.run(): Captured frame at timestamp: 3588
2025-12-03 00:56:17,276 [DEBUG] landmarker.update(): velocity=0.05853570788590571
2025-12-03 00:56:17,276 [DEBUG] pointer_mapper.update(): std=0.0011741718246316456, velocity=0.0021313662053966233
2025-12-03 00:56:17,276 [DEBUG] controller._on_landmark_update(): Pointer mapped to screen position: (955, 359)
2025-12-03 00:56:17,276 [DEBUG] mouse_event_mapper.detect(): thumb-index distances: current=0.2217475857156915, past=0.184751563893592
2025-12-03 00:56:17,276 [DEBUG] mouse_event_mapper.detect(): thumb-middle distances: current=0.3420992092258737, past=0.3124548820294793
2025-12-03 00:56:17,276 [DEBUG] mouse_event_mapper.update(): detected mouse event: MouseEvent.MOVE
2025-12-03 00:56:17,276 [DEBUG] controller._on_landmark_update(): Mouse event deteced: MOVE
2025-12-03 00:56:17,298 [DEBUG] camera.run(): Captured frame at timestamp: 3622
2025-12-03 00:56:17,309 [DEBUG] landmarker.update(): velocity=0.05165548624240545
2025-12-03 00:56:17,310 [DEBUG] pointer_mapper.update(): std=0.0009110118636456483, velocity=0.0017974102790238834
2025-12-03 00:56:17,310 [DEBUG] controller._on_landmark_update(): Pointer mapped to screen position: (959, 359)
2025-12-03 00:56:17,310 [DEBUG] mouse_event_mapper.detect(): thumb-index distances: current=0.23060221682600568, past=0.19859057428033566
2025-12-03 00:56:17,310 [DEBUG] mouse_event_mapper.detect(): thumb-middle distances: current=0.3499650118008851, past=0.3231515748133483
2025-12-03 00:56:17,310 [DEBUG] mouse_event_mapper.update(): detected mouse event: MouseEvent.MOVE
2025-12-03 00:56:17,310 [DEBUG] controller._on_landmark_update(): Mouse event deteced: MOVE
2025-12-03 00:56:17,331 [DEBUG] camera.run(): Captured frame at timestamp: 3654
2025-12-03 00:56:17,342 [DEBUG] landmarker.update(): velocity=0.041818506829687525
2025-12-03 00:56:17,342 [DEBUG] pointer_mapper.update(): std=0.0008703246570435222, velocity=0.0018777461391055869
2025-12-03 00:56:17,342 [DEBUG] controller._on_landmark_update(): Pointer mapped to screen position: (963, 358)
2025-12-03 00:56:17,342 [DEBUG] mouse_event_mapper.detect(): thumb-index distances: current=0.23794590022613094, past=0.21107961021647395
2025-12-03 00:56:17,342 [DEBUG] mouse_event_mapper.detect(): thumb-middle distances: current=0.3565030659017754, past=0.3331343578520938
2025-12-03 00:56:17,342 [DEBUG] mouse_event_mapper.update(): detected mouse event: MouseEvent.MOVE
2025-12-03 00:56:17,342 [DEBUG] controller._on_landmark_update(): Mouse event deteced: MOVE
2025-12-03 00:56:17,365 [DEBUG] camera.run(): Captured frame at timestamp: 3688
2025-12-03 00:56:17,375 [DEBUG] landmarker.update(): velocity=0.03979598653344561
2025-12-03 00:56:17,376 [DEBUG] pointer_mapper.update(): std=0.0009731766692516865, velocity=0.0022576678250061195
2025-12-03 00:56:17,376 [DEBUG] controller._on_landmark_update(): Pointer mapped to screen position: (966, 358)
2025-12-03 00:56:17,376 [DEBUG] mouse_event_mapper.detect(): thumb-index distances: current=0.24409837480498733, past=0.2217475857156915
2025-12-03 00:56:17,376 [DEBUG] mouse_event_mapper.detect(): thumb-middle distances: current=0.36206584480226844, past=0.3420992092258737
2025-12-03 00:56:17,376 [DEBUG] mouse_event_mapper.update(): detected mouse event: MouseEvent.MOVE
2025-12-03 00:56:17,376 [DEBUG] controller._on_landmark_update(): Mouse event deteced: MOVE
2025-12-03 00:56:17,398 [DEBUG] camera.run(): Captured frame at timestamp: 3721
2025-12-03 00:56:17,409 [DEBUG] landmarker.update(): velocity=0.04005021121184121
2025-12-03 00:56:17,409 [DEBUG] pointer_mapper.update(): std=0.0014795226884235315, velocity=0.0031970971290356566
2025-12-03 00:56:17,409 [DEBUG] controller._on_landmark_update(): Pointer mapped to screen position: (969, 357)
2025-12-03 00:56:17,409 [DEBUG] mouse_event_mapper.detect(): thumb-index distances: current=0.24916902801387708, past=0.23060221682600568
2025-12-03 00:56:17,409 [DEBUG] mouse_event_mapper.detect(): thumb-middle distances: current=0.36661029766509423, past=0.3499650118008851
2025-12-03 00:56:17,409 [DEBUG] mouse_event_mapper.update(): detected mouse event: MouseEvent.MOVE
2025-12-03 00:56:17,410 [DEBUG] controller._on_landmark_update(): Mouse event deteced: MOVE
2025-12-03 00:56:17,431 [DEBUG] camera.run(): Captured frame at timestamp: 3755
2025-12-03 00:56:17,443 [DEBUG] landmarker.update(): velocity=0.041202528275141495
2025-12-03 00:56:17,443 [DEBUG] pointer_mapper.update(): std=0.0018957016952521994, velocity=0.004000705386695275
2025-12-03 00:56:17,443 [DEBUG] controller._on_landmark_update(): Pointer mapped to screen position: (972, 358)
2025-12-03 00:56:17,443 [DEBUG] mouse_event_mapper.detect(): thumb-index distances: current=0.25325088434625403, past=0.23794590022613094
2025-12-03 00:56:17,443 [DEBUG] mouse_event_mapper.detect(): thumb-middle distances: current=0.37033870955454734, past=0.3565030659017754
2025-12-03 00:56:17,443 [DEBUG] mouse_event_mapper.update(): detected mouse event: MouseEvent.MOVE
2025-12-03 00:56:17,443 [DEBUG] controller._on_landmark_update(): Mouse event deteced: MOVE
2025-12-03 00:56:17,464 [DEBUG] camera.run(): Captured frame at timestamp: 3787
2025-12-03 00:56:17,475 [DEBUG] landmarker.update(): velocity=0.04481936802984241
2025-12-03 00:56:17,475 [DEBUG] pointer_mapper.update(): std=0.0022283760653526844, velocity=0.004821867518901741
2025-12-03 00:56:17,475 [DEBUG] controller._on_landmark_update(): Pointer mapped to screen position: (976, 358)
2025-12-03 00:56:17,475 [DEBUG] mouse_event_mapper.detect(): thumb-index distances: current=0.25599291229911475, past=0.24409837480498733
2025-12-03 00:56:17,475 [DEBUG] mouse_event_mapper.detect(): thumb-middle distances: current=0.3727054510904813, past=0.36206584480226844
2025-12-03 00:56:17,475 [DEBUG] mouse_event_mapper.update(): detected mouse event: MouseEvent.MOVE
2025-12-03 00:56:17,475 [DEBUG] controller._on_landmark_update(): Mouse event deteced: MOVE
2025-12-03 00:56:17,498 [DEBUG] camera.run(): Captured frame at timestamp: 3821
2025-12-03 00:56:17,509 [DEBUG] landmarker.update(): velocity=0.04987330640070436
2025-12-03 00:56:17,509 [DEBUG] pointer_mapper.update(): std=0.002459905103851175, velocity=0.0053833953733448126
2025-12-03 00:56:17,510 [DEBUG] controller._on_landmark_update(): Pointer mapped to screen position: (980, 360)
2025-12-03 00:56:17,510 [DEBUG] mouse_event_mapper.detect(): thumb-index distances: current=0.2570204077181964, past=0.24916902801387708
2025-12-03 00:56:17,510 [DEBUG] mouse_event_mapper.detect(): thumb-middle distances: current=0.37329197104782424, past=0.36661029766509423
2025-12-03 00:56:17,510 [DEBUG] mouse_event_mapper.update(): detected mouse event: MouseEvent.MOVE
2025-12-03 00:56:17,510 [DEBUG] controller._on_landmark_update(): Mouse event deteced: MOVE
2025-12-03 00:56:17,531 [DEBUG] camera.run(): Captured frame at timestamp: 3855
2025-12-03 00:56:17,543 [DEBUG] landmarker.update(): velocity=0.053126935531420116
2025-12-03 00:56:17,543 [DEBUG] pointer_mapper.update(): std=0.0025690072888965307, velocity=0.00558049276123225
2025-12-03 00:56:17,543 [DEBUG] controller._on_landmark_update(): Pointer mapped to screen position: (984, 361)
2025-12-03 00:56:17,543 [DEBUG] mouse_event_mapper.detect(): thumb-index distances: current=0.25638923212044734, past=0.25325088434625403
2025-12-03 00:56:17,543 [DEBUG] mouse_event_mapper.detect(): thumb-middle distances: current=0.3720498650790576, past=0.37033870955454734
2025-12-03 00:56:17,543 [DEBUG] mouse_event_mapper.update(): detected mouse event: MouseEvent.MOVE
2025-12-03 00:56:17,543 [DEBUG] controller._on_landmark_update(): Mouse event deteced: MOVE
2025-12-03 00:56:17,565 [DEBUG] camera.run(): Captured frame at timestamp: 3888
2025-12-03 00:56:17,576 [DEBUG] landmarker.update(): velocity=0.05494966117232852
2025-12-03 00:56:17,577 [DEBUG] pointer_mapper.update(): std=0.00232510075096448, velocity=0.00531988363619631
2025-12-03 00:56:17,577 [DEBUG] controller._on_landmark_update(): Pointer mapped to screen position: (990, 364)
2025-12-03 00:56:17,577 [DEBUG] mouse_event_mapper.detect(): thumb-index distances: current=0.25447123010713474, past=0.25599291229911475
2025-12-03 00:56:17,577 [DEBUG] mouse_event_mapper.detect(): thumb-middle distances: current=0.3692438435198541, past=0.3727054510904813
2025-12-03 00:56:17,577 [DEBUG] mouse_event_mapper.update(): detected mouse event: MouseEvent.MOVE
2025-12-03 00:56:17,577 [DEBUG] controller._on_landmark_update(): Mouse event deteced: MOVE
2025-12-03 00:56:17,598 [DEBUG] camera.run(): Captured frame at timestamp: 3921
2025-12-03 00:56:17,609 [DEBUG] landmarker.update(): velocity=0.05745353859436671
2025-12-03 00:56:17,610 [DEBUG] pointer_mapper.update(): std=0.0019416669940041113, velocity=0.005021479361361558
2025-12-03 00:56:17,610 [DEBUG] controller._on_landmark_update(): Pointer mapped to screen position: (996, 366)
2025-12-03 00:56:17,610 [DEBUG] mouse_event_mapper.detect(): thumb-index distances: current=0.25132524358942554, past=0.2570204077181964
2025-12-03 00:56:17,610 [DEBUG] mouse_event_mapper.detect(): thumb-middle distances: current=0.3651946344482803, past=0.37329197104782424
2025-12-03 00:56:17,610 [DEBUG] mouse_event_mapper.update(): detected mouse event: MouseEvent.MOVE
2025-12-03 00:56:17,610 [DEBUG] controller._on_landmark_update(): Mouse event deteced: MOVE
2025-12-03 00:56:17,631 [DEBUG] camera.run(): Captured frame at timestamp: 3955
2025-12-03 00:56:17,642 [DEBUG] landmarker.update(): velocity=0.06606180857000443
2025-12-03 00:56:17,643 [DEBUG] pointer_mapper.update(): std=0.0019193491874094687, velocity=0.0046736836081493665
2025-12-03 00:56:17,643 [DEBUG] controller._on_landmark_update(): Pointer mapped to screen position: (1004, 369)
2025-12-03 00:56:17,643 [DEBUG] mouse_event_mapper.detect(): thumb-index distances: current=0.24695511804673898, past=0.25638923212044734
2025-12-03 00:56:17,643 [DEBUG] mouse_event_mapper.detect(): thumb-middle distances: current=0.3601520915641861, past=0.3720498650790576
2025-12-03 00:56:17,643 [DEBUG] mouse_event_mapper.update(): detected mouse event: MouseEvent.MOVE
2025-12-03 00:56:17,643 [DEBUG] controller._on_landmark_update(): Mouse event deteced: MOVE
2025-12-03 00:56:17,665 [DEBUG] camera.run(): Captured frame at timestamp: 3988
2025-12-03 00:56:17,676 [DEBUG] landmarker.update(): velocity=0.0645936858217878
2025-12-03 00:56:17,677 [DEBUG] pointer_mapper.update(): std=0.001678556478742991, velocity=0.004073828411064446
2025-12-03 00:56:17,677 [DEBUG] controller._on_landmark_update(): Pointer mapped to screen position: (1012, 371)
2025-12-03 00:56:17,677 [DEBUG] mouse_event_mapper.detect(): thumb-index distances: current=0.24118863923251857, past=0.25447123010713474
2025-12-03 00:56:17,677 [DEBUG] mouse_event_mapper.detect(): thumb-middle distances: current=0.3543555139810291, past=0.3692438435198541
2025-12-03 00:56:17,677 [DEBUG] mouse_event_mapper.update(): detected mouse event: MouseEvent.MOVE
2025-12-03 00:56:17,677 [DEBUG] controller._on_landmark_update(): Mouse event deteced: MOVE
2025-12-03 00:56:17,698 [DEBUG] camera.run(): Captured frame at timestamp: 4021
2025-12-03 00:56:17,708 [DEBUG] landmarker.update(): velocity=0.06332402060535355
2025-12-03 00:56:17,709 [DEBUG] pointer_mapper.update(): std=0.0016121201480859397, velocity=0.0035847133527434514
2025-12-03 00:56:17,709 [DEBUG] controller._on_landmark_update(): Pointer mapped to screen position: (1020, 374)
2025-12-03 00:56:17,709 [DEBUG] mouse_event_mapper.detect(): thumb-index distances: current=0.23492194047973336, past=0.25132524358942554
2025-12-03 00:56:17,709 [DEBUG] mouse_event_mapper.detect(): thumb-middle distances: current=0.348867680370147, past=0.3651946344482803
2025-12-03 00:56:17,709 [DEBUG] mouse_event_mapper.update(): detected mouse event: MouseEvent.MOVE
2025-12-03 00:56:17,709 [DEBUG] controller._on_landmark_update(): Mouse event deteced: MOVE
2025-12-03 00:56:17,731 [DEBUG] camera.run(): Captured frame at timestamp: 4055
2025-12-03 00:56:17,742 [DEBUG] landmarker.update(): velocity=0.07551021226809931
2025-12-03 00:56:17,743 [DEBUG] pointer_mapper.update(): std=0.0014803694227150934, velocity=0.003179409903367029
2025-12-03 00:56:17,743 [DEBUG] controller._on_landmark_update(): Pointer mapped to screen position: (1027, 375)
2025-12-03 00:56:17,743 [DEBUG] mouse_event_mapper.detect(): thumb-index distances: current=0.22706851147032103, past=0.24695511804673898
2025-12-03 00:56:17,743 [DEBUG] mouse_event_mapper.detect(): thumb-middle distances: current=0.34341421561031266, past=0.3601520915641861
2025-12-03 00:56:17,743 [DEBUG] mouse_event_mapper.update(): detected mouse event: MouseEvent.MOVE
2025-12-03 00:56:17,743 [DEBUG] controller._on_landmark_update(): Mouse event deteced: MOVE
2025-12-03 00:56:17,765 [DEBUG] camera.run(): Captured frame at timestamp: 4088
2025-12-03 00:56:17,776 [DEBUG] landmarker.update(): velocity=0.09964703794164721
2025-12-03 00:56:17,776 [DEBUG] pointer_mapper.update(): std=0.001330454205670488, velocity=0.00322777898536995
2025-12-03 00:56:17,776 [DEBUG] controller._on_landmark_update(): Pointer mapped to screen position: (1034, 376)
2025-12-03 00:56:17,776 [DEBUG] mouse_event_mapper.detect(): thumb-index distances: current=0.21603805015908895, past=0.24118863923251857
2025-12-03 00:56:17,776 [DEBUG] mouse_event_mapper.detect(): thumb-middle distances: current=0.33659665951160833, past=0.3543555139810291
2025-12-03 00:56:17,776 [DEBUG] mouse_event_mapper.update(): detected mouse event: MouseEvent.MOVE
2025-12-03 00:56:17,776 [DEBUG] controller._on_landmark_update(): Mouse event deteced: MOVE
2025-12-03 00:56:17,798 [DEBUG] camera.run(): Captured frame at timestamp: 4121
2025-12-03 00:56:17,809 [DEBUG] landmarker.update(): velocity=0.12813824476367913
2025-12-03 00:56:17,809 [DEBUG] pointer_mapper.update(): std=0.001238295121111822, velocity=0.004110854318324625
2025-12-03 00:56:17,809 [DEBUG] controller._on_landmark_update(): Pointer mapped to screen position: (1040, 375)
2025-12-03 00:56:17,809 [DEBUG] mouse_event_mapper.detect(): thumb-index distances: current=0.19868428173942307, past=0.23492194047973336
2025-12-03 00:56:17,810 [DEBUG] mouse_event_mapper.detect(): thumb-middle distances: current=0.32647808232314185, past=0.348867680370147
2025-12-03 00:56:17,810 [DEBUG] mouse_event_mapper.update(): detected mouse event: MouseEvent.MOVE
2025-12-03 00:56:17,810 [DEBUG] controller._on_landmark_update(): Mouse event deteced: MOVE
2025-12-03 00:56:17,831 [DEBUG] camera.run(): Captured frame at timestamp: 4155
2025-12-03 00:56:17,842 [DEBUG] landmarker.update(): velocity=0.10935394101026555
2025-12-03 00:56:17,843 [DEBUG] pointer_mapper.update(): std=0.0020108530622996758, velocity=0.004706963093294936
2025-12-03 00:56:17,843 [DEBUG] controller._on_landmark_update(): Pointer mapped to screen position: (1046, 373)
2025-12-03 00:56:17,843 [DEBUG] mouse_event_mapper.detect(): thumb-index distances: current=0.17807364931767708, past=0.22706851147032103
2025-12-03 00:56:17,843 [DEBUG] mouse_event_mapper.detect(): thumb-middle distances: current=0.31405291402518004, past=0.34341421561031266
2025-12-03 00:56:17,843 [DEBUG] mouse_event_mapper.update(): detected mouse event: MouseEvent.MOVE
2025-12-03 00:56:17,843 [DEBUG] controller._on_landmark_update(): Mouse event deteced: MOVE
2025-12-03 00:56:17,864 [DEBUG] camera.run(): Captured frame at timestamp: 4187
2025-12-03 00:56:17,875 [DEBUG] landmarker.update(): velocity=0.09315562768960452
2025-12-03 00:56:17,875 [DEBUG] pointer_mapper.update(): std=0.002290560403916562, velocity=0.004967943616127999
2025-12-03 00:56:17,875 [DEBUG] controller._on_landmark_update(): Pointer mapped to screen position: (1051, 369)
2025-12-03 00:56:17,875 [DEBUG] mouse_event_mapper.detect(): thumb-index distances: current=0.15732759646944205, past=0.21603805015908895
2025-12-03 00:56:17,875 [DEBUG] mouse_event_mapper.detect(): thumb-middle distances: current=0.30145335890389857, past=0.33659665951160833
2025-12-03 00:56:17,875 [DEBUG] mouse_event_mapper.update(): detected mouse event: MouseEvent.MOVE
2025-12-03 00:56:17,875 [DEBUG] controller._on_landmark_update(): Mouse event deteced: MOVE
2025-12-03 00:56:17,897 [DEBUG] camera.run(): Captured frame at timestamp: 4221
2025-12-03 00:56:17,908 [DEBUG] landmarker.update(): velocity=0.08616593153052927
2025-12-03 00:56:17,909 [DEBUG] pointer_mapper.update(): std=0.0020394731211623466, velocity=0.004990261977137035
2025-12-03 00:56:17,909 [DEBUG] controller._on_landmark_update(): Pointer mapped to screen position: (1056, 366)
2025-12-03 00:56:17,909 [DEBUG] mouse_event_mapper.detect(): thumb-index distances: current=0.13991396099599598, past=0.19868428173942307
2025-12-03 00:56:17,909 [DEBUG] mouse_event_mapper.detect(): thumb-middle distances: current=0.29051109261408375, past=0.32647808232314185
2025-12-03 00:56:17,909 [DEBUG] mouse_event_mapper.update(): detected mouse event: MouseEvent.MOVE
2025-12-03 00:56:17,909 [DEBUG] controller._on_landmark_update(): Mouse event deteced: MOVE
2025-12-03 00:56:17,931 [DEBUG] camera.run(): Captured frame at timestamp: 4255
2025-12-03 00:56:17,942 [DEBUG] landmarker.update(): velocity=0.07328461836478832
2025-12-03 00:56:17,943 [DEBUG] pointer_mapper.update(): std=0.002171206183494236, velocity=0.005142958912292553
2025-12-03 00:56:17,943 [DEBUG] controller._on_landmark_update(): Pointer mapped to screen position: (1062, 362)
2025-12-03 00:56:17,943 [DEBUG] mouse_event_mapper.detect(): thumb-index distances: current=0.1255874199576174, past=0.17807364931767708
2025-12-03 00:56:17,943 [DEBUG] mouse_event_mapper.detect(): thumb-middle distances: current=0.2816197003645781, past=0.31405291402518004
2025-12-03 00:56:17,943 [DEBUG] mouse_event_mapper.update(): detected mouse event: MouseEvent.MOVE
2025-12-03 00:56:17,943 [DEBUG] controller._on_landmark_update(): Mouse event deteced: MOVE
2025-12-03 00:56:17,964 [DEBUG] camera.run(): Captured frame at timestamp: 4288
2025-12-03 00:56:17,976 [DEBUG] landmarker.update(): velocity=0.0738737056824562
2025-12-03 00:56:17,976 [DEBUG] pointer_mapper.update(): std=0.002446416021515835, velocity=0.005451469694183084
2025-12-03 00:56:17,976 [DEBUG] controller._on_landmark_update(): Pointer mapped to screen position: (1069, 358)
2025-12-03 00:56:17,976 [DEBUG] mouse_event_mapper.detect(): thumb-index distances: current=0.11361452958365442, past=0.15732759646944205
2025-12-03 00:56:17,976 [DEBUG] mouse_event_mapper.detect(): thumb-middle distances: current=0.27463577680476486, past=0.30145335890389857
2025-12-03 00:56:17,976 [DEBUG] mouse_event_mapper.update(): detected mouse event: MouseEvent.MOVE
2025-12-03 00:56:17,976 [DEBUG] controller._on_landmark_update(): Mouse event deteced: MOVE
2025-12-03 00:56:17,998 [DEBUG] camera.run(): Captured frame at timestamp: 4321
2025-12-03 00:56:18,009 [DEBUG] landmarker.update(): velocity=0.07339157615250702
2025-12-03 00:56:18,009 [DEBUG] pointer_mapper.update(): std=0.0028278872875261, velocity=0.006318205322501282
2025-12-03 00:56:18,010 [DEBUG] controller._on_landmark_update(): Pointer mapped to screen position: (1077, 355)
2025-12-03 00:56:18,010 [DEBUG] mouse_event_mapper.detect(): thumb-index distances: current=0.10421408416571688, past=0.13991396099599598
2025-12-03 00:56:18,010 [DEBUG] mouse_event_mapper.detect(): thumb-middle distances: current=0.26942823897382945, past=0.29051109261408375
2025-12-03 00:56:18,010 [DEBUG] mouse_event_mapper.update(): detected mouse event: MouseEvent.MOVE
2025-12-03 00:56:18,010 [DEBUG] controller._on_landmark_update(): Mouse event deteced: MOVE
2025-12-03 00:56:18,031 [DEBUG] camera.run(): Captured frame at timestamp: 4354
2025-12-03 00:56:18,042 [DEBUG] landmarker.update(): velocity=0.0773201939441208
2025-12-03 00:56:18,042 [DEBUG] pointer_mapper.update(): std=0.0031825230896326113, velocity=0.007174694100594744
2025-12-03 00:56:18,042 [DEBUG] controller._on_landmark_update(): Pointer mapped to screen position: (1086, 352)
2025-12-03 00:56:18,042 [DEBUG] mouse_event_mapper.detect(): thumb-index distances: current=0.0962723668498296, past=0.1255874199576174
2025-12-03 00:56:18,042 [DEBUG] mouse_event_mapper.detect(): thumb-middle distances: current=0.26545340103698584, past=0.2816197003645781
2025-12-03 00:56:18,042 [DEBUG] mouse_event_mapper.update(): detected mouse event: MouseEvent.MOVE
2025-12-03 00:56:18,042 [DEBUG] controller._on_landmark_update(): Mouse event deteced: MOVE
2025-12-03 00:56:18,064 [DEBUG] camera.run(): Captured frame at timestamp: 4387
2025-12-03 00:56:18,075 [DEBUG] landmarker.update(): velocity=0.08149251546286429
2025-12-03 00:56:18,075 [DEBUG] pointer_mapper.update(): std=0.003494493853881021, velocity=0.007835653613146126
2025-12-03 00:56:18,075 [DEBUG] controller._on_landmark_update(): Pointer mapped to screen position: (1096, 349)
2025-12-03 00:56:18,075 [DEBUG] mouse_event_mapper.detect(): thumb-index distances: current=0.09018717070944708, past=0.11361452958365442
2025-12-03 00:56:18,075 [DEBUG] mouse_event_mapper.detect(): thumb-middle distances: current=0.26256843601362145, past=0.27463577680476486
2025-12-03 00:56:18,075 [DEBUG] mouse_event_mapper.update(): detected mouse event: MouseEvent.MOVE
2025-12-03 00:56:18,075 [DEBUG] controller._on_landmark_update(): Mouse event deteced: MOVE
2025-12-03 00:56:18,098 [DEBUG] camera.run(): Captured frame at timestamp: 4421
2025-12-03 00:56:18,108 [DEBUG] landmarker.update(): velocity=0.08250145063732327
2025-12-03 00:56:18,109 [DEBUG] pointer_mapper.update(): std=0.0037404430629229156, velocity=0.008450056192106715
2025-12-03 00:56:18,109 [DEBUG] controller._on_landmark_update(): Pointer mapped to screen position: (1106, 347)
2025-12-03 00:56:18,109 [DEBUG] mouse_event_mapper.detect(): thumb-index distances: current=0.08578878116139792, past=0.10421408416571688
2025-12-03 00:56:18,109 [DEBUG] mouse_event_mapper.detect(): thumb-middle distances: current=0.260618558519526, past=0.26942823897382945
2025-12-03 00:56:18,109 [DEBUG] mouse_event_mapper.update(): detected mouse event: MouseEvent.MOVE
2025-12-03 00:56:18,109 [DEBUG] controller._on_landmark_update(): Mouse event deteced: MOVE
2025-12-03 00:56:18,131 [DEBUG] camera.run(): Captured frame at timestamp: 4455
2025-12-03 00:56:18,142 [DEBUG] landmarker.update(): velocity=0.08920902791693411
2025-12-03 00:56:18,143 [DEBUG] pointer_mapper.update(): std=0.003978105630085202, velocity=0.009001147308023023
2025-12-03 00:56:18,143 [DEBUG] controller._on_landmark_update(): Pointer mapped to screen position: (1118, 345)
2025-12-03 00:56:18,143 [DEBUG] mouse_event_mapper.detect(): thumb-index distances: current=0.0828167555768153, past=0.0962723668498296
2025-12-03 00:56:18,143 [DEBUG] mouse_event_mapper.detect(): thumb-middle distances: current=0.2593636839190301, past=0.26545340103698584
2025-12-03 00:56:18,143 [DEBUG] mouse_event_mapper.update(): detected mouse event: MouseEvent.MOVE
2025-12-03 00:56:18,143 [DEBUG] controller._on_landmark_update(): Mouse event deteced: MOVE
2025-12-03 00:56:18,165 [DEBUG] camera.run(): Captured frame at timestamp: 4489
2025-12-03 00:56:18,176 [DEBUG] landmarker.update(): velocity=0.09674511625089402
2025-12-03 00:56:18,177 [DEBUG] pointer_mapper.update(): std=0.00430985534858129, velocity=0.009804412634065207
2025-12-03 00:56:18,177 [DEBUG] controller._on_landmark_update(): Pointer mapped to screen position: (1132, 344)
2025-12-03 00:56:18,177 [DEBUG] mouse_event_mapper.detect(): thumb-index distances: current=0.08060717754378809, past=0.09018717070944708
2025-12-03 00:56:18,177 [DEBUG] mouse_event_mapper.detect(): thumb-middle distances: current=0.2583004144510846, past=0.26256843601362145
2025-12-03 00:56:18,177 [DEBUG] mouse_event_mapper.update(): detected mouse event: MouseEvent.MOVE
2025-12-03 00:56:18,177 [DEBUG] controller._on_landmark_update(): Mouse event deteced: MOVE
2025-12-03 00:56:18,198 [DEBUG] camera.run(): Captured frame at timestamp: 4522
2025-12-03 00:56:18,209 [DEBUG] landmarker.update(): velocity=0.10160148588864854
2025-12-03 00:56:18,210 [DEBUG] pointer_mapper.update(): std=0.0046248646841486035, velocity=0.010566414300956074
2025-12-03 00:56:18,210 [DEBUG] controller._on_landmark_update(): Pointer mapped to screen position: (1146, 343)
2025-12-03 00:56:18,210 [DEBUG] mouse_event_mapper.detect(): thumb-index distances: current=0.07890390123180746, past=0.08578878116139792
2025-12-03 00:56:18,210 [DEBUG] mouse_event_mapper.detect(): thumb-middle distances: current=0.2573845461705463, past=0.260618558519526
2025-12-03 00:56:18,210 [ERROR] mouse_event_mapper.detect(): left press detected
2025-12-03 00:56:18,210 [DEBUG] mouse_event_mapper.update(): detected mouse event: MouseEvent.LEFT_PRESS
2025-12-03 00:56:18,210 [DEBUG] controller._on_landmark_update(): Mouse event deteced: MOVE
2025-12-03 00:56:18,228 [DEBUG] camera.run(): Captured frame at timestamp: 4552
2025-12-03 00:56:18,240 [DEBUG] landmarker.update(): velocity=0.10510596377865447
2025-12-03 00:56:18,240 [DEBUG] pointer_mapper.update(): std=0.004939921923884998, velocity=0.01098236638871679
2025-12-03 00:56:18,240 [DEBUG] controller._on_landmark_update(): Pointer mapped to screen position: (1162, 343)
2025-12-03 00:56:18,240 [DEBUG] mouse_event_mapper.detect(): thumb-index distances: current=0.07987660965649222, past=0.0828167555768153
2025-12-03 00:56:18,240 [DEBUG] mouse_event_mapper.detect(): thumb-middle distances: current=0.2570443131117041, past=0.2593636839190301
2025-12-03 00:56:18,240 [ERROR] mouse_event_mapper.detect(): left press detected
2025-12-03 00:56:18,240 [DEBUG] mouse_event_mapper.update(): detected mouse event: MouseEvent.LEFT_PRESS
2025-12-03 00:56:18,240 [DEBUG] controller._on_landmark_update(): Mouse event deteced: MOVE
2025-12-03 00:56:18,259 [DEBUG] camera.run(): Captured frame at timestamp: 4583
2025-12-03 00:56:18,269 [DEBUG] landmarker.update(): velocity=0.11790742350932655
2025-12-03 00:56:18,270 [DEBUG] pointer_mapper.update(): std=0.0052015245573972455, velocity=0.011434152861346983
2025-12-03 00:56:18,271 [DEBUG] controller._on_landmark_update(): Pointer mapped to screen position: (1179, 343)
2025-12-03 00:56:18,271 [DEBUG] mouse_event_mapper.detect(): thumb-index distances: current=0.08561552651257899, past=0.08060717754378809
2025-12-03 00:56:18,271 [DEBUG] mouse_event_mapper.detect(): thumb-middle distances: current=0.25887579710576253, past=0.2583004144510846
2025-12-03 00:56:18,271 [DEBUG] mouse_event_mapper.update(): detected mouse event: MouseEvent.MOVE
2025-12-03 00:56:18,271 [DEBUG] controller._on_landmark_update(): Mouse event deteced: LEFT_PRESS
2025-12-03 00:56:18,294 [DEBUG] camera.run(): Captured frame at timestamp: 4617
2025-12-03 00:56:18,304 [DEBUG] landmarker.update(): velocity=0.12889212778724218
2025-12-03 00:56:18,305 [DEBUG] pointer_mapper.update(): std=0.00525749526444713, velocity=0.011955877291074824
2025-12-03 00:56:18,305 [DEBUG] controller._on_landmark_update(): Pointer mapped to screen position: (1198, 345)
2025-12-03 00:56:18,305 [DEBUG] mouse_event_mapper.detect(): thumb-index distances: current=0.09719672080786718, past=0.07890390123180746
2025-12-03 00:56:18,305 [DEBUG] mouse_event_mapper.detect(): thumb-middle distances: current=0.26418117199243735, past=0.2573845461705463
2025-12-03 00:56:18,305 [ERROR] mouse_event_mapper.detect(): left release detected
2025-12-03 00:56:18,305 [DEBUG] mouse_event_mapper.update(): detected mouse event: MouseEvent.LEFT_RELEASE
2025-12-03 00:56:18,305 [DEBUG] controller._on_landmark_update(): Mouse event deteced: MOVE
2025-12-03 00:56:18,326 [DEBUG] camera.run(): Captured frame at timestamp: 4649
2025-12-03 00:56:18,336 [DEBUG] landmarker.update(): velocity=0.13460119620816255
2025-12-03 00:56:18,337 [DEBUG] pointer_mapper.update(): std=0.00529340920174228, velocity=0.012526755311594626
2025-12-03 00:56:18,337 [DEBUG] controller._on_landmark_update(): Pointer mapped to screen position: (1219, 348)
2025-12-03 00:56:18,338 [DEBUG] mouse_event_mapper.detect(): thumb-index distances: current=0.11244571456537762, past=0.07987660965649222
2025-12-03 00:56:18,338 [DEBUG] mouse_event_mapper.detect(): thumb-middle distances: current=0.2728043384765612, past=0.2570443131117041
2025-12-03 00:56:18,338 [ERROR] mouse_event_mapper.detect(): left release detected
2025-12-03 00:56:18,338 [DEBUG] mouse_event_mapper.update(): detected mouse event: MouseEvent.LEFT_RELEASE
2025-12-03 00:56:18,338 [DEBUG] controller._on_landmark_update(): Mouse event deteced: MOVE
2025-12-03 00:56:18,361 [DEBUG] camera.run(): Captured frame at timestamp: 4685
2025-12-03 00:56:18,372 [DEBUG] landmarker.update(): velocity=0.13953793883485097
2025-12-03 00:56:18,373 [DEBUG] pointer_mapper.update(): std=0.00546271098575672, velocity=0.012971730394662645
2025-12-03 00:56:18,373 [DEBUG] controller._on_landmark_update(): Pointer mapped to screen position: (1240, 352)
2025-12-03 00:56:18,373 [DEBUG] mouse_event_mapper.detect(): thumb-index distances: current=0.1289012024045485, past=0.08561552651257899
2025-12-03 00:56:18,373 [DEBUG] mouse_event_mapper.detect(): thumb-middle distances: current=0.28319677093525975, past=0.25887579710576253
2025-12-03 00:56:18,373 [DEBUG] mouse_event_mapper.update(): detected mouse event: MouseEvent.MOVE
2025-12-03 00:56:18,373 [DEBUG] controller._on_landmark_update(): Mouse event deteced: LEFT_RELEASE
2025-12-03 00:56:18,395 [DEBUG] camera.run(): Captured frame at timestamp: 4718
2025-12-03 00:56:18,406 [DEBUG] landmarker.update(): velocity=0.1483392681980001
2025-12-03 00:56:18,406 [DEBUG] pointer_mapper.update(): std=0.005837539267319087, velocity=0.013663223836106237
2025-12-03 00:56:18,406 [DEBUG] controller._on_landmark_update(): Pointer mapped to screen position: (1263, 357)
2025-12-03 00:56:18,406 [DEBUG] mouse_event_mapper.detect(): thumb-index distances: current=0.14493222912353232, past=0.09719672080786718
2025-12-03 00:56:18,406 [DEBUG] mouse_event_mapper.detect(): thumb-middle distances: current=0.2936800395774564, past=0.26418117199243735
2025-12-03 00:56:18,406 [DEBUG] mouse_event_mapper.update(): detected mouse event: MouseEvent.MOVE
2025-12-03 00:56:18,406 [DEBUG] controller._on_landmark_update(): Mouse event deteced: MOVE
2025-12-03 00:56:18,428 [DEBUG] camera.run(): Captured frame at timestamp: 4751
2025-12-03 00:56:18,439 [DEBUG] landmarker.update(): velocity=0.1568507069832377
2025-12-03 00:56:18,440 [DEBUG] pointer_mapper.update(): std=0.00630538948526092, velocity=0.014731014430514737
2025-12-03 00:56:18,440 [DEBUG] controller._on_landmark_update(): Pointer mapped to screen position: (1288, 362)
2025-12-03 00:56:18,440 [DEBUG] mouse_event_mapper.detect(): thumb-index distances: current=0.16011841996684786, past=0.11244571456537762
2025-12-03 00:56:18,440 [DEBUG] mouse_event_mapper.detect(): thumb-middle distances: current=0.30383689586964757, past=0.2728043384765612
2025-12-03 00:56:18,440 [DEBUG] mouse_event_mapper.update(): detected mouse event: MouseEvent.MOVE
2025-12-03 00:56:18,440 [DEBUG] controller._on_landmark_update(): Mouse event deteced: MOVE
2025-12-03 00:56:18,461 [DEBUG] camera.run(): Captured frame at timestamp: 4785
2025-12-03 00:56:18,472 [DEBUG] landmarker.update(): velocity=0.16521184521681626
2025-12-03 00:56:18,473 [DEBUG] pointer_mapper.update(): std=0.006791002763581897, velocity=0.015675014004014654
2025-12-03 00:56:18,473 [DEBUG] controller._on_landmark_update(): Pointer mapped to screen position: (1315, 369)
2025-12-03 00:56:18,473 [DEBUG] mouse_event_mapper.detect(): thumb-index distances: current=0.17419009722808232, past=0.1289012024045485
2025-12-03 00:56:18,473 [DEBUG] mouse_event_mapper.detect(): thumb-middle distances: current=0.3135027665506161, past=0.28319677093525975
2025-12-03 00:56:18,473 [DEBUG] mouse_event_mapper.update(): detected mouse event: MouseEvent.MOVE
2025-12-03 00:56:18,473 [DEBUG] controller._on_landmark_update(): Mouse event deteced: MOVE
2025-12-03 00:56:18,495 [DEBUG] camera.run(): Captured frame at timestamp: 4819
2025-12-03 00:56:18,506 [DEBUG] landmarker.update(): velocity=0.17719100493397735
2025-12-03 00:56:18,507 [DEBUG] pointer_mapper.update(): std=0.007367908579563983, velocity=0.016890407996958883
2025-12-03 00:56:18,507 [DEBUG] controller._on_landmark_update(): Pointer mapped to screen position: (1344, 376)
2025-12-03 00:56:18,507 [DEBUG] mouse_event_mapper.detect(): thumb-index distances: current=0.1864933363784774, past=0.14493222912353232
2025-12-03 00:56:18,507 [DEBUG] mouse_event_mapper.detect(): thumb-middle distances: current=0.32223897507212024, past=0.2936800395774564
2025-12-03 00:56:18,507 [DEBUG] mouse_event_mapper.update(): detected mouse event: MouseEvent.MOVE
2025-12-03 00:56:18,507 [DEBUG] controller._on_landmark_update(): Mouse event deteced: MOVE
2025-12-03 00:56:18,530 [DEBUG] camera.run(): Captured frame at timestamp: 4853
2025-12-03 00:56:18,540 [DEBUG] landmarker.update(): velocity=0.19168368614058628
2025-12-03 00:56:18,541 [DEBUG] pointer_mapper.update(): std=0.007917815159798116, velocity=0.018375686286270444
2025-12-03 00:56:18,541 [DEBUG] controller._on_landmark_update(): Pointer mapped to screen position: (1375, 383)
2025-12-03 00:56:18,541 [DEBUG] mouse_event_mapper.detect(): thumb-index distances: current=0.19708767457456441, past=0.16011841996684786
2025-12-03 00:56:18,541 [DEBUG] mouse_event_mapper.detect(): thumb-middle distances: current=0.32996413398772456, past=0.30383689586964757
2025-12-03 00:56:18,541 [DEBUG] mouse_event_mapper.update(): detected mouse event: MouseEvent.MOVE
2025-12-03 00:56:18,541 [DEBUG] controller._on_landmark_update(): Mouse event deteced: MOVE
2025-12-03 00:56:18,563 [DEBUG] camera.run(): Captured frame at timestamp: 4887
2025-12-03 00:56:18,574 [DEBUG] landmarker.update(): velocity=0.20431500858564344
2025-12-03 00:56:18,575 [DEBUG] pointer_mapper.update(): std=0.008498787995632083, velocity=0.019831363788693955
2025-12-03 00:56:18,575 [DEBUG] controller._on_landmark_update(): Pointer mapped to screen position: (1402, 390)
2025-12-03 00:56:18,575 [DEBUG] mouse_event_mapper.detect(): thumb-index distances: current=0.2058372200606778, past=0.17419009722808232
2025-12-03 00:56:18,575 [DEBUG] mouse_event_mapper.detect(): thumb-middle distances: current=0.3366671767945247, past=0.3135027665506161
2025-12-03 00:56:18,575 [DEBUG] mouse_event_mapper.update(): detected mouse event: MouseEvent.MOVE
2025-12-03 00:56:18,575 [DEBUG] controller._on_landmark_update(): Mouse event deteced: MOVE
2025-12-03 00:56:18,598 [DEBUG] camera.run(): Captured frame at timestamp: 4921
2025-12-03 00:56:18,609 [DEBUG] landmarker.update(): velocity=0.21250866649077726
2025-12-03 00:56:18,609 [DEBUG] pointer_mapper.update(): std=0.00908194665774993, velocity=0.02105269354667682
2025-12-03 00:56:18,609 [DEBUG] controller._on_landmark_update(): Pointer mapped to screen position: (1424, 398)
2025-12-03 00:56:18,609 [DEBUG] mouse_event_mapper.detect(): thumb-index distances: current=0.21272580315772358, past=0.1864933363784774
2025-12-03 00:56:18,609 [DEBUG] mouse_event_mapper.detect(): thumb-middle distances: current=0.342130020056834, past=0.32223897507212024
2025-12-03 00:56:18,609 [DEBUG] mouse_event_mapper.update(): detected mouse event: MouseEvent.MOVE
2025-12-03 00:56:18,609 [DEBUG] controller._on_landmark_update(): Mouse event deteced: MOVE
2025-12-03 00:56:18,631 [DEBUG] camera.run(): Captured frame at timestamp: 4955
2025-12-03 00:56:18,642 [DEBUG] landmarker.update(): velocity=0.2180613605081975
2025-12-03 00:56:18,643 [DEBUG] pointer_mapper.update(): std=0.00963523574748729, velocity=0.021959387749306714
2025-12-03 00:56:18,643 [DEBUG] controller._on_landmark_update(): Pointer mapped to screen position: (1441, 406)
2025-12-03 00:56:18,643 [DEBUG] mouse_event_mapper.detect(): thumb-index distances: current=0.21787303723795193, past=0.19708767457456441
2025-12-03 00:56:18,643 [DEBUG] mouse_event_mapper.detect(): thumb-middle distances: current=0.34637762733882244, past=0.32996413398772456
2025-12-03 00:56:18,643 [DEBUG] mouse_event_mapper.update(): detected mouse event: MouseEvent.MOVE
2025-12-03 00:56:18,643 [DEBUG] controller._on_landmark_update(): Mouse event deteced: MOVE
2025-12-03 00:56:18,664 [DEBUG] camera.run(): Captured frame at timestamp: 4988
2025-12-03 00:56:18,675 [DEBUG] landmarker.update(): velocity=0.21752980513385103
2025-12-03 00:56:18,676 [DEBUG] pointer_mapper.update(): std=0.009960113123319764, velocity=0.022249249026440786
2025-12-03 00:56:18,676 [DEBUG] controller._on_landmark_update(): Pointer mapped to screen position: (1455, 413)
2025-12-03 00:56:18,676 [DEBUG] mouse_event_mapper.detect(): thumb-index distances: current=0.2214658436821547, past=0.2058372200606778
2025-12-03 00:56:18,676 [DEBUG] mouse_event_mapper.detect(): thumb-middle distances: current=0.3493641866587253, past=0.3366671767945247
2025-12-03 00:56:18,676 [DEBUG] mouse_event_mapper.update(): detected mouse event: MouseEvent.MOVE
2025-12-03 00:56:18,676 [DEBUG] controller._on_landmark_update(): Mouse event deteced: MOVE
2025-12-03 00:56:18,698 [DEBUG] camera.run(): Captured frame at timestamp: 5022
2025-12-03 00:56:18,709 [DEBUG] landmarker.update(): velocity=0.2085966996966763
2025-12-03 00:56:18,710 [DEBUG] pointer_mapper.update(): std=0.009853725104346836, velocity=0.021552822750072812
2025-12-03 00:56:18,710 [DEBUG] controller._on_landmark_update(): Pointer mapped to screen position: (1467, 420)
2025-12-03 00:56:18,710 [DEBUG] mouse_event_mapper.detect(): thumb-index distances: current=0.2236749189637329, past=0.21272580315772358
2025-12-03 00:56:18,710 [DEBUG] mouse_event_mapper.detect(): thumb-middle distances: current=0.3510930976069338, past=0.342130020056834
2025-12-03 00:56:18,710 [DEBUG] mouse_event_mapper.update(): detected mouse event: MouseEvent.MOVE
2025-12-03 00:56:18,710 [DEBUG] controller._on_landmark_update(): Mouse event deteced: MOVE
2025-12-03 00:56:18,731 [DEBUG] camera.run(): Captured frame at timestamp: 5055
2025-12-03 00:56:18,742 [DEBUG] landmarker.update(): velocity=0.1933918171390779
2025-12-03 00:56:18,743 [DEBUG] pointer_mapper.update(): std=0.009314926927074836, velocity=0.02020212598307528
2025-12-03 00:56:18,743 [DEBUG] controller._on_landmark_update(): Pointer mapped to screen position: (1476, 427)
2025-12-03 00:56:18,743 [DEBUG] mouse_event_mapper.detect(): thumb-index distances: current=0.22447852528025836, past=0.21787303723795193
2025-12-03 00:56:18,743 [DEBUG] mouse_event_mapper.detect(): thumb-middle distances: current=0.3513873746664675, past=0.34637762733882244
2025-12-03 00:56:18,743 [DEBUG] mouse_event_mapper.update(): detected mouse event: MouseEvent.MOVE
2025-12-03 00:56:18,743 [DEBUG] controller._on_landmark_update(): Mouse event deteced: MOVE
2025-12-03 00:56:18,764 [DEBUG] camera.run(): Captured frame at timestamp: 5088
2025-12-03 00:56:18,775 [DEBUG] landmarker.update(): velocity=0.1814575734075874
2025-12-03 00:56:18,776 [DEBUG] pointer_mapper.update(): std=0.008551289548015347, velocity=0.018650033476322075
2025-12-03 00:56:18,776 [DEBUG] controller._on_landmark_update(): Pointer mapped to screen position: (1483, 433)
2025-12-03 00:56:18,776 [DEBUG] mouse_event_mapper.detect(): thumb-index distances: current=0.22389330989174608, past=0.2214658436821547
2025-12-03 00:56:18,776 [DEBUG] mouse_event_mapper.detect(): thumb-middle distances: current=0.3501217297010449, past=0.3493641866587253
2025-12-03 00:56:18,776 [DEBUG] mouse_event_mapper.update(): detected mouse event: MouseEvent.MOVE
2025-12-03 00:56:18,776 [DEBUG] controller._on_landmark_update(): Mouse event deteced: MOVE
2025-12-03 00:56:18,798 [DEBUG] camera.run(): Captured frame at timestamp: 5121
2025-12-03 00:56:18,809 [DEBUG] landmarker.update(): velocity=0.16862087631139122
2025-12-03 00:56:18,809 [DEBUG] pointer_mapper.update(): std=0.007880637543271982, velocity=0.017289223478453263
2025-12-03 00:56:18,809 [DEBUG] controller._on_landmark_update(): Pointer mapped to screen position: (1489, 438)
2025-12-03 00:56:18,809 [DEBUG] mouse_event_mapper.detect(): thumb-index distances: current=0.2230825117662861, past=0.2236749189637329
2025-12-03 00:56:18,809 [DEBUG] mouse_event_mapper.detect(): thumb-middle distances: current=0.3486350725733098, past=0.3510930976069338
2025-12-03 00:56:18,809 [DEBUG] mouse_event_mapper.update(): detected mouse event: MouseEvent.MOVE
2025-12-03 00:56:18,809 [DEBUG] controller._on_landmark_update(): Mouse event deteced: MOVE
2025-12-03 00:56:18,831 [DEBUG] camera.run(): Captured frame at timestamp: 5155
2025-12-03 00:56:18,842 [DEBUG] landmarker.update(): velocity=0.15721090143876484
2025-12-03 00:56:18,843 [DEBUG] pointer_mapper.update(): std=0.007284444433022262, velocity=0.01605979077439821
2025-12-03 00:56:18,843 [DEBUG] controller._on_landmark_update(): Pointer mapped to screen position: (1493, 443)
2025-12-03 00:56:18,843 [DEBUG] mouse_event_mapper.detect(): thumb-index distances: current=0.22194974206380724, past=0.22447852528025836
2025-12-03 00:56:18,843 [DEBUG] mouse_event_mapper.detect(): thumb-middle distances: current=0.3469821805957578, past=0.3513873746664675
2025-12-03 00:56:18,843 [DEBUG] mouse_event_mapper.update(): detected mouse event: MouseEvent.MOVE
2025-12-03 00:56:18,843 [DEBUG] controller._on_landmark_update(): Mouse event deteced: MOVE
2025-12-03 00:56:18,865 [DEBUG] camera.run(): Captured frame at timestamp: 5188
2025-12-03 00:56:18,876 [DEBUG] landmarker.update(): velocity=0.14778396036376965
2025-12-03 00:56:18,876 [DEBUG] pointer_mapper.update(): std=0.006742155133061013, velocity=0.01465623116787036
2025-12-03 00:56:18,876 [DEBUG] controller._on_landmark_update(): Pointer mapped to screen position: (1497, 447)
2025-12-03 00:56:18,876 [DEBUG] mouse_event_mapper.detect(): thumb-index distances: current=0.21955806177453885, past=0.22389330989174608
2025-12-03 00:56:18,877 [DEBUG] mouse_event_mapper.detect(): thumb-middle distances: current=0.34470117701681097, past=0.3501217297010449
2025-12-03 00:56:18,877 [DEBUG] mouse_event_mapper.update(): detected mouse event: MouseEvent.MOVE
2025-12-03 00:56:18,877 [DEBUG] controller._on_landmark_update(): Mouse event deteced: MOVE
2025-12-03 00:56:18,898 [DEBUG] camera.run(): Captured frame at timestamp: 5221
2025-12-03 00:56:18,908 [DEBUG] landmarker.update(): velocity=0.14391275756454516
2025-12-03 00:56:18,909 [DEBUG] pointer_mapper.update(): std=0.006436382078630346, velocity=0.013594488523118635
2025-12-03 00:56:18,909 [DEBUG] controller._on_landmark_update(): Pointer mapped to screen position: (1500, 449)
2025-12-03 00:56:18,909 [DEBUG] mouse_event_mapper.detect(): thumb-index distances: current=0.21450346899984252, past=0.2230825117662861
2025-12-03 00:56:18,909 [DEBUG] mouse_event_mapper.detect(): thumb-middle distances: current=0.34022036560582997, past=0.3486350725733098
2025-12-03 00:56:18,909 [DEBUG] mouse_event_mapper.update(): detected mouse event: MouseEvent.MOVE
2025-12-03 00:56:18,909 [DEBUG] controller._on_landmark_update(): Mouse event deteced: MOVE
2025-12-03 00:56:18,931 [DEBUG] camera.run(): Captured frame at timestamp: 5255
2025-12-03 00:56:18,942 [DEBUG] landmarker.update(): velocity=0.15926781539030346
2025-12-03 00:56:18,943 [DEBUG] pointer_mapper.update(): std=0.005927487530960273, velocity=0.013376232797111934
2025-12-03 00:56:18,943 [DEBUG] controller._on_landmark_update(): Pointer mapped to screen position: (1502, 447)
2025-12-03 00:56:18,943 [DEBUG] mouse_event_mapper.detect(): thumb-index distances: current=0.20342704933317343, past=0.22194974206380724
2025-12-03 00:56:18,943 [DEBUG] mouse_event_mapper.detect(): thumb-middle distances: current=0.33159688555443045, past=0.3469821805957578
2025-12-03 00:56:18,943 [DEBUG] mouse_event_mapper.update(): detected mouse event: MouseEvent.MOVE
2025-12-03 00:56:18,943 [DEBUG] controller._on_landmark_update(): Mouse event deteced: MOVE
2025-12-03 00:56:18,965 [DEBUG] camera.run(): Captured frame at timestamp: 5288
2025-12-03 00:56:18,976 [DEBUG] landmarker.update(): velocity=0.15988611928889063
2025-12-03 00:56:18,977 [DEBUG] pointer_mapper.update(): std=0.005360019295675656, velocity=0.0137919704909952
2025-12-03 00:56:18,977 [DEBUG] controller._on_landmark_update(): Pointer mapped to screen position: (1504, 443)
2025-12-03 00:56:18,977 [DEBUG] mouse_event_mapper.detect(): thumb-index distances: current=0.18599804924469213, past=0.21955806177453885
2025-12-03 00:56:18,977 [DEBUG] mouse_event_mapper.detect(): thumb-middle distances: current=0.3196238169494734, past=0.34470117701681097
2025-12-03 00:56:18,977 [DEBUG] mouse_event_mapper.update(): detected mouse event: MouseEvent.MOVE
2025-12-03 00:56:18,977 [DEBUG] controller._on_landmark_update(): Mouse event deteced: MOVE
2025-12-03 00:56:18,998 [DEBUG] camera.run(): Captured frame at timestamp: 5321
2025-12-03 00:56:19,008 [DEBUG] landmarker.update(): velocity=0.13819135493696474
2025-12-03 00:56:19,009 [DEBUG] pointer_mapper.update(): std=0.005406721046367499, velocity=0.012188595303382585
2025-12-03 00:56:19,009 [DEBUG] controller._on_landmark_update(): Pointer mapped to screen position: (1505, 437)
2025-12-03 00:56:19,009 [DEBUG] mouse_event_mapper.detect(): thumb-index distances: current=0.163728503986018, past=0.21450346899984252
2025-12-03 00:56:19,009 [DEBUG] mouse_event_mapper.detect(): thumb-middle distances: current=0.3063948270242552, past=0.34022036560582997
2025-12-03 00:56:19,009 [DEBUG] mouse_event_mapper.update(): detected mouse event: MouseEvent.MOVE
2025-12-03 00:56:19,009 [DEBUG] controller._on_landmark_update(): Mouse event deteced: MOVE
2025-12-03 00:56:19,031 [DEBUG] camera.run(): Captured frame at timestamp: 5355
2025-12-03 00:56:19,042 [DEBUG] landmarker.update(): velocity=0.11407363007505056
2025-12-03 00:56:19,043 [DEBUG] pointer_mapper.update(): std=0.00420109074374263, velocity=0.010024710738753616
2025-12-03 00:56:19,043 [DEBUG] controller._on_landmark_update(): Pointer mapped to screen position: (1507, 432)
2025-12-03 00:56:19,043 [DEBUG] mouse_event_mapper.detect(): thumb-index distances: current=0.1416519648672849, past=0.20342704933317343
2025-12-03 00:56:19,043 [DEBUG] mouse_event_mapper.detect(): thumb-middle distances: current=0.29453503978146994, past=0.33159688555443045
2025-12-03 00:56:19,043 [DEBUG] mouse_event_mapper.update(): detected mouse event: MouseEvent.MOVE
2025-12-03 00:56:19,043 [DEBUG] controller._on_landmark_update(): Mouse event deteced: MOVE
2025-12-03 00:56:19,064 [DEBUG] camera.run(): Captured frame at timestamp: 5388
2025-12-03 00:56:19,075 [DEBUG] landmarker.update(): velocity=0.09288310630031138
2025-12-03 00:56:19,076 [DEBUG] pointer_mapper.update(): std=0.0036075591533236847, velocity=0.008118771082790566
2025-12-03 00:56:19,076 [DEBUG] controller._on_landmark_update(): Pointer mapped to screen position: (1508, 427)
2025-12-03 00:56:19,076 [DEBUG] mouse_event_mapper.detect(): thumb-index distances: current=0.12291013836953701, past=0.18599804924469213
2025-12-03 00:56:19,076 [DEBUG] mouse_event_mapper.detect(): thumb-middle distances: current=0.2847968872520726, past=0.3196238169494734
2025-12-03 00:56:19,076 [DEBUG] mouse_event_mapper.update(): detected mouse event: MouseEvent.MOVE
2025-12-03 00:56:19,076 [DEBUG] controller._on_landmark_update(): Mouse event deteced: MOVE
2025-12-03 00:56:19,098 [DEBUG] camera.run(): Captured frame at timestamp: 5422
2025-12-03 00:56:19,109 [DEBUG] landmarker.update(): velocity=0.0774567221962446
2025-12-03 00:56:19,110 [DEBUG] pointer_mapper.update(): std=0.0030405770300973227, velocity=0.006605889909820436
2025-12-03 00:56:19,110 [DEBUG] controller._on_landmark_update(): Pointer mapped to screen position: (1508, 422)
2025-12-03 00:56:19,110 [DEBUG] mouse_event_mapper.detect(): thumb-index distances: current=0.10782235429633923, past=0.163728503986018
2025-12-03 00:56:19,110 [DEBUG] mouse_event_mapper.detect(): thumb-middle distances: current=0.27688660537739096, past=0.3063948270242552
2025-12-03 00:56:19,110 [DEBUG] mouse_event_mapper.update(): detected mouse event: MouseEvent.MOVE
2025-12-03 00:56:19,110 [DEBUG] controller._on_landmark_update(): Mouse event deteced: MOVE
2025-12-03 00:56:19,131 [DEBUG] camera.run(): Captured frame at timestamp: 5455
2025-12-03 00:56:19,142 [DEBUG] landmarker.update(): velocity=0.061730964587136915
2025-12-03 00:56:19,142 [DEBUG] pointer_mapper.update(): std=0.0024755330956453066, velocity=0.005334575206081777
2025-12-03 00:56:19,143 [DEBUG] controller._on_landmark_update(): Pointer mapped to screen position: (1509, 418)
2025-12-03 00:56:19,143 [DEBUG] mouse_event_mapper.detect(): thumb-index distances: current=0.09583084207468483, past=0.1416519648672849
2025-12-03 00:56:19,143 [DEBUG] mouse_event_mapper.detect(): thumb-middle distances: current=0.27073051356198075, past=0.29453503978146994
2025-12-03 00:56:19,143 [DEBUG] mouse_event_mapper.update(): detected mouse event: MouseEvent.MOVE
2025-12-03 00:56:19,143 [DEBUG] controller._on_landmark_update(): Mouse event deteced: MOVE
2025-12-03 00:56:19,165 [DEBUG] camera.run(): Captured frame at timestamp: 5488
2025-12-03 00:56:19,175 [DEBUG] landmarker.update(): velocity=0.04744387435469295
2025-12-03 00:56:19,176 [DEBUG] pointer_mapper.update(): std=0.0018875422734823707, velocity=0.004086374526892705
2025-12-03 00:56:19,176 [DEBUG] controller._on_landmark_update(): Pointer mapped to screen position: (1510, 415)
2025-12-03 00:56:19,176 [DEBUG] mouse_event_mapper.detect(): thumb-index distances: current=0.08632121635988559, past=0.12291013836953701
2025-12-03 00:56:19,176 [DEBUG] mouse_event_mapper.detect(): thumb-middle distances: current=0.2661030915404026, past=0.2847968872520726
2025-12-03 00:56:19,176 [DEBUG] mouse_event_mapper.update(): detected mouse event: MouseEvent.MOVE
2025-12-03 00:56:19,176 [DEBUG] controller._on_landmark_update(): Mouse event deteced: MOVE
2025-12-03 00:56:19,198 [DEBUG] camera.run(): Captured frame at timestamp: 5522
2025-12-03 00:56:19,209 [DEBUG] landmarker.update(): velocity=0.03401142250509501
2025-12-03 00:56:19,210 [DEBUG] pointer_mapper.update(): std=0.0014128561596054004, velocity=0.003034124561409971
2025-12-03 00:56:19,210 [DEBUG] controller._on_landmark_update(): Pointer mapped to screen position: (1510, 412)
2025-12-03 00:56:19,210 [DEBUG] mouse_event_mapper.detect(): thumb-index distances: current=0.07903131420765146, past=0.10782235429633923
2025-12-03 00:56:19,210 [DEBUG] mouse_event_mapper.detect(): thumb-middle distances: current=0.2626304081210518, past=0.27688660537739096
2025-12-03 00:56:19,210 [ERROR] mouse_event_mapper.detect(): left press detected
2025-12-03 00:56:19,210 [DEBUG] mouse_event_mapper.update(): detected mouse event: MouseEvent.LEFT_PRESS
2025-12-03 00:56:19,210 [DEBUG] controller._on_landmark_update(): Mouse event deteced: MOVE
2025-12-03 00:56:19,231 [DEBUG] camera.run(): Captured frame at timestamp: 5554
2025-12-03 00:56:19,242 [DEBUG] landmarker.update(): velocity=0.028250875723474622
2025-12-03 00:56:19,242 [DEBUG] pointer_mapper.update(): std=0.0010303424226854945, velocity=0.002429611603686233
2025-12-03 00:56:19,242 [DEBUG] controller._on_landmark_update(): Pointer mapped to screen position: (1510, 409)
2025-12-03 00:56:19,242 [DEBUG] mouse_event_mapper.detect(): thumb-index distances: current=0.0735096961255227, past=0.09583084207468483
2025-12-03 00:56:19,242 [DEBUG] mouse_event_mapper.detect(): thumb-middle distances: current=0.2598974404184416, past=0.27073051356198075
2025-12-03 00:56:19,242 [ERROR] mouse_event_mapper.detect(): left press detected
2025-12-03 00:56:19,242 [DEBUG] mouse_event_mapper.update(): detected mouse event: MouseEvent.LEFT_PRESS
2025-12-03 00:56:19,242 [DEBUG] controller._on_landmark_update(): Mouse event deteced: MOVE
2025-12-03 00:56:19,261 [DEBUG] camera.run(): Captured frame at timestamp: 5585
2025-12-03 00:56:19,272 [DEBUG] landmarker.update(): velocity=0.027522909931994695
2025-12-03 00:56:19,273 [DEBUG] pointer_mapper.update(): std=0.0013000934177503044, velocity=0.0026905377816721543
2025-12-03 00:56:19,273 [DEBUG] controller._on_landmark_update(): Pointer mapped to screen position: (1510, 406)
2025-12-03 00:56:19,273 [DEBUG] mouse_event_mapper.detect(): thumb-index distances: current=0.0698729477176774, past=0.08632121635988559
2025-12-03 00:56:19,273 [DEBUG] mouse_event_mapper.detect(): thumb-middle distances: current=0.25785813183524803, past=0.2661030915404026
2025-12-03 00:56:19,273 [ERROR] mouse_event_mapper.detect(): left press detected
2025-12-03 00:56:19,273 [DEBUG] mouse_event_mapper.update(): detected mouse event: MouseEvent.LEFT_PRESS
2025-12-03 00:56:19,273 [DEBUG] controller._on_landmark_update(): Mouse event deteced: MOVE
2025-12-03 00:56:19,295 [DEBUG] camera.run(): Captured frame at timestamp: 5619
2025-12-03 00:56:19,307 [DEBUG] landmarker.update(): velocity=0.0410260821345402
2025-12-03 00:56:19,307 [DEBUG] pointer_mapper.update(): std=0.0017986910367913606, velocity=0.0032120208006819104
2025-12-03 00:56:19,307 [DEBUG] controller._on_landmark_update(): Pointer mapped to screen position: (1511, 402)
2025-12-03 00:56:19,307 [DEBUG] mouse_event_mapper.detect(): thumb-index distances: current=0.06798522698723386, past=0.07903131420765146
2025-12-03 00:56:19,307 [DEBUG] mouse_event_mapper.detect(): thumb-middle distances: current=0.25616759123004357, past=0.2626304081210518
2025-12-03 00:56:19,307 [DEBUG] mouse_event_mapper.update(): detected mouse event: MouseEvent.MOVE
2025-12-03 00:56:19,307 [DEBUG] controller._on_landmark_update(): Mouse event deteced: LEFT_PRESS
2025-12-03 00:56:19,329 [DEBUG] camera.run(): Captured frame at timestamp: 5652
2025-12-03 00:56:19,339 [DEBUG] landmarker.update(): velocity=0.059759131114886364
2025-12-03 00:56:19,340 [DEBUG] pointer_mapper.update(): std=0.0015643888581141168, velocity=0.0029163746561924734
2025-12-03 00:56:19,340 [DEBUG] controller._on_landmark_update(): Pointer mapped to screen position: (1511, 398)
2025-12-03 00:56:19,340 [DEBUG] mouse_event_mapper.detect(): thumb-index distances: current=0.06989846430493364, past=0.0735096961255227
2025-12-03 00:56:19,340 [DEBUG] mouse_event_mapper.detect(): thumb-middle distances: current=0.25597169046244556, past=0.2598974404184416
2025-12-03 00:56:19,340 [DEBUG] mouse_event_mapper.update(): detected mouse event: MouseEvent.MOVE
2025-12-03 00:56:19,340 [DEBUG] controller._on_landmark_update(): Mouse event deteced: MOVE
2025-12-03 00:56:19,363 [DEBUG] camera.run(): Captured frame at timestamp: 5687
2025-12-03 00:56:19,374 [DEBUG] landmarker.update(): velocity=0.10069059038738387
2025-12-03 00:56:19,375 [DEBUG] pointer_mapper.update(): std=0.001386500826170876, velocity=0.004330434064472474
2025-12-03 00:56:19,375 [DEBUG] controller._on_landmark_update(): Pointer mapped to screen position: (1511, 397)
2025-12-03 00:56:19,375 [DEBUG] mouse_event_mapper.detect(): thumb-index distances: current=0.07839484753474374, past=0.0698729477176774
2025-12-03 00:56:19,375 [DEBUG] mouse_event_mapper.detect(): thumb-middle distances: current=0.25995076853696536, past=0.25785813183524803
2025-12-03 00:56:19,375 [DEBUG] mouse_event_mapper.update(): detected mouse event: MouseEvent.MOVE
2025-12-03 00:56:19,375 [DEBUG] controller._on_landmark_update(): Mouse event deteced: MOVE
2025-12-03 00:56:19,397 [DEBUG] camera.run(): Captured frame at timestamp: 5720
2025-12-03 00:56:19,407 [DEBUG] landmarker.update(): velocity=0.1259646144533972
2025-12-03 00:56:19,408 [DEBUG] pointer_mapper.update(): std=0.003396224460575452, velocity=0.007846415656443723
2025-12-03 00:56:19,408 [DEBUG] controller._on_landmark_update(): Pointer mapped to screen position: (1511, 398)
2025-12-03 00:56:19,408 [DEBUG] mouse_event_mapper.detect(): thumb-index distances: current=0.09453605325970105, past=0.06798522698723386
2025-12-03 00:56:19,408 [DEBUG] mouse_event_mapper.detect(): thumb-middle distances: current=0.26954812678688667, past=0.25616759123004357
2025-12-03 00:56:19,408 [ERROR] mouse_event_mapper.detect(): left release detected
2025-12-03 00:56:19,408 [DEBUG] mouse_event_mapper.update(): detected mouse event: MouseEvent.LEFT_RELEASE
2025-12-03 00:56:19,408 [DEBUG] controller._on_landmark_update(): Mouse event deteced: MOVE
2025-12-03 00:56:19,428 [DEBUG] camera.run(): Captured frame at timestamp: 5752
2025-12-03 00:56:19,439 [DEBUG] landmarker.update(): velocity=0.11761751783639271
2025-12-03 00:56:19,440 [DEBUG] pointer_mapper.update(): std=0.004559787861737555, velocity=0.008715797255360399
2025-12-03 00:56:19,440 [DEBUG] controller._on_landmark_update(): Pointer mapped to screen position: (1511, 400)
2025-12-03 00:56:19,440 [DEBUG] mouse_event_mapper.detect(): thumb-index distances: current=0.11510480970666592, past=0.06989846430493364
2025-12-03 00:56:19,440 [DEBUG] mouse_event_mapper.detect(): thumb-middle distances: current=0.28272065641983896, past=0.25597169046244556
2025-12-03 00:56:19,440 [ERROR] mouse_event_mapper.detect(): left release detected
2025-12-03 00:56:19,440 [DEBUG] mouse_event_mapper.update(): detected mouse event: MouseEvent.LEFT_RELEASE
2025-12-03 00:56:19,440 [DEBUG] controller._on_landmark_update(): Mouse event deteced: MOVE
2025-12-03 00:56:19,462 [DEBUG] camera.run(): Captured frame at timestamp: 5786
2025-12-03 00:56:19,473 [DEBUG] landmarker.update(): velocity=0.11192382277713543
2025-12-03 00:56:19,474 [DEBUG] pointer_mapper.update(): std=0.004106750645769056, velocity=0.007716554727843413
2025-12-03 00:56:19,474 [DEBUG] controller._on_landmark_update(): Pointer mapped to screen position: (1511, 403)
2025-12-03 00:56:19,474 [DEBUG] mouse_event_mapper.detect(): thumb-index distances: current=0.13530002915683423, past=0.07839484753474374
2025-12-03 00:56:19,474 [DEBUG] mouse_event_mapper.detect(): thumb-middle distances: current=0.29570210129080055, past=0.25995076853696536
2025-12-03 00:56:19,474 [ERROR] mouse_event_mapper.detect(): left release detected
2025-12-03 00:56:19,474 [DEBUG] mouse_event_mapper.update(): detected mouse event: MouseEvent.LEFT_RELEASE
2025-12-03 00:56:19,474 [DEBUG] controller._on_landmark_update(): Mouse event deteced: MOVE
2025-12-03 00:56:19,494 [DEBUG] camera.run(): Captured frame at timestamp: 5818
2025-12-03 00:56:19,505 [DEBUG] landmarker.update(): velocity=0.12278496449273325
2025-12-03 00:56:19,506 [DEBUG] pointer_mapper.update(): std=0.0034535825685721075, velocity=0.008075491951825487
2025-12-03 00:56:19,506 [DEBUG] controller._on_landmark_update(): Pointer mapped to screen position: (1511, 408)
2025-12-03 00:56:19,506 [DEBUG] mouse_event_mapper.detect(): thumb-index distances: current=0.15372610757149466, past=0.09453605325970105
2025-12-03 00:56:19,506 [DEBUG] mouse_event_mapper.detect(): thumb-middle distances: current=0.30709038670247973, past=0.26954812678688667
2025-12-03 00:56:19,506 [DEBUG] mouse_event_mapper.update(): detected mouse event: MouseEvent.MOVE
2025-12-03 00:56:19,506 [DEBUG] controller._on_landmark_update(): Mouse event deteced: LEFT_RELEASE
2025-12-03 00:56:19,530 [DEBUG] camera.run(): Captured frame at timestamp: 5853
2025-12-03 00:56:19,540 [DEBUG] landmarker.update(): velocity=0.1263403922338003
2025-12-03 00:56:19,541 [DEBUG] pointer_mapper.update(): std=0.0037732635206980843, velocity=0.009668958748133125
2025-12-03 00:56:19,541 [DEBUG] controller._on_landmark_update(): Pointer mapped to screen position: (1511, 413)
2025-12-03 00:56:19,541 [DEBUG] mouse_event_mapper.detect(): thumb-index distances: current=0.17106318565124787, past=0.11510480970666592
2025-12-03 00:56:19,541 [DEBUG] mouse_event_mapper.detect(): thumb-middle distances: current=0.31801548057200124, past=0.28272065641983896
2025-12-03 00:56:19,541 [DEBUG] mouse_event_mapper.update(): detected mouse event: MouseEvent.MOVE
2025-12-03 00:56:19,541 [DEBUG] controller._on_landmark_update(): Mouse event deteced: MOVE
2025-12-03 00:56:19,563 [DEBUG] camera.run(): Captured frame at timestamp: 5886
2025-12-03 00:56:19,573 [DEBUG] landmarker.update(): velocity=0.12522584614215784
2025-12-03 00:56:19,574 [DEBUG] pointer_mapper.update(): std=0.004011088521837284, velocity=0.010747827305496368
2025-12-03 00:56:19,574 [DEBUG] controller._on_landmark_update(): Pointer mapped to screen position: (1511, 418)
2025-12-03 00:56:19,574 [DEBUG] mouse_event_mapper.detect(): thumb-index distances: current=0.18771615199157402, past=0.13530002915683423
2025-12-03 00:56:19,574 [DEBUG] mouse_event_mapper.detect(): thumb-middle distances: current=0.3288384901040781, past=0.29570210129080055
2025-12-03 00:56:19,574 [DEBUG] mouse_event_mapper.update(): detected mouse event: MouseEvent.MOVE
2025-12-03 00:56:19,574 [DEBUG] controller._on_landmark_update(): Mouse event deteced: MOVE
2025-12-03 00:56:19,596 [DEBUG] camera.run(): Captured frame at timestamp: 5920
2025-12-03 00:56:19,607 [DEBUG] landmarker.update(): velocity=0.12829930383206614
2025-12-03 00:56:19,608 [DEBUG] pointer_mapper.update(): std=0.0038583264923798734, velocity=0.011306756518648677
2025-12-03 00:56:19,608 [DEBUG] controller._on_landmark_update(): Pointer mapped to screen position: (1511, 422)
2025-12-03 00:56:19,608 [DEBUG] mouse_event_mapper.detect(): thumb-index distances: current=0.2030523110914153, past=0.15372610757149466
2025-12-03 00:56:19,608 [DEBUG] mouse_event_mapper.detect(): thumb-middle distances: current=0.33934344600433297, past=0.30709038670247973
2025-12-03 00:56:19,608 [DEBUG] mouse_event_mapper.update(): detected mouse event: MouseEvent.MOVE
2025-12-03 00:56:19,608 [DEBUG] controller._on_landmark_update(): Mouse event deteced: MOVE
2025-12-03 00:56:19,630 [DEBUG] camera.run(): Captured frame at timestamp: 5953
2025-12-03 00:56:19,640 [DEBUG] landmarker.update(): velocity=0.14112732643068351
2025-12-03 00:56:19,641 [DEBUG] pointer_mapper.update(): std=0.004264456572197628, velocity=0.012082192485406118
2025-12-03 00:56:19,641 [DEBUG] controller._on_landmark_update(): Pointer mapped to screen position: (1511, 426)
2025-12-03 00:56:19,641 [DEBUG] mouse_event_mapper.detect(): thumb-index distances: current=0.21660870272804778, past=0.17106318565124787
2025-12-03 00:56:19,641 [DEBUG] mouse_event_mapper.detect(): thumb-middle distances: current=0.34912440392893124, past=0.31801548057200124
2025-12-03 00:56:19,641 [DEBUG] mouse_event_mapper.update(): detected mouse event: MouseEvent.MOVE
2025-12-03 00:56:19,641 [DEBUG] controller._on_landmark_update(): Mouse event deteced: MOVE
2025-12-03 00:56:19,663 [DEBUG] camera.run(): Captured frame at timestamp: 5987
2025-12-03 00:56:19,674 [DEBUG] landmarker.update(): velocity=0.15593463497499502
2025-12-03 00:56:19,675 [DEBUG] pointer_mapper.update(): std=0.004952720394524767, velocity=0.013538309786071
2025-12-03 00:56:19,675 [DEBUG] controller._on_landmark_update(): Pointer mapped to screen position: (1511, 429)
2025-12-03 00:56:19,675 [DEBUG] mouse_event_mapper.detect(): thumb-index distances: current=0.22837667982036844, past=0.18771615199157402
2025-12-03 00:56:19,675 [DEBUG] mouse_event_mapper.detect(): thumb-middle distances: current=0.35816218665136335, past=0.3288384901040781
2025-12-03 00:56:19,675 [DEBUG] mouse_event_mapper.update(): detected mouse event: MouseEvent.MOVE
2025-12-03 00:56:19,675 [DEBUG] controller._on_landmark_update(): Mouse event deteced: MOVE
2025-12-03 00:56:19,697 [DEBUG] camera.run(): Captured frame at timestamp: 6020
2025-12-03 00:56:19,708 [DEBUG] landmarker.update(): velocity=0.1705550944471645
2025-12-03 00:56:19,708 [DEBUG] pointer_mapper.update(): std=0.005713711493456774, velocity=0.015220031767727855
2025-12-03 00:56:19,708 [DEBUG] controller._on_landmark_update(): Pointer mapped to screen position: (1511, 431)
2025-12-03 00:56:19,708 [DEBUG] mouse_event_mapper.detect(): thumb-index distances: current=0.2381344356378828, past=0.2030523110914153
2025-12-03 00:56:19,708 [DEBUG] mouse_event_mapper.detect(): thumb-middle distances: current=0.3660724698152542, past=0.33934344600433297
2025-12-03 00:56:19,708 [DEBUG] mouse_event_mapper.update(): detected mouse event: MouseEvent.MOVE
2025-12-03 00:56:19,708 [DEBUG] controller._on_landmark_update(): Mouse event deteced: MOVE
2025-12-03 00:56:19,732 [DEBUG] camera.run(): Captured frame at timestamp: 6055
2025-12-03 00:56:19,743 [DEBUG] landmarker.update(): velocity=0.1875995316531319
2025-12-03 00:56:19,743 [DEBUG] pointer_mapper.update(): std=0.006494828103481007, velocity=0.017073373265776973
2025-12-03 00:56:19,743 [DEBUG] controller._on_landmark_update(): Pointer mapped to screen position: (1511, 431)
2025-12-03 00:56:19,743 [DEBUG] mouse_event_mapper.detect(): thumb-index distances: current=0.24608803920530686, past=0.21660870272804778
2025-12-03 00:56:19,743 [DEBUG] mouse_event_mapper.detect(): thumb-middle distances: current=0.37278973939784105, past=0.34912440392893124
2025-12-03 00:56:19,743 [DEBUG] mouse_event_mapper.update(): detected mouse event: MouseEvent.MOVE
2025-12-03 00:56:19,743 [DEBUG] controller._on_landmark_update(): Mouse event deteced: MOVE
2025-12-03 00:56:19,764 [DEBUG] camera.run(): Captured frame at timestamp: 6088
2025-12-03 00:56:19,775 [DEBUG] landmarker.update(): velocity=0.20533329988422483
2025-12-03 00:56:19,776 [DEBUG] pointer_mapper.update(): std=0.007538575715971997, velocity=0.019007604007096023
2025-12-03 00:56:19,776 [DEBUG] controller._on_landmark_update(): Pointer mapped to screen position: (1511, 431)
2025-12-03 00:56:19,776 [DEBUG] mouse_event_mapper.detect(): thumb-index distances: current=0.2521712070503417, past=0.22837667982036844
2025-12-03 00:56:19,776 [DEBUG] mouse_event_mapper.detect(): thumb-middle distances: current=0.3780210399539902, past=0.35816218665136335
2025-12-03 00:56:19,776 [DEBUG] mouse_event_mapper.update(): detected mouse event: MouseEvent.MOVE
2025-12-03 00:56:19,776 [DEBUG] controller._on_landmark_update(): Mouse event deteced: MOVE
2025-12-03 00:56:19,798 [DEBUG] camera.run(): Captured frame at timestamp: 6121
2025-12-03 00:56:19,809 [DEBUG] landmarker.update(): velocity=0.22269402583696452
2025-12-03 00:56:19,810 [DEBUG] pointer_mapper.update(): std=0.00851096514106745, velocity=0.02080666848594333
2025-12-03 00:56:19,810 [DEBUG] controller._on_landmark_update(): Pointer mapped to screen position: (1511, 429)
2025-12-03 00:56:19,810 [DEBUG] mouse_event_mapper.detect(): thumb-index distances: current=0.2565922918237622, past=0.2381344356378828
2025-12-03 00:56:19,810 [DEBUG] mouse_event_mapper.detect(): thumb-middle distances: current=0.38199087954666294, past=0.3660724698152542
2025-12-03 00:56:19,810 [DEBUG] mouse_event_mapper.update(): detected mouse event: MouseEvent.MOVE
2025-12-03 00:56:19,810 [DEBUG] controller._on_landmark_update(): Mouse event deteced: MOVE
2025-12-03 00:56:19,831 [DEBUG] camera.run(): Captured frame at timestamp: 6155
2025-12-03 00:56:19,842 [DEBUG] landmarker.update(): velocity=0.23244813438340528
2025-12-03 00:56:19,843 [DEBUG] pointer_mapper.update(): std=0.009239099403880792, velocity=0.02246290774493739
2025-12-03 00:56:19,843 [DEBUG] controller._on_landmark_update(): Pointer mapped to screen position: (1511, 425)
2025-12-03 00:56:19,843 [DEBUG] mouse_event_mapper.detect(): thumb-index distances: current=0.25911925790515217, past=0.24608803920530686
2025-12-03 00:56:19,843 [DEBUG] mouse_event_mapper.detect(): thumb-middle distances: current=0.3843113767165705, past=0.37278973939784105
2025-12-03 00:56:19,843 [DEBUG] mouse_event_mapper.update(): detected mouse event: MouseEvent.MOVE
2025-12-03 00:56:19,843 [DEBUG] controller._on_landmark_update(): Mouse event deteced: MOVE
2025-12-03 00:56:19,864 [DEBUG] camera.run(): Captured frame at timestamp: 6188
2025-12-03 00:56:19,875 [DEBUG] landmarker.update(): velocity=0.24226473037598056
2025-12-03 00:56:19,875 [DEBUG] pointer_mapper.update(): std=0.009784379329751037, velocity=0.023782877973180648
2025-12-03 00:56:19,875 [DEBUG] controller._on_landmark_update(): Pointer mapped to screen position: (1511, 419)
2025-12-03 00:56:19,876 [DEBUG] mouse_event_mapper.detect(): thumb-index distances: current=0.2593019201232274, past=0.2521712070503417
2025-12-03 00:56:19,876 [DEBUG] mouse_event_mapper.detect(): thumb-middle distances: current=0.38451107377368937, past=0.3780210399539902
2025-12-03 00:56:19,876 [DEBUG] mouse_event_mapper.update(): detected mouse event: MouseEvent.MOVE
2025-12-03 00:56:19,876 [DEBUG] controller._on_landmark_update(): Mouse event deteced: MOVE
2025-12-03 00:56:19,898 [DEBUG] camera.run(): Captured frame at timestamp: 6221
2025-12-03 00:56:19,909 [DEBUG] landmarker.update(): velocity=0.251522505242936
2025-12-03 00:56:19,909 [DEBUG] pointer_mapper.update(): std=0.010278786985121, velocity=0.024960463477532426
2025-12-03 00:56:19,909 [DEBUG] controller._on_landmark_update(): Pointer mapped to screen position: (1511, 411)
2025-12-03 00:56:19,909 [DEBUG] mouse_event_mapper.detect(): thumb-index distances: current=0.25649412943172056, past=0.2565922918237622
2025-12-03 00:56:19,909 [DEBUG] mouse_event_mapper.detect(): thumb-middle distances: current=0.3818503322172388, past=0.38199087954666294
2025-12-03 00:56:19,909 [DEBUG] mouse_event_mapper.update(): detected mouse event: MouseEvent.MOVE
2025-12-03 00:56:19,909 [DEBUG] controller._on_landmark_update(): Mouse event deteced: MOVE
2025-12-03 00:56:19,931 [DEBUG] camera.run(): Captured frame at timestamp: 6254
2025-12-03 00:56:19,942 [DEBUG] landmarker.update(): velocity=0.26256216485681216
2025-12-03 00:56:19,943 [DEBUG] pointer_mapper.update(): std=0.010918230120778779, velocity=0.0263822276000014
2025-12-03 00:56:19,943 [DEBUG] controller._on_landmark_update(): Pointer mapped to screen position: (1511, 401)
2025-12-03 00:56:19,943 [DEBUG] mouse_event_mapper.detect(): thumb-index distances: current=0.24968808553663105, past=0.25911925790515217
2025-12-03 00:56:19,943 [DEBUG] mouse_event_mapper.detect(): thumb-middle distances: current=0.3760453812339188, past=0.3843113767165705
2025-12-03 00:56:19,943 [DEBUG] mouse_event_mapper.update(): detected mouse event: MouseEvent.MOVE
2025-12-03 00:56:19,943 [DEBUG] controller._on_landmark_update(): Mouse event deteced: MOVE
2025-12-03 00:56:19,965 [DEBUG] camera.run(): Captured frame at timestamp: 6288
2025-12-03 00:56:19,976 [DEBUG] landmarker.update(): velocity=0.26888225108933267
2025-12-03 00:56:19,977 [DEBUG] pointer_mapper.update(): std=0.011540995678986218, velocity=0.027475934190866472
2025-12-03 00:56:19,977 [DEBUG] controller._on_landmark_update(): Pointer mapped to screen position: (1511, 389)
2025-12-03 00:56:19,977 [DEBUG] mouse_event_mapper.detect(): thumb-index distances: current=0.23927870441158658, past=0.2593019201232274
2025-12-03 00:56:19,977 [DEBUG] mouse_event_mapper.detect(): thumb-middle distances: current=0.36815539596248265, past=0.38451107377368937
2025-12-03 00:56:19,977 [DEBUG] mouse_event_mapper.update(): detected mouse event: MouseEvent.MOVE
2025-12-03 00:56:19,977 [DEBUG] controller._on_landmark_update(): Mouse event deteced: MOVE
2025-12-03 00:56:19,998 [DEBUG] camera.run(): Captured frame at timestamp: 6322
2025-12-03 00:56:20,009 [DEBUG] landmarker.update(): velocity=0.2966613193964189
2025-12-03 00:56:20,010 [DEBUG] pointer_mapper.update(): std=0.012138454175736883, velocity=0.029212916543730677
2025-12-03 00:56:20,010 [DEBUG] controller._on_landmark_update(): Pointer mapped to screen position: (1499, 375)
2025-12-03 00:56:20,010 [DEBUG] mouse_event_mapper.detect(): thumb-index distances: current=0.2236057490040738, past=0.25649412943172056
2025-12-03 00:56:20,010 [DEBUG] mouse_event_mapper.detect(): thumb-middle distances: current=0.35731631746029796, past=0.3818503322172388
2025-12-03 00:56:20,010 [DEBUG] mouse_event_mapper.update(): detected mouse event: MouseEvent.MOVE
2025-12-03 00:56:20,010 [DEBUG] controller._on_landmark_update(): Mouse event deteced: MOVE
2025-12-03 00:56:20,032 [DEBUG] camera.run(): Captured frame at timestamp: 6356
2025-12-03 00:56:20,044 [DEBUG] landmarker.update(): velocity=0.3059225051791532
2025-12-03 00:56:20,044 [DEBUG] pointer_mapper.update(): std=0.012732971759068835, velocity=0.030822891926198054
2025-12-03 00:56:20,044 [DEBUG] controller._on_landmark_update(): Pointer mapped to screen position: (1477, 359)
2025-12-03 00:56:20,044 [DEBUG] mouse_event_mapper.detect(): thumb-index distances: current=0.20439309353896898, past=0.24968808553663105
2025-12-03 00:56:20,044 [DEBUG] mouse_event_mapper.detect(): thumb-middle distances: current=0.34489139907482597, past=0.3760453812339188
2025-12-03 00:56:20,044 [DEBUG] mouse_event_mapper.update(): detected mouse event: MouseEvent.MOVE
2025-12-03 00:56:20,044 [DEBUG] controller._on_landmark_update(): Mouse event deteced: MOVE
2025-12-03 00:56:20,064 [DEBUG] camera.run(): Captured frame at timestamp: 6387
2025-12-03 00:56:20,075 [DEBUG] landmarker.update(): velocity=0.31352561579416144
2025-12-03 00:56:20,076 [DEBUG] pointer_mapper.update(): std=0.013360719896646544, velocity=0.03232931810169486
2025-12-03 00:56:20,076 [DEBUG] controller._on_landmark_update(): Pointer mapped to screen position: (1447, 343)
2025-12-03 00:56:20,076 [DEBUG] mouse_event_mapper.detect(): thumb-index distances: current=0.1831315367112238, past=0.23927870441158658
2025-12-03 00:56:20,076 [DEBUG] mouse_event_mapper.detect(): thumb-middle distances: current=0.33131325732803885, past=0.36815539596248265
2025-12-03 00:56:20,076 [DEBUG] mouse_event_mapper.update(): detected mouse event: MouseEvent.MOVE
2025-12-03 00:56:20,076 [DEBUG] controller._on_landmark_update(): Mouse event deteced: MOVE
2025-12-03 00:56:20,098 [DEBUG] camera.run(): Captured frame at timestamp: 6421
2025-12-03 00:56:20,109 [DEBUG] landmarker.update(): velocity=0.31231988846849634
2025-12-03 00:56:20,109 [DEBUG] pointer_mapper.update(): std=0.013769881222277023, velocity=0.03303429115420516
2025-12-03 00:56:20,109 [DEBUG] controller._on_landmark_update(): Pointer mapped to screen position: (1412, 325)
2025-12-03 00:56:20,109 [DEBUG] mouse_event_mapper.detect(): thumb-index distances: current=0.16353418082100854, past=0.2236057490040738
2025-12-03 00:56:20,109 [DEBUG] mouse_event_mapper.detect(): thumb-middle distances: current=0.319246639541213, past=0.35731631746029796
2025-12-03 00:56:20,109 [DEBUG] mouse_event_mapper.update(): detected mouse event: MouseEvent.MOVE
2025-12-03 00:56:20,109 [DEBUG] controller._on_landmark_update(): Mouse event deteced: MOVE
2025-12-03 00:56:20,131 [DEBUG] camera.run(): Captured frame at timestamp: 6455
2025-12-03 00:56:20,142 [DEBUG] landmarker.update(): velocity=0.3081015538085392
2025-12-03 00:56:20,143 [DEBUG] pointer_mapper.update(): std=0.013805712672900693, velocity=0.033349738150393125
2025-12-03 00:56:20,143 [DEBUG] controller._on_landmark_update(): Pointer mapped to screen position: (1372, 308)
2025-12-03 00:56:20,143 [DEBUG] mouse_event_mapper.detect(): thumb-index distances: current=0.14663558419363465, past=0.20439309353896898
2025-12-03 00:56:20,143 [DEBUG] mouse_event_mapper.detect(): thumb-middle distances: current=0.30911610863798344, past=0.34489139907482597
2025-12-03 00:56:20,143 [DEBUG] mouse_event_mapper.update(): detected mouse event: MouseEvent.MOVE
2025-12-03 00:56:20,143 [DEBUG] controller._on_landmark_update(): Mouse event deteced: MOVE
2025-12-03 00:56:20,165 [DEBUG] camera.run(): Captured frame at timestamp: 6488
2025-12-03 00:56:20,176 [DEBUG] landmarker.update(): velocity=0.3105496100047753
2025-12-03 00:56:20,176 [DEBUG] pointer_mapper.update(): std=0.013574233863642565, velocity=0.03358298966377022
2025-12-03 00:56:20,176 [DEBUG] controller._on_landmark_update(): Pointer mapped to screen position: (1331, 291)
2025-12-03 00:56:20,177 [DEBUG] mouse_event_mapper.detect(): thumb-index distances: current=0.1325156494474265, past=0.1831315367112238
2025-12-03 00:56:20,177 [DEBUG] mouse_event_mapper.detect(): thumb-middle distances: current=0.30121928122444735, past=0.33131325732803885
2025-12-03 00:56:20,177 [DEBUG] mouse_event_mapper.update(): detected mouse event: MouseEvent.MOVE
2025-12-03 00:56:20,177 [DEBUG] controller._on_landmark_update(): Mouse event deteced: MOVE
2025-12-03 00:56:20,198 [DEBUG] camera.run(): Captured frame at timestamp: 6522
2025-12-03 00:56:20,210 [DEBUG] landmarker.update(): velocity=0.3047673486902281
2025-12-03 00:56:20,210 [DEBUG] pointer_mapper.update(): std=0.013123710915297222, velocity=0.033220460205714154
2025-12-03 00:56:20,210 [DEBUG] controller._on_landmark_update(): Pointer mapped to screen position: (1287, 273)
2025-12-03 00:56:20,210 [DEBUG] mouse_event_mapper.detect(): thumb-index distances: current=0.12123164799028978, past=0.16353418082100854
2025-12-03 00:56:20,210 [DEBUG] mouse_event_mapper.detect(): thumb-middle distances: current=0.29526163835318503, past=0.319246639541213
2025-12-03 00:56:20,210 [DEBUG] mouse_event_mapper.update(): detected mouse event: MouseEvent.MOVE
2025-12-03 00:56:20,210 [DEBUG] controller._on_landmark_update(): Mouse event deteced: MOVE
2025-12-03 00:56:20,231 [DEBUG] camera.run(): Captured frame at timestamp: 6554
2025-12-03 00:56:20,242 [DEBUG] landmarker.update(): velocity=0.29626579446786133
2025-12-03 00:56:20,243 [DEBUG] pointer_mapper.update(): std=0.012467709934241546, velocity=0.03264667088710876
2025-12-03 00:56:20,243 [DEBUG] controller._on_landmark_update(): Pointer mapped to screen position: (1244, 255)
2025-12-03 00:56:20,243 [DEBUG] mouse_event_mapper.detect(): thumb-index distances: current=0.11253066986820846, past=0.14663558419363465
2025-12-03 00:56:20,243 [DEBUG] mouse_event_mapper.detect(): thumb-middle distances: current=0.29086121412169585, past=0.30911610863798344
2025-12-03 00:56:20,243 [DEBUG] mouse_event_mapper.update(): detected mouse event: MouseEvent.MOVE
2025-12-03 00:56:20,243 [DEBUG] controller._on_landmark_update(): Mouse event deteced: MOVE
2025-12-03 00:56:20,265 [DEBUG] camera.run(): Captured frame at timestamp: 6589
2025-12-03 00:56:20,276 [DEBUG] landmarker.update(): velocity=0.29227075583980855
2025-12-03 00:56:20,277 [DEBUG] pointer_mapper.update(): std=0.01168328712128584, velocity=0.03201029448760275
2025-12-03 00:56:20,277 [DEBUG] controller._on_landmark_update(): Pointer mapped to screen position: (1201, 237)
2025-12-03 00:56:20,277 [DEBUG] mouse_event_mapper.detect(): thumb-index distances: current=0.10581016486669625, past=0.1325156494474265
2025-12-03 00:56:20,277 [DEBUG] mouse_event_mapper.detect(): thumb-middle distances: current=0.2876257268287551, past=0.30121928122444735
2025-12-03 00:56:20,277 [DEBUG] mouse_event_mapper.update(): detected mouse event: MouseEvent.MOVE
2025-12-03 00:56:20,277 [DEBUG] controller._on_landmark_update(): Mouse event deteced: MOVE
2025-12-03 00:56:20,298 [DEBUG] camera.run(): Captured frame at timestamp: 6621
2025-12-03 00:56:20,309 [DEBUG] landmarker.update(): velocity=0.28736752586386505
2025-12-03 00:56:20,309 [DEBUG] pointer_mapper.update(): std=0.010920397262274017, velocity=0.031668934123828776
2025-12-03 00:56:20,309 [DEBUG] controller._on_landmark_update(): Pointer mapped to screen position: (1159, 219)
2025-12-03 00:56:20,309 [DEBUG] mouse_event_mapper.detect(): thumb-index distances: current=0.10024077618475798, past=0.12123164799028978
2025-12-03 00:56:20,309 [DEBUG] mouse_event_mapper.detect(): thumb-middle distances: current=0.28482836288957775, past=0.29526163835318503
2025-12-03 00:56:20,309 [DEBUG] mouse_event_mapper.update(): detected mouse event: MouseEvent.MOVE
2025-12-03 00:56:20,309 [DEBUG] controller._on_landmark_update(): Mouse event deteced: MOVE
2025-12-03 00:56:20,332 [DEBUG] camera.run(): Captured frame at timestamp: 6655
2025-12-03 00:56:20,343 [DEBUG] landmarker.update(): velocity=0.2756096216779571
2025-12-03 00:56:20,343 [DEBUG] pointer_mapper.update(): std=0.010307399333193905, velocity=0.030978598907597993
2025-12-03 00:56:20,343 [DEBUG] controller._on_landmark_update(): Pointer mapped to screen position: (1117, 200)
2025-12-03 00:56:20,344 [DEBUG] mouse_event_mapper.detect(): thumb-index distances: current=0.09545783054170011, past=0.11253066986820846
2025-12-03 00:56:20,344 [DEBUG] mouse_event_mapper.detect(): thumb-middle distances: current=0.28212678101671024, past=0.29086121412169585
2025-12-03 00:56:20,344 [DEBUG] mouse_event_mapper.update(): detected mouse event: MouseEvent.MOVE
2025-12-03 00:56:20,344 [DEBUG] controller._on_landmark_update(): Mouse event deteced: MOVE
2025-12-03 00:56:20,365 [DEBUG] camera.run(): Captured frame at timestamp: 6688
2025-12-03 00:56:20,376 [DEBUG] landmarker.update(): velocity=0.26384638523465576
2025-12-03 00:56:20,376 [DEBUG] pointer_mapper.update(): std=0.009882030334514697, velocity=0.030071799921364106
2025-12-03 00:56:20,376 [DEBUG] controller._on_landmark_update(): Pointer mapped to screen position: (1077, 182)
2025-12-03 00:56:20,376 [DEBUG] mouse_event_mapper.detect(): thumb-index distances: current=0.09154765758912693, past=0.10581016486669625
2025-12-03 00:56:20,376 [DEBUG] mouse_event_mapper.detect(): thumb-middle distances: current=0.27927258160035245, past=0.2876257268287551
2025-12-03 00:56:20,376 [DEBUG] mouse_event_mapper.update(): detected mouse event: MouseEvent.MOVE
2025-12-03 00:56:20,376 [DEBUG] controller._on_landmark_update(): Mouse event deteced: MOVE
2025-12-03 00:56:20,399 [DEBUG] camera.run(): Captured frame at timestamp: 6722
2025-12-03 00:56:20,409 [DEBUG] landmarker.update(): velocity=0.24662215303983753
2025-12-03 00:56:20,410 [DEBUG] pointer_mapper.update(): std=0.009466644643368239, velocity=0.028714762787218562
2025-12-03 00:56:20,410 [DEBUG] controller._on_landmark_update(): Pointer mapped to screen position: (1038, 165)
2025-12-03 00:56:20,410 [DEBUG] mouse_event_mapper.detect(): thumb-index distances: current=0.08865728308471292, past=0.10024077618475798
2025-12-03 00:56:20,410 [DEBUG] mouse_event_mapper.detect(): thumb-middle distances: current=0.2767064889769392, past=0.28482836288957775
2025-12-03 00:56:20,410 [DEBUG] mouse_event_mapper.update(): detected mouse event: MouseEvent.MOVE
2025-12-03 00:56:20,410 [DEBUG] controller._on_landmark_update(): Mouse event deteced: MOVE
2025-12-03 00:56:20,431 [DEBUG] camera.run(): Captured frame at timestamp: 6754
2025-12-03 00:56:20,441 [DEBUG] landmarker.update(): velocity=0.23344112799080197
2025-12-03 00:56:20,442 [DEBUG] pointer_mapper.update(): std=0.009122732680537333, velocity=0.026978941742835254
2025-12-03 00:56:20,442 [DEBUG] controller._on_landmark_update(): Pointer mapped to screen position: (1000, 149)
2025-12-03 00:56:20,442 [DEBUG] mouse_event_mapper.detect(): thumb-index distances: current=0.08806841139130916, past=0.09545783054170011
2025-12-03 00:56:20,442 [DEBUG] mouse_event_mapper.detect(): thumb-middle distances: current=0.27493845284339374, past=0.28212678101671024
2025-12-03 00:56:20,442 [DEBUG] mouse_event_mapper.update(): detected mouse event: MouseEvent.MOVE
2025-12-03 00:56:20,442 [DEBUG] controller._on_landmark_update(): Mouse event deteced: MOVE
2025-12-03 00:56:20,465 [DEBUG] camera.run(): Captured frame at timestamp: 6788
2025-12-03 00:56:20,476 [DEBUG] landmarker.update(): velocity=0.21979630692216443
2025-12-03 00:56:20,476 [DEBUG] pointer_mapper.update(): std=0.008894747255756431, velocity=0.0250433502310262
2025-12-03 00:56:20,476 [DEBUG] controller._on_landmark_update(): Pointer mapped to screen position: (964, 133)
2025-12-03 00:56:20,476 [DEBUG] mouse_event_mapper.detect(): thumb-index distances: current=0.09017890697411328, past=0.09154765758912693
2025-12-03 00:56:20,476 [DEBUG] mouse_event_mapper.detect(): thumb-middle distances: current=0.27441264913868696, past=0.27927258160035245
2025-12-03 00:56:20,476 [DEBUG] mouse_event_mapper.update(): detected mouse event: MouseEvent.MOVE
2025-12-03 00:56:20,476 [DEBUG] controller._on_landmark_update(): Mouse event deteced: MOVE
2025-12-03 00:56:20,498 [DEBUG] camera.run(): Captured frame at timestamp: 6822
2025-12-03 00:56:20,509 [DEBUG] landmarker.update(): velocity=0.20795509938729453
2025-12-03 00:56:20,510 [DEBUG] pointer_mapper.update(): std=0.008935010326897622, velocity=0.023710037104928923
2025-12-03 00:56:20,510 [DEBUG] controller._on_landmark_update(): Pointer mapped to screen position: (929, 119)
2025-12-03 00:56:20,510 [DEBUG] mouse_event_mapper.detect(): thumb-index distances: current=0.09606723286394007, past=0.08865728308471292
2025-12-03 00:56:20,510 [DEBUG] mouse_event_mapper.detect(): thumb-middle distances: current=0.2759912204169061, past=0.2767064889769392
2025-12-03 00:56:20,510 [DEBUG] mouse_event_mapper.update(): detected mouse event: MouseEvent.MOVE
2025-12-03 00:56:20,510 [DEBUG] controller._on_landmark_update(): Mouse event deteced: MOVE
2025-12-03 00:56:20,531 [DEBUG] camera.run(): Captured frame at timestamp: 6854
2025-12-03 00:56:20,541 [DEBUG] landmarker.update(): velocity=0.20493177073466817
2025-12-03 00:56:20,542 [DEBUG] pointer_mapper.update(): std=0.00919706936650479, velocity=0.02268081718717206
2025-12-03 00:56:20,542 [DEBUG] controller._on_landmark_update(): Pointer mapped to screen position: (895, 106)
2025-12-03 00:56:20,542 [DEBUG] mouse_event_mapper.detect(): thumb-index distances: current=0.10402057070741692, past=0.08806841139130916
2025-12-03 00:56:20,542 [DEBUG] mouse_event_mapper.detect(): thumb-middle distances: current=0.2795351312653567, past=0.27493845284339374
2025-12-03 00:56:20,542 [DEBUG] mouse_event_mapper.update(): detected mouse event: MouseEvent.MOVE
2025-12-03 00:56:20,542 [DEBUG] controller._on_landmark_update(): Mouse event deteced: MOVE
2025-12-03 00:56:20,562 [DEBUG] camera.run(): Captured frame at timestamp: 6886
2025-12-03 00:56:20,573 [DEBUG] landmarker.update(): velocity=0.2030773540096543
2025-12-03 00:56:20,574 [DEBUG] pointer_mapper.update(): std=0.009395924974217942, velocity=0.02196580790198064
2025-12-03 00:56:20,574 [DEBUG] controller._on_landmark_update(): Pointer mapped to screen position: (861, 95)
2025-12-03 00:56:20,574 [DEBUG] mouse_event_mapper.detect(): thumb-index distances: current=0.11395044895402158, past=0.09017890697411328
2025-12-03 00:56:20,574 [DEBUG] mouse_event_mapper.detect(): thumb-middle distances: current=0.2851364570988124, past=0.27441264913868696
2025-12-03 00:56:20,574 [DEBUG] mouse_event_mapper.update(): detected mouse event: MouseEvent.MOVE
2025-12-03 00:56:20,574 [DEBUG] controller._on_landmark_update(): Mouse event deteced: MOVE
2025-12-03 00:56:20,596 [DEBUG] camera.run(): Captured frame at timestamp: 6919
2025-12-03 00:56:20,607 [DEBUG] landmarker.update(): velocity=0.20954059841897543
2025-12-03 00:56:20,607 [DEBUG] pointer_mapper.update(): std=0.00962434753453763, velocity=0.02214152078062366
2025-12-03 00:56:20,607 [DEBUG] controller._on_landmark_update(): Pointer mapped to screen position: (827, 85)
2025-12-03 00:56:20,607 [DEBUG] mouse_event_mapper.detect(): thumb-index distances: current=0.12465016708661669, past=0.09606723286394007
2025-12-03 00:56:20,607 [DEBUG] mouse_event_mapper.detect(): thumb-middle distances: current=0.29214663986647865, past=0.2759912204169061
2025-12-03 00:56:20,607 [DEBUG] mouse_event_mapper.update(): detected mouse event: MouseEvent.MOVE
2025-12-03 00:56:20,607 [DEBUG] controller._on_landmark_update(): Mouse event deteced: MOVE
2025-12-03 00:56:20,629 [DEBUG] camera.run(): Captured frame at timestamp: 6953
2025-12-03 00:56:20,640 [DEBUG] landmarker.update(): velocity=0.21114116132933577
2025-12-03 00:56:20,641 [DEBUG] pointer_mapper.update(): std=0.009536691633019423, velocity=0.02219201662709328
2025-12-03 00:56:20,641 [DEBUG] controller._on_landmark_update(): Pointer mapped to screen position: (793, 77)
2025-12-03 00:56:20,641 [DEBUG] mouse_event_mapper.detect(): thumb-index distances: current=0.13619339162371655, past=0.10402057070741692
2025-12-03 00:56:20,641 [DEBUG] mouse_event_mapper.detect(): thumb-middle distances: current=0.3002063322378951, past=0.2795351312653567
2025-12-03 00:56:20,641 [DEBUG] mouse_event_mapper.update(): detected mouse event: MouseEvent.MOVE
2025-12-03 00:56:20,641 [DEBUG] controller._on_landmark_update(): Mouse event deteced: MOVE
2025-12-03 00:56:20,662 [DEBUG] camera.run(): Captured frame at timestamp: 6986
2025-12-03 00:56:20,673 [DEBUG] landmarker.update(): velocity=0.20364262524938148
2025-12-03 00:56:20,674 [DEBUG] pointer_mapper.update(): std=0.009164580260204294, velocity=0.021817259793477328
2025-12-03 00:56:20,674 [DEBUG] controller._on_landmark_update(): Pointer mapped to screen position: (760, 70)
2025-12-03 00:56:20,674 [DEBUG] mouse_event_mapper.detect(): thumb-index distances: current=0.14754595780331037, past=0.11395044895402158
2025-12-03 00:56:20,674 [DEBUG] mouse_event_mapper.detect(): thumb-middle distances: current=0.3085695020302132, past=0.2851364570988124
2025-12-03 00:56:20,674 [DEBUG] mouse_event_mapper.update(): detected mouse event: MouseEvent.MOVE
2025-12-03 00:56:20,674 [DEBUG] controller._on_landmark_update(): Mouse event deteced: MOVE
2025-12-03 00:56:20,696 [DEBUG] camera.run(): Captured frame at timestamp: 7019
2025-12-03 00:56:20,706 [DEBUG] landmarker.update(): velocity=0.19936752010579972
2025-12-03 00:56:20,707 [DEBUG] pointer_mapper.update(): std=0.008653029829914881, velocity=0.021031836224839295
2025-12-03 00:56:20,707 [DEBUG] controller._on_landmark_update(): Pointer mapped to screen position: (727, 65)
2025-12-03 00:56:20,707 [DEBUG] mouse_event_mapper.detect(): thumb-index distances: current=0.15830254400331656, past=0.12465016708661669
2025-12-03 00:56:20,707 [DEBUG] mouse_event_mapper.detect(): thumb-middle distances: current=0.3169668593335247, past=0.29214663986647865
2025-12-03 00:56:20,707 [DEBUG] mouse_event_mapper.update(): detected mouse event: MouseEvent.MOVE
2025-12-03 00:56:20,707 [DEBUG] controller._on_landmark_update(): Mouse event deteced: MOVE
2025-12-03 00:56:20,729 [DEBUG] camera.run(): Captured frame at timestamp: 7053
2025-12-03 00:56:20,740 [DEBUG] landmarker.update(): velocity=0.18695511306964552
2025-12-03 00:56:20,741 [DEBUG] pointer_mapper.update(): std=0.008418396493647362, velocity=0.01997068272638131
2025-12-03 00:56:20,741 [DEBUG] controller._on_landmark_update(): Pointer mapped to screen position: (694, 60)
2025-12-03 00:56:20,741 [DEBUG] mouse_event_mapper.detect(): thumb-index distances: current=0.16792091693163244, past=0.13619339162371655
2025-12-03 00:56:20,741 [DEBUG] mouse_event_mapper.detect(): thumb-middle distances: current=0.3251017230108993, past=0.3002063322378951
2025-12-03 00:56:20,741 [DEBUG] mouse_event_mapper.update(): detected mouse event: MouseEvent.MOVE
2025-12-03 00:56:20,741 [DEBUG] controller._on_landmark_update(): Mouse event deteced: MOVE
2025-12-03 00:56:20,762 [DEBUG] camera.run(): Captured frame at timestamp: 7086
2025-12-03 00:56:20,773 [DEBUG] landmarker.update(): velocity=0.17580210636761903
2025-12-03 00:56:20,774 [DEBUG] pointer_mapper.update(): std=0.008146250246006952, velocity=0.018529925790376277
2025-12-03 00:56:20,774 [DEBUG] controller._on_landmark_update(): Pointer mapped to screen position: (661, 57)
2025-12-03 00:56:20,774 [DEBUG] mouse_event_mapper.detect(): thumb-index distances: current=0.17640550049719084, past=0.14754595780331037
2025-12-03 00:56:20,774 [DEBUG] mouse_event_mapper.detect(): thumb-middle distances: current=0.33262839464067306, past=0.3085695020302132
2025-12-03 00:56:20,774 [DEBUG] mouse_event_mapper.update(): detected mouse event: MouseEvent.MOVE
2025-12-03 00:56:20,774 [DEBUG] controller._on_landmark_update(): Mouse event deteced: MOVE
2025-12-03 00:56:20,796 [DEBUG] camera.run(): Captured frame at timestamp: 7119
2025-12-03 00:56:20,807 [DEBUG] landmarker.update(): velocity=0.17546832182804903
2025-12-03 00:56:20,808 [DEBUG] pointer_mapper.update(): std=0.007825918074466672, velocity=0.017275620558816273
2025-12-03 00:56:20,808 [DEBUG] controller._on_landmark_update(): Pointer mapped to screen position: (628, 56)
2025-12-03 00:56:20,808 [DEBUG] mouse_event_mapper.detect(): thumb-index distances: current=0.18383732280432508, past=0.15830254400331656
2025-12-03 00:56:20,808 [DEBUG] mouse_event_mapper.detect(): thumb-middle distances: current=0.3391855230695027, past=0.3169668593335247
2025-12-03 00:56:20,808 [DEBUG] mouse_event_mapper.update(): detected mouse event: MouseEvent.MOVE
2025-12-03 00:56:20,808 [DEBUG] controller._on_landmark_update(): Mouse event deteced: MOVE
2025-12-03 00:56:20,828 [DEBUG] camera.run(): Captured frame at timestamp: 7152
2025-12-03 00:56:20,839 [DEBUG] landmarker.update(): velocity=0.19480499869939522
2025-12-03 00:56:20,840 [DEBUG] pointer_mapper.update(): std=0.007483202070192652, velocity=0.01763838245647518
2025-12-03 00:56:20,840 [DEBUG] controller._on_landmark_update(): Pointer mapped to screen position: (595, 57)
2025-12-03 00:56:20,840 [DEBUG] mouse_event_mapper.detect(): thumb-index distances: current=0.19071881469375973, past=0.16792091693163244
2025-12-03 00:56:20,840 [DEBUG] mouse_event_mapper.detect(): thumb-middle distances: current=0.34531548470642265, past=0.3251017230108993
2025-12-03 00:56:20,840 [DEBUG] mouse_event_mapper.update(): detected mouse event: MouseEvent.MOVE
2025-12-03 00:56:20,840 [DEBUG] controller._on_landmark_update(): Mouse event deteced: MOVE
2025-12-03 00:56:20,861 [DEBUG] camera.run(): Captured frame at timestamp: 7184
2025-12-03 00:56:20,871 [DEBUG] landmarker.update(): velocity=0.23965980483733984
2025-12-03 00:56:20,872 [DEBUG] pointer_mapper.update(): std=0.00691269682143674, velocity=0.021768432117649873
2025-12-03 00:56:20,872 [DEBUG] controller._on_landmark_update(): Pointer mapped to screen position: (562, 62)
2025-12-03 00:56:20,872 [DEBUG] mouse_event_mapper.detect(): thumb-index distances: current=0.19758969916574895, past=0.17640550049719084
2025-12-03 00:56:20,872 [DEBUG] mouse_event_mapper.detect(): thumb-middle distances: current=0.3519021397177573, past=0.33262839464067306
2025-12-03 00:56:20,872 [DEBUG] mouse_event_mapper.update(): detected mouse event: MouseEvent.MOVE
2025-12-03 00:56:20,872 [DEBUG] controller._on_landmark_update(): Mouse event deteced: MOVE
2025-12-03 00:56:20,897 [DEBUG] camera.run(): Captured frame at timestamp: 7221
2025-12-03 00:56:20,908 [DEBUG] landmarker.update(): velocity=0.317458220772985
2025-12-03 00:56:20,908 [DEBUG] pointer_mapper.update(): std=0.011339150862946337, velocity=0.029730022286254723
2025-12-03 00:56:20,908 [DEBUG] controller._on_landmark_update(): Pointer mapped to screen position: (530, 72)
2025-12-03 00:56:20,908 [DEBUG] mouse_event_mapper.detect(): thumb-index distances: current=0.2042778662818645, past=0.18383732280432508
2025-12-03 00:56:20,908 [DEBUG] mouse_event_mapper.detect(): thumb-middle distances: current=0.3588106141396937, past=0.3391855230695027
2025-12-03 00:56:20,908 [DEBUG] mouse_event_mapper.update(): detected mouse event: MouseEvent.MOVE
2025-12-03 00:56:20,908 [DEBUG] controller._on_landmark_update(): Mouse event deteced: MOVE
2025-12-03 00:56:20,931 [DEBUG] camera.run(): Captured frame at timestamp: 7255
2025-12-03 00:56:20,941 [DEBUG] landmarker.update(): velocity=0.39604232657492094
2025-12-03 00:56:20,942 [DEBUG] pointer_mapper.update(): std=0.016269347202758636, velocity=0.038879278674046856
2025-12-03 00:56:20,942 [DEBUG] controller._on_landmark_update(): Pointer mapped to screen position: (499, 87)
2025-12-03 00:56:20,942 [DEBUG] mouse_event_mapper.detect(): thumb-index distances: current=0.2105759439095355, past=0.19071881469375973
2025-12-03 00:56:20,942 [DEBUG] mouse_event_mapper.detect(): thumb-middle distances: current=0.3657799616115942, past=0.34531548470642265
2025-12-03 00:56:20,942 [DEBUG] mouse_event_mapper.update(): detected mouse event: MouseEvent.MOVE
2025-12-03 00:56:20,942 [DEBUG] controller._on_landmark_update(): Mouse event deteced: MOVE
2025-12-03 00:56:20,965 [DEBUG] camera.run(): Captured frame at timestamp: 7288
2025-12-03 00:56:20,975 [DEBUG] landmarker.update(): velocity=0.47385391734590704
2025-12-03 00:56:20,976 [DEBUG] pointer_mapper.update(): std=0.02080489116891708, velocity=0.04822631649653521
2025-12-03 00:56:20,976 [DEBUG] controller._on_landmark_update(): Pointer mapped to screen position: (471, 108)
2025-12-03 00:56:20,976 [DEBUG] mouse_event_mapper.detect(): thumb-index distances: current=0.21681846544660002, past=0.19758969916574895
2025-12-03 00:56:20,976 [DEBUG] mouse_event_mapper.detect(): thumb-middle distances: current=0.3726558652990568, past=0.3519021397177573
2025-12-03 00:56:20,976 [DEBUG] mouse_event_mapper.update(): detected mouse event: MouseEvent.MOVE
2025-12-03 00:56:20,976 [DEBUG] controller._on_landmark_update(): Mouse event deteced: MOVE
2025-12-03 00:56:20,998 [DEBUG] camera.run(): Captured frame at timestamp: 7321
2025-12-03 00:56:21,008 [DEBUG] landmarker.update(): velocity=0.5163787970801184
2025-12-03 00:56:21,009 [DEBUG] pointer_mapper.update(): std=0.02426610140919047, velocity=0.05491449299592409
2025-12-03 00:56:21,009 [DEBUG] controller._on_landmark_update(): Pointer mapped to screen position: (446, 135)
2025-12-03 00:56:21,009 [DEBUG] mouse_event_mapper.detect(): thumb-index distances: current=0.22188982639924937, past=0.2042778662818645
2025-12-03 00:56:21,009 [DEBUG] mouse_event_mapper.detect(): thumb-middle distances: current=0.3793606886118475, past=0.3588106141396937
2025-12-03 00:56:21,009 [DEBUG] mouse_event_mapper.update(): detected mouse event: MouseEvent.MOVE
2025-12-03 00:56:21,009 [DEBUG] controller._on_landmark_update(): Mouse event deteced: MOVE
2025-12-03 00:56:21,031 [DEBUG] camera.run(): Captured frame at timestamp: 7355
2025-12-03 00:56:21,042 [DEBUG] landmarker.update(): velocity=0.5243050292231469
2025-12-03 00:56:21,043 [DEBUG] pointer_mapper.update(): std=0.0260544670721909, velocity=0.05788719154034872
2025-12-03 00:56:21,043 [DEBUG] controller._on_landmark_update(): Pointer mapped to screen position: (424, 166)
2025-12-03 00:56:21,043 [DEBUG] mouse_event_mapper.detect(): thumb-index distances: current=0.22652934558372492, past=0.2105759439095355
2025-12-03 00:56:21,043 [DEBUG] mouse_event_mapper.detect(): thumb-middle distances: current=0.38661764539925914, past=0.3657799616115942
2025-12-03 00:56:21,043 [DEBUG] mouse_event_mapper.update(): detected mouse event: MouseEvent.MOVE
2025-12-03 00:56:21,043 [DEBUG] controller._on_landmark_update(): Mouse event deteced: MOVE
2025-12-03 00:56:21,065 [DEBUG] camera.run(): Captured frame at timestamp: 7389
2025-12-03 00:56:21,076 [DEBUG] landmarker.update(): velocity=0.5036522122923791
2025-12-03 00:56:21,077 [DEBUG] pointer_mapper.update(): std=0.026132729832236017, velocity=0.0575651929471515
2025-12-03 00:56:21,077 [DEBUG] controller._on_landmark_update(): Pointer mapped to screen position: (405, 201)
2025-12-03 00:56:21,077 [DEBUG] mouse_event_mapper.detect(): thumb-index distances: current=0.23043628129657132, past=0.21681846544660002
2025-12-03 00:56:21,077 [DEBUG] mouse_event_mapper.detect(): thumb-middle distances: current=0.3939023604772596, past=0.3726558652990568
2025-12-03 00:56:21,077 [DEBUG] mouse_event_mapper.update(): detected mouse event: MouseEvent.MOVE
2025-12-03 00:56:21,077 [DEBUG] controller._on_landmark_update(): Mouse event deteced: MOVE
2025-12-03 00:56:21,097 [DEBUG] camera.run(): Captured frame at timestamp: 7421
2025-12-03 00:56:21,108 [DEBUG] landmarker.update(): velocity=0.476924767295421
2025-12-03 00:56:21,109 [DEBUG] pointer_mapper.update(): std=0.02549774610707478, velocity=0.054819174830325154
2025-12-03 00:56:21,109 [DEBUG] controller._on_landmark_update(): Pointer mapped to screen position: (391, 238)
2025-12-03 00:56:21,109 [DEBUG] mouse_event_mapper.detect(): thumb-index distances: current=0.23473184185919094, past=0.22188982639924937
2025-12-03 00:56:21,109 [DEBUG] mouse_event_mapper.detect(): thumb-middle distances: current=0.4014868279796288, past=0.3793606886118475
2025-12-03 00:56:21,109 [DEBUG] mouse_event_mapper.update(): detected mouse event: MouseEvent.MOVE
2025-12-03 00:56:21,109 [DEBUG] controller._on_landmark_update(): Mouse event deteced: MOVE
2025-12-03 00:56:21,131 [DEBUG] camera.run(): Captured frame at timestamp: 7454
2025-12-03 00:56:21,141 [DEBUG] landmarker.update(): velocity=0.4126142322018623
2025-12-03 00:56:21,142 [DEBUG] pointer_mapper.update(): std=0.023557868229146964, velocity=0.04856540494878824
2025-12-03 00:56:21,142 [DEBUG] controller._on_landmark_update(): Pointer mapped to screen position: (382, 276)
2025-12-03 00:56:21,142 [DEBUG] mouse_event_mapper.detect(): thumb-index distances: current=0.23841439790527844, past=0.22652934558372492
2025-12-03 00:56:21,142 [DEBUG] mouse_event_mapper.detect(): thumb-middle distances: current=0.4082821155781367, past=0.38661764539925914
2025-12-03 00:56:21,142 [DEBUG] mouse_event_mapper.update(): detected mouse event: MouseEvent.MOVE
2025-12-03 00:56:21,142 [DEBUG] controller._on_landmark_update(): Mouse event deteced: MOVE
2025-12-03 00:56:21,164 [DEBUG] camera.run(): Captured frame at timestamp: 7487
2025-12-03 00:56:21,175 [DEBUG] landmarker.update(): velocity=0.34387485622463954
2025-12-03 00:56:21,175 [DEBUG] pointer_mapper.update(): std=0.02061544864587435, velocity=0.040500682829736075
2025-12-03 00:56:21,176 [DEBUG] controller._on_landmark_update(): Pointer mapped to screen position: (379, 313)
2025-12-03 00:56:21,176 [DEBUG] mouse_event_mapper.detect(): thumb-index distances: current=0.24108451440169246, past=0.23043628129657132
2025-12-03 00:56:21,176 [DEBUG] mouse_event_mapper.detect(): thumb-middle distances: current=0.4149556597672646, past=0.3939023604772596
2025-12-03 00:56:21,176 [DEBUG] mouse_event_mapper.update(): detected mouse event: MouseEvent.MOVE
2025-12-03 00:56:21,176 [DEBUG] controller._on_landmark_update(): Mouse event deteced: MOVE
2025-12-03 00:56:21,197 [DEBUG] camera.run(): Captured frame at timestamp: 7521
2025-12-03 00:56:21,208 [DEBUG] landmarker.update(): velocity=0.2971300384205994
2025-12-03 00:56:21,208 [DEBUG] pointer_mapper.update(): std=0.016996997315558936, velocity=0.03230686450365949
2025-12-03 00:56:21,208 [DEBUG] controller._on_landmark_update(): Pointer mapped to screen position: (381, 349)
2025-12-03 00:56:21,208 [DEBUG] mouse_event_mapper.detect(): thumb-index distances: current=0.24260423815601953, past=0.23473184185919094
2025-12-03 00:56:21,208 [DEBUG] mouse_event_mapper.detect(): thumb-middle distances: current=0.421303026166345, past=0.4014868279796288
2025-12-03 00:56:21,208 [DEBUG] mouse_event_mapper.update(): detected mouse event: MouseEvent.MOVE
2025-12-03 00:56:21,208 [DEBUG] controller._on_landmark_update(): Mouse event deteced: MOVE
2025-12-03 00:56:21,231 [DEBUG] camera.run(): Captured frame at timestamp: 7554
2025-12-03 00:56:21,242 [DEBUG] landmarker.update(): velocity=0.2819102189582499
2025-12-03 00:56:21,242 [DEBUG] pointer_mapper.update(): std=0.014271372707249012, velocity=0.02711084273234845
2025-12-03 00:56:21,242 [DEBUG] controller._on_landmark_update(): Pointer mapped to screen position: (387, 384)
2025-12-03 00:56:21,242 [DEBUG] mouse_event_mapper.detect(): thumb-index distances: current=0.24239762404262066, past=0.23841439790527844
2025-12-03 00:56:21,242 [DEBUG] mouse_event_mapper.detect(): thumb-middle distances: current=0.4269423414453435, past=0.4082821155781367
2025-12-03 00:56:21,242 [DEBUG] mouse_event_mapper.update(): detected mouse event: MouseEvent.MOVE
2025-12-03 00:56:21,242 [DEBUG] controller._on_landmark_update(): Mouse event deteced: MOVE
2025-12-03 00:56:21,263 [DEBUG] camera.run(): Captured frame at timestamp: 7586
2025-12-03 00:56:21,274 [DEBUG] landmarker.update(): velocity=0.26803375130982954
2025-12-03 00:56:21,275 [DEBUG] pointer_mapper.update(): std=0.012536204226204384, velocity=0.023902370815693335
2025-12-03 00:56:21,275 [DEBUG] controller._on_landmark_update(): Pointer mapped to screen position: (396, 418)
2025-12-03 00:56:21,275 [DEBUG] mouse_event_mapper.detect(): thumb-index distances: current=0.24066634106977847, past=0.24108451440169246
2025-12-03 00:56:21,275 [DEBUG] mouse_event_mapper.detect(): thumb-middle distances: current=0.4304988661333751, past=0.4149556597672646
2025-12-03 00:56:21,275 [DEBUG] mouse_event_mapper.update(): detected mouse event: MouseEvent.MOVE
2025-12-03 00:56:21,275 [DEBUG] controller._on_landmark_update(): Mouse event deteced: MOVE
2025-12-03 00:56:21,292 [DEBUG] camera.run(): Captured frame at timestamp: 7615
2025-12-03 00:56:21,303 [DEBUG] landmarker.update(): velocity=0.2837140543402331
2025-12-03 00:56:21,303 [DEBUG] pointer_mapper.update(): std=0.012130874209233857, velocity=0.023215411345607104
2025-12-03 00:56:21,304 [DEBUG] controller._on_landmark_update(): Pointer mapped to screen position: (407, 451)
2025-12-03 00:56:21,304 [DEBUG] mouse_event_mapper.detect(): thumb-index distances: current=0.2377683852809196, past=0.24260423815601953
2025-12-03 00:56:21,304 [DEBUG] mouse_event_mapper.detect(): thumb-middle distances: current=0.43229282616369447, past=0.421303026166345
2025-12-03 00:56:21,304 [DEBUG] mouse_event_mapper.update(): detected mouse event: MouseEvent.MOVE
2025-12-03 00:56:21,304 [DEBUG] controller._on_landmark_update(): Mouse event deteced: MOVE
2025-12-03 00:56:21,330 [DEBUG] camera.run(): Captured frame at timestamp: 7654
2025-12-03 00:56:21,341 [DEBUG] landmarker.update(): velocity=0.3068803206749593
2025-12-03 00:56:21,342 [DEBUG] pointer_mapper.update(): std=0.012285618965340623, velocity=0.023983479501902057
2025-12-03 00:56:21,342 [DEBUG] controller._on_landmark_update(): Pointer mapped to screen position: (420, 485)
2025-12-03 00:56:21,342 [DEBUG] mouse_event_mapper.detect(): thumb-index distances: current=0.23540066062931964, past=0.24239762404262066
2025-12-03 00:56:21,342 [DEBUG] mouse_event_mapper.detect(): thumb-middle distances: current=0.43336584953492313, past=0.4269423414453435
2025-12-03 00:56:21,342 [DEBUG] mouse_event_mapper.update(): detected mouse event: MouseEvent.MOVE
2025-12-03 00:56:21,342 [DEBUG] controller._on_landmark_update(): Mouse event deteced: MOVE
2025-12-03 00:56:21,364 [DEBUG] camera.run(): Captured frame at timestamp: 7687
2025-12-03 00:56:21,374 [DEBUG] landmarker.update(): velocity=0.3161468627670289
2025-12-03 00:56:21,375 [DEBUG] pointer_mapper.update(): std=0.013016588322333943, velocity=0.025501928538574074
2025-12-03 00:56:21,375 [DEBUG] controller._on_landmark_update(): Pointer mapped to screen position: (436, 520)
2025-12-03 00:56:21,375 [DEBUG] mouse_event_mapper.detect(): thumb-index distances: current=0.23330541733839347, past=0.24066634106977847
2025-12-03 00:56:21,375 [DEBUG] mouse_event_mapper.detect(): thumb-middle distances: current=0.4337106281854601, past=0.4304988661333751
2025-12-03 00:56:21,375 [DEBUG] mouse_event_mapper.update(): detected mouse event: MouseEvent.MOVE
2025-12-03 00:56:21,375 [DEBUG] controller._on_landmark_update(): Mouse event deteced: MOVE
2025-12-03 00:56:21,398 [DEBUG] camera.run(): Captured frame at timestamp: 7721
2025-12-03 00:56:21,408 [DEBUG] landmarker.update(): velocity=0.32474718000685515
2025-12-03 00:56:21,409 [DEBUG] pointer_mapper.update(): std=0.013281972598989717, velocity=0.026216807277233356
2025-12-03 00:56:21,409 [DEBUG] controller._on_landmark_update(): Pointer mapped to screen position: (454, 556)
2025-12-03 00:56:21,409 [DEBUG] mouse_event_mapper.detect(): thumb-index distances: current=0.23114362211605188, past=0.2377683852809196
2025-12-03 00:56:21,409 [DEBUG] mouse_event_mapper.detect(): thumb-middle distances: current=0.43287651396047094, past=0.43229282616369447
2025-12-03 00:56:21,409 [DEBUG] mouse_event_mapper.update(): detected mouse event: MouseEvent.MOVE
2025-12-03 00:56:21,409 [DEBUG] controller._on_landmark_update(): Mouse event deteced: MOVE
2025-12-03 00:56:21,432 [DEBUG] camera.run(): Captured frame at timestamp: 7755
2025-12-03 00:56:21,443 [DEBUG] landmarker.update(): velocity=0.34329787269197726
2025-12-03 00:56:21,444 [DEBUG] pointer_mapper.update(): std=0.013462528767947762, velocity=0.02700154067638846
2025-12-03 00:56:21,444 [DEBUG] controller._on_landmark_update(): Pointer mapped to screen position: (473, 594)
2025-12-03 00:56:21,444 [DEBUG] mouse_event_mapper.detect(): thumb-index distances: current=0.22847008538342475, past=0.23540066062931964
2025-12-03 00:56:21,444 [DEBUG] mouse_event_mapper.detect(): thumb-middle distances: current=0.43027221342853644, past=0.43336584953492313
2025-12-03 00:56:21,444 [DEBUG] mouse_event_mapper.update(): detected mouse event: MouseEvent.MOVE
2025-12-03 00:56:21,444 [DEBUG] controller._on_landmark_update(): Mouse event deteced: MOVE
2025-12-03 00:56:21,465 [DEBUG] camera.run(): Captured frame at timestamp: 7789
2025-12-03 00:56:21,476 [DEBUG] landmarker.update(): velocity=0.3516174639665284
2025-12-03 00:56:21,477 [DEBUG] pointer_mapper.update(): std=0.01351388507241614, velocity=0.027359218133024176
2025-12-03 00:56:21,477 [DEBUG] controller._on_landmark_update(): Pointer mapped to screen position: (493, 633)
2025-12-03 00:56:21,477 [DEBUG] mouse_event_mapper.detect(): thumb-index distances: current=0.22527129310971863, past=0.23330541733839347
2025-12-03 00:56:21,477 [DEBUG] mouse_event_mapper.detect(): thumb-middle distances: current=0.4266390451542785, past=0.4337106281854601
2025-12-03 00:56:21,477 [DEBUG] mouse_event_mapper.update(): detected mouse event: MouseEvent.MOVE
2025-12-03 00:56:21,477 [DEBUG] controller._on_landmark_update(): Mouse event deteced: MOVE
2025-12-03 00:56:21,499 [DEBUG] camera.run(): Captured frame at timestamp: 7823
2025-12-03 00:56:21,510 [DEBUG] landmarker.update(): velocity=0.3482458244185605
2025-12-03 00:56:21,511 [DEBUG] pointer_mapper.update(): std=0.013401541081801737, velocity=0.027471621697545707
2025-12-03 00:56:21,511 [DEBUG] controller._on_landmark_update(): Pointer mapped to screen position: (514, 671)
2025-12-03 00:56:21,511 [DEBUG] mouse_event_mapper.detect(): thumb-index distances: current=0.22230568994318112, past=0.23114362211605188
2025-12-03 00:56:21,511 [DEBUG] mouse_event_mapper.detect(): thumb-middle distances: current=0.4224079604373441, past=0.43287651396047094
2025-12-03 00:56:21,511 [DEBUG] mouse_event_mapper.update(): detected mouse event: MouseEvent.MOVE
2025-12-03 00:56:21,511 [DEBUG] controller._on_landmark_update(): Mouse event deteced: MOVE
2025-12-03 00:56:21,532 [DEBUG] camera.run(): Captured frame at timestamp: 7855
2025-12-03 00:56:21,542 [DEBUG] landmarker.update(): velocity=0.341991135758813
2025-12-03 00:56:21,543 [DEBUG] pointer_mapper.update(): std=0.013067571680507744, velocity=0.027640792418693088
2025-12-03 00:56:21,543 [DEBUG] controller._on_landmark_update(): Pointer mapped to screen position: (536, 711)
2025-12-03 00:56:21,543 [DEBUG] mouse_event_mapper.detect(): thumb-index distances: current=0.21983042358138682, past=0.22847008538342475
2025-12-03 00:56:21,543 [DEBUG] mouse_event_mapper.detect(): thumb-middle distances: current=0.41808065000638356, past=0.43027221342853644
2025-12-03 00:56:21,543 [DEBUG] mouse_event_mapper.update(): detected mouse event: MouseEvent.MOVE
2025-12-03 00:56:21,543 [DEBUG] controller._on_landmark_update(): Mouse event deteced: MOVE
2025-12-03 00:56:21,565 [DEBUG] camera.run(): Captured frame at timestamp: 7889
2025-12-03 00:56:21,576 [DEBUG] landmarker.update(): velocity=0.34989141839538485
2025-12-03 00:56:21,576 [DEBUG] pointer_mapper.update(): std=0.012879588631232512, velocity=0.027790403748463328
2025-12-03 00:56:21,576 [DEBUG] controller._on_landmark_update(): Pointer mapped to screen position: (558, 751)
2025-12-03 00:56:21,576 [DEBUG] mouse_event_mapper.detect(): thumb-index distances: current=0.21781810229255247, past=0.22527129310971863
2025-12-03 00:56:21,576 [DEBUG] mouse_event_mapper.detect(): thumb-middle distances: current=0.4139462907761097, past=0.4266390451542785
2025-12-03 00:56:21,576 [DEBUG] mouse_event_mapper.update(): detected mouse event: MouseEvent.MOVE
2025-12-03 00:56:21,577 [DEBUG] controller._on_landmark_update(): Mouse event deteced: MOVE
2025-12-03 00:56:21,599 [DEBUG] camera.run(): Captured frame at timestamp: 7922
2025-12-03 00:56:21,610 [DEBUG] landmarker.update(): velocity=0.356564161284347
2025-12-03 00:56:21,610 [DEBUG] pointer_mapper.update(): std=0.013188570716740634, velocity=0.02842191248403562
2025-12-03 00:56:21,610 [DEBUG] controller._on_landmark_update(): Pointer mapped to screen position: (579, 793)
2025-12-03 00:56:21,610 [DEBUG] mouse_event_mapper.detect(): thumb-index distances: current=0.2162162588288179, past=0.22230568994318112
2025-12-03 00:56:21,610 [DEBUG] mouse_event_mapper.detect(): thumb-middle distances: current=0.4096036752157661, past=0.4224079604373441
2025-12-03 00:56:21,610 [DEBUG] mouse_event_mapper.update(): detected mouse event: MouseEvent.MOVE
2025-12-03 00:56:21,610 [DEBUG] controller._on_landmark_update(): Mouse event deteced: MOVE
2025-12-03 00:56:21,633 [DEBUG] camera.run(): Captured frame at timestamp: 7956
2025-12-03 00:56:21,644 [DEBUG] landmarker.update(): velocity=0.3610267782110202
2025-12-03 00:56:21,644 [DEBUG] pointer_mapper.update(): std=0.013613855592636403, velocity=0.028949816932989064
2025-12-03 00:56:21,644 [DEBUG] controller._on_landmark_update(): Pointer mapped to screen position: (600, 831)
2025-12-03 00:56:21,644 [DEBUG] mouse_event_mapper.detect(): thumb-index distances: current=0.21403522841808184, past=0.21983042358138682
2025-12-03 00:56:21,644 [DEBUG] mouse_event_mapper.detect(): thumb-middle distances: current=0.40481521656720526, past=0.41808065000638356
2025-12-03 00:56:21,645 [DEBUG] mouse_event_mapper.update(): detected mouse event: MouseEvent.MOVE
2025-12-03 00:56:21,645 [DEBUG] controller._on_landmark_update(): Mouse event deteced: MOVE
2025-12-03 00:56:21,665 [DEBUG] camera.run(): Captured frame at timestamp: 7988
2025-12-03 00:56:21,675 [DEBUG] landmarker.update(): velocity=0.36138020479282773
2025-12-03 00:56:21,676 [DEBUG] pointer_mapper.update(): std=0.01396592073109561, velocity=0.028865564953006892
2025-12-03 00:56:21,676 [DEBUG] controller._on_landmark_update(): Pointer mapped to screen position: (619, 861)
2025-12-03 00:56:21,676 [DEBUG] mouse_event_mapper.detect(): thumb-index distances: current=0.2113475006004207, past=0.21781810229255247
2025-12-03 00:56:21,676 [DEBUG] mouse_event_mapper.detect(): thumb-middle distances: current=0.4002090471326735, past=0.4139462907761097
2025-12-03 00:56:21,676 [DEBUG] mouse_event_mapper.update(): detected mouse event: MouseEvent.MOVE
2025-12-03 00:56:21,676 [DEBUG] controller._on_landmark_update(): Mouse event deteced: MOVE
2025-12-03 00:56:21,699 [DEBUG] camera.run(): Captured frame at timestamp: 8022
2025-12-03 00:56:21,709 [DEBUG] landmarker.update(): velocity=0.3409617184278509
2025-12-03 00:56:21,710 [DEBUG] pointer_mapper.update(): std=0.014011544063405393, velocity=0.02859010808787908
2025-12-03 00:56:21,710 [DEBUG] controller._on_landmark_update(): Pointer mapped to screen position: (636, 885)
2025-12-03 00:56:21,710 [DEBUG] mouse_event_mapper.detect(): thumb-index distances: current=0.2077113573772709, past=0.2162162588288179
2025-12-03 00:56:21,710 [DEBUG] mouse_event_mapper.detect(): thumb-middle distances: current=0.3962741139396733, past=0.4096036752157661
2025-12-03 00:56:21,710 [DEBUG] mouse_event_mapper.update(): detected mouse event: MouseEvent.MOVE
2025-12-03 00:56:21,710 [DEBUG] controller._on_landmark_update(): Mouse event deteced: MOVE
2025-12-03 00:56:21,732 [DEBUG] camera.run(): Captured frame at timestamp: 8055
2025-12-03 00:56:21,743 [DEBUG] landmarker.update(): velocity=0.31794610824116826
2025-12-03 00:56:21,743 [DEBUG] pointer_mapper.update(): std=0.013447728753635615, velocity=0.027292993430370272
2025-12-03 00:56:21,743 [DEBUG] controller._on_landmark_update(): Pointer mapped to screen position: (653, 904)
2025-12-03 00:56:21,743 [DEBUG] mouse_event_mapper.detect(): thumb-index distances: current=0.20330001764237213, past=0.21403522841808184
2025-12-03 00:56:21,743 [DEBUG] mouse_event_mapper.detect(): thumb-middle distances: current=0.3926260249658571, past=0.40481521656720526
2025-12-03 00:56:21,743 [DEBUG] mouse_event_mapper.update(): detected mouse event: MouseEvent.MOVE
2025-12-03 00:56:21,744 [DEBUG] controller._on_landmark_update(): Mouse event deteced: MOVE
2025-12-03 00:56:21,765 [DEBUG] camera.run(): Captured frame at timestamp: 8089
2025-12-03 00:56:21,776 [DEBUG] landmarker.update(): velocity=0.3057087644328505
2025-12-03 00:56:21,777 [DEBUG] pointer_mapper.update(): std=0.012481311500342703, velocity=0.025406596898770586
2025-12-03 00:56:21,777 [DEBUG] controller._on_landmark_update(): Pointer mapped to screen position: (668, 920)
2025-12-03 00:56:21,777 [DEBUG] mouse_event_mapper.detect(): thumb-index distances: current=0.1981144300122242, past=0.2113475006004207
2025-12-03 00:56:21,777 [DEBUG] mouse_event_mapper.detect(): thumb-middle distances: current=0.38851046887404633, past=0.4002090471326735
2025-12-03 00:56:21,777 [DEBUG] mouse_event_mapper.update(): detected mouse event: MouseEvent.MOVE
2025-12-03 00:56:21,777 [DEBUG] controller._on_landmark_update(): Mouse event deteced: MOVE
2025-12-03 00:56:21,798 [DEBUG] camera.run(): Captured frame at timestamp: 8122
2025-12-03 00:56:21,809 [DEBUG] landmarker.update(): velocity=0.2893564918109968
2025-12-03 00:56:21,810 [DEBUG] pointer_mapper.update(): std=0.011474340010598072, velocity=0.02379225080646125
2025-12-03 00:56:21,810 [DEBUG] controller._on_landmark_update(): Pointer mapped to screen position: (682, 932)
2025-12-03 00:56:21,810 [DEBUG] mouse_event_mapper.detect(): thumb-index distances: current=0.19226636277646655, past=0.2077113573772709
2025-12-03 00:56:21,810 [DEBUG] mouse_event_mapper.detect(): thumb-middle distances: current=0.3837924562677826, past=0.3962741139396733
2025-12-03 00:56:21,810 [DEBUG] mouse_event_mapper.update(): detected mouse event: MouseEvent.MOVE
2025-12-03 00:56:21,810 [DEBUG] controller._on_landmark_update(): Mouse event deteced: MOVE
2025-12-03 00:56:21,832 [DEBUG] camera.run(): Captured frame at timestamp: 8156
2025-12-03 00:56:21,843 [DEBUG] landmarker.update(): velocity=0.2748382655063855
2025-12-03 00:56:21,844 [DEBUG] pointer_mapper.update(): std=0.010480031274261767, velocity=0.021859228428439015
2025-12-03 00:56:21,844 [DEBUG] controller._on_landmark_update(): Pointer mapped to screen position: (696, 942)
2025-12-03 00:56:21,844 [DEBUG] mouse_event_mapper.detect(): thumb-index distances: current=0.18524748106163025, past=0.20330001764237213
2025-12-03 00:56:21,844 [DEBUG] mouse_event_mapper.detect(): thumb-middle distances: current=0.3775275588323825, past=0.3926260249658571
2025-12-03 00:56:21,844 [DEBUG] mouse_event_mapper.update(): detected mouse event: MouseEvent.MOVE
2025-12-03 00:56:21,844 [DEBUG] controller._on_landmark_update(): Mouse event deteced: MOVE
2025-12-03 00:56:21,865 [DEBUG] camera.run(): Captured frame at timestamp: 8188
2025-12-03 00:56:21,875 [DEBUG] landmarker.update(): velocity=0.2567135665294468
2025-12-03 00:56:21,876 [DEBUG] pointer_mapper.update(): std=0.0095359331477826, velocity=0.020969906124290685
2025-12-03 00:56:21,876 [DEBUG] controller._on_landmark_update(): Pointer mapped to screen position: (711, 950)
2025-12-03 00:56:21,876 [DEBUG] mouse_event_mapper.detect(): thumb-index distances: current=0.17688747886551323, past=0.1981144300122242
2025-12-03 00:56:21,876 [DEBUG] mouse_event_mapper.detect(): thumb-middle distances: current=0.36908390713738554, past=0.38851046887404633
2025-12-03 00:56:21,876 [DEBUG] mouse_event_mapper.update(): detected mouse event: MouseEvent.MOVE
2025-12-03 00:56:21,876 [DEBUG] controller._on_landmark_update(): Mouse event deteced: MOVE
2025-12-03 00:56:21,900 [DEBUG] camera.run(): Captured frame at timestamp: 8223
2025-12-03 00:56:21,910 [DEBUG] landmarker.update(): velocity=0.23584534766595766
2025-12-03 00:56:21,911 [DEBUG] pointer_mapper.update(): std=0.008374420980388987, velocity=0.01954716567189921
2025-12-03 00:56:21,911 [DEBUG] controller._on_landmark_update(): Pointer mapped to screen position: (726, 956)
2025-12-03 00:56:21,911 [DEBUG] mouse_event_mapper.detect(): thumb-index distances: current=0.16656729675258827, past=0.19226636277646655
2025-12-03 00:56:21,911 [DEBUG] mouse_event_mapper.detect(): thumb-middle distances: current=0.35852619095427296, past=0.3837924562677826
2025-12-03 00:56:21,911 [DEBUG] mouse_event_mapper.update(): detected mouse event: MouseEvent.MOVE
2025-12-03 00:56:21,911 [DEBUG] controller._on_landmark_update(): Mouse event deteced: MOVE
2025-12-03 00:56:21,931 [DEBUG] camera.run(): Captured frame at timestamp: 8255
2025-12-03 00:56:21,942 [DEBUG] landmarker.update(): velocity=0.2248847521059592
2025-12-03 00:56:21,943 [DEBUG] pointer_mapper.update(): std=0.007300292429422851, velocity=0.01784042466289394
2025-12-03 00:56:21,943 [DEBUG] controller._on_landmark_update(): Pointer mapped to screen position: (742, 961)
2025-12-03 00:56:21,943 [DEBUG] mouse_event_mapper.detect(): thumb-index distances: current=0.15322181192862003, past=0.18524748106163025
2025-12-03 00:56:21,943 [DEBUG] mouse_event_mapper.detect(): thumb-middle distances: current=0.3462511751829413, past=0.3775275588323825
2025-12-03 00:56:21,943 [DEBUG] mouse_event_mapper.update(): detected mouse event: MouseEvent.MOVE
2025-12-03 00:56:21,943 [DEBUG] controller._on_landmark_update(): Mouse event deteced: MOVE
2025-12-03 00:56:21,965 [DEBUG] camera.run(): Captured frame at timestamp: 8288
2025-12-03 00:56:21,976 [DEBUG] landmarker.update(): velocity=0.22063595432470415
2025-12-03 00:56:21,976 [DEBUG] pointer_mapper.update(): std=0.005810101135055926, velocity=0.015847526961668135
2025-12-03 00:56:21,976 [DEBUG] controller._on_landmark_update(): Pointer mapped to screen position: (759, 965)
2025-12-03 00:56:21,976 [DEBUG] mouse_event_mapper.detect(): thumb-index distances: current=0.13538985477005344, past=0.17688747886551323
2025-12-03 00:56:21,976 [DEBUG] mouse_event_mapper.detect(): thumb-middle distances: current=0.33409659063420105, past=0.36908390713738554
2025-12-03 00:56:21,976 [DEBUG] mouse_event_mapper.update(): detected mouse event: MouseEvent.MOVE
2025-12-03 00:56:21,977 [DEBUG] controller._on_landmark_update(): Mouse event deteced: MOVE
2025-12-03 00:56:21,998 [DEBUG] camera.run(): Captured frame at timestamp: 8322
2025-12-03 00:56:22,010 [DEBUG] landmarker.update(): velocity=0.18311822316357457
2025-12-03 00:56:22,010 [DEBUG] pointer_mapper.update(): std=0.005008668098265706, velocity=0.014115725872484716
2025-12-03 00:56:22,010 [DEBUG] controller._on_landmark_update(): Pointer mapped to screen position: (777, 969)
2025-12-03 00:56:22,010 [DEBUG] mouse_event_mapper.detect(): thumb-index distances: current=0.11338680495682074, past=0.16656729675258827
2025-12-03 00:56:22,010 [DEBUG] mouse_event_mapper.detect(): thumb-middle distances: current=0.3223196412096707, past=0.35852619095427296
2025-12-03 00:56:22,010 [DEBUG] mouse_event_mapper.update(): detected mouse event: MouseEvent.MOVE
2025-12-03 00:56:22,010 [DEBUG] controller._on_landmark_update(): Mouse event deteced: MOVE
2025-12-03 00:56:22,032 [DEBUG] camera.run(): Captured frame at timestamp: 8356
2025-12-03 00:56:22,043 [DEBUG] landmarker.update(): velocity=0.15350095319608206
2025-12-03 00:56:22,044 [DEBUG] pointer_mapper.update(): std=0.005212564655967877, velocity=0.012769697070149988
2025-12-03 00:56:22,044 [DEBUG] controller._on_landmark_update(): Pointer mapped to screen position: (797, 971)
2025-12-03 00:56:22,044 [DEBUG] mouse_event_mapper.detect(): thumb-index distances: current=0.09083750431810271, past=0.15322181192862003
2025-12-03 00:56:22,044 [DEBUG] mouse_event_mapper.detect(): thumb-middle distances: current=0.31324045867682043, past=0.3462511751829413
2025-12-03 00:56:22,044 [DEBUG] mouse_event_mapper.update(): detected mouse event: MouseEvent.MOVE
2025-12-03 00:56:22,044 [DEBUG] controller._on_landmark_update(): Mouse event deteced: MOVE
2025-12-03 00:56:22,064 [DEBUG] camera.run(): Captured frame at timestamp: 8388
2025-12-03 00:56:22,075 [DEBUG] landmarker.update(): velocity=0.14414082558022376
2025-12-03 00:56:22,076 [DEBUG] pointer_mapper.update(): std=0.005580876357812198, velocity=0.011436225115610236
2025-12-03 00:56:22,076 [DEBUG] controller._on_landmark_update(): Pointer mapped to screen position: (819, 973)
2025-12-03 00:56:22,076 [DEBUG] mouse_event_mapper.detect(): thumb-index distances: current=0.07116524513383289, past=0.13538985477005344
2025-12-03 00:56:22,076 [DEBUG] mouse_event_mapper.detect(): thumb-middle distances: current=0.30622200225908225, past=0.33409659063420105
2025-12-03 00:56:22,076 [ERROR] mouse_event_mapper.detect(): left press detected
2025-12-03 00:56:22,076 [DEBUG] mouse_event_mapper.update(): detected mouse event: MouseEvent.LEFT_PRESS
2025-12-03 00:56:22,076 [DEBUG] controller._on_landmark_update(): Mouse event deteced: MOVE
2025-12-03 00:56:22,095 [DEBUG] camera.run(): Captured frame at timestamp: 8419
2025-12-03 00:56:22,106 [DEBUG] landmarker.update(): velocity=0.14478808939081836
2025-12-03 00:56:22,107 [DEBUG] pointer_mapper.update(): std=0.004965120153623058, velocity=0.010422979125398971
2025-12-03 00:56:22,107 [DEBUG] controller._on_landmark_update(): Pointer mapped to screen position: (840, 975)
2025-12-03 00:56:22,107 [DEBUG] mouse_event_mapper.detect(): thumb-index distances: current=0.05637437889115284, past=0.11338680495682074
2025-12-03 00:56:22,107 [DEBUG] mouse_event_mapper.detect(): thumb-middle distances: current=0.30216720092420185, past=0.3223196412096707
2025-12-03 00:56:22,107 [ERROR] mouse_event_mapper.detect(): left press detected
2025-12-03 00:56:22,107 [DEBUG] mouse_event_mapper.update(): detected mouse event: MouseEvent.LEFT_PRESS
2025-12-03 00:56:22,107 [DEBUG] controller._on_landmark_update(): Mouse event deteced: MOVE
2025-12-03 00:56:22,126 [DEBUG] camera.run(): Captured frame at timestamp: 8449
2025-12-03 00:56:22,136 [DEBUG] landmarker.update(): velocity=0.16141835885872066
2025-12-03 00:56:22,137 [DEBUG] pointer_mapper.update(): std=0.004200747320665789, velocity=0.010385103281504167
2025-12-03 00:56:22,137 [DEBUG] controller._on_landmark_update(): Pointer mapped to screen position: (861, 976)
2025-12-03 00:56:22,138 [DEBUG] mouse_event_mapper.detect(): thumb-index distances: current=0.046564511782915395, past=0.09083750431810271
2025-12-03 00:56:22,138 [DEBUG] mouse_event_mapper.detect(): thumb-middle distances: current=0.3008851917732844, past=0.31324045867682043
2025-12-03 00:56:22,138 [ERROR] mouse_event_mapper.detect(): left press detected
2025-12-03 00:56:22,138 [DEBUG] mouse_event_mapper.update(): detected mouse event: MouseEvent.LEFT_PRESS
2025-12-03 00:56:22,138 [DEBUG] controller._on_landmark_update(): Mouse event deteced: MOVE
2025-12-03 00:56:22,160 [DEBUG] camera.run(): Captured frame at timestamp: 8484
2025-12-03 00:56:22,171 [DEBUG] landmarker.update(): velocity=0.1641008528486578
2025-12-03 00:56:22,172 [DEBUG] pointer_mapper.update(): std=0.004416556749350829, velocity=0.010371202704955717
2025-12-03 00:56:22,172 [DEBUG] controller._on_landmark_update(): Pointer mapped to screen position: (881, 977)
2025-12-03 00:56:22,172 [DEBUG] mouse_event_mapper.detect(): thumb-index distances: current=0.04028426877988191, past=0.07116524513383289
2025-12-03 00:56:22,172 [DEBUG] mouse_event_mapper.detect(): thumb-middle distances: current=0.3016968067333903, past=0.30622200225908225
2025-12-03 00:56:22,172 [DEBUG] mouse_event_mapper.update(): detected mouse event: MouseEvent.MOVE
2025-12-03 00:56:22,172 [DEBUG] controller._on_landmark_update(): Mouse event deteced: LEFT_PRESS
2025-12-03 00:56:22,194 [DEBUG] camera.run(): Captured frame at timestamp: 8518
2025-12-03 00:56:22,205 [DEBUG] landmarker.update(): velocity=0.15255415598785846
2025-12-03 00:56:22,205 [DEBUG] pointer_mapper.update(): std=0.005360276529116294, velocity=0.0104383061559315
2025-12-03 00:56:22,205 [DEBUG] controller._on_landmark_update(): Pointer mapped to screen position: (901, 978)
2025-12-03 00:56:22,205 [DEBUG] mouse_event_mapper.detect(): thumb-index distances: current=0.03620793065310965, past=0.05637437889115284
2025-12-03 00:56:22,206 [DEBUG] mouse_event_mapper.detect(): thumb-middle distances: current=0.30336427511769365, past=0.30216720092420185
2025-12-03 00:56:22,206 [DEBUG] mouse_event_mapper.update(): detected mouse event: MouseEvent.MOVE
2025-12-03 00:56:22,206 [DEBUG] controller._on_landmark_update(): Mouse event deteced: MOVE
2025-12-03 00:56:22,228 [DEBUG] camera.run(): Captured frame at timestamp: 8551
2025-12-03 00:56:22,238 [DEBUG] landmarker.update(): velocity=0.13090880346434083
2025-12-03 00:56:22,239 [DEBUG] pointer_mapper.update(): std=0.005432804359832478, velocity=0.009798052633904122
2025-12-03 00:56:22,239 [DEBUG] controller._on_landmark_update(): Pointer mapped to screen position: (921, 979)
2025-12-03 00:56:22,239 [DEBUG] mouse_event_mapper.detect(): thumb-index distances: current=0.032879183307133325, past=0.046564511782915395
2025-12-03 00:56:22,239 [DEBUG] mouse_event_mapper.detect(): thumb-middle distances: current=0.3047806829616657, past=0.3008851917732844
2025-12-03 00:56:22,239 [DEBUG] mouse_event_mapper.update(): detected mouse event: MouseEvent.MOVE
2025-12-03 00:56:22,239 [DEBUG] controller._on_landmark_update(): Mouse event deteced: MOVE
2025-12-03 00:56:22,260 [DEBUG] camera.run(): Captured frame at timestamp: 8584
2025-12-03 00:56:22,271 [DEBUG] landmarker.update(): velocity=0.11042215072672042
2025-12-03 00:56:22,271 [DEBUG] pointer_mapper.update(): std=0.004963526716934531, velocity=0.009085341484686866
2025-12-03 00:56:22,272 [DEBUG] controller._on_landmark_update(): Pointer mapped to screen position: (939, 979)
2025-12-03 00:56:22,272 [DEBUG] mouse_event_mapper.detect(): thumb-index distances: current=0.030534452101480047, past=0.04028426877988191
2025-12-03 00:56:22,272 [DEBUG] mouse_event_mapper.detect(): thumb-middle distances: current=0.3062289949110922, past=0.3016968067333903
2025-12-03 00:56:22,272 [DEBUG] mouse_event_mapper.update(): detected mouse event: MouseEvent.MOVE
2025-12-03 00:56:22,272 [DEBUG] controller._on_landmark_update(): Mouse event deteced: MOVE
2025-12-03 00:56:22,295 [DEBUG] camera.run(): Captured frame at timestamp: 8618
2025-12-03 00:56:22,305 [DEBUG] landmarker.update(): velocity=0.08846669095113635
2025-12-03 00:56:22,306 [DEBUG] pointer_mapper.update(): std=0.0040836482725730115, velocity=0.007824681158541498
2025-12-03 00:56:22,306 [DEBUG] controller._on_landmark_update(): Pointer mapped to screen position: (957, 980)
2025-12-03 00:56:22,306 [DEBUG] mouse_event_mapper.detect(): thumb-index distances: current=0.02897857731205797, past=0.03620793065310965
2025-12-03 00:56:22,306 [DEBUG] mouse_event_mapper.detect(): thumb-middle distances: current=0.3077135041900168, past=0.30336427511769365
2025-12-03 00:56:22,306 [DEBUG] mouse_event_mapper.update(): detected mouse event: MouseEvent.MOVE
2025-12-03 00:56:22,306 [DEBUG] controller._on_landmark_update(): Mouse event deteced: MOVE
2025-12-03 00:56:22,328 [DEBUG] camera.run(): Captured frame at timestamp: 8651
2025-12-03 00:56:22,339 [DEBUG] landmarker.update(): velocity=0.0773492607659348
2025-12-03 00:56:22,339 [DEBUG] pointer_mapper.update(): std=0.0030706664033502197, velocity=0.0065788245445207415
2025-12-03 00:56:22,339 [DEBUG] controller._on_landmark_update(): Pointer mapped to screen position: (974, 980)
2025-12-03 00:56:22,339 [DEBUG] mouse_event_mapper.detect(): thumb-index distances: current=0.028588818239276514, past=0.032879183307133325
2025-12-03 00:56:22,339 [DEBUG] mouse_event_mapper.detect(): thumb-middle distances: current=0.30888237522689915, past=0.3047806829616657
2025-12-03 00:56:22,339 [DEBUG] mouse_event_mapper.update(): detected mouse event: MouseEvent.MOVE
2025-12-03 00:56:22,339 [DEBUG] controller._on_landmark_update(): Mouse event deteced: MOVE
2025-12-03 00:56:22,362 [DEBUG] camera.run(): Captured frame at timestamp: 8685
2025-12-03 00:56:22,373 [DEBUG] landmarker.update(): velocity=0.10205360681420847
2025-12-03 00:56:22,373 [DEBUG] pointer_mapper.update(): std=0.002532058219132172, velocity=0.006408510235202613
2025-12-03 00:56:22,373 [DEBUG] controller._on_landmark_update(): Pointer mapped to screen position: (989, 980)
2025-12-03 00:56:22,373 [DEBUG] mouse_event_mapper.detect(): thumb-index distances: current=0.03174264129987304, past=0.030534452101480047
2025-12-03 00:56:22,373 [DEBUG] mouse_event_mapper.detect(): thumb-middle distances: current=0.30972929498568486, past=0.3062289949110922
2025-12-03 00:56:22,373 [DEBUG] mouse_event_mapper.update(): detected mouse event: MouseEvent.MOVE
2025-12-03 00:56:22,373 [DEBUG] controller._on_landmark_update(): Mouse event deteced: MOVE
2025-12-03 00:56:22,395 [DEBUG] camera.run(): Captured frame at timestamp: 8719
2025-12-03 00:56:22,406 [DEBUG] landmarker.update(): velocity=0.11372004095976344
2025-12-03 00:56:22,407 [DEBUG] pointer_mapper.update(): std=0.0026285885353139323, velocity=0.005790592961665805
2025-12-03 00:56:22,407 [DEBUG] controller._on_landmark_update(): Pointer mapped to screen position: (1006, 981)
2025-12-03 00:56:22,407 [DEBUG] mouse_event_mapper.detect(): thumb-index distances: current=0.04019227059323872, past=0.02897857731205797
2025-12-03 00:56:22,407 [DEBUG] mouse_event_mapper.detect(): thumb-middle distances: current=0.31138358672958516, past=0.3077135041900168
2025-12-03 00:56:22,407 [DEBUG] mouse_event_mapper.update(): detected mouse event: MouseEvent.MOVE
2025-12-03 00:56:22,407 [DEBUG] controller._on_landmark_update(): Mouse event deteced: MOVE
2025-12-03 00:56:22,429 [DEBUG] camera.run(): Captured frame at timestamp: 8752
2025-12-03 00:56:22,440 [DEBUG] landmarker.update(): velocity=0.11591257240827395
2025-12-03 00:56:22,440 [DEBUG] pointer_mapper.update(): std=0.002622892219649106, velocity=0.0051371657360333505
2025-12-03 00:56:22,440 [DEBUG] controller._on_landmark_update(): Pointer mapped to screen position: (1023, 981)
2025-12-03 00:56:22,441 [DEBUG] mouse_event_mapper.detect(): thumb-index distances: current=0.053356384798895005, past=0.028588818239276514
2025-12-03 00:56:22,441 [DEBUG] mouse_event_mapper.detect(): thumb-middle distances: current=0.3143562491552092, past=0.30888237522689915
2025-12-03 00:56:22,441 [DEBUG] mouse_event_mapper.update(): detected mouse event: MouseEvent.MOVE
2025-12-03 00:56:22,441 [DEBUG] controller._on_landmark_update(): Mouse event deteced: MOVE
2025-12-03 00:56:22,464 [DEBUG] camera.run(): Captured frame at timestamp: 8788
2025-12-03 00:56:22,475 [DEBUG] landmarker.update(): velocity=0.11601477624256591
2025-12-03 00:56:22,476 [DEBUG] pointer_mapper.update(): std=0.002482365306322458, velocity=0.004980282520481964
2025-12-03 00:56:22,476 [DEBUG] controller._on_landmark_update(): Pointer mapped to screen position: (1040, 981)
2025-12-03 00:56:22,476 [DEBUG] mouse_event_mapper.detect(): thumb-index distances: current=0.06912087442979041, past=0.03174264129987304
2025-12-03 00:56:22,476 [DEBUG] mouse_event_mapper.detect(): thumb-middle distances: current=0.3195691273395062, past=0.30972929498568486
2025-12-03 00:56:22,476 [DEBUG] mouse_event_mapper.update(): detected mouse event: MouseEvent.MOVE
2025-12-03 00:56:22,476 [DEBUG] controller._on_landmark_update(): Mouse event deteced: MOVE
2025-12-03 00:56:22,499 [DEBUG] camera.run(): Captured frame at timestamp: 8822
2025-12-03 00:56:22,510 [DEBUG] landmarker.update(): velocity=0.1129235299454754
2025-12-03 00:56:22,510 [DEBUG] pointer_mapper.update(): std=0.0024725766037405218, velocity=0.005071841827111474
2025-12-03 00:56:22,510 [DEBUG] controller._on_landmark_update(): Pointer mapped to screen position: (1057, 981)
2025-12-03 00:56:22,510 [DEBUG] mouse_event_mapper.detect(): thumb-index distances: current=0.08573412262429685, past=0.04019227059323872
2025-12-03 00:56:22,510 [DEBUG] mouse_event_mapper.detect(): thumb-middle distances: current=0.3259957520101789, past=0.31138358672958516
2025-12-03 00:56:22,510 [ERROR] mouse_event_mapper.detect(): left release detected
2025-12-03 00:56:22,510 [DEBUG] mouse_event_mapper.update(): detected mouse event: MouseEvent.LEFT_RELEASE
2025-12-03 00:56:22,511 [DEBUG] controller._on_landmark_update(): Mouse event deteced: MOVE
2025-12-03 00:56:22,530 [DEBUG] camera.run(): Captured frame at timestamp: 8853
2025-12-03 00:56:22,545 [DEBUG] landmarker.update(): velocity=0.10904396884463603
2025-12-03 00:56:22,546 [DEBUG] pointer_mapper.update(): std=0.0024973885233519283, velocity=0.005172615856258485
2025-12-03 00:56:22,546 [DEBUG] controller._on_landmark_update(): Pointer mapped to screen position: (1074, 981)
2025-12-03 00:56:22,546 [DEBUG] mouse_event_mapper.detect(): thumb-index distances: current=0.10263068725672252, past=0.053356384798895005
2025-12-03 00:56:22,546 [DEBUG] mouse_event_mapper.detect(): thumb-middle distances: current=0.33344658123137244, past=0.3143562491552092
2025-12-03 00:56:22,546 [ERROR] mouse_event_mapper.detect(): left release detected
2025-12-03 00:56:22,546 [DEBUG] mouse_event_mapper.update(): detected mouse event: MouseEvent.LEFT_RELEASE
2025-12-03 00:56:22,546 [DEBUG] controller._on_landmark_update(): Mouse event deteced: MOVE
2025-12-03 00:56:22,560 [DEBUG] camera.run(): Captured frame at timestamp: 8883
2025-12-03 00:56:22,570 [DEBUG] landmarker.update(): velocity=0.11140504487422132
2025-12-03 00:56:22,570 [DEBUG] pointer_mapper.update(): std=0.002605006705898038, velocity=0.005778962933872724
2025-12-03 00:56:22,570 [DEBUG] controller._on_landmark_update(): Pointer mapped to screen position: (1090, 981)
2025-12-03 00:56:22,570 [DEBUG] mouse_event_mapper.detect(): thumb-index distances: current=0.11905150377589419, past=0.06912087442979041
2025-12-03 00:56:22,570 [DEBUG] mouse_event_mapper.detect(): thumb-middle distances: current=0.3408939280228063, past=0.3195691273395062
2025-12-03 00:56:22,570 [ERROR] mouse_event_mapper.detect(): left release detected
2025-12-03 00:56:22,570 [DEBUG] mouse_event_mapper.update(): detected mouse event: MouseEvent.LEFT_RELEASE
2025-12-03 00:56:22,570 [DEBUG] controller._on_landmark_update(): Mouse event deteced: MOVE
2025-12-03 00:56:22,595 [DEBUG] camera.run(): Captured frame at timestamp: 8919
2025-12-03 00:56:22,606 [DEBUG] landmarker.update(): velocity=0.11237556198333383
2025-12-03 00:56:22,606 [DEBUG] pointer_mapper.update(): std=0.0027425736654182204, velocity=0.006568745891850225
2025-12-03 00:56:22,607 [DEBUG] controller._on_landmark_update(): Pointer mapped to screen position: (1105, 981)
2025-12-03 00:56:22,607 [DEBUG] mouse_event_mapper.detect(): thumb-index distances: current=0.134364478196198, past=0.08573412262429685
2025-12-03 00:56:22,607 [DEBUG] mouse_event_mapper.detect(): thumb-middle distances: current=0.3482589903818442, past=0.3259957520101789
2025-12-03 00:56:22,607 [DEBUG] mouse_event_mapper.update(): detected mouse event: MouseEvent.MOVE
2025-12-03 00:56:22,607 [DEBUG] controller._on_landmark_update(): Mouse event deteced: LEFT_RELEASE
2025-12-03 00:56:22,629 [DEBUG] camera.run(): Captured frame at timestamp: 8953
2025-12-03 00:56:22,640 [DEBUG] landmarker.update(): velocity=0.11275058402770857
2025-12-03 00:56:22,640 [DEBUG] pointer_mapper.update(): std=0.0030401449490966414, velocity=0.0076406186897106055
2025-12-03 00:56:22,640 [DEBUG] controller._on_landmark_update(): Pointer mapped to screen position: (1121, 981)
2025-12-03 00:56:22,640 [DEBUG] mouse_event_mapper.detect(): thumb-index distances: current=0.14843571879842352, past=0.10263068725672252
2025-12-03 00:56:22,640 [DEBUG] mouse_event_mapper.detect(): thumb-middle distances: current=0.3554686777039296, past=0.33344658123137244
2025-12-03 00:56:22,640 [DEBUG] mouse_event_mapper.update(): detected mouse event: MouseEvent.MOVE
2025-12-03 00:56:22,640 [DEBUG] controller._on_landmark_update(): Mouse event deteced: MOVE
2025-12-03 00:56:22,664 [DEBUG] camera.run(): Captured frame at timestamp: 8987
2025-12-03 00:56:22,674 [DEBUG] landmarker.update(): velocity=0.10660235816096908
2025-12-03 00:56:22,675 [DEBUG] pointer_mapper.update(): std=0.003470025675068346, velocity=0.008897325342234336
2025-12-03 00:56:22,675 [DEBUG] controller._on_landmark_update(): Pointer mapped to screen position: (1137, 981)
2025-12-03 00:56:22,675 [DEBUG] mouse_event_mapper.detect(): thumb-index distances: current=0.16081608219110696, past=0.11905150377589419
2025-12-03 00:56:22,675 [DEBUG] mouse_event_mapper.detect(): thumb-middle distances: current=0.36238003371218586, past=0.3408939280228063
2025-12-03 00:56:22,675 [DEBUG] mouse_event_mapper.update(): detected mouse event: MouseEvent.MOVE
2025-12-03 00:56:22,675 [DEBUG] controller._on_landmark_update(): Mouse event deteced: MOVE
2025-12-03 00:56:22,697 [DEBUG] camera.run(): Captured frame at timestamp: 9020
2025-12-03 00:56:22,708 [DEBUG] landmarker.update(): velocity=0.10774707350159168
2025-12-03 00:56:22,708 [DEBUG] pointer_mapper.update(): std=0.004324207850964993, velocity=0.010681171307020867
2025-12-03 00:56:22,708 [DEBUG] controller._on_landmark_update(): Pointer mapped to screen position: (1154, 981)
2025-12-03 00:56:22,708 [DEBUG] mouse_event_mapper.detect(): thumb-index distances: current=0.1711905557208406, past=0.134364478196198
2025-12-03 00:56:22,708 [DEBUG] mouse_event_mapper.detect(): thumb-middle distances: current=0.3685900085924798, past=0.3482589903818442
2025-12-03 00:56:22,708 [DEBUG] mouse_event_mapper.update(): detected mouse event: MouseEvent.MOVE
2025-12-03 00:56:22,708 [DEBUG] controller._on_landmark_update(): Mouse event deteced: MOVE
2025-12-03 00:56:22,731 [DEBUG] camera.run(): Captured frame at timestamp: 9055
2025-12-03 00:56:22,742 [DEBUG] landmarker.update(): velocity=0.12633057341238146
2025-12-03 00:56:22,742 [DEBUG] pointer_mapper.update(): std=0.005621856530380341, velocity=0.013211597551674458
2025-12-03 00:56:22,742 [DEBUG] controller._on_landmark_update(): Pointer mapped to screen position: (1170, 981)
2025-12-03 00:56:22,742 [DEBUG] mouse_event_mapper.detect(): thumb-index distances: current=0.17932198961845183, past=0.14843571879842352
2025-12-03 00:56:22,742 [DEBUG] mouse_event_mapper.detect(): thumb-middle distances: current=0.37341372854540666, past=0.3554686777039296
2025-12-03 00:56:22,742 [DEBUG] mouse_event_mapper.update(): detected mouse event: MouseEvent.MOVE
2025-12-03 00:56:22,742 [DEBUG] controller._on_landmark_update(): Mouse event deteced: MOVE
2025-12-03 00:56:22,765 [DEBUG] camera.run(): Captured frame at timestamp: 9088
2025-12-03 00:56:22,775 [DEBUG] landmarker.update(): velocity=0.14948123143091396
2025-12-03 00:56:22,776 [DEBUG] pointer_mapper.update(): std=0.006787848756577571, velocity=0.0155103588990716
2025-12-03 00:56:22,776 [DEBUG] controller._on_landmark_update(): Pointer mapped to screen position: (1186, 981)
2025-12-03 00:56:22,776 [DEBUG] mouse_event_mapper.detect(): thumb-index distances: current=0.18518582212738552, past=0.16081608219110696
2025-12-03 00:56:22,776 [DEBUG] mouse_event_mapper.detect(): thumb-middle distances: current=0.3764373302526162, past=0.36238003371218586
2025-12-03 00:56:22,776 [DEBUG] mouse_event_mapper.update(): detected mouse event: MouseEvent.MOVE
2025-12-03 00:56:22,776 [DEBUG] controller._on_landmark_update(): Mouse event deteced: MOVE
2025-12-03 00:56:22,798 [DEBUG] camera.run(): Captured frame at timestamp: 9122
2025-12-03 00:56:22,809 [DEBUG] landmarker.update(): velocity=0.16203207956455884
2025-12-03 00:56:22,810 [DEBUG] pointer_mapper.update(): std=0.007160316661136815, velocity=0.016714642324178547
2025-12-03 00:56:22,810 [DEBUG] controller._on_landmark_update(): Pointer mapped to screen position: (1202, 981)
2025-12-03 00:56:22,810 [DEBUG] mouse_event_mapper.detect(): thumb-index distances: current=0.18902608633337722, past=0.1711905557208406
2025-12-03 00:56:22,810 [DEBUG] mouse_event_mapper.detect(): thumb-middle distances: current=0.37786737459798325, past=0.3685900085924798
2025-12-03 00:56:22,810 [DEBUG] mouse_event_mapper.update(): detected mouse event: MouseEvent.MOVE
2025-12-03 00:56:22,810 [DEBUG] controller._on_landmark_update(): Mouse event deteced: MOVE
2025-12-03 00:56:22,832 [DEBUG] camera.run(): Captured frame at timestamp: 9155
2025-12-03 00:56:22,843 [DEBUG] landmarker.update(): velocity=0.15320379337865783
2025-12-03 00:56:22,843 [DEBUG] pointer_mapper.update(): std=0.00661911618849908, velocity=0.01593274451991902
2025-12-03 00:56:22,843 [DEBUG] controller._on_landmark_update(): Pointer mapped to screen position: (1216, 981)
2025-12-03 00:56:22,843 [DEBUG] mouse_event_mapper.detect(): thumb-index distances: current=0.19079132520498654, past=0.17932198961845183
2025-12-03 00:56:22,843 [DEBUG] mouse_event_mapper.detect(): thumb-middle distances: current=0.378008137208733, past=0.37341372854540666
2025-12-03 00:56:22,843 [DEBUG] mouse_event_mapper.update(): detected mouse event: MouseEvent.MOVE
2025-12-03 00:56:22,843 [DEBUG] controller._on_landmark_update(): Mouse event deteced: MOVE
2025-12-03 00:56:22,865 [DEBUG] camera.run(): Captured frame at timestamp: 9189
2025-12-03 00:56:22,876 [DEBUG] landmarker.update(): velocity=0.11792017826272919
2025-12-03 00:56:22,877 [DEBUG] pointer_mapper.update(): std=0.006397347636069402, velocity=0.014673970659759413
2025-12-03 00:56:22,877 [DEBUG] controller._on_landmark_update(): Pointer mapped to screen position: (1230, 981)
2025-12-03 00:56:22,877 [DEBUG] mouse_event_mapper.detect(): thumb-index distances: current=0.19124728000960378, past=0.18518582212738552
2025-12-03 00:56:22,877 [DEBUG] mouse_event_mapper.detect(): thumb-middle distances: current=0.37750063216799945, past=0.3764373302526162
2025-12-03 00:56:22,877 [DEBUG] mouse_event_mapper.update(): detected mouse event: MouseEvent.MOVE
2025-12-03 00:56:22,877 [DEBUG] controller._on_landmark_update(): Mouse event deteced: MOVE
2025-12-03 00:56:22,898 [DEBUG] camera.run(): Captured frame at timestamp: 9222
2025-12-03 00:56:22,909 [DEBUG] landmarker.update(): velocity=0.08222015757698284
2025-12-03 00:56:22,910 [DEBUG] pointer_mapper.update(): std=0.005597426228879063, velocity=0.012558091276526321
2025-12-03 00:56:22,910 [DEBUG] controller._on_landmark_update(): Pointer mapped to screen position: (1243, 981)
2025-12-03 00:56:22,910 [DEBUG] mouse_event_mapper.detect(): thumb-index distances: current=0.19057943014029224, past=0.18902608633337722
2025-12-03 00:56:22,910 [DEBUG] mouse_event_mapper.detect(): thumb-middle distances: current=0.3761284965878273, past=0.37786737459798325
2025-12-03 00:56:22,910 [DEBUG] mouse_event_mapper.update(): detected mouse event: MouseEvent.MOVE
2025-12-03 00:56:22,910 [DEBUG] controller._on_landmark_update(): Mouse event deteced: MOVE
2025-12-03 00:56:22,933 [DEBUG] camera.run(): Captured frame at timestamp: 9256
2025-12-03 00:56:22,944 [DEBUG] landmarker.update(): velocity=0.058012214453588055
2025-12-03 00:56:22,944 [DEBUG] pointer_mapper.update(): std=0.005589426090454726, velocity=0.011042866736645535
2025-12-03 00:56:22,944 [DEBUG] controller._on_landmark_update(): Pointer mapped to screen position: (1255, 981)
2025-12-03 00:56:22,944 [DEBUG] mouse_event_mapper.detect(): thumb-index distances: current=0.1897668976459246, past=0.19079132520498654
2025-12-03 00:56:22,944 [DEBUG] mouse_event_mapper.detect(): thumb-middle distances: current=0.3746741300723279, past=0.378008137208733
2025-12-03 00:56:22,944 [DEBUG] mouse_event_mapper.update(): detected mouse event: MouseEvent.MOVE
2025-12-03 00:56:22,944 [DEBUG] controller._on_landmark_update(): Mouse event deteced: MOVE
2025-12-03 00:56:22,964 [DEBUG] camera.run(): Captured frame at timestamp: 9288
2025-12-03 00:56:22,975 [DEBUG] landmarker.update(): velocity=0.04415555791870393
2025-12-03 00:56:22,975 [DEBUG] pointer_mapper.update(): std=0.005697143109597964, velocity=0.009587848724617551
2025-12-03 00:56:22,975 [DEBUG] controller._on_landmark_update(): Pointer mapped to screen position: (1265, 981)
2025-12-03 00:56:22,975 [DEBUG] mouse_event_mapper.detect(): thumb-index distances: current=0.18861618177359538, past=0.19124728000960378
2025-12-03 00:56:22,975 [DEBUG] mouse_event_mapper.detect(): thumb-middle distances: current=0.3732221697052351, past=0.37750063216799945
2025-12-03 00:56:22,975 [DEBUG] mouse_event_mapper.update(): detected mouse event: MouseEvent.MOVE
2025-12-03 00:56:22,976 [DEBUG] controller._on_landmark_update(): Mouse event deteced: MOVE
2025-12-03 00:56:22,999 [DEBUG] camera.run(): Captured frame at timestamp: 9322
2025-12-03 00:56:23,010 [DEBUG] landmarker.update(): velocity=0.040975897437047826
2025-12-03 00:56:23,010 [DEBUG] pointer_mapper.update(): std=0.005762120835047529, velocity=0.008908996221418566
2025-12-03 00:56:23,010 [DEBUG] controller._on_landmark_update(): Pointer mapped to screen position: (1273, 981)
2025-12-03 00:56:23,010 [DEBUG] mouse_event_mapper.detect(): thumb-index distances: current=0.18753380479251988, past=0.19057943014029224
2025-12-03 00:56:23,010 [DEBUG] mouse_event_mapper.detect(): thumb-middle distances: current=0.37233643298573077, past=0.3761284965878273
2025-12-03 00:56:23,010 [DEBUG] mouse_event_mapper.update(): detected mouse event: MouseEvent.MOVE
2025-12-03 00:56:23,010 [DEBUG] controller._on_landmark_update(): Mouse event deteced: MOVE
2025-12-03 00:56:23,031 [DEBUG] camera.run(): Captured frame at timestamp: 9355
2025-12-03 00:56:23,042 [DEBUG] landmarker.update(): velocity=0.045821531832017905
2025-12-03 00:56:23,043 [DEBUG] pointer_mapper.update(): std=0.005655030675107534, velocity=0.00873994046715857
2025-12-03 00:56:23,043 [DEBUG] controller._on_landmark_update(): Pointer mapped to screen position: (1279, 981)
2025-12-03 00:56:23,043 [DEBUG] mouse_event_mapper.detect(): thumb-index distances: current=0.18620306314807075, past=0.1897668976459246
2025-12-03 00:56:23,043 [DEBUG] mouse_event_mapper.detect(): thumb-middle distances: current=0.37183986761939236, past=0.3746741300723279
2025-12-03 00:56:23,043 [DEBUG] mouse_event_mapper.update(): detected mouse event: MouseEvent.MOVE
2025-12-03 00:56:23,043 [DEBUG] controller._on_landmark_update(): Mouse event deteced: MOVE
2025-12-03 00:56:23,065 [DEBUG] camera.run(): Captured frame at timestamp: 9389
2025-12-03 00:56:23,076 [DEBUG] landmarker.update(): velocity=0.0563851908445296
2025-12-03 00:56:23,076 [DEBUG] pointer_mapper.update(): std=0.0056366961041977364, velocity=0.008837587066933687
2025-12-03 00:56:23,076 [DEBUG] controller._on_landmark_update(): Pointer mapped to screen position: (1284, 981)
2025-12-03 00:56:23,077 [DEBUG] mouse_event_mapper.detect(): thumb-index distances: current=0.1847359055394462, past=0.18861618177359538
2025-12-03 00:56:23,077 [DEBUG] mouse_event_mapper.detect(): thumb-middle distances: current=0.3713479052302946, past=0.3732221697052351
2025-12-03 00:56:23,077 [DEBUG] mouse_event_mapper.update(): detected mouse event: MouseEvent.MOVE
2025-12-03 00:56:23,077 [DEBUG] controller._on_landmark_update(): Mouse event deteced: MOVE
2025-12-03 00:56:23,099 [DEBUG] camera.run(): Captured frame at timestamp: 9422
2025-12-03 00:56:23,109 [DEBUG] landmarker.update(): velocity=0.07238602760817053
2025-12-03 00:56:23,110 [DEBUG] pointer_mapper.update(): std=0.005483018711283127, velocity=0.009386376933994018
2025-12-03 00:56:23,110 [DEBUG] controller._on_landmark_update(): Pointer mapped to screen position: (1288, 981)
2025-12-03 00:56:23,110 [DEBUG] mouse_event_mapper.detect(): thumb-index distances: current=0.18247354456686582, past=0.18753380479251988
2025-12-03 00:56:23,110 [DEBUG] mouse_event_mapper.detect(): thumb-middle distances: current=0.3701246042787613, past=0.37233643298573077
2025-12-03 00:56:23,110 [DEBUG] mouse_event_mapper.update(): detected mouse event: MouseEvent.MOVE
2025-12-03 00:56:23,110 [DEBUG] controller._on_landmark_update(): Mouse event deteced: MOVE
2025-12-03 00:56:23,132 [DEBUG] camera.run(): Captured frame at timestamp: 9455
2025-12-03 00:56:23,143 [DEBUG] landmarker.update(): velocity=0.08385787922041185
2025-12-03 00:56:23,143 [DEBUG] pointer_mapper.update(): std=0.005204966073605157, velocity=0.009754131236087336
2025-12-03 00:56:23,143 [DEBUG] controller._on_landmark_update(): Pointer mapped to screen position: (1289, 981)
2025-12-03 00:56:23,143 [DEBUG] mouse_event_mapper.detect(): thumb-index distances: current=0.17859114207726234, past=0.18620306314807075
2025-12-03 00:56:23,143 [DEBUG] mouse_event_mapper.detect(): thumb-middle distances: current=0.36751849140151543, past=0.37183986761939236
2025-12-03 00:56:23,143 [DEBUG] mouse_event_mapper.update(): detected mouse event: MouseEvent.MOVE
2025-12-03 00:56:23,143 [DEBUG] controller._on_landmark_update(): Mouse event deteced: MOVE
2025-12-03 00:56:23,165 [DEBUG] camera.run(): Captured frame at timestamp: 9489
2025-12-03 00:56:23,176 [DEBUG] landmarker.update(): velocity=0.10370093378737266
2025-12-03 00:56:23,176 [DEBUG] pointer_mapper.update(): std=0.00516039946838194, velocity=0.010628191005956866
2025-12-03 00:56:23,177 [DEBUG] controller._on_landmark_update(): Pointer mapped to screen position: (1289, 981)
2025-12-03 00:56:23,177 [DEBUG] mouse_event_mapper.detect(): thumb-index distances: current=0.17258426785380834, past=0.1847359055394462
2025-12-03 00:56:23,177 [DEBUG] mouse_event_mapper.detect(): thumb-middle distances: current=0.3631516510018315, past=0.3713479052302946
2025-12-03 00:56:23,177 [DEBUG] mouse_event_mapper.update(): detected mouse event: MouseEvent.MOVE
2025-12-03 00:56:23,177 [DEBUG] controller._on_landmark_update(): Mouse event deteced: MOVE
2025-12-03 00:56:23,199 [DEBUG] camera.run(): Captured frame at timestamp: 9522
2025-12-03 00:56:23,209 [DEBUG] landmarker.update(): velocity=0.13518380835860208
2025-12-03 00:56:23,210 [DEBUG] pointer_mapper.update(): std=0.005452733397212757, velocity=0.011771031612045355
2025-12-03 00:56:23,210 [DEBUG] controller._on_landmark_update(): Pointer mapped to screen position: (1287, 981)
2025-12-03 00:56:23,210 [DEBUG] mouse_event_mapper.detect(): thumb-index distances: current=0.1629419423046091, past=0.18247354456686582
2025-12-03 00:56:23,210 [DEBUG] mouse_event_mapper.detect(): thumb-middle distances: current=0.3572316800060554, past=0.3701246042787613
2025-12-03 00:56:23,210 [DEBUG] mouse_event_mapper.update(): detected mouse event: MouseEvent.MOVE
2025-12-03 00:56:23,210 [DEBUG] controller._on_landmark_update(): Mouse event deteced: MOVE
2025-12-03 00:56:23,232 [DEBUG] camera.run(): Captured frame at timestamp: 9555
2025-12-03 00:56:23,243 [DEBUG] landmarker.update(): velocity=0.19532473457137298
2025-12-03 00:56:23,243 [DEBUG] pointer_mapper.update(): std=0.006004601893685506, velocity=0.012940095109280915
2025-12-03 00:56:23,243 [DEBUG] controller._on_landmark_update(): Pointer mapped to screen position: (1284, 981)
2025-12-03 00:56:23,243 [DEBUG] mouse_event_mapper.detect(): thumb-index distances: current=0.14749544173372245, past=0.17859114207726234
2025-12-03 00:56:23,243 [DEBUG] mouse_event_mapper.detect(): thumb-middle distances: current=0.34970099598097204, past=0.36751849140151543
2025-12-03 00:56:23,243 [DEBUG] mouse_event_mapper.update(): detected mouse event: MouseEvent.MOVE
2025-12-03 00:56:23,243 [DEBUG] controller._on_landmark_update(): Mouse event deteced: MOVE
2025-12-03 00:56:23,266 [DEBUG] camera.run(): Captured frame at timestamp: 9589
2025-12-03 00:56:23,276 [DEBUG] landmarker.update(): velocity=0.19218751661433373
2025-12-03 00:56:23,277 [DEBUG] pointer_mapper.update(): std=0.0060923182754065355, velocity=0.013033669378318619
2025-12-03 00:56:23,277 [DEBUG] controller._on_landmark_update(): Pointer mapped to screen position: (1281, 981)
2025-12-03 00:56:23,277 [DEBUG] mouse_event_mapper.detect(): thumb-index distances: current=0.1285445767099235, past=0.17258426785380834
2025-12-03 00:56:23,277 [DEBUG] mouse_event_mapper.detect(): thumb-middle distances: current=0.3420326839320129, past=0.3631516510018315
2025-12-03 00:56:23,277 [DEBUG] mouse_event_mapper.update(): detected mouse event: MouseEvent.MOVE
2025-12-03 00:56:23,277 [DEBUG] controller._on_landmark_update(): Mouse event deteced: MOVE
2025-12-03 00:56:23,298 [DEBUG] camera.run(): Captured frame at timestamp: 9622
2025-12-03 00:56:23,309 [DEBUG] landmarker.update(): velocity=0.1747954796940386
2025-12-03 00:56:23,310 [DEBUG] pointer_mapper.update(): std=0.005658915947659376, velocity=0.01306286330226396
2025-12-03 00:56:23,310 [DEBUG] controller._on_landmark_update(): Pointer mapped to screen position: (1279, 981)
2025-12-03 00:56:23,310 [DEBUG] mouse_event_mapper.detect(): thumb-index distances: current=0.11008093842921003, past=0.1629419423046091
2025-12-03 00:56:23,310 [DEBUG] mouse_event_mapper.detect(): thumb-middle distances: current=0.3352584262003692, past=0.3572316800060554
2025-12-03 00:56:23,310 [DEBUG] mouse_event_mapper.update(): detected mouse event: MouseEvent.MOVE
2025-12-03 00:56:23,310 [DEBUG] controller._on_landmark_update(): Mouse event deteced: MOVE
2025-12-03 00:56:23,332 [DEBUG] camera.run(): Captured frame at timestamp: 9656
2025-12-03 00:56:23,343 [DEBUG] landmarker.update(): velocity=0.17841100161681164
2025-12-03 00:56:23,344 [DEBUG] pointer_mapper.update(): std=0.006196103215720222, velocity=0.013988135116595406
2025-12-03 00:56:23,344 [DEBUG] controller._on_landmark_update(): Pointer mapped to screen position: (1276, 981)
2025-12-03 00:56:23,344 [DEBUG] mouse_event_mapper.detect(): thumb-index distances: current=0.09591415399436397, past=0.14749544173372245
2025-12-03 00:56:23,344 [DEBUG] mouse_event_mapper.detect(): thumb-middle distances: current=0.3301258568025518, past=0.34970099598097204
2025-12-03 00:56:23,344 [DEBUG] mouse_event_mapper.update(): detected mouse event: MouseEvent.MOVE
2025-12-03 00:56:23,344 [DEBUG] controller._on_landmark_update(): Mouse event deteced: MOVE
2025-12-03 00:56:23,366 [DEBUG] camera.run(): Captured frame at timestamp: 9689
2025-12-03 00:56:23,377 [DEBUG] landmarker.update(): velocity=0.16744215301216547
2025-12-03 00:56:23,378 [DEBUG] pointer_mapper.update(): std=0.006621485195662027, velocity=0.014094105456316538
2025-12-03 00:56:23,378 [DEBUG] controller._on_landmark_update(): Pointer mapped to screen position: (1275, 981)
2025-12-03 00:56:23,378 [DEBUG] mouse_event_mapper.detect(): thumb-index distances: current=0.08489692377040736, past=0.1285445767099235
2025-12-03 00:56:23,378 [DEBUG] mouse_event_mapper.detect(): thumb-middle distances: current=0.32582861066943486, past=0.3420326839320129
2025-12-03 00:56:23,378 [DEBUG] mouse_event_mapper.update(): detected mouse event: MouseEvent.MOVE
2025-12-03 00:56:23,378 [DEBUG] controller._on_landmark_update(): Mouse event deteced: MOVE
2025-12-03 00:56:23,398 [DEBUG] camera.run(): Captured frame at timestamp: 9722
2025-12-03 00:56:23,409 [DEBUG] landmarker.update(): velocity=0.13748684138378384
2025-12-03 00:56:23,410 [DEBUG] pointer_mapper.update(): std=0.006645352732341481, velocity=0.014017028227617722
2025-12-03 00:56:23,410 [DEBUG] controller._on_landmark_update(): Pointer mapped to screen position: (1273, 981)
2025-12-03 00:56:23,410 [DEBUG] mouse_event_mapper.detect(): thumb-index distances: current=0.07624018814484688, past=0.11008093842921003
2025-12-03 00:56:23,410 [DEBUG] mouse_event_mapper.detect(): thumb-middle distances: current=0.3222130207167581, past=0.3352584262003692
2025-12-03 00:56:23,410 [ERROR] mouse_event_mapper.detect(): left press detected
2025-12-03 00:56:23,410 [DEBUG] mouse_event_mapper.update(): detected mouse event: MouseEvent.LEFT_PRESS
2025-12-03 00:56:23,410 [DEBUG] controller._on_landmark_update(): Mouse event deteced: MOVE
2025-12-03 00:56:23,430 [DEBUG] camera.run(): Captured frame at timestamp: 9754
2025-12-03 00:56:23,442 [DEBUG] landmarker.update(): velocity=0.10916401703251533
2025-12-03 00:56:23,442 [DEBUG] pointer_mapper.update(): std=0.005978326883855339, velocity=0.013141906114937308
2025-12-03 00:56:23,442 [DEBUG] controller._on_landmark_update(): Pointer mapped to screen position: (1271, 981)
2025-12-03 00:56:23,442 [DEBUG] mouse_event_mapper.detect(): thumb-index distances: current=0.06961170443806376, past=0.09591415399436397
2025-12-03 00:56:23,442 [DEBUG] mouse_event_mapper.detect(): thumb-middle distances: current=0.31902910112965194, past=0.3301258568025518
2025-12-03 00:56:23,442 [ERROR] mouse_event_mapper.detect(): left press detected
2025-12-03 00:56:23,442 [DEBUG] mouse_event_mapper.update(): detected mouse event: MouseEvent.LEFT_PRESS
2025-12-03 00:56:23,442 [DEBUG] controller._on_landmark_update(): Mouse event deteced: MOVE
2025-12-03 00:56:23,462 [DEBUG] camera.run(): Captured frame at timestamp: 9786
2025-12-03 00:56:23,473 [DEBUG] landmarker.update(): velocity=0.0756659600885278
2025-12-03 00:56:23,474 [DEBUG] pointer_mapper.update(): std=0.005294803796579276, velocity=0.011213936942039732
2025-12-03 00:56:23,474 [DEBUG] controller._on_landmark_update(): Pointer mapped to screen position: (1269, 981)
2025-12-03 00:56:23,474 [DEBUG] mouse_event_mapper.detect(): thumb-index distances: current=0.06466200367585688, past=0.08489692377040736
2025-12-03 00:56:23,474 [DEBUG] mouse_event_mapper.detect(): thumb-middle distances: current=0.3162341644182383, past=0.32582861066943486
2025-12-03 00:56:23,474 [ERROR] mouse_event_mapper.detect(): left press detected
2025-12-03 00:56:23,474 [DEBUG] mouse_event_mapper.update(): detected mouse event: MouseEvent.LEFT_PRESS
2025-12-03 00:56:23,474 [DEBUG] controller._on_landmark_update(): Mouse event deteced: MOVE
2025-12-03 00:56:23,497 [DEBUG] camera.run(): Captured frame at timestamp: 9820
2025-12-03 00:56:23,508 [DEBUG] landmarker.update(): velocity=0.0500789519928428
2025-12-03 00:56:23,508 [DEBUG] pointer_mapper.update(): std=0.004442992944967294, velocity=0.008999441637503436
2025-12-03 00:56:23,508 [DEBUG] controller._on_landmark_update(): Pointer mapped to screen position: (1268, 981)
2025-12-03 00:56:23,508 [DEBUG] mouse_event_mapper.detect(): thumb-index distances: current=0.06100485405739606, past=0.07624018814484688
2025-12-03 00:56:23,508 [DEBUG] mouse_event_mapper.detect(): thumb-middle distances: current=0.3130763367041944, past=0.3222130207167581
2025-12-03 00:56:23,508 [DEBUG] mouse_event_mapper.update(): detected mouse event: MouseEvent.MOVE
2025-12-03 00:56:23,508 [DEBUG] controller._on_landmark_update(): Mouse event deteced: LEFT_PRESS
2025-12-03 00:56:23,530 [DEBUG] camera.run(): Captured frame at timestamp: 9853
2025-12-03 00:56:23,541 [DEBUG] landmarker.update(): velocity=0.05958530662685271
2025-12-03 00:56:23,541 [DEBUG] pointer_mapper.update(): std=0.003678870203161745, velocity=0.007994040312983668
2025-12-03 00:56:23,541 [DEBUG] controller._on_landmark_update(): Pointer mapped to screen position: (1266, 981)
2025-12-03 00:56:23,541 [DEBUG] mouse_event_mapper.detect(): thumb-index distances: current=0.05892645393713002, past=0.06961170443806376
2025-12-03 00:56:23,541 [DEBUG] mouse_event_mapper.detect(): thumb-middle distances: current=0.3095187835285942, past=0.31902910112965194
2025-12-03 00:56:23,541 [DEBUG] mouse_event_mapper.update(): detected mouse event: MouseEvent.MOVE
2025-12-03 00:56:23,541 [DEBUG] controller._on_landmark_update(): Mouse event deteced: MOVE
2025-12-03 00:56:23,563 [DEBUG] camera.run(): Captured frame at timestamp: 9887
2025-12-03 00:56:23,574 [DEBUG] landmarker.update(): velocity=0.08239763780183483
2025-12-03 00:56:23,574 [DEBUG] pointer_mapper.update(): std=0.0032480858182346263, velocity=0.0072250101610290916
2025-12-03 00:56:23,574 [DEBUG] controller._on_landmark_update(): Pointer mapped to screen position: (1264, 981)
2025-12-03 00:56:23,574 [DEBUG] mouse_event_mapper.detect(): thumb-index distances: current=0.05826515269140897, past=0.06466200367585688
2025-12-03 00:56:23,574 [DEBUG] mouse_event_mapper.detect(): thumb-middle distances: current=0.30531141581136384, past=0.3162341644182383
2025-12-03 00:56:23,574 [DEBUG] mouse_event_mapper.update(): detected mouse event: MouseEvent.MOVE
2025-12-03 00:56:23,574 [DEBUG] controller._on_landmark_update(): Mouse event deteced: MOVE
2025-12-03 00:56:23,597 [DEBUG] camera.run(): Captured frame at timestamp: 9920
2025-12-03 00:56:23,607 [DEBUG] landmarker.update(): velocity=0.10455538383815698
2025-12-03 00:56:23,608 [DEBUG] pointer_mapper.update(): std=0.0029487580601433704, velocity=0.007619713820460853
2025-12-03 00:56:23,608 [DEBUG] controller._on_landmark_update(): Pointer mapped to screen position: (1261, 981)
2025-12-03 00:56:23,608 [DEBUG] mouse_event_mapper.detect(): thumb-index distances: current=0.058904292711891106, past=0.06100485405739606
2025-12-03 00:56:23,608 [DEBUG] mouse_event_mapper.detect(): thumb-middle distances: current=0.30055982531589415, past=0.3130763367041944
2025-12-03 00:56:23,608 [DEBUG] mouse_event_mapper.update(): detected mouse event: MouseEvent.MOVE
2025-12-03 00:56:23,608 [DEBUG] controller._on_landmark_update(): Mouse event deteced: MOVE
2025-12-03 00:56:23,631 [DEBUG] camera.run(): Captured frame at timestamp: 9955
2025-12-03 00:56:23,642 [DEBUG] landmarker.update(): velocity=0.11617057218841759
2025-12-03 00:56:23,642 [DEBUG] pointer_mapper.update(): std=0.0026522164489648867, velocity=0.007303482748841562
2025-12-03 00:56:23,642 [DEBUG] controller._on_landmark_update(): Pointer mapped to screen position: (1258, 981)
2025-12-03 00:56:23,642 [DEBUG] mouse_event_mapper.detect(): thumb-index distances: current=0.06259842280911908, past=0.05892645393713002
2025-12-03 00:56:23,643 [DEBUG] mouse_event_mapper.detect(): thumb-middle distances: current=0.29697433212392893, past=0.3095187835285942
2025-12-03 00:56:23,643 [DEBUG] mouse_event_mapper.update(): detected mouse event: MouseEvent.MOVE
2025-12-03 00:56:23,643 [DEBUG] controller._on_landmark_update(): Mouse event deteced: MOVE
2025-12-03 00:56:23,665 [DEBUG] camera.run(): Captured frame at timestamp: 9988
2025-12-03 00:56:23,676 [DEBUG] landmarker.update(): velocity=0.10960559631397372
2025-12-03 00:56:23,676 [DEBUG] pointer_mapper.update(): std=0.0032898859571614445, velocity=0.007250919864302509
2025-12-03 00:56:23,676 [DEBUG] controller._on_landmark_update(): Pointer mapped to screen position: (1255, 981)
2025-12-03 00:56:23,676 [DEBUG] mouse_event_mapper.detect(): thumb-index distances: current=0.06932603510361561, past=0.05826515269140897
2025-12-03 00:56:23,676 [DEBUG] mouse_event_mapper.detect(): thumb-middle distances: current=0.29518123592411233, past=0.30531141581136384
2025-12-03 00:56:23,676 [DEBUG] mouse_event_mapper.update(): detected mouse event: MouseEvent.MOVE
2025-12-03 00:56:23,676 [DEBUG] controller._on_landmark_update(): Mouse event deteced: MOVE
2025-12-03 00:56:23,698 [DEBUG] camera.run(): Captured frame at timestamp: 10022
2025-12-03 00:56:23,709 [DEBUG] landmarker.update(): velocity=0.11481221673677075
2025-12-03 00:56:23,710 [DEBUG] pointer_mapper.update(): std=0.004113971649041995, velocity=0.008430837180901698
2025-12-03 00:56:23,710 [DEBUG] controller._on_landmark_update(): Pointer mapped to screen position: (1254, 981)
2025-12-03 00:56:23,710 [DEBUG] mouse_event_mapper.detect(): thumb-index distances: current=0.07950265138590293, past=0.058904292711891106
2025-12-03 00:56:23,710 [DEBUG] mouse_event_mapper.detect(): thumb-middle distances: current=0.2960896194321453, past=0.30055982531589415
2025-12-03 00:56:23,710 [DEBUG] mouse_event_mapper.update(): detected mouse event: MouseEvent.MOVE
2025-12-03 00:56:23,710 [DEBUG] controller._on_landmark_update(): Mouse event deteced: MOVE
2025-12-03 00:56:23,732 [DEBUG] camera.run(): Captured frame at timestamp: 10056
2025-12-03 00:56:23,743 [DEBUG] landmarker.update(): velocity=0.11850217436361211
2025-12-03 00:56:23,744 [DEBUG] pointer_mapper.update(): std=0.004836942398528437, velocity=0.010044333135055011
2025-12-03 00:56:23,744 [DEBUG] controller._on_landmark_update(): Pointer mapped to screen position: (1253, 981)
2025-12-03 00:56:23,744 [DEBUG] mouse_event_mapper.detect(): thumb-index distances: current=0.09119537376012422, past=0.06259842280911908
2025-12-03 00:56:23,744 [DEBUG] mouse_event_mapper.detect(): thumb-middle distances: current=0.29859020432769046, past=0.29697433212392893
2025-12-03 00:56:23,744 [ERROR] mouse_event_mapper.detect(): left release detected
2025-12-03 00:56:23,744 [DEBUG] mouse_event_mapper.update(): detected mouse event: MouseEvent.LEFT_RELEASE
2025-12-03 00:56:23,744 [DEBUG] controller._on_landmark_update(): Mouse event deteced: MOVE
2025-12-03 00:56:23,764 [DEBUG] camera.run(): Captured frame at timestamp: 10087
2025-12-03 00:56:23,775 [DEBUG] landmarker.update(): velocity=0.11504182236552561
2025-12-03 00:56:23,775 [DEBUG] pointer_mapper.update(): std=0.0051894013215702615, velocity=0.010645248198543397
2025-12-03 00:56:23,775 [DEBUG] controller._on_landmark_update(): Pointer mapped to screen position: (1253, 981)
2025-12-03 00:56:23,775 [DEBUG] mouse_event_mapper.detect(): thumb-index distances: current=0.10442834792908345, past=0.06932603510361561
2025-12-03 00:56:23,775 [DEBUG] mouse_event_mapper.detect(): thumb-middle distances: current=0.302200716146739, past=0.29518123592411233
2025-12-03 00:56:23,775 [ERROR] mouse_event_mapper.detect(): left release detected
2025-12-03 00:56:23,775 [DEBUG] mouse_event_mapper.update(): detected mouse event: MouseEvent.LEFT_RELEASE
2025-12-03 00:56:23,775 [DEBUG] controller._on_landmark_update(): Mouse event deteced: MOVE
2025-12-03 00:56:23,795 [DEBUG] camera.run(): Captured frame at timestamp: 10118
2025-12-03 00:56:23,805 [DEBUG] landmarker.update(): velocity=0.10188955618944173
2025-12-03 00:56:23,806 [DEBUG] pointer_mapper.update(): std=0.0051788844635605406, velocity=0.009939449816917878
2025-12-03 00:56:23,806 [DEBUG] controller._on_landmark_update(): Pointer mapped to screen position: (1254, 981)
2025-12-03 00:56:23,806 [DEBUG] mouse_event_mapper.detect(): thumb-index distances: current=0.11749951441047173, past=0.07950265138590293
2025-12-03 00:56:23,806 [DEBUG] mouse_event_mapper.detect(): thumb-middle distances: current=0.30647988456477787, past=0.2960896194321453
2025-12-03 00:56:23,806 [ERROR] mouse_event_mapper.detect(): left release detected
2025-12-03 00:56:23,806 [DEBUG] mouse_event_mapper.update(): detected mouse event: MouseEvent.LEFT_RELEASE
2025-12-03 00:56:23,806 [DEBUG] controller._on_landmark_update(): Mouse event deteced: MOVE
2025-12-03 00:56:23,829 [DEBUG] camera.run(): Captured frame at timestamp: 10152
2025-12-03 00:56:23,839 [DEBUG] landmarker.update(): velocity=0.09166799733494657
2025-12-03 00:56:23,840 [DEBUG] pointer_mapper.update(): std=0.0049259638742299786, velocity=0.009891375909099604
2025-12-03 00:56:23,840 [DEBUG] controller._on_landmark_update(): Pointer mapped to screen position: (1253, 981)
2025-12-03 00:56:23,840 [DEBUG] mouse_event_mapper.detect(): thumb-index distances: current=0.12903074561926628, past=0.09119537376012422
2025-12-03 00:56:23,840 [DEBUG] mouse_event_mapper.detect(): thumb-middle distances: current=0.31070071107109737, past=0.29859020432769046
2025-12-03 00:56:23,840 [DEBUG] mouse_event_mapper.update(): detected mouse event: MouseEvent.MOVE
2025-12-03 00:56:23,840 [DEBUG] controller._on_landmark_update(): Mouse event deteced: LEFT_RELEASE
2025-12-03 00:56:23,859 [DEBUG] camera.run(): Captured frame at timestamp: 10183
2025-12-03 00:56:23,870 [DEBUG] landmarker.update(): velocity=0.07991839219124447
2025-12-03 00:56:23,870 [DEBUG] pointer_mapper.update(): std=0.004503775983846652, velocity=0.009139843918732262
2025-12-03 00:56:23,871 [DEBUG] controller._on_landmark_update(): Pointer mapped to screen position: (1253, 981)
2025-12-03 00:56:23,871 [DEBUG] mouse_event_mapper.detect(): thumb-index distances: current=0.13857595185037602, past=0.10442834792908345
2025-12-03 00:56:23,871 [DEBUG] mouse_event_mapper.detect(): thumb-middle distances: current=0.314673190958105, past=0.302200716146739
2025-12-03 00:56:23,871 [DEBUG] mouse_event_mapper.update(): detected mouse event: MouseEvent.MOVE
2025-12-03 00:56:23,871 [DEBUG] controller._on_landmark_update(): Mouse event deteced: MOVE
2025-12-03 00:56:23,897 [DEBUG] camera.run(): Captured frame at timestamp: 10220
2025-12-03 00:56:23,908 [DEBUG] landmarker.update(): velocity=0.06962437292627945
2025-12-03 00:56:23,908 [DEBUG] pointer_mapper.update(): std=0.003913949067685762, velocity=0.008449573515588883
2025-12-03 00:56:23,908 [DEBUG] controller._on_landmark_update(): Pointer mapped to screen position: (1252, 981)
2025-12-03 00:56:23,908 [DEBUG] mouse_event_mapper.detect(): thumb-index distances: current=0.14646536988813516, past=0.11749951441047173
2025-12-03 00:56:23,908 [DEBUG] mouse_event_mapper.detect(): thumb-middle distances: current=0.3179399526784461, past=0.30647988456477787
2025-12-03 00:56:23,908 [DEBUG] mouse_event_mapper.update(): detected mouse event: MouseEvent.MOVE
2025-12-03 00:56:23,908 [DEBUG] controller._on_landmark_update(): Mouse event deteced: MOVE
2025-12-03 00:56:23,931 [DEBUG] camera.run(): Captured frame at timestamp: 10254
2025-12-03 00:56:23,941 [DEBUG] landmarker.update(): velocity=0.06079231472043096
2025-12-03 00:56:23,942 [DEBUG] pointer_mapper.update(): std=0.003384392319275537, velocity=0.007376523787706286
2025-12-03 00:56:23,942 [DEBUG] controller._on_landmark_update(): Pointer mapped to screen position: (1250, 981)
2025-12-03 00:56:23,942 [DEBUG] mouse_event_mapper.detect(): thumb-index distances: current=0.15314548564016942, past=0.12903074561926628
2025-12-03 00:56:23,942 [DEBUG] mouse_event_mapper.detect(): thumb-middle distances: current=0.3203805887225664, past=0.31070071107109737
2025-12-03 00:56:23,942 [DEBUG] mouse_event_mapper.update(): detected mouse event: MouseEvent.MOVE
2025-12-03 00:56:23,942 [DEBUG] controller._on_landmark_update(): Mouse event deteced: MOVE
2025-12-03 00:56:23,965 [DEBUG] camera.run(): Captured frame at timestamp: 10288
2025-12-03 00:56:23,975 [DEBUG] landmarker.update(): velocity=0.05323183264968434
2025-12-03 00:56:23,976 [DEBUG] pointer_mapper.update(): std=0.002955210865292575, velocity=0.007164131737733957
2025-12-03 00:56:23,976 [DEBUG] controller._on_landmark_update(): Pointer mapped to screen position: (1249, 981)
2025-12-03 00:56:23,976 [DEBUG] mouse_event_mapper.detect(): thumb-index distances: current=0.15877672812234409, past=0.13857595185037602
2025-12-03 00:56:23,976 [DEBUG] mouse_event_mapper.detect(): thumb-middle distances: current=0.3222710468233784, past=0.314673190958105
2025-12-03 00:56:23,976 [DEBUG] mouse_event_mapper.update(): detected mouse event: MouseEvent.MOVE
2025-12-03 00:56:23,976 [DEBUG] controller._on_landmark_update(): Mouse event deteced: MOVE
2025-12-03 00:56:23,998 [DEBUG] camera.run(): Captured frame at timestamp: 10322
2025-12-03 00:56:24,009 [DEBUG] landmarker.update(): velocity=0.05731083798788757
2025-12-03 00:56:24,009 [DEBUG] pointer_mapper.update(): std=0.003124502777403911, velocity=0.007538895215219042
2025-12-03 00:56:24,010 [DEBUG] controller._on_landmark_update(): Pointer mapped to screen position: (1247, 981)
2025-12-03 00:56:24,010 [DEBUG] mouse_event_mapper.detect(): thumb-index distances: current=0.16344776515903645, past=0.14646536988813516
2025-12-03 00:56:24,010 [DEBUG] mouse_event_mapper.detect(): thumb-middle distances: current=0.32353961935918374, past=0.3179399526784461
2025-12-03 00:56:24,010 [DEBUG] mouse_event_mapper.update(): detected mouse event: MouseEvent.MOVE
2025-12-03 00:56:24,010 [DEBUG] controller._on_landmark_update(): Mouse event deteced: MOVE
2025-12-03 00:56:24,033 [DEBUG] camera.run(): Captured frame at timestamp: 10356
2025-12-03 00:56:24,044 [DEBUG] landmarker.update(): velocity=0.06924682985901916
2025-12-03 00:56:24,044 [DEBUG] pointer_mapper.update(): std=0.0036501110206231297, velocity=0.00877245686337884
2025-12-03 00:56:24,044 [DEBUG] controller._on_landmark_update(): Pointer mapped to screen position: (1246, 981)
2025-12-03 00:56:24,044 [DEBUG] mouse_event_mapper.detect(): thumb-index distances: current=0.1676408453979659, past=0.15314548564016942
2025-12-03 00:56:24,044 [DEBUG] mouse_event_mapper.detect(): thumb-middle distances: current=0.3244360835539237, past=0.3203805887225664
2025-12-03 00:56:24,044 [DEBUG] mouse_event_mapper.update(): detected mouse event: MouseEvent.MOVE
2025-12-03 00:56:24,044 [DEBUG] controller._on_landmark_update(): Mouse event deteced: MOVE
2025-12-03 00:56:24,065 [DEBUG] camera.run(): Captured frame at timestamp: 10388
2025-12-03 00:56:24,076 [DEBUG] landmarker.update(): velocity=0.08600787764628916
2025-12-03 00:56:24,077 [DEBUG] pointer_mapper.update(): std=0.004412024310782333, velocity=0.010309533328353635
2025-12-03 00:56:24,077 [DEBUG] controller._on_landmark_update(): Pointer mapped to screen position: (1245, 981)
2025-12-03 00:56:24,077 [DEBUG] mouse_event_mapper.detect(): thumb-index distances: current=0.17120398868135953, past=0.15877672812234409
2025-12-03 00:56:24,077 [DEBUG] mouse_event_mapper.detect(): thumb-middle distances: current=0.3250093203599295, past=0.3222710468233784
2025-12-03 00:56:24,077 [DEBUG] mouse_event_mapper.update(): detected mouse event: MouseEvent.MOVE
2025-12-03 00:56:24,077 [DEBUG] controller._on_landmark_update(): Mouse event deteced: MOVE
2025-12-03 00:56:24,099 [DEBUG] camera.run(): Captured frame at timestamp: 10422
2025-12-03 00:56:24,110 [DEBUG] landmarker.update(): velocity=0.09399057375342879
2025-12-03 00:56:24,111 [DEBUG] pointer_mapper.update(): std=0.0049364321843453915, velocity=0.011342077830639946
2025-12-03 00:56:24,111 [DEBUG] controller._on_landmark_update(): Pointer mapped to screen position: (1244, 981)
2025-12-03 00:56:24,111 [DEBUG] mouse_event_mapper.detect(): thumb-index distances: current=0.17385923169726217, past=0.16344776515903645
2025-12-03 00:56:24,111 [DEBUG] mouse_event_mapper.detect(): thumb-middle distances: current=0.3253975315558472, past=0.32353961935918374
2025-12-03 00:56:24,111 [DEBUG] mouse_event_mapper.update(): detected mouse event: MouseEvent.MOVE
2025-12-03 00:56:24,111 [DEBUG] controller._on_landmark_update(): Mouse event deteced: MOVE
2025-12-03 00:56:24,131 [DEBUG] camera.run(): Captured frame at timestamp: 10455
2025-12-03 00:56:24,142 [DEBUG] landmarker.update(): velocity=0.09306374996220165
2025-12-03 00:56:24,142 [DEBUG] pointer_mapper.update(): std=0.005234567375743368, velocity=0.01110778173718142
2025-12-03 00:56:24,142 [DEBUG] controller._on_landmark_update(): Pointer mapped to screen position: (1244, 981)
2025-12-03 00:56:24,142 [DEBUG] mouse_event_mapper.detect(): thumb-index distances: current=0.17552041444088803, past=0.1676408453979659
2025-12-03 00:56:24,142 [DEBUG] mouse_event_mapper.detect(): thumb-middle distances: current=0.3254386964387545, past=0.3244360835539237
2025-12-03 00:56:24,143 [DEBUG] mouse_event_mapper.update(): detected mouse event: MouseEvent.MOVE
2025-12-03 00:56:24,143 [DEBUG] controller._on_landmark_update(): Mouse event deteced: MOVE
2025-12-03 00:56:24,166 [DEBUG] camera.run(): Captured frame at timestamp: 10489
2025-12-03 00:56:24,177 [DEBUG] landmarker.update(): velocity=0.08398703666192132
2025-12-03 00:56:24,177 [DEBUG] pointer_mapper.update(): std=0.0050147427537491915, velocity=0.010034120069392135
2025-12-03 00:56:24,177 [DEBUG] controller._on_landmark_update(): Pointer mapped to screen position: (1246, 981)
2025-12-03 00:56:24,177 [DEBUG] mouse_event_mapper.detect(): thumb-index distances: current=0.17585095549389687, past=0.17120398868135953
2025-12-03 00:56:24,177 [DEBUG] mouse_event_mapper.detect(): thumb-middle distances: current=0.3249769562982679, past=0.3250093203599295
2025-12-03 00:56:24,177 [DEBUG] mouse_event_mapper.update(): detected mouse event: MouseEvent.MOVE
2025-12-03 00:56:24,177 [DEBUG] controller._on_landmark_update(): Mouse event deteced: MOVE
2025-12-03 00:56:24,198 [DEBUG] camera.run(): Captured frame at timestamp: 10522
2025-12-03 00:56:24,209 [DEBUG] landmarker.update(): velocity=0.07457002459764464
2025-12-03 00:56:24,209 [DEBUG] pointer_mapper.update(): std=0.004749323934670707, velocity=0.008835803856928112
2025-12-03 00:56:24,209 [DEBUG] controller._on_landmark_update(): Pointer mapped to screen position: (1249, 981)
2025-12-03 00:56:24,209 [DEBUG] mouse_event_mapper.detect(): thumb-index distances: current=0.1754029918372441, past=0.17385923169726217
2025-12-03 00:56:24,209 [DEBUG] mouse_event_mapper.detect(): thumb-middle distances: current=0.324110863167021, past=0.3253975315558472
2025-12-03 00:56:24,209 [DEBUG] mouse_event_mapper.update(): detected mouse event: MouseEvent.MOVE
2025-12-03 00:56:24,209 [DEBUG] controller._on_landmark_update(): Mouse event deteced: MOVE
2025-12-03 00:56:24,232 [DEBUG] camera.run(): Captured frame at timestamp: 10556
2025-12-03 00:56:24,243 [DEBUG] landmarker.update(): velocity=0.06966875820378449
2025-12-03 00:56:24,243 [DEBUG] pointer_mapper.update(): std=0.004372062559764049, velocity=0.008033935068150495
2025-12-03 00:56:24,244 [DEBUG] controller._on_landmark_update(): Pointer mapped to screen position: (1252, 981)
2025-12-03 00:56:24,244 [DEBUG] mouse_event_mapper.detect(): thumb-index distances: current=0.1739100730705007, past=0.17552041444088803
2025-12-03 00:56:24,244 [DEBUG] mouse_event_mapper.detect(): thumb-middle distances: current=0.32257846147545255, past=0.3254386964387545
2025-12-03 00:56:24,244 [DEBUG] mouse_event_mapper.update(): detected mouse event: MouseEvent.MOVE
2025-12-03 00:56:24,244 [DEBUG] controller._on_landmark_update(): Mouse event deteced: MOVE
2025-12-03 00:56:24,266 [DEBUG] camera.run(): Captured frame at timestamp: 10589
2025-12-03 00:56:24,277 [DEBUG] landmarker.update(): velocity=0.06993702849978477
2025-12-03 00:56:24,277 [DEBUG] pointer_mapper.update(): std=0.004038117224956759, velocity=0.007480090318338563
2025-12-03 00:56:24,277 [DEBUG] controller._on_landmark_update(): Pointer mapped to screen position: (1257, 981)
2025-12-03 00:56:24,277 [DEBUG] mouse_event_mapper.detect(): thumb-index distances: current=0.17209087436347273, past=0.17585095549389687
2025-12-03 00:56:24,277 [DEBUG] mouse_event_mapper.detect(): thumb-middle distances: current=0.32081724652816285, past=0.3249769562982679
2025-12-03 00:56:24,277 [DEBUG] mouse_event_mapper.update(): detected mouse event: MouseEvent.MOVE
2025-12-03 00:56:24,277 [DEBUG] controller._on_landmark_update(): Mouse event deteced: MOVE
2025-12-03 00:56:24,299 [DEBUG] camera.run(): Captured frame at timestamp: 10622
2025-12-03 00:56:24,310 [DEBUG] landmarker.update(): velocity=0.0682472371678089
2025-12-03 00:56:24,310 [DEBUG] pointer_mapper.update(): std=0.0038564587159861364, velocity=0.0070636114153040256
2025-12-03 00:56:24,310 [DEBUG] controller._on_landmark_update(): Pointer mapped to screen position: (1262, 981)
2025-12-03 00:56:24,310 [DEBUG] mouse_event_mapper.detect(): thumb-index distances: current=0.1690444731007096, past=0.1754029918372441
2025-12-03 00:56:24,310 [DEBUG] mouse_event_mapper.detect(): thumb-middle distances: current=0.31855518034523506, past=0.324110863167021
2025-12-03 00:56:24,311 [DEBUG] mouse_event_mapper.update(): detected mouse event: MouseEvent.MOVE
2025-12-03 00:56:24,311 [DEBUG] controller._on_landmark_update(): Mouse event deteced: MOVE
2025-12-03 00:56:24,331 [DEBUG] camera.run(): Captured frame at timestamp: 10655
2025-12-03 00:56:24,342 [DEBUG] landmarker.update(): velocity=0.07206436426990924
2025-12-03 00:56:24,343 [DEBUG] pointer_mapper.update(): std=0.003661633375072573, velocity=0.006505112541212759
2025-12-03 00:56:24,343 [DEBUG] controller._on_landmark_update(): Pointer mapped to screen position: (1266, 981)
2025-12-03 00:56:24,343 [DEBUG] mouse_event_mapper.detect(): thumb-index distances: current=0.16404945059287124, past=0.1739100730705007
2025-12-03 00:56:24,343 [DEBUG] mouse_event_mapper.detect(): thumb-middle distances: current=0.3157382802402598, past=0.32257846147545255
2025-12-03 00:56:24,343 [DEBUG] mouse_event_mapper.update(): detected mouse event: MouseEvent.MOVE
2025-12-03 00:56:24,343 [DEBUG] controller._on_landmark_update(): Mouse event deteced: MOVE
2025-12-03 00:56:24,366 [DEBUG] camera.run(): Captured frame at timestamp: 10689
2025-12-03 00:56:24,376 [DEBUG] landmarker.update(): velocity=0.09309292519922643
2025-12-03 00:56:24,377 [DEBUG] pointer_mapper.update(): std=0.003164468173109477, velocity=0.006546964820840212
2025-12-03 00:56:24,377 [DEBUG] controller._on_landmark_update(): Pointer mapped to screen position: (1269, 981)
2025-12-03 00:56:24,377 [DEBUG] mouse_event_mapper.detect(): thumb-index distances: current=0.1551675963898409, past=0.17209087436347273
2025-12-03 00:56:24,377 [DEBUG] mouse_event_mapper.detect(): thumb-middle distances: current=0.3121292160008882, past=0.32081724652816285
2025-12-03 00:56:24,377 [DEBUG] mouse_event_mapper.update(): detected mouse event: MouseEvent.MOVE
2025-12-03 00:56:24,377 [DEBUG] controller._on_landmark_update(): Mouse event deteced: MOVE
2025-12-03 00:56:24,399 [DEBUG] camera.run(): Captured frame at timestamp: 10723
2025-12-03 00:56:24,410 [DEBUG] landmarker.update(): velocity=0.08116978383507528
2025-12-03 00:56:24,411 [DEBUG] pointer_mapper.update(): std=0.0032425210471756583, velocity=0.006328754165790793
2025-12-03 00:56:24,411 [DEBUG] controller._on_landmark_update(): Pointer mapped to screen position: (1271, 981)
2025-12-03 00:56:24,411 [DEBUG] mouse_event_mapper.detect(): thumb-index distances: current=0.14361451904463987, past=0.1690444731007096
2025-12-03 00:56:24,411 [DEBUG] mouse_event_mapper.detect(): thumb-middle distances: current=0.3082791574074758, past=0.31855518034523506
2025-12-03 00:56:24,411 [DEBUG] mouse_event_mapper.update(): detected mouse event: MouseEvent.MOVE
2025-12-03 00:56:24,411 [DEBUG] controller._on_landmark_update(): Mouse event deteced: MOVE
2025-12-03 00:56:24,432 [DEBUG] camera.run(): Captured frame at timestamp: 10755
2025-12-03 00:56:24,443 [DEBUG] landmarker.update(): velocity=0.06363619863485294
2025-12-03 00:56:24,443 [DEBUG] pointer_mapper.update(): std=0.0032605731137326796, velocity=0.004962146499667014
2025-12-03 00:56:24,444 [DEBUG] controller._on_landmark_update(): Pointer mapped to screen position: (1271, 981)
2025-12-03 00:56:24,444 [DEBUG] mouse_event_mapper.detect(): thumb-index distances: current=0.13090868044978163, past=0.16404945059287124
2025-12-03 00:56:24,444 [DEBUG] mouse_event_mapper.detect(): thumb-middle distances: current=0.3044455780563098, past=0.3157382802402598
2025-12-03 00:56:24,444 [DEBUG] mouse_event_mapper.update(): detected mouse event: MouseEvent.MOVE
2025-12-03 00:56:24,444 [DEBUG] controller._on_landmark_update(): Mouse event deteced: MOVE
2025-12-03 00:56:24,465 [DEBUG] camera.run(): Captured frame at timestamp: 10789
2025-12-03 00:56:24,476 [DEBUG] landmarker.update(): velocity=0.05052992733565028
2025-12-03 00:56:24,477 [DEBUG] pointer_mapper.update(): std=0.002244597374296727, velocity=0.0034356449816199987
2025-12-03 00:56:24,477 [DEBUG] controller._on_landmark_update(): Pointer mapped to screen position: (1270, 981)
2025-12-03 00:56:24,477 [DEBUG] mouse_event_mapper.detect(): thumb-index distances: current=0.11986727312359842, past=0.1551675963898409
2025-12-03 00:56:24,477 [DEBUG] mouse_event_mapper.detect(): thumb-middle distances: current=0.30061602258660014, past=0.3121292160008882
2025-12-03 00:56:24,477 [DEBUG] mouse_event_mapper.update(): detected mouse event: MouseEvent.MOVE
2025-12-03 00:56:24,477 [DEBUG] controller._on_landmark_update(): Mouse event deteced: MOVE
2025-12-03 00:56:24,499 [DEBUG] camera.run(): Captured frame at timestamp: 10822
2025-12-03 00:56:24,510 [DEBUG] landmarker.update(): velocity=0.053232322084247774
2025-12-03 00:56:24,510 [DEBUG] pointer_mapper.update(): std=0.0013878564386398532, velocity=0.003996299149234626
2025-12-03 00:56:24,511 [DEBUG] controller._on_landmark_update(): Pointer mapped to screen position: (1270, 981)
2025-12-03 00:56:24,511 [DEBUG] mouse_event_mapper.detect(): thumb-index distances: current=0.11109627215886629, past=0.14361451904463987
2025-12-03 00:56:24,511 [DEBUG] mouse_event_mapper.detect(): thumb-middle distances: current=0.29717847111673784, past=0.3082791574074758
2025-12-03 00:56:24,511 [DEBUG] mouse_event_mapper.update(): detected mouse event: MouseEvent.MOVE
2025-12-03 00:56:24,511 [DEBUG] controller._on_landmark_update(): Mouse event deteced: MOVE
2025-12-03 00:56:24,532 [DEBUG] camera.run(): Captured frame at timestamp: 10855
2025-12-03 00:56:24,542 [DEBUG] landmarker.update(): velocity=0.07208953408827602
2025-12-03 00:56:24,543 [DEBUG] pointer_mapper.update(): std=0.0024488409780370614, velocity=0.006740300411896426
2025-12-03 00:56:24,543 [DEBUG] controller._on_landmark_update(): Pointer mapped to screen position: (1270, 981)
2025-12-03 00:56:24,543 [DEBUG] mouse_event_mapper.detect(): thumb-index distances: current=0.1046369956290338, past=0.13090868044978163
2025-12-03 00:56:24,543 [DEBUG] mouse_event_mapper.detect(): thumb-middle distances: current=0.29444631533115684, past=0.3044455780563098
2025-12-03 00:56:24,543 [DEBUG] mouse_event_mapper.update(): detected mouse event: MouseEvent.MOVE
2025-12-03 00:56:24,543 [DEBUG] controller._on_landmark_update(): Mouse event deteced: MOVE
2025-12-03 00:56:24,566 [DEBUG] camera.run(): Captured frame at timestamp: 10889
2025-12-03 00:56:24,576 [DEBUG] landmarker.update(): velocity=0.09306191826244183
2025-12-03 00:56:24,577 [DEBUG] pointer_mapper.update(): std=0.0039989188919577695, velocity=0.009913671966498273
2025-12-03 00:56:24,577 [DEBUG] controller._on_landmark_update(): Pointer mapped to screen position: (1271, 981)
2025-12-03 00:56:24,577 [DEBUG] mouse_event_mapper.detect(): thumb-index distances: current=0.09981439877219474, past=0.11986727312359842
2025-12-03 00:56:24,577 [DEBUG] mouse_event_mapper.detect(): thumb-middle distances: current=0.2924166990788227, past=0.30061602258660014
2025-12-03 00:56:24,577 [DEBUG] mouse_event_mapper.update(): detected mouse event: MouseEvent.MOVE
2025-12-03 00:56:24,577 [DEBUG] controller._on_landmark_update(): Mouse event deteced: MOVE
2025-12-03 00:56:24,598 [DEBUG] camera.run(): Captured frame at timestamp: 10921
2025-12-03 00:56:24,608 [DEBUG] landmarker.update(): velocity=0.11576713555292203
2025-12-03 00:56:24,609 [DEBUG] pointer_mapper.update(): std=0.005026186624685467, velocity=0.01142941747885268
2025-12-03 00:56:24,609 [DEBUG] controller._on_landmark_update(): Pointer mapped to screen position: (1272, 981)
2025-12-03 00:56:24,609 [DEBUG] mouse_event_mapper.detect(): thumb-index distances: current=0.09594745534391898, past=0.11109627215886629
2025-12-03 00:56:24,609 [DEBUG] mouse_event_mapper.detect(): thumb-middle distances: current=0.2901157833540377, past=0.29717847111673784
2025-12-03 00:56:24,609 [DEBUG] mouse_event_mapper.update(): detected mouse event: MouseEvent.MOVE
2025-12-03 00:56:24,609 [DEBUG] controller._on_landmark_update(): Mouse event deteced: MOVE
2025-12-03 00:56:24,632 [DEBUG] camera.run(): Captured frame at timestamp: 10955
2025-12-03 00:56:24,643 [DEBUG] landmarker.update(): velocity=0.14991354137006932
2025-12-03 00:56:24,643 [DEBUG] pointer_mapper.update(): std=0.006286249703465601, velocity=0.014505156487191005
2025-12-03 00:56:24,643 [DEBUG] controller._on_landmark_update(): Pointer mapped to screen position: (1272, 981)
2025-12-03 00:56:24,643 [DEBUG] mouse_event_mapper.detect(): thumb-index distances: current=0.092726876857896, past=0.1046369956290338
2025-12-03 00:56:24,643 [DEBUG] mouse_event_mapper.detect(): thumb-middle distances: current=0.2876708655114137, past=0.29444631533115684
2025-12-03 00:56:24,643 [DEBUG] mouse_event_mapper.update(): detected mouse event: MouseEvent.MOVE
2025-12-03 00:56:24,643 [DEBUG] controller._on_landmark_update(): Mouse event deteced: MOVE
2025-12-03 00:56:24,664 [DEBUG] camera.run(): Captured frame at timestamp: 10988
2025-12-03 00:56:24,675 [DEBUG] landmarker.update(): velocity=0.1794797612831536
2025-12-03 00:56:24,675 [DEBUG] pointer_mapper.update(): std=0.007632988344373361, velocity=0.018160826935626727
2025-12-03 00:56:24,675 [DEBUG] controller._on_landmark_update(): Pointer mapped to screen position: (1272, 981)
2025-12-03 00:56:24,675 [DEBUG] mouse_event_mapper.detect(): thumb-index distances: current=0.09024282575723665, past=0.09981439877219474
2025-12-03 00:56:24,675 [DEBUG] mouse_event_mapper.detect(): thumb-middle distances: current=0.2849585409147479, past=0.2924166990788227
2025-12-03 00:56:24,675 [DEBUG] mouse_event_mapper.update(): detected mouse event: MouseEvent.MOVE
2025-12-03 00:56:24,675 [DEBUG] controller._on_landmark_update(): Mouse event deteced: MOVE
2025-12-03 00:56:24,699 [DEBUG] camera.run(): Captured frame at timestamp: 11022
2025-12-03 00:56:24,709 [DEBUG] landmarker.update(): velocity=0.20707700218557754
2025-12-03 00:56:24,710 [DEBUG] pointer_mapper.update(): std=0.00922968046650835, velocity=0.021044889052709903
2025-12-03 00:56:24,710 [DEBUG] controller._on_landmark_update(): Pointer mapped to screen position: (1271, 981)
2025-12-03 00:56:24,710 [DEBUG] mouse_event_mapper.detect(): thumb-index distances: current=0.0885335621083954, past=0.09594745534391898
2025-12-03 00:56:24,710 [DEBUG] mouse_event_mapper.detect(): thumb-middle distances: current=0.2824372877296111, past=0.2901157833540377
2025-12-03 00:56:24,710 [DEBUG] mouse_event_mapper.update(): detected mouse event: MouseEvent.MOVE
2025-12-03 00:56:24,710 [DEBUG] controller._on_landmark_update(): Mouse event deteced: MOVE
2025-12-03 00:56:24,732 [DEBUG] camera.run(): Captured frame at timestamp: 11056
2025-12-03 00:56:24,743 [DEBUG] landmarker.update(): velocity=0.2110976258931166
2025-12-03 00:56:24,744 [DEBUG] pointer_mapper.update(): std=0.010289043883290425, velocity=0.021649323636751646
2025-12-03 00:56:24,744 [DEBUG] controller._on_landmark_update(): Pointer mapped to screen position: (1270, 981)
2025-12-03 00:56:24,744 [DEBUG] mouse_event_mapper.detect(): thumb-index distances: current=0.08729677503462231, past=0.092726876857896
2025-12-03 00:56:24,744 [DEBUG] mouse_event_mapper.detect(): thumb-middle distances: current=0.2799763510646153, past=0.2876708655114137
2025-12-03 00:56:24,744 [DEBUG] mouse_event_mapper.update(): detected mouse event: MouseEvent.MOVE
2025-12-03 00:56:24,744 [DEBUG] controller._on_landmark_update(): Mouse event deteced: MOVE
2025-12-03 00:56:24,765 [DEBUG] camera.run(): Captured frame at timestamp: 11089
2025-12-03 00:56:24,776 [DEBUG] landmarker.update(): velocity=0.2215185119656961
2025-12-03 00:56:24,777 [DEBUG] pointer_mapper.update(): std=0.010774100037226206, velocity=0.02216094001515277
2025-12-03 00:56:24,777 [DEBUG] controller._on_landmark_update(): Pointer mapped to screen position: (1268, 981)
2025-12-03 00:56:24,777 [DEBUG] mouse_event_mapper.detect(): thumb-index distances: current=0.08630688592649627, past=0.09024282575723665
2025-12-03 00:56:24,777 [DEBUG] mouse_event_mapper.detect(): thumb-middle distances: current=0.2780370658374483, past=0.2849585409147479
2025-12-03 00:56:24,777 [DEBUG] mouse_event_mapper.update(): detected mouse event: MouseEvent.MOVE
2025-12-03 00:56:24,777 [DEBUG] controller._on_landmark_update(): Mouse event deteced: MOVE
2025-12-03 00:56:24,798 [DEBUG] camera.run(): Captured frame at timestamp: 11121
2025-12-03 00:56:24,809 [DEBUG] landmarker.update(): velocity=0.22159544425210712
2025-12-03 00:56:24,809 [DEBUG] pointer_mapper.update(): std=0.010707148869893544, velocity=0.021906689412783092
2025-12-03 00:56:24,809 [DEBUG] controller._on_landmark_update(): Pointer mapped to screen position: (1265, 981)
2025-12-03 00:56:24,809 [DEBUG] mouse_event_mapper.detect(): thumb-index distances: current=0.08528681350528648, past=0.0885335621083954
2025-12-03 00:56:24,809 [DEBUG] mouse_event_mapper.detect(): thumb-middle distances: current=0.27691311559589266, past=0.2824372877296111
2025-12-03 00:56:24,809 [DEBUG] mouse_event_mapper.update(): detected mouse event: MouseEvent.MOVE
2025-12-03 00:56:24,809 [DEBUG] controller._on_landmark_update(): Mouse event deteced: MOVE
2025-12-03 00:56:24,832 [DEBUG] camera.run(): Captured frame at timestamp: 11155
2025-12-03 00:56:24,842 [DEBUG] landmarker.update(): velocity=0.2230045676861273
2025-12-03 00:56:24,843 [DEBUG] pointer_mapper.update(): std=0.011364688459718613, velocity=0.02225212016873305
2025-12-03 00:56:24,843 [DEBUG] controller._on_landmark_update(): Pointer mapped to screen position: (1260, 981)
2025-12-03 00:56:24,843 [DEBUG] mouse_event_mapper.detect(): thumb-index distances: current=0.08415894392792143, past=0.08729677503462231
2025-12-03 00:56:24,843 [DEBUG] mouse_event_mapper.detect(): thumb-middle distances: current=0.27646200746366695, past=0.2799763510646153
2025-12-03 00:56:24,843 [DEBUG] mouse_event_mapper.update(): detected mouse event: MouseEvent.MOVE
2025-12-03 00:56:24,843 [DEBUG] controller._on_landmark_update(): Mouse event deteced: MOVE
2025-12-03 00:56:24,864 [DEBUG] camera.run(): Captured frame at timestamp: 11188
2025-12-03 00:56:24,875 [DEBUG] landmarker.update(): velocity=0.22651813771400453
2025-12-03 00:56:24,875 [DEBUG] pointer_mapper.update(): std=0.011717083653260848, velocity=0.02267766990494285
2025-12-03 00:56:24,876 [DEBUG] controller._on_landmark_update(): Pointer mapped to screen position: (1255, 981)
2025-12-03 00:56:24,876 [DEBUG] mouse_event_mapper.detect(): thumb-index distances: current=0.08441585853019971, past=0.08630688592649627
2025-12-03 00:56:24,876 [DEBUG] mouse_event_mapper.detect(): thumb-middle distances: current=0.27702194997911295, past=0.2780370658374483
2025-12-03 00:56:24,876 [DEBUG] mouse_event_mapper.update(): detected mouse event: MouseEvent.MOVE
2025-12-03 00:56:24,876 [DEBUG] controller._on_landmark_update(): Mouse event deteced: MOVE
2025-12-03 00:56:24,896 [DEBUG] camera.run(): Captured frame at timestamp: 11219
2025-12-03 00:56:24,906 [DEBUG] landmarker.update(): velocity=0.25101754664931314
2025-12-03 00:56:24,907 [DEBUG] pointer_mapper.update(): std=0.011884514295593038, velocity=0.024073926839105638
2025-12-03 00:56:24,907 [DEBUG] controller._on_landmark_update(): Pointer mapped to screen position: (1251, 981)
2025-12-03 00:56:24,907 [DEBUG] mouse_event_mapper.detect(): thumb-index distances: current=0.0888310133106661, past=0.08528681350528648
2025-12-03 00:56:24,907 [DEBUG] mouse_event_mapper.detect(): thumb-middle distances: current=0.27938049974949763, past=0.27691311559589266
2025-12-03 00:56:24,907 [DEBUG] mouse_event_mapper.update(): detected mouse event: MouseEvent.MOVE
2025-12-03 00:56:24,907 [DEBUG] controller._on_landmark_update(): Mouse event deteced: MOVE
2025-12-03 00:56:24,929 [DEBUG] camera.run(): Captured frame at timestamp: 11253
2025-12-03 00:56:24,940 [DEBUG] landmarker.update(): velocity=0.2652980960701885
2025-12-03 00:56:24,940 [DEBUG] pointer_mapper.update(): std=0.012937160077714699, velocity=0.0253461510955242
2025-12-03 00:56:24,940 [DEBUG] controller._on_landmark_update(): Pointer mapped to screen position: (1248, 977)
2025-12-03 00:56:24,941 [DEBUG] mouse_event_mapper.detect(): thumb-index distances: current=0.0980085676198869, past=0.08415894392792143
2025-12-03 00:56:24,941 [DEBUG] mouse_event_mapper.detect(): thumb-middle distances: current=0.28379319396489316, past=0.27646200746366695
2025-12-03 00:56:24,941 [DEBUG] mouse_event_mapper.update(): detected mouse event: MouseEvent.MOVE
2025-12-03 00:56:24,941 [DEBUG] controller._on_landmark_update(): Mouse event deteced: MOVE
2025-12-03 00:56:24,963 [DEBUG] camera.run(): Captured frame at timestamp: 11286
2025-12-03 00:56:24,973 [DEBUG] landmarker.update(): velocity=0.2731770469058417
2025-12-03 00:56:24,974 [DEBUG] pointer_mapper.update(): std=0.013920992002789321, velocity=0.026408047864102887
2025-12-03 00:56:24,974 [DEBUG] controller._on_landmark_update(): Pointer mapped to screen position: (1246, 967)
2025-12-03 00:56:24,974 [DEBUG] mouse_event_mapper.detect(): thumb-index distances: current=0.11034756736717029, past=0.08441585853019971
2025-12-03 00:56:24,974 [DEBUG] mouse_event_mapper.detect(): thumb-middle distances: current=0.2897462912455542, past=0.27702194997911295
2025-12-03 00:56:24,974 [DEBUG] mouse_event_mapper.update(): detected mouse event: MouseEvent.MOVE
2025-12-03 00:56:24,974 [DEBUG] controller._on_landmark_update(): Mouse event deteced: MOVE
2025-12-03 00:56:24,995 [DEBUG] camera.run(): Captured frame at timestamp: 11319
2025-12-03 00:56:25,006 [DEBUG] landmarker.update(): velocity=0.28586863383610006
2025-12-03 00:56:25,007 [DEBUG] pointer_mapper.update(): std=0.014384620525465285, velocity=0.027542721142285703
2025-12-03 00:56:25,007 [DEBUG] controller._on_landmark_update(): Pointer mapped to screen position: (1243, 953)
2025-12-03 00:56:25,007 [DEBUG] mouse_event_mapper.detect(): thumb-index distances: current=0.12284985680141802, past=0.0888310133106661
2025-12-03 00:56:25,007 [DEBUG] mouse_event_mapper.detect(): thumb-middle distances: current=0.295868945869501, past=0.27938049974949763
2025-12-03 00:56:25,007 [DEBUG] mouse_event_mapper.update(): detected mouse event: MouseEvent.MOVE
2025-12-03 00:56:25,007 [DEBUG] controller._on_landmark_update(): Mouse event deteced: MOVE
2025-12-03 00:56:25,029 [DEBUG] camera.run(): Captured frame at timestamp: 11353
2025-12-03 00:56:25,041 [DEBUG] landmarker.update(): velocity=0.2795511337439631
2025-12-03 00:56:25,041 [DEBUG] pointer_mapper.update(): std=0.01448199190351707, velocity=0.028159397701805682
2025-12-03 00:56:25,041 [DEBUG] controller._on_landmark_update(): Pointer mapped to screen position: (1239, 935)
2025-12-03 00:56:25,041 [DEBUG] mouse_event_mapper.detect(): thumb-index distances: current=0.13437039794395078, past=0.0980085676198869
2025-12-03 00:56:25,041 [DEBUG] mouse_event_mapper.detect(): thumb-middle distances: current=0.3015489975449359, past=0.28379319396489316
2025-12-03 00:56:25,041 [DEBUG] mouse_event_mapper.update(): detected mouse event: MouseEvent.MOVE
2025-12-03 00:56:25,041 [DEBUG] controller._on_landmark_update(): Mouse event deteced: MOVE
2025-12-03 00:56:25,062 [DEBUG] camera.run(): Captured frame at timestamp: 11386
2025-12-03 00:56:25,073 [DEBUG] landmarker.update(): velocity=0.27459241988780664
2025-12-03 00:56:25,073 [DEBUG] pointer_mapper.update(): std=0.014163418251898712, velocity=0.02798718761487202
2025-12-03 00:56:25,073 [DEBUG] controller._on_landmark_update(): Pointer mapped to screen position: (1234, 915)
2025-12-03 00:56:25,073 [DEBUG] mouse_event_mapper.detect(): thumb-index distances: current=0.14452772047045825, past=0.11034756736717029
2025-12-03 00:56:25,073 [DEBUG] mouse_event_mapper.detect(): thumb-middle distances: current=0.3064907548873421, past=0.2897462912455542
2025-12-03 00:56:25,073 [DEBUG] mouse_event_mapper.update(): detected mouse event: MouseEvent.MOVE
2025-12-03 00:56:25,073 [DEBUG] controller._on_landmark_update(): Mouse event deteced: MOVE
2025-12-03 00:56:25,096 [DEBUG] camera.run(): Captured frame at timestamp: 11419
2025-12-03 00:56:25,106 [DEBUG] landmarker.update(): velocity=0.26236493920990933
2025-12-03 00:56:25,107 [DEBUG] pointer_mapper.update(): std=0.013782875751980825, velocity=0.02759296645648078
2025-12-03 00:56:25,107 [DEBUG] controller._on_landmark_update(): Pointer mapped to screen position: (1228, 895)
2025-12-03 00:56:25,107 [DEBUG] mouse_event_mapper.detect(): thumb-index distances: current=0.15318578204998745, past=0.12284985680141802
2025-12-03 00:56:25,107 [DEBUG] mouse_event_mapper.detect(): thumb-middle distances: current=0.3108116319760343, past=0.295868945869501
2025-12-03 00:56:25,107 [DEBUG] mouse_event_mapper.update(): detected mouse event: MouseEvent.MOVE
2025-12-03 00:56:25,107 [DEBUG] controller._on_landmark_update(): Mouse event deteced: MOVE
2025-12-03 00:56:25,129 [DEBUG] camera.run(): Captured frame at timestamp: 11453
2025-12-03 00:56:25,140 [DEBUG] landmarker.update(): velocity=0.245432134818223
2025-12-03 00:56:25,140 [DEBUG] pointer_mapper.update(): std=0.013344757154314242, velocity=0.02649470504634413
2025-12-03 00:56:25,141 [DEBUG] controller._on_landmark_update(): Pointer mapped to screen position: (1221, 874)
2025-12-03 00:56:25,141 [DEBUG] mouse_event_mapper.detect(): thumb-index distances: current=0.1608105135474253, past=0.13437039794395078
2025-12-03 00:56:25,141 [DEBUG] mouse_event_mapper.detect(): thumb-middle distances: current=0.3149350032719371, past=0.3015489975449359
2025-12-03 00:56:25,141 [DEBUG] mouse_event_mapper.update(): detected mouse event: MouseEvent.MOVE
2025-12-03 00:56:25,141 [DEBUG] controller._on_landmark_update(): Mouse event deteced: MOVE
2025-12-03 00:56:25,163 [DEBUG] camera.run(): Captured frame at timestamp: 11486
2025-12-03 00:56:25,174 [DEBUG] landmarker.update(): velocity=0.2161587117973399
2025-12-03 00:56:25,175 [DEBUG] pointer_mapper.update(): std=0.012564722597609953, velocity=0.024561278188536192
2025-12-03 00:56:25,175 [DEBUG] controller._on_landmark_update(): Pointer mapped to screen position: (1214, 854)
2025-12-03 00:56:25,175 [DEBUG] mouse_event_mapper.detect(): thumb-index distances: current=0.1674221571310642, past=0.14452772047045825
2025-12-03 00:56:25,175 [DEBUG] mouse_event_mapper.detect(): thumb-middle distances: current=0.3187771723670472, past=0.3064907548873421
2025-12-03 00:56:25,175 [DEBUG] mouse_event_mapper.update(): detected mouse event: MouseEvent.MOVE
2025-12-03 00:56:25,175 [DEBUG] controller._on_landmark_update(): Mouse event deteced: MOVE
2025-12-03 00:56:25,192 [DEBUG] camera.run(): Captured frame at timestamp: 11516
2025-12-03 00:56:25,204 [DEBUG] landmarker.update(): velocity=0.1870401994925604
2025-12-03 00:56:25,205 [DEBUG] pointer_mapper.update(): std=0.011201511852960686, velocity=0.021930723496216123
2025-12-03 00:56:25,205 [DEBUG] controller._on_landmark_update(): Pointer mapped to screen position: (1206, 834)
2025-12-03 00:56:25,205 [DEBUG] mouse_event_mapper.detect(): thumb-index distances: current=0.17336679064266966, past=0.15318578204998745
2025-12-03 00:56:25,205 [DEBUG] mouse_event_mapper.detect(): thumb-middle distances: current=0.3226814824444783, past=0.3108116319760343
2025-12-03 00:56:25,205 [DEBUG] mouse_event_mapper.update(): detected mouse event: MouseEvent.MOVE
2025-12-03 00:56:25,205 [DEBUG] controller._on_landmark_update(): Mouse event deteced: MOVE
2025-12-03 00:56:25,229 [DEBUG] camera.run(): Captured frame at timestamp: 11552
2025-12-03 00:56:25,240 [DEBUG] landmarker.update(): velocity=0.15617791100470002
2025-12-03 00:56:25,241 [DEBUG] pointer_mapper.update(): std=0.009497932400897255, velocity=0.01899263730170716
2025-12-03 00:56:25,241 [DEBUG] controller._on_landmark_update(): Pointer mapped to screen position: (1198, 815)
2025-12-03 00:56:25,241 [DEBUG] mouse_event_mapper.detect(): thumb-index distances: current=0.17863831638101038, past=0.1608105135474253
2025-12-03 00:56:25,241 [DEBUG] mouse_event_mapper.detect(): thumb-middle distances: current=0.32642595869423247, past=0.3149350032719371
2025-12-03 00:56:25,241 [DEBUG] mouse_event_mapper.update(): detected mouse event: MouseEvent.MOVE
2025-12-03 00:56:25,241 [DEBUG] controller._on_landmark_update(): Mouse event deteced: MOVE
2025-12-03 00:56:25,261 [DEBUG] camera.run(): Captured frame at timestamp: 11585
2025-12-03 00:56:25,272 [DEBUG] landmarker.update(): velocity=0.12240711646825699
2025-12-03 00:56:25,273 [DEBUG] pointer_mapper.update(): std=0.0078029856603285454, velocity=0.016071058826143583
2025-12-03 00:56:25,273 [DEBUG] controller._on_landmark_update(): Pointer mapped to screen position: (1190, 798)
2025-12-03 00:56:25,273 [DEBUG] mouse_event_mapper.detect(): thumb-index distances: current=0.18306592769388688, past=0.1674221571310642
2025-12-03 00:56:25,273 [DEBUG] mouse_event_mapper.detect(): thumb-middle distances: current=0.3299342112499711, past=0.3187771723670472
2025-12-03 00:56:25,273 [DEBUG] mouse_event_mapper.update(): detected mouse event: MouseEvent.MOVE
2025-12-03 00:56:25,273 [DEBUG] controller._on_landmark_update(): Mouse event deteced: MOVE
2025-12-03 00:56:25,297 [DEBUG] camera.run(): Captured frame at timestamp: 11621
2025-12-03 00:56:25,308 [DEBUG] landmarker.update(): velocity=0.09662797347464616
2025-12-03 00:56:25,309 [DEBUG] pointer_mapper.update(): std=0.006389262375124779, velocity=0.013426557257086032
2025-12-03 00:56:25,309 [DEBUG] controller._on_landmark_update(): Pointer mapped to screen position: (1183, 783)
2025-12-03 00:56:25,309 [DEBUG] mouse_event_mapper.detect(): thumb-index distances: current=0.1866925634640113, past=0.17336679064266966
2025-12-03 00:56:25,309 [DEBUG] mouse_event_mapper.detect(): thumb-middle distances: current=0.33297546666927264, past=0.3226814824444783
2025-12-03 00:56:25,309 [DEBUG] mouse_event_mapper.update(): detected mouse event: MouseEvent.MOVE
2025-12-03 00:56:25,309 [DEBUG] controller._on_landmark_update(): Mouse event deteced: MOVE
2025-12-03 00:56:25,330 [DEBUG] camera.run(): Captured frame at timestamp: 11654
2025-12-03 00:56:25,341 [DEBUG] landmarker.update(): velocity=0.06669187633043458
2025-12-03 00:56:25,341 [DEBUG] pointer_mapper.update(): std=0.005189523658813016, velocity=0.01056628449097453
2025-12-03 00:56:25,341 [DEBUG] controller._on_landmark_update(): Pointer mapped to screen position: (1176, 770)
2025-12-03 00:56:25,342 [DEBUG] mouse_event_mapper.detect(): thumb-index distances: current=0.1896934228128191, past=0.17863831638101038
2025-12-03 00:56:25,342 [DEBUG] mouse_event_mapper.detect(): thumb-middle distances: current=0.3354168001342508, past=0.32642595869423247
2025-12-03 00:56:25,342 [DEBUG] mouse_event_mapper.update(): detected mouse event: MouseEvent.MOVE
2025-12-03 00:56:25,342 [DEBUG] controller._on_landmark_update(): Mouse event deteced: MOVE
2025-12-03 00:56:25,365 [DEBUG] camera.run(): Captured frame at timestamp: 11688
2025-12-03 00:56:25,376 [DEBUG] landmarker.update(): velocity=0.04141083424390535
2025-12-03 00:56:25,376 [DEBUG] pointer_mapper.update(): std=0.003880147522573441, velocity=0.007467493926906533
2025-12-03 00:56:25,376 [DEBUG] controller._on_landmark_update(): Pointer mapped to screen position: (1171, 759)
2025-12-03 00:56:25,376 [DEBUG] mouse_event_mapper.detect(): thumb-index distances: current=0.1927602111198037, past=0.18306592769388688
2025-12-03 00:56:25,376 [DEBUG] mouse_event_mapper.detect(): thumb-middle distances: current=0.33778700139415535, past=0.3299342112499711
2025-12-03 00:56:25,377 [DEBUG] mouse_event_mapper.update(): detected mouse event: MouseEvent.MOVE
2025-12-03 00:56:25,377 [DEBUG] controller._on_landmark_update(): Mouse event deteced: MOVE
2025-12-03 00:56:25,398 [DEBUG] camera.run(): Captured frame at timestamp: 11721
2025-12-03 00:56:25,409 [DEBUG] landmarker.update(): velocity=0.032232237686553054
2025-12-03 00:56:25,409 [DEBUG] pointer_mapper.update(): std=0.002591864540074871, velocity=0.004861741562451381
2025-12-03 00:56:25,409 [DEBUG] controller._on_landmark_update(): Pointer mapped to screen position: (1166, 751)
2025-12-03 00:56:25,409 [DEBUG] mouse_event_mapper.detect(): thumb-index distances: current=0.19599966561820922, past=0.1866925634640113
2025-12-03 00:56:25,409 [DEBUG] mouse_event_mapper.detect(): thumb-middle distances: current=0.3402211019552193, past=0.33297546666927264
2025-12-03 00:56:25,409 [DEBUG] mouse_event_mapper.update(): detected mouse event: MouseEvent.MOVE
2025-12-03 00:56:25,409 [DEBUG] controller._on_landmark_update(): Mouse event deteced: MOVE
2025-12-03 00:56:25,432 [DEBUG] camera.run(): Captured frame at timestamp: 11755
2025-12-03 00:56:25,443 [DEBUG] landmarker.update(): velocity=0.03491190973062373
2025-12-03 00:56:25,443 [DEBUG] pointer_mapper.update(): std=0.0014205567278907812, velocity=0.0027891395227408983
2025-12-03 00:56:25,443 [DEBUG] controller._on_landmark_update(): Pointer mapped to screen position: (1163, 744)
2025-12-03 00:56:25,444 [DEBUG] mouse_event_mapper.detect(): thumb-index distances: current=0.1997491178065255, past=0.1896934228128191
2025-12-03 00:56:25,444 [DEBUG] mouse_event_mapper.detect(): thumb-middle distances: current=0.3432324570930511, past=0.3354168001342508
2025-12-03 00:56:25,444 [DEBUG] mouse_event_mapper.update(): detected mouse event: MouseEvent.MOVE
2025-12-03 00:56:25,444 [DEBUG] controller._on_landmark_update(): Mouse event deteced: MOVE
2025-12-03 00:56:25,465 [DEBUG] camera.run(): Captured frame at timestamp: 11788
2025-12-03 00:56:25,476 [DEBUG] landmarker.update(): velocity=0.040100710020762646
2025-12-03 00:56:25,476 [DEBUG] pointer_mapper.update(): std=0.0008780664467459735, velocity=0.0018916272702553152
2025-12-03 00:56:25,476 [DEBUG] controller._on_landmark_update(): Pointer mapped to screen position: (1160, 740)
2025-12-03 00:56:25,476 [DEBUG] mouse_event_mapper.detect(): thumb-index distances: current=0.20400047490927778, past=0.1927602111198037
2025-12-03 00:56:25,476 [DEBUG] mouse_event_mapper.detect(): thumb-middle distances: current=0.34661855939188285, past=0.33778700139415535
2025-12-03 00:56:25,476 [DEBUG] mouse_event_mapper.update(): detected mouse event: MouseEvent.MOVE
2025-12-03 00:56:25,477 [DEBUG] controller._on_landmark_update(): Mouse event deteced: MOVE
2025-12-03 00:56:25,498 [DEBUG] camera.run(): Captured frame at timestamp: 11822
2025-12-03 00:56:25,509 [DEBUG] landmarker.update(): velocity=0.03811770993588877
2025-12-03 00:56:25,510 [DEBUG] pointer_mapper.update(): std=0.0011193583604088547, velocity=0.001934463812015281
2025-12-03 00:56:25,510 [DEBUG] controller._on_landmark_update(): Pointer mapped to screen position: (1158, 737)
2025-12-03 00:56:25,510 [DEBUG] mouse_event_mapper.detect(): thumb-index distances: current=0.20850449919948622, past=0.19599966561820922
2025-12-03 00:56:25,510 [DEBUG] mouse_event_mapper.detect(): thumb-middle distances: current=0.3501236700596874, past=0.3402211019552193
2025-12-03 00:56:25,510 [DEBUG] mouse_event_mapper.update(): detected mouse event: MouseEvent.MOVE
2025-12-03 00:56:25,510 [DEBUG] controller._on_landmark_update(): Mouse event deteced: MOVE
2025-12-03 00:56:25,532 [DEBUG] camera.run(): Captured frame at timestamp: 11855
2025-12-03 00:56:25,543 [DEBUG] landmarker.update(): velocity=0.03405199641366949
2025-12-03 00:56:25,543 [DEBUG] pointer_mapper.update(): std=0.0012808195436885919, velocity=0.002047834989919393
2025-12-03 00:56:25,544 [DEBUG] controller._on_landmark_update(): Pointer mapped to screen position: (1157, 736)
2025-12-03 00:56:25,544 [DEBUG] mouse_event_mapper.detect(): thumb-index distances: current=0.2121683285924283, past=0.1997491178065255
2025-12-03 00:56:25,544 [DEBUG] mouse_event_mapper.detect(): thumb-middle distances: current=0.3529783602709357, past=0.3432324570930511
2025-12-03 00:56:25,544 [DEBUG] mouse_event_mapper.update(): detected mouse event: MouseEvent.MOVE
2025-12-03 00:56:25,544 [DEBUG] controller._on_landmark_update(): Mouse event deteced: MOVE
2025-12-03 00:56:25,564 [DEBUG] camera.run(): Captured frame at timestamp: 11888
2025-12-03 00:56:25,575 [DEBUG] landmarker.update(): velocity=0.034039382555173824
2025-12-03 00:56:25,576 [DEBUG] pointer_mapper.update(): std=0.0014055665593299493, velocity=0.0021431675220403585
2025-12-03 00:56:25,576 [DEBUG] controller._on_landmark_update(): Pointer mapped to screen position: (1157, 736)
2025-12-03 00:56:25,576 [DEBUG] mouse_event_mapper.detect(): thumb-index distances: current=0.213380540432598, past=0.20400047490927778
2025-12-03 00:56:25,576 [DEBUG] mouse_event_mapper.detect(): thumb-middle distances: current=0.354053801041055, past=0.34661855939188285
2025-12-03 00:56:25,576 [DEBUG] mouse_event_mapper.update(): detected mouse event: MouseEvent.MOVE
2025-12-03 00:56:25,576 [DEBUG] controller._on_landmark_update(): Mouse event deteced: MOVE
2025-12-03 00:56:25,598 [DEBUG] camera.run(): Captured frame at timestamp: 11921
2025-12-03 00:56:25,609 [DEBUG] landmarker.update(): velocity=0.06552883276325162
2025-12-03 00:56:25,610 [DEBUG] pointer_mapper.update(): std=0.0015037574313245343, velocity=0.0027373204925276442
2025-12-03 00:56:25,610 [DEBUG] controller._on_landmark_update(): Pointer mapped to screen position: (1157, 737)
2025-12-03 00:56:25,610 [DEBUG] mouse_event_mapper.detect(): thumb-index distances: current=0.20981037810065795, past=0.20850449919948622
2025-12-03 00:56:25,610 [DEBUG] mouse_event_mapper.detect(): thumb-middle distances: current=0.35289614791048285, past=0.3501236700596874
2025-12-03 00:56:25,610 [DEBUG] mouse_event_mapper.update(): detected mouse event: MouseEvent.MOVE
2025-12-03 00:56:25,610 [DEBUG] controller._on_landmark_update(): Mouse event deteced: MOVE
2025-12-03 00:56:25,632 [DEBUG] camera.run(): Captured frame at timestamp: 11956
2025-12-03 00:56:25,643 [DEBUG] landmarker.update(): velocity=0.1227634043168561
2025-12-03 00:56:25,644 [DEBUG] pointer_mapper.update(): std=0.0015458969700618492, velocity=0.0034242517832408573
2025-12-03 00:56:25,644 [DEBUG] controller._on_landmark_update(): Pointer mapped to screen position: (1155, 739)
2025-12-03 00:56:25,644 [DEBUG] mouse_event_mapper.detect(): thumb-index distances: current=0.1980150537268303, past=0.2121683285924283
2025-12-03 00:56:25,644 [DEBUG] mouse_event_mapper.detect(): thumb-middle distances: current=0.3492602255967008, past=0.3529783602709357
2025-12-03 00:56:25,644 [DEBUG] mouse_event_mapper.update(): detected mouse event: MouseEvent.MOVE
2025-12-03 00:56:25,644 [DEBUG] controller._on_landmark_update(): Mouse event deteced: MOVE
2025-12-03 00:56:25,666 [DEBUG] camera.run(): Captured frame at timestamp: 11989
2025-12-03 00:56:25,677 [DEBUG] landmarker.update(): velocity=0.1489143198135684
2025-12-03 00:56:25,678 [DEBUG] pointer_mapper.update(): std=0.0014869220134957088, velocity=0.0036309367371635485
2025-12-03 00:56:25,678 [DEBUG] controller._on_landmark_update(): Pointer mapped to screen position: (1152, 742)
2025-12-03 00:56:25,678 [DEBUG] mouse_event_mapper.detect(): thumb-index distances: current=0.17793857579506234, past=0.213380540432598
2025-12-03 00:56:25,678 [DEBUG] mouse_event_mapper.detect(): thumb-middle distances: current=0.3439199178801549, past=0.354053801041055
2025-12-03 00:56:25,678 [DEBUG] mouse_event_mapper.update(): detected mouse event: MouseEvent.MOVE
2025-12-03 00:56:25,678 [DEBUG] controller._on_landmark_update(): Mouse event deteced: MOVE
2025-12-03 00:56:25,698 [DEBUG] camera.run(): Captured frame at timestamp: 12022
2025-12-03 00:56:25,709 [DEBUG] landmarker.update(): velocity=0.12313969966868193
2025-12-03 00:56:25,709 [DEBUG] pointer_mapper.update(): std=0.001879377916460677, velocity=0.0036476511297796805
2025-12-03 00:56:25,709 [DEBUG] controller._on_landmark_update(): Pointer mapped to screen position: (1148, 745)
2025-12-03 00:56:25,710 [DEBUG] mouse_event_mapper.detect(): thumb-index distances: current=0.15405441717566434, past=0.20981037810065795
2025-12-03 00:56:25,710 [DEBUG] mouse_event_mapper.detect(): thumb-middle distances: current=0.337724092656922, past=0.35289614791048285
2025-12-03 00:56:25,710 [DEBUG] mouse_event_mapper.update(): detected mouse event: MouseEvent.MOVE
2025-12-03 00:56:25,710 [DEBUG] controller._on_landmark_update(): Mouse event deteced: MOVE
2025-12-03 00:56:25,732 [DEBUG] camera.run(): Captured frame at timestamp: 12056
2025-12-03 00:56:25,743 [DEBUG] landmarker.update(): velocity=0.10168870678838765
2025-12-03 00:56:25,744 [DEBUG] pointer_mapper.update(): std=0.002120364913321243, velocity=0.003841571895597201
2025-12-03 00:56:25,744 [DEBUG] controller._on_landmark_update(): Pointer mapped to screen position: (1143, 748)
2025-12-03 00:56:25,744 [DEBUG] mouse_event_mapper.detect(): thumb-index distances: current=0.1322369733018732, past=0.1980150537268303
2025-12-03 00:56:25,744 [DEBUG] mouse_event_mapper.detect(): thumb-middle distances: current=0.331884172568618, past=0.3492602255967008
2025-12-03 00:56:25,744 [DEBUG] mouse_event_mapper.update(): detected mouse event: MouseEvent.MOVE
2025-12-03 00:56:25,744 [DEBUG] controller._on_landmark_update(): Mouse event deteced: MOVE
2025-12-03 00:56:25,766 [DEBUG] camera.run(): Captured frame at timestamp: 12089
2025-12-03 00:56:25,777 [DEBUG] landmarker.update(): velocity=0.08843368539990226
2025-12-03 00:56:25,778 [DEBUG] pointer_mapper.update(): std=0.002111834109877311, velocity=0.003768893074240307
2025-12-03 00:56:25,778 [DEBUG] controller._on_landmark_update(): Pointer mapped to screen position: (1137, 752)
2025-12-03 00:56:25,778 [DEBUG] mouse_event_mapper.detect(): thumb-index distances: current=0.11497606506133899, past=0.17793857579506234
2025-12-03 00:56:25,778 [DEBUG] mouse_event_mapper.detect(): thumb-middle distances: current=0.3269603448909226, past=0.3439199178801549
2025-12-03 00:56:25,778 [DEBUG] mouse_event_mapper.update(): detected mouse event: MouseEvent.MOVE
2025-12-03 00:56:25,778 [DEBUG] controller._on_landmark_update(): Mouse event deteced: MOVE
2025-12-03 00:56:25,799 [DEBUG] camera.run(): Captured frame at timestamp: 12122
2025-12-03 00:56:25,810 [DEBUG] landmarker.update(): velocity=0.0761026510374723
2025-12-03 00:56:25,811 [DEBUG] pointer_mapper.update(): std=0.0021843542170431785, velocity=0.003789477253676366
2025-12-03 00:56:25,811 [DEBUG] controller._on_landmark_update(): Pointer mapped to screen position: (1130, 755)
2025-12-03 00:56:25,811 [DEBUG] mouse_event_mapper.detect(): thumb-index distances: current=0.1011568613080227, past=0.15405441717566434
2025-12-03 00:56:25,811 [DEBUG] mouse_event_mapper.detect(): thumb-middle distances: current=0.3228022725645305, past=0.337724092656922
2025-12-03 00:56:25,811 [DEBUG] mouse_event_mapper.update(): detected mouse event: MouseEvent.MOVE
2025-12-03 00:56:25,811 [DEBUG] controller._on_landmark_update(): Mouse event deteced: MOVE
2025-12-03 00:56:25,831 [DEBUG] camera.run(): Captured frame at timestamp: 12155
2025-12-03 00:56:25,842 [DEBUG] landmarker.update(): velocity=0.05933147335757929
2025-12-03 00:56:25,843 [DEBUG] pointer_mapper.update(): std=0.0020524611801125527, velocity=0.0032593118541447376
2025-12-03 00:56:25,843 [DEBUG] controller._on_landmark_update(): Pointer mapped to screen position: (1124, 759)
2025-12-03 00:56:25,843 [DEBUG] mouse_event_mapper.detect(): thumb-index distances: current=0.09004586234445104, past=0.1322369733018732
2025-12-03 00:56:25,843 [DEBUG] mouse_event_mapper.detect(): thumb-middle distances: current=0.3192408027996359, past=0.331884172568618
2025-12-03 00:56:25,843 [DEBUG] mouse_event_mapper.update(): detected mouse event: MouseEvent.MOVE
2025-12-03 00:56:25,843 [DEBUG] controller._on_landmark_update(): Mouse event deteced: MOVE
2025-12-03 00:56:25,859 [DEBUG] camera.run(): Captured frame at timestamp: 12182
2025-12-03 00:56:25,868 [DEBUG] landmarker.update(): velocity=0.04665236153261725
2025-12-03 00:56:25,869 [DEBUG] pointer_mapper.update(): std=0.0019217306866589077, velocity=0.003262465367216085
2025-12-03 00:56:25,869 [DEBUG] controller._on_landmark_update(): Pointer mapped to screen position: (1119, 762)
2025-12-03 00:56:25,869 [DEBUG] mouse_event_mapper.detect(): thumb-index distances: current=0.08157777085339533, past=0.11497606506133899
2025-12-03 00:56:25,869 [DEBUG] mouse_event_mapper.detect(): thumb-middle distances: current=0.3161692187845969, past=0.3269603448909226
2025-12-03 00:56:25,869 [DEBUG] mouse_event_mapper.update(): detected mouse event: MouseEvent.MOVE
2025-12-03 00:56:25,869 [DEBUG] controller._on_landmark_update(): Mouse event deteced: MOVE
2025-12-03 00:56:25,898 [DEBUG] camera.run(): Captured frame at timestamp: 12222
2025-12-03 00:56:25,909 [DEBUG] landmarker.update(): velocity=0.041363706195892726
2025-12-03 00:56:25,909 [DEBUG] pointer_mapper.update(): std=0.0016178089818032855, velocity=0.002545834577115106
2025-12-03 00:56:25,909 [DEBUG] controller._on_landmark_update(): Pointer mapped to screen position: (1113, 766)
2025-12-03 00:56:25,909 [DEBUG] mouse_event_mapper.detect(): thumb-index distances: current=0.07499623988524472, past=0.1011568613080227
2025-12-03 00:56:25,909 [DEBUG] mouse_event_mapper.detect(): thumb-middle distances: current=0.31369276537148766, past=0.3228022725645305
2025-12-03 00:56:25,909 [ERROR] mouse_event_mapper.detect(): left press detected
2025-12-03 00:56:25,909 [DEBUG] mouse_event_mapper.update(): detected mouse event: MouseEvent.LEFT_PRESS
2025-12-03 00:56:25,909 [DEBUG] controller._on_landmark_update(): Mouse event deteced: MOVE
2025-12-03 00:56:25,930 [DEBUG] camera.run(): Captured frame at timestamp: 12253
2025-12-03 00:56:25,940 [DEBUG] landmarker.update(): velocity=0.033060087410384326
2025-12-03 00:56:25,941 [DEBUG] pointer_mapper.update(): std=0.0014915049931719816, velocity=0.0024979939808469987
2025-12-03 00:56:25,941 [DEBUG] controller._on_landmark_update(): Pointer mapped to screen position: (1109, 768)
2025-12-03 00:56:25,941 [DEBUG] mouse_event_mapper.detect(): thumb-index distances: current=0.06992411745142472, past=0.09004586234445104
2025-12-03 00:56:25,941 [DEBUG] mouse_event_mapper.detect(): thumb-middle distances: current=0.31141599401665604, past=0.3192408027996359
2025-12-03 00:56:25,941 [ERROR] mouse_event_mapper.detect(): left press detected
2025-12-03 00:56:25,941 [DEBUG] mouse_event_mapper.update(): detected mouse event: MouseEvent.LEFT_PRESS
2025-12-03 00:56:25,941 [DEBUG] controller._on_landmark_update(): Mouse event deteced: MOVE
2025-12-03 00:56:25,962 [DEBUG] camera.run(): Captured frame at timestamp: 12285
2025-12-03 00:56:25,973 [DEBUG] landmarker.update(): velocity=0.018183082743787046
2025-12-03 00:56:25,973 [DEBUG] pointer_mapper.update(): std=0.0011536392064081728, velocity=0.0017881885750496175
2025-12-03 00:56:25,973 [DEBUG] controller._on_landmark_update(): Pointer mapped to screen position: (1104, 770)
2025-12-03 00:56:25,974 [DEBUG] mouse_event_mapper.detect(): thumb-index distances: current=0.06613239113903921, past=0.08157777085339533
2025-12-03 00:56:25,974 [DEBUG] mouse_event_mapper.detect(): thumb-middle distances: current=0.3091128100355432, past=0.3161692187845969
2025-12-03 00:56:25,974 [ERROR] mouse_event_mapper.detect(): left press detected
2025-12-03 00:56:25,974 [DEBUG] mouse_event_mapper.update(): detected mouse event: MouseEvent.LEFT_PRESS
2025-12-03 00:56:25,974 [DEBUG] controller._on_landmark_update(): Mouse event deteced: MOVE
2025-12-03 00:56:25,996 [DEBUG] camera.run(): Captured frame at timestamp: 12319
2025-12-03 00:56:26,006 [DEBUG] landmarker.update(): velocity=0.0220118158811093
2025-12-03 00:56:26,007 [DEBUG] pointer_mapper.update(): std=0.0008321626375577146, velocity=0.001792841869567746
2025-12-03 00:56:26,007 [DEBUG] controller._on_landmark_update(): Pointer mapped to screen position: (1100, 772)
2025-12-03 00:56:26,007 [DEBUG] mouse_event_mapper.detect(): thumb-index distances: current=0.0634663943065684, past=0.07499623988524472
2025-12-03 00:56:26,007 [DEBUG] mouse_event_mapper.detect(): thumb-middle distances: current=0.30654833780513907, past=0.31369276537148766
2025-12-03 00:56:26,007 [DEBUG] mouse_event_mapper.update(): detected mouse event: MouseEvent.MOVE
2025-12-03 00:56:26,007 [DEBUG] controller._on_landmark_update(): Mouse event deteced: LEFT_PRESS
2025-12-03 00:56:26,029 [DEBUG] camera.run(): Captured frame at timestamp: 12352
2025-12-03 00:56:26,040 [DEBUG] landmarker.update(): velocity=0.03799886152629191
2025-12-03 00:56:26,040 [DEBUG] pointer_mapper.update(): std=0.0008459104438819818, velocity=0.00225668139909759
2025-12-03 00:56:26,040 [DEBUG] controller._on_landmark_update(): Pointer mapped to screen position: (1095, 772)
2025-12-03 00:56:26,040 [DEBUG] mouse_event_mapper.detect(): thumb-index distances: current=0.06189766770830779, past=0.06992411745142472
2025-12-03 00:56:26,040 [DEBUG] mouse_event_mapper.detect(): thumb-middle distances: current=0.30384316455006233, past=0.31141599401665604
2025-12-03 00:56:26,040 [DEBUG] mouse_event_mapper.update(): detected mouse event: MouseEvent.MOVE
2025-12-03 00:56:26,040 [DEBUG] controller._on_landmark_update(): Mouse event deteced: MOVE
2025-12-03 00:56:26,062 [DEBUG] camera.run(): Captured frame at timestamp: 12385
2025-12-03 00:56:26,072 [DEBUG] landmarker.update(): velocity=0.07451849685619784
2025-12-03 00:56:26,073 [DEBUG] pointer_mapper.update(): std=0.00144759275737924, velocity=0.003780235487101811
2025-12-03 00:56:26,073 [DEBUG] controller._on_landmark_update(): Pointer mapped to screen position: (1090, 772)
2025-12-03 00:56:26,073 [DEBUG] mouse_event_mapper.detect(): thumb-index distances: current=0.06423234093552421, past=0.06613239113903921
2025-12-03 00:56:26,073 [DEBUG] mouse_event_mapper.detect(): thumb-middle distances: current=0.3024261335855032, past=0.3091128100355432
2025-12-03 00:56:26,073 [DEBUG] mouse_event_mapper.update(): detected mouse event: MouseEvent.MOVE
2025-12-03 00:56:26,073 [DEBUG] controller._on_landmark_update(): Mouse event deteced: MOVE
2025-12-03 00:56:26,095 [DEBUG] camera.run(): Captured frame at timestamp: 12419
2025-12-03 00:56:26,106 [DEBUG] landmarker.update(): velocity=0.10457964171468431
2025-12-03 00:56:26,107 [DEBUG] pointer_mapper.update(): std=0.002091902694097953, velocity=0.0053142809717958974
2025-12-03 00:56:26,107 [DEBUG] controller._on_landmark_update(): Pointer mapped to screen position: (1084, 772)
2025-12-03 00:56:26,107 [DEBUG] mouse_event_mapper.detect(): thumb-index distances: current=0.07239216361574585, past=0.0634663943065684
2025-12-03 00:56:26,107 [DEBUG] mouse_event_mapper.detect(): thumb-middle distances: current=0.30300578679519957, past=0.30654833780513907
2025-12-03 00:56:26,107 [DEBUG] mouse_event_mapper.update(): detected mouse event: MouseEvent.MOVE
2025-12-03 00:56:26,107 [DEBUG] controller._on_landmark_update(): Mouse event deteced: MOVE
2025-12-03 00:56:26,128 [DEBUG] camera.run(): Captured frame at timestamp: 12452
2025-12-03 00:56:26,139 [DEBUG] landmarker.update(): velocity=0.12795938198858686
2025-12-03 00:56:26,139 [DEBUG] pointer_mapper.update(): std=0.0031187605684481774, velocity=0.007416701276116955
2025-12-03 00:56:26,139 [DEBUG] controller._on_landmark_update(): Pointer mapped to screen position: (1078, 771)
2025-12-03 00:56:26,139 [DEBUG] mouse_event_mapper.detect(): thumb-index distances: current=0.08705424342273167, past=0.06189766770830779
2025-12-03 00:56:26,139 [DEBUG] mouse_event_mapper.detect(): thumb-middle distances: current=0.30676447011330127, past=0.30384316455006233
2025-12-03 00:56:26,139 [ERROR] mouse_event_mapper.detect(): left release detected
2025-12-03 00:56:26,139 [DEBUG] mouse_event_mapper.update(): detected mouse event: MouseEvent.LEFT_RELEASE
2025-12-03 00:56:26,139 [DEBUG] controller._on_landmark_update(): Mouse event deteced: MOVE
2025-12-03 00:56:26,161 [DEBUG] camera.run(): Captured frame at timestamp: 12485
2025-12-03 00:56:26,172 [DEBUG] landmarker.update(): velocity=0.15651100801332044
2025-12-03 00:56:26,173 [DEBUG] pointer_mapper.update(): std=0.004264033701325274, velocity=0.010015647671693223
2025-12-03 00:56:26,173 [DEBUG] controller._on_landmark_update(): Pointer mapped to screen position: (1071, 770)
2025-12-03 00:56:26,173 [DEBUG] mouse_event_mapper.detect(): thumb-index distances: current=0.10526622386716533, past=0.06423234093552421
2025-12-03 00:56:26,173 [DEBUG] mouse_event_mapper.detect(): thumb-middle distances: current=0.31330236591806865, past=0.3024261335855032
2025-12-03 00:56:26,173 [ERROR] mouse_event_mapper.detect(): left release detected
2025-12-03 00:56:26,173 [DEBUG] mouse_event_mapper.update(): detected mouse event: MouseEvent.LEFT_RELEASE
2025-12-03 00:56:26,173 [DEBUG] controller._on_landmark_update(): Mouse event deteced: MOVE
2025-12-03 00:56:26,192 [DEBUG] camera.run(): Captured frame at timestamp: 12516
2025-12-03 00:56:26,203 [DEBUG] landmarker.update(): velocity=0.18798412153323588
2025-12-03 00:56:26,204 [DEBUG] pointer_mapper.update(): std=0.00550079940762725, velocity=0.013318404292807439
2025-12-03 00:56:26,204 [DEBUG] controller._on_landmark_update(): Pointer mapped to screen position: (1060, 768)
2025-12-03 00:56:26,204 [DEBUG] mouse_event_mapper.detect(): thumb-index distances: current=0.12567199188608064, past=0.07239216361574585
2025-12-03 00:56:26,204 [DEBUG] mouse_event_mapper.detect(): thumb-middle distances: current=0.32222082384441997, past=0.30300578679519957
2025-12-03 00:56:26,205 [ERROR] mouse_event_mapper.detect(): left release detected
2025-12-03 00:56:26,205 [DEBUG] mouse_event_mapper.update(): detected mouse event: MouseEvent.LEFT_RELEASE
2025-12-03 00:56:26,205 [DEBUG] controller._on_landmark_update(): Mouse event deteced: MOVE
2025-12-03 00:56:26,228 [DEBUG] camera.run(): Captured frame at timestamp: 12552
2025-12-03 00:56:26,239 [DEBUG] landmarker.update(): velocity=0.20180088443243674
2025-12-03 00:56:26,240 [DEBUG] pointer_mapper.update(): std=0.006810238041557198, velocity=0.01614779107876658
2025-12-03 00:56:26,240 [DEBUG] controller._on_landmark_update(): Pointer mapped to screen position: (1045, 765)
2025-12-03 00:56:26,240 [DEBUG] mouse_event_mapper.detect(): thumb-index distances: current=0.14587331477749163, past=0.08705424342273167
2025-12-03 00:56:26,240 [DEBUG] mouse_event_mapper.detect(): thumb-middle distances: current=0.33223262071577525, past=0.30676447011330127
2025-12-03 00:56:26,240 [DEBUG] mouse_event_mapper.update(): detected mouse event: MouseEvent.MOVE
2025-12-03 00:56:26,240 [DEBUG] controller._on_landmark_update(): Mouse event deteced: LEFT_RELEASE
2025-12-03 00:56:26,262 [DEBUG] camera.run(): Captured frame at timestamp: 12585
2025-12-03 00:56:26,273 [DEBUG] landmarker.update(): velocity=0.23132975853324064
2025-12-03 00:56:26,274 [DEBUG] pointer_mapper.update(): std=0.008331512417408907, velocity=0.01901564995492137
2025-12-03 00:56:26,274 [DEBUG] controller._on_landmark_update(): Pointer mapped to screen position: (1026, 763)
2025-12-03 00:56:26,274 [DEBUG] mouse_event_mapper.detect(): thumb-index distances: current=0.16422715478284092, past=0.10526622386716533
2025-12-03 00:56:26,274 [DEBUG] mouse_event_mapper.detect(): thumb-middle distances: current=0.34222897739301134, past=0.31330236591806865
2025-12-03 00:56:26,274 [DEBUG] mouse_event_mapper.update(): detected mouse event: MouseEvent.MOVE
2025-12-03 00:56:26,274 [DEBUG] controller._on_landmark_update(): Mouse event deteced: MOVE
2025-12-03 00:56:26,295 [DEBUG] camera.run(): Captured frame at timestamp: 12619
2025-12-03 00:56:26,306 [DEBUG] landmarker.update(): velocity=0.2536985486020552
2025-12-03 00:56:26,306 [DEBUG] pointer_mapper.update(): std=0.009710512665957079, velocity=0.021536443527253497
2025-12-03 00:56:26,306 [DEBUG] controller._on_landmark_update(): Pointer mapped to screen position: (1002, 760)
2025-12-03 00:56:26,306 [DEBUG] mouse_event_mapper.detect(): thumb-index distances: current=0.17968215509914787, past=0.12567199188608064
2025-12-03 00:56:26,306 [DEBUG] mouse_event_mapper.detect(): thumb-middle distances: current=0.3518017844025432, past=0.32222082384441997
2025-12-03 00:56:26,306 [DEBUG] mouse_event_mapper.update(): detected mouse event: MouseEvent.MOVE
2025-12-03 00:56:26,306 [DEBUG] controller._on_landmark_update(): Mouse event deteced: MOVE
2025-12-03 00:56:26,327 [DEBUG] camera.run(): Captured frame at timestamp: 12651
2025-12-03 00:56:26,338 [DEBUG] landmarker.update(): velocity=0.2686772244241311
2025-12-03 00:56:26,339 [DEBUG] pointer_mapper.update(): std=0.010874664334346591, velocity=0.02368048179712834
2025-12-03 00:56:26,339 [DEBUG] controller._on_landmark_update(): Pointer mapped to screen position: (975, 758)
2025-12-03 00:56:26,339 [DEBUG] mouse_event_mapper.detect(): thumb-index distances: current=0.1940215542776524, past=0.14587331477749163
2025-12-03 00:56:26,339 [DEBUG] mouse_event_mapper.detect(): thumb-middle distances: current=0.36127726628180096, past=0.33223262071577525
2025-12-03 00:56:26,339 [DEBUG] mouse_event_mapper.update(): detected mouse event: MouseEvent.MOVE
2025-12-03 00:56:26,339 [DEBUG] controller._on_landmark_update(): Mouse event deteced: MOVE
2025-12-03 00:56:26,359 [DEBUG] camera.run(): Captured frame at timestamp: 12682
2025-12-03 00:56:26,369 [DEBUG] landmarker.update(): velocity=0.28938168109997797
2025-12-03 00:56:26,370 [DEBUG] pointer_mapper.update(): std=0.01180801949615905, velocity=0.025577478109129866
2025-12-03 00:56:26,370 [DEBUG] controller._on_landmark_update(): Pointer mapped to screen position: (944, 756)
2025-12-03 00:56:26,371 [DEBUG] mouse_event_mapper.detect(): thumb-index distances: current=0.20593569024283243, past=0.16422715478284092
2025-12-03 00:56:26,371 [DEBUG] mouse_event_mapper.detect(): thumb-middle distances: current=0.36976857852003303, past=0.34222897739301134
2025-12-03 00:56:26,371 [DEBUG] mouse_event_mapper.update(): detected mouse event: MouseEvent.MOVE
2025-12-03 00:56:26,371 [DEBUG] controller._on_landmark_update(): Mouse event deteced: MOVE
2025-12-03 00:56:26,396 [DEBUG] camera.run(): Captured frame at timestamp: 12720
2025-12-03 00:56:26,407 [DEBUG] landmarker.update(): velocity=0.2996575456259956
2025-12-03 00:56:26,408 [DEBUG] pointer_mapper.update(): std=0.012602503601606288, velocity=0.02754523304427529
2025-12-03 00:56:26,408 [DEBUG] controller._on_landmark_update(): Pointer mapped to screen position: (909, 755)
2025-12-03 00:56:26,408 [DEBUG] mouse_event_mapper.detect(): thumb-index distances: current=0.21505096131319532, past=0.17968215509914787
2025-12-03 00:56:26,408 [DEBUG] mouse_event_mapper.detect(): thumb-middle distances: current=0.3770764878290879, past=0.3518017844025432
2025-12-03 00:56:26,408 [DEBUG] mouse_event_mapper.update(): detected mouse event: MouseEvent.MOVE
2025-12-03 00:56:26,408 [DEBUG] controller._on_landmark_update(): Mouse event deteced: MOVE
2025-12-03 00:56:26,431 [DEBUG] camera.run(): Captured frame at timestamp: 12754
2025-12-03 00:56:26,442 [DEBUG] landmarker.update(): velocity=0.30705785726297175
2025-12-03 00:56:26,443 [DEBUG] pointer_mapper.update(): std=0.01324257593830488, velocity=0.029414156835462404
2025-12-03 00:56:26,443 [DEBUG] controller._on_landmark_update(): Pointer mapped to screen position: (870, 754)
2025-12-03 00:56:26,443 [DEBUG] mouse_event_mapper.detect(): thumb-index distances: current=0.2212411009794156, past=0.1940215542776524
2025-12-03 00:56:26,443 [DEBUG] mouse_event_mapper.detect(): thumb-middle distances: current=0.38352059483643264, past=0.36127726628180096
2025-12-03 00:56:26,443 [DEBUG] mouse_event_mapper.update(): detected mouse event: MouseEvent.MOVE
2025-12-03 00:56:26,443 [DEBUG] controller._on_landmark_update(): Mouse event deteced: MOVE
2025-12-03 00:56:26,465 [DEBUG] camera.run(): Captured frame at timestamp: 12788
2025-12-03 00:56:26,476 [DEBUG] landmarker.update(): velocity=0.3120911898387693
2025-12-03 00:56:26,476 [DEBUG] pointer_mapper.update(): std=0.013631061085501574, velocity=0.030434341391893285
2025-12-03 00:56:26,476 [DEBUG] controller._on_landmark_update(): Pointer mapped to screen position: (828, 753)
2025-12-03 00:56:26,476 [DEBUG] mouse_event_mapper.detect(): thumb-index distances: current=0.22606930933102784, past=0.20593569024283243
2025-12-03 00:56:26,476 [DEBUG] mouse_event_mapper.detect(): thumb-middle distances: current=0.3893827876263168, past=0.36976857852003303
2025-12-03 00:56:26,476 [DEBUG] mouse_event_mapper.update(): detected mouse event: MouseEvent.MOVE
2025-12-03 00:56:26,476 [DEBUG] controller._on_landmark_update(): Mouse event deteced: MOVE
2025-12-03 00:56:26,499 [DEBUG] camera.run(): Captured frame at timestamp: 12822
2025-12-03 00:56:26,510 [DEBUG] landmarker.update(): velocity=0.3208962874886074
2025-12-03 00:56:26,510 [DEBUG] pointer_mapper.update(): std=0.013943554215203349, velocity=0.03135952645023755
2025-12-03 00:56:26,510 [DEBUG] controller._on_landmark_update(): Pointer mapped to screen position: (784, 751)
2025-12-03 00:56:26,510 [DEBUG] mouse_event_mapper.detect(): thumb-index distances: current=0.22995475589690284, past=0.21505096131319532
2025-12-03 00:56:26,510 [DEBUG] mouse_event_mapper.detect(): thumb-middle distances: current=0.3944806797305162, past=0.3770764878290879
2025-12-03 00:56:26,510 [DEBUG] mouse_event_mapper.update(): detected mouse event: MouseEvent.MOVE
2025-12-03 00:56:26,510 [DEBUG] controller._on_landmark_update(): Mouse event deteced: MOVE
2025-12-03 00:56:26,532 [DEBUG] camera.run(): Captured frame at timestamp: 12856
2025-12-03 00:56:26,543 [DEBUG] landmarker.update(): velocity=0.3185462598248776
2025-12-03 00:56:26,544 [DEBUG] pointer_mapper.update(): std=0.014090253611784755, velocity=0.031119774938870717
2025-12-03 00:56:26,544 [DEBUG] controller._on_landmark_update(): Pointer mapped to screen position: (737, 748)
2025-12-03 00:56:26,544 [DEBUG] mouse_event_mapper.detect(): thumb-index distances: current=0.23263416805880044, past=0.2212411009794156
2025-12-03 00:56:26,544 [DEBUG] mouse_event_mapper.detect(): thumb-middle distances: current=0.3977792095987634, past=0.38352059483643264
2025-12-03 00:56:26,544 [DEBUG] mouse_event_mapper.update(): detected mouse event: MouseEvent.MOVE
2025-12-03 00:56:26,544 [DEBUG] controller._on_landmark_update(): Mouse event deteced: MOVE
2025-12-03 00:56:26,566 [DEBUG] camera.run(): Captured frame at timestamp: 12889
2025-12-03 00:56:26,576 [DEBUG] landmarker.update(): velocity=0.30555858324954116
2025-12-03 00:56:26,577 [DEBUG] pointer_mapper.update(): std=0.014032350734856473, velocity=0.030519063359275175
2025-12-03 00:56:26,577 [DEBUG] controller._on_landmark_update(): Pointer mapped to screen position: (688, 745)
2025-12-03 00:56:26,577 [DEBUG] mouse_event_mapper.detect(): thumb-index distances: current=0.235040454127709, past=0.22606930933102784
2025-12-03 00:56:26,577 [DEBUG] mouse_event_mapper.detect(): thumb-middle distances: current=0.39974564325613443, past=0.3893827876263168
2025-12-03 00:56:26,577 [DEBUG] mouse_event_mapper.update(): detected mouse event: MouseEvent.MOVE
2025-12-03 00:56:26,577 [DEBUG] controller._on_landmark_update(): Mouse event deteced: MOVE
2025-12-03 00:56:26,599 [DEBUG] camera.run(): Captured frame at timestamp: 12923
2025-12-03 00:56:26,611 [DEBUG] landmarker.update(): velocity=0.3006383056738046
2025-12-03 00:56:26,611 [DEBUG] pointer_mapper.update(): std=0.01368352626755269, velocity=0.029307212545520475
2025-12-03 00:56:26,611 [DEBUG] controller._on_landmark_update(): Pointer mapped to screen position: (638, 743)
2025-12-03 00:56:26,611 [DEBUG] mouse_event_mapper.detect(): thumb-index distances: current=0.23641962792682744, past=0.22995475589690284
2025-12-03 00:56:26,611 [DEBUG] mouse_event_mapper.detect(): thumb-middle distances: current=0.39993836553717554, past=0.3944806797305162
2025-12-03 00:56:26,611 [DEBUG] mouse_event_mapper.update(): detected mouse event: MouseEvent.MOVE
2025-12-03 00:56:26,611 [DEBUG] controller._on_landmark_update(): Mouse event deteced: MOVE
2025-12-03 00:56:26,632 [DEBUG] camera.run(): Captured frame at timestamp: 12955
2025-12-03 00:56:26,643 [DEBUG] landmarker.update(): velocity=0.2859982907983163
2025-12-03 00:56:26,643 [DEBUG] pointer_mapper.update(): std=0.01327650296438603, velocity=0.02792963131957979
2025-12-03 00:56:26,643 [DEBUG] controller._on_landmark_update(): Pointer mapped to screen position: (588, 742)
2025-12-03 00:56:26,643 [DEBUG] mouse_event_mapper.detect(): thumb-index distances: current=0.23638515517561412, past=0.23263416805880044
2025-12-03 00:56:26,643 [DEBUG] mouse_event_mapper.detect(): thumb-middle distances: current=0.39837942369116, past=0.3977792095987634
2025-12-03 00:56:26,643 [DEBUG] mouse_event_mapper.update(): detected mouse event: MouseEvent.MOVE
2025-12-03 00:56:26,643 [DEBUG] controller._on_landmark_update(): Mouse event deteced: MOVE
2025-12-03 00:56:26,666 [DEBUG] camera.run(): Captured frame at timestamp: 12989
2025-12-03 00:56:26,676 [DEBUG] landmarker.update(): velocity=0.2698282427998378
2025-12-03 00:56:26,677 [DEBUG] pointer_mapper.update(): std=0.01281536589224762, velocity=0.02671218134201872
2025-12-03 00:56:26,677 [DEBUG] controller._on_landmark_update(): Pointer mapped to screen position: (538, 741)
2025-12-03 00:56:26,677 [DEBUG] mouse_event_mapper.detect(): thumb-index distances: current=0.23523743218056622, past=0.235040454127709
2025-12-03 00:56:26,677 [DEBUG] mouse_event_mapper.detect(): thumb-middle distances: current=0.3951441699899552, past=0.39974564325613443
2025-12-03 00:56:26,677 [DEBUG] mouse_event_mapper.update(): detected mouse event: MouseEvent.MOVE
2025-12-03 00:56:26,677 [DEBUG] controller._on_landmark_update(): Mouse event deteced: MOVE
2025-12-03 00:56:26,699 [DEBUG] camera.run(): Captured frame at timestamp: 13023
2025-12-03 00:56:26,710 [DEBUG] landmarker.update(): velocity=0.2628658552155887
2025-12-03 00:56:26,711 [DEBUG] pointer_mapper.update(): std=0.012333197597402295, velocity=0.025428340857517433
2025-12-03 00:56:26,711 [DEBUG] controller._on_landmark_update(): Pointer mapped to screen position: (488, 742)
2025-12-03 00:56:26,711 [DEBUG] mouse_event_mapper.detect(): thumb-index distances: current=0.2318215642002952, past=0.23641962792682744
2025-12-03 00:56:26,711 [DEBUG] mouse_event_mapper.detect(): thumb-middle distances: current=0.3906900751027608, past=0.39993836553717554
2025-12-03 00:56:26,711 [DEBUG] mouse_event_mapper.update(): detected mouse event: MouseEvent.MOVE
2025-12-03 00:56:26,711 [DEBUG] controller._on_landmark_update(): Mouse event deteced: MOVE
2025-12-03 00:56:26,732 [DEBUG] camera.run(): Captured frame at timestamp: 13056
2025-12-03 00:56:26,743 [DEBUG] landmarker.update(): velocity=0.24352362537512698
2025-12-03 00:56:26,744 [DEBUG] pointer_mapper.update(): std=0.011836764564258645, velocity=0.024126880799926025
2025-12-03 00:56:26,744 [DEBUG] controller._on_landmark_update(): Pointer mapped to screen position: (439, 743)
2025-12-03 00:56:26,744 [DEBUG] mouse_event_mapper.detect(): thumb-index distances: current=0.22630075617653198, past=0.23638515517561412
2025-12-03 00:56:26,744 [DEBUG] mouse_event_mapper.detect(): thumb-middle distances: current=0.38542323589747524, past=0.39837942369116
2025-12-03 00:56:26,744 [DEBUG] mouse_event_mapper.update(): detected mouse event: MouseEvent.MOVE
2025-12-03 00:56:26,744 [DEBUG] controller._on_landmark_update(): Mouse event deteced: MOVE
2025-12-03 00:56:26,766 [DEBUG] camera.run(): Captured frame at timestamp: 13089
2025-12-03 00:56:26,777 [DEBUG] landmarker.update(): velocity=0.2292486459881506
2025-12-03 00:56:26,777 [DEBUG] pointer_mapper.update(): std=0.011281246477153686, velocity=0.022862593437728077
2025-12-03 00:56:26,777 [DEBUG] controller._on_landmark_update(): Pointer mapped to screen position: (390, 744)
2025-12-03 00:56:26,777 [DEBUG] mouse_event_mapper.detect(): thumb-index distances: current=0.2181513405744946, past=0.23523743218056622
2025-12-03 00:56:26,777 [DEBUG] mouse_event_mapper.detect(): thumb-middle distances: current=0.37958114395571796, past=0.3951441699899552
2025-12-03 00:56:26,777 [DEBUG] mouse_event_mapper.update(): detected mouse event: MouseEvent.MOVE
2025-12-03 00:56:26,777 [DEBUG] controller._on_landmark_update(): Mouse event deteced: MOVE
2025-12-03 00:56:26,799 [DEBUG] camera.run(): Captured frame at timestamp: 13122
2025-12-03 00:56:26,810 [DEBUG] landmarker.update(): velocity=0.2096930940015061
2025-12-03 00:56:26,811 [DEBUG] pointer_mapper.update(): std=0.010604585179439534, velocity=0.021261905656455537
2025-12-03 00:56:26,811 [DEBUG] controller._on_landmark_update(): Pointer mapped to screen position: (343, 746)
2025-12-03 00:56:26,811 [DEBUG] mouse_event_mapper.detect(): thumb-index distances: current=0.20851823631247055, past=0.2318215642002952
2025-12-03 00:56:26,811 [DEBUG] mouse_event_mapper.detect(): thumb-middle distances: current=0.3727080275198505, past=0.3906900751027608
2025-12-03 00:56:26,811 [DEBUG] mouse_event_mapper.update(): detected mouse event: MouseEvent.MOVE
2025-12-03 00:56:26,811 [DEBUG] controller._on_landmark_update(): Mouse event deteced: MOVE
2025-12-03 00:56:26,833 [DEBUG] camera.run(): Captured frame at timestamp: 13156
2025-12-03 00:56:26,844 [DEBUG] landmarker.update(): velocity=0.2158251441620781
2025-12-03 00:56:26,844 [DEBUG] pointer_mapper.update(): std=0.009802261024812034, velocity=0.019249968485081884
2025-12-03 00:56:26,844 [DEBUG] controller._on_landmark_update(): Pointer mapped to screen position: (298, 748)
2025-12-03 00:56:26,844 [DEBUG] mouse_event_mapper.detect(): thumb-index distances: current=0.1941275094225706, past=0.22630075617653198
2025-12-03 00:56:26,844 [DEBUG] mouse_event_mapper.detect(): thumb-middle distances: current=0.36452219234204897, past=0.38542323589747524
2025-12-03 00:56:26,844 [DEBUG] mouse_event_mapper.update(): detected mouse event: MouseEvent.MOVE
2025-12-03 00:56:26,844 [DEBUG] controller._on_landmark_update(): Mouse event deteced: MOVE
2025-12-03 00:56:26,866 [DEBUG] camera.run(): Captured frame at timestamp: 13190
2025-12-03 00:56:26,877 [DEBUG] landmarker.update(): velocity=0.18518684713422384
2025-12-03 00:56:26,877 [DEBUG] pointer_mapper.update(): std=0.008947526648791882, velocity=0.017093414562477007
2025-12-03 00:56:26,878 [DEBUG] controller._on_landmark_update(): Pointer mapped to screen position: (255, 752)
2025-12-03 00:56:26,878 [DEBUG] mouse_event_mapper.detect(): thumb-index distances: current=0.1764542125895884, past=0.2181513405744946
2025-12-03 00:56:26,878 [DEBUG] mouse_event_mapper.detect(): thumb-middle distances: current=0.35536187094280375, past=0.37958114395571796
2025-12-03 00:56:26,878 [DEBUG] mouse_event_mapper.update(): detected mouse event: MouseEvent.MOVE
2025-12-03 00:56:26,878 [DEBUG] controller._on_landmark_update(): Mouse event deteced: MOVE
2025-12-03 00:56:26,899 [DEBUG] camera.run(): Captured frame at timestamp: 13223
2025-12-03 00:56:26,910 [DEBUG] landmarker.update(): velocity=0.16174938434087016
2025-12-03 00:56:26,911 [DEBUG] pointer_mapper.update(): std=0.008005401536792531, velocity=0.015000830578056902
2025-12-03 00:56:26,911 [DEBUG] controller._on_landmark_update(): Pointer mapped to screen position: (215, 755)
2025-12-03 00:56:26,911 [DEBUG] mouse_event_mapper.detect(): thumb-index distances: current=0.15781654493064443, past=0.20851823631247055
2025-12-03 00:56:26,911 [DEBUG] mouse_event_mapper.detect(): thumb-middle distances: current=0.34654573625020474, past=0.3727080275198505
2025-12-03 00:56:26,911 [DEBUG] mouse_event_mapper.update(): detected mouse event: MouseEvent.MOVE
2025-12-03 00:56:26,911 [DEBUG] controller._on_landmark_update(): Mouse event deteced: MOVE
2025-12-03 00:56:26,932 [DEBUG] camera.run(): Captured frame at timestamp: 13256
2025-12-03 00:56:26,943 [DEBUG] landmarker.update(): velocity=0.13200189305069376
2025-12-03 00:56:26,944 [DEBUG] pointer_mapper.update(): std=0.006971474049669942, velocity=0.012925075948989347
2025-12-03 00:56:26,944 [DEBUG] controller._on_landmark_update(): Pointer mapped to screen position: (177, 759)
2025-12-03 00:56:26,944 [DEBUG] mouse_event_mapper.detect(): thumb-index distances: current=0.1425680528058403, past=0.1941275094225706
2025-12-03 00:56:26,944 [DEBUG] mouse_event_mapper.detect(): thumb-middle distances: current=0.33857239068268613, past=0.36452219234204897
2025-12-03 00:56:26,944 [DEBUG] mouse_event_mapper.update(): detected mouse event: MouseEvent.MOVE
2025-12-03 00:56:26,944 [DEBUG] controller._on_landmark_update(): Mouse event deteced: MOVE
2025-12-03 00:56:26,966 [DEBUG] camera.run(): Captured frame at timestamp: 13289
2025-12-03 00:56:26,977 [DEBUG] landmarker.update(): velocity=0.11882646393846256
2025-12-03 00:56:26,977 [DEBUG] pointer_mapper.update(): std=0.0059605146656755165, velocity=0.01125958999060153
2025-12-03 00:56:26,977 [DEBUG] controller._on_landmark_update(): Pointer mapped to screen position: (144, 763)
2025-12-03 00:56:26,977 [DEBUG] mouse_event_mapper.detect(): thumb-index distances: current=0.1298906959678159, past=0.1764542125895884
2025-12-03 00:56:26,977 [DEBUG] mouse_event_mapper.detect(): thumb-middle distances: current=0.3315427547028096, past=0.35536187094280375
2025-12-03 00:56:26,977 [DEBUG] mouse_event_mapper.update(): detected mouse event: MouseEvent.MOVE
2025-12-03 00:56:26,977 [DEBUG] controller._on_landmark_update(): Mouse event deteced: MOVE
2025-12-03 00:56:26,999 [DEBUG] camera.run(): Captured frame at timestamp: 13322
2025-12-03 00:56:27,010 [DEBUG] landmarker.update(): velocity=0.09284442005069504
2025-12-03 00:56:27,011 [DEBUG] pointer_mapper.update(): std=0.005082484562402364, velocity=0.009540484190454822
2025-12-03 00:56:27,011 [DEBUG] controller._on_landmark_update(): Pointer mapped to screen position: (115, 767)
2025-12-03 00:56:27,011 [DEBUG] mouse_event_mapper.detect(): thumb-index distances: current=0.11960086423788867, past=0.15781654493064443
2025-12-03 00:56:27,011 [DEBUG] mouse_event_mapper.detect(): thumb-middle distances: current=0.3253064972812849, past=0.34654573625020474
2025-12-03 00:56:27,011 [DEBUG] mouse_event_mapper.update(): detected mouse event: MouseEvent.MOVE
2025-12-03 00:56:27,011 [DEBUG] controller._on_landmark_update(): Mouse event deteced: MOVE
2025-12-03 00:56:27,032 [DEBUG] camera.run(): Captured frame at timestamp: 13356
2025-12-03 00:56:27,043 [DEBUG] landmarker.update(): velocity=0.08694953753237257
2025-12-03 00:56:27,044 [DEBUG] pointer_mapper.update(): std=0.004305665294048465, velocity=0.008349285295747666
2025-12-03 00:56:27,044 [DEBUG] controller._on_landmark_update(): Pointer mapped to screen position: (92, 770)
2025-12-03 00:56:27,044 [DEBUG] mouse_event_mapper.detect(): thumb-index distances: current=0.11105111806755365, past=0.1425680528058403
2025-12-03 00:56:27,044 [DEBUG] mouse_event_mapper.detect(): thumb-middle distances: current=0.31996139538882895, past=0.33857239068268613
2025-12-03 00:56:27,044 [DEBUG] mouse_event_mapper.update(): detected mouse event: MouseEvent.MOVE
2025-12-03 00:56:27,044 [DEBUG] controller._on_landmark_update(): Mouse event deteced: MOVE
2025-12-03 00:56:27,066 [DEBUG] camera.run(): Captured frame at timestamp: 13389
2025-12-03 00:56:27,077 [DEBUG] landmarker.update(): velocity=0.07017578719974728
2025-12-03 00:56:27,077 [DEBUG] pointer_mapper.update(): std=0.003643604768525466, velocity=0.007108537341716783
2025-12-03 00:56:27,077 [DEBUG] controller._on_landmark_update(): Pointer mapped to screen position: (74, 773)
2025-12-03 00:56:27,078 [DEBUG] mouse_event_mapper.detect(): thumb-index distances: current=0.10402917857459622, past=0.1298906959678159
2025-12-03 00:56:27,078 [DEBUG] mouse_event_mapper.detect(): thumb-middle distances: current=0.3152031095257495, past=0.3315427547028096
2025-12-03 00:56:27,078 [DEBUG] mouse_event_mapper.update(): detected mouse event: MouseEvent.MOVE
2025-12-03 00:56:27,078 [DEBUG] controller._on_landmark_update(): Mouse event deteced: MOVE
2025-12-03 00:56:27,099 [DEBUG] camera.run(): Captured frame at timestamp: 13423
2025-12-03 00:56:27,110 [DEBUG] landmarker.update(): velocity=0.06250972317500011
2025-12-03 00:56:27,111 [DEBUG] pointer_mapper.update(): std=0.003087382495140429, velocity=0.006176025521670077
2025-12-03 00:56:27,111 [DEBUG] controller._on_landmark_update(): Pointer mapped to screen position: (59, 776)
2025-12-03 00:56:27,111 [DEBUG] mouse_event_mapper.detect(): thumb-index distances: current=0.0980181298015713, past=0.11960086423788867
2025-12-03 00:56:27,111 [DEBUG] mouse_event_mapper.detect(): thumb-middle distances: current=0.3111110844706039, past=0.3253064972812849
2025-12-03 00:56:27,111 [DEBUG] mouse_event_mapper.update(): detected mouse event: MouseEvent.MOVE
2025-12-03 00:56:27,111 [DEBUG] controller._on_landmark_update(): Mouse event deteced: MOVE
2025-12-03 00:56:27,133 [DEBUG] camera.run(): Captured frame at timestamp: 13456
2025-12-03 00:56:27,144 [DEBUG] landmarker.update(): velocity=0.061154276233994595
2025-12-03 00:56:27,145 [DEBUG] pointer_mapper.update(): std=0.002750199226737608, velocity=0.005772248873668845
2025-12-03 00:56:27,145 [DEBUG] controller._on_landmark_update(): Pointer mapped to screen position: (47, 777)
2025-12-03 00:56:27,145 [DEBUG] mouse_event_mapper.detect(): thumb-index distances: current=0.09301794452684538, past=0.11105111806755365
2025-12-03 00:56:27,145 [DEBUG] mouse_event_mapper.detect(): thumb-middle distances: current=0.307837890360676, past=0.31996139538882895
2025-12-03 00:56:27,145 [DEBUG] mouse_event_mapper.update(): detected mouse event: MouseEvent.MOVE
2025-12-03 00:56:27,145 [DEBUG] controller._on_landmark_update(): Mouse event deteced: MOVE
2025-12-03 00:56:27,164 [DEBUG] camera.run(): Captured frame at timestamp: 13487
2025-12-03 00:56:27,175 [DEBUG] landmarker.update(): velocity=0.05925763072157645
2025-12-03 00:56:27,175 [DEBUG] pointer_mapper.update(): std=0.0025531810698928036, velocity=0.005868778106000227
2025-12-03 00:56:27,175 [DEBUG] controller._on_landmark_update(): Pointer mapped to screen position: (37, 779)
2025-12-03 00:56:27,175 [DEBUG] mouse_event_mapper.detect(): thumb-index distances: current=0.08939380690687292, past=0.10402917857459622
2025-12-03 00:56:27,175 [DEBUG] mouse_event_mapper.detect(): thumb-middle distances: current=0.3051784740708456, past=0.3152031095257495
2025-12-03 00:56:27,175 [DEBUG] mouse_event_mapper.update(): detected mouse event: MouseEvent.MOVE
2025-12-03 00:56:27,175 [DEBUG] controller._on_landmark_update(): Mouse event deteced: MOVE
2025-12-03 00:56:27,196 [DEBUG] camera.run(): Captured frame at timestamp: 13520
2025-12-03 00:56:27,207 [DEBUG] landmarker.update(): velocity=0.08237273598110162
2025-12-03 00:56:27,208 [DEBUG] pointer_mapper.update(): std=0.0025479550468010133, velocity=0.007071216177605902
2025-12-03 00:56:27,208 [DEBUG] controller._on_landmark_update(): Pointer mapped to screen position: (30, 778)
2025-12-03 00:56:27,208 [DEBUG] mouse_event_mapper.detect(): thumb-index distances: current=0.08726949670958073, past=0.0980181298015713
2025-12-03 00:56:27,208 [DEBUG] mouse_event_mapper.detect(): thumb-middle distances: current=0.3026458106761609, past=0.3111110844706039
2025-12-03 00:56:27,208 [DEBUG] mouse_event_mapper.update(): detected mouse event: MouseEvent.MOVE
2025-12-03 00:56:27,208 [DEBUG] controller._on_landmark_update(): Mouse event deteced: MOVE
2025-12-03 00:56:27,230 [DEBUG] camera.run(): Captured frame at timestamp: 13553
2025-12-03 00:56:27,240 [DEBUG] landmarker.update(): velocity=0.11210828251108719
2025-12-03 00:56:27,241 [DEBUG] pointer_mapper.update(): std=0.002786140740695077, velocity=0.00891773286839835
2025-12-03 00:56:27,241 [DEBUG] controller._on_landmark_update(): Pointer mapped to screen position: (24, 777)
2025-12-03 00:56:27,241 [DEBUG] mouse_event_mapper.detect(): thumb-index distances: current=0.08752979141522406, past=0.09301794452684538
2025-12-03 00:56:27,241 [DEBUG] mouse_event_mapper.detect(): thumb-middle distances: current=0.3004820512961923, past=0.307837890360676
2025-12-03 00:56:27,241 [DEBUG] mouse_event_mapper.update(): detected mouse event: MouseEvent.MOVE
2025-12-03 00:56:27,241 [DEBUG] controller._on_landmark_update(): Mouse event deteced: MOVE
2025-12-03 00:56:27,265 [DEBUG] camera.run(): Captured frame at timestamp: 13588
2025-12-03 00:56:27,276 [DEBUG] landmarker.update(): velocity=0.14233589037174346
2025-12-03 00:56:27,277 [DEBUG] pointer_mapper.update(): std=0.0040168538739230476, velocity=0.01146045151477139
2025-12-03 00:56:27,277 [DEBUG] controller._on_landmark_update(): Pointer mapped to screen position: (19, 773)
2025-12-03 00:56:27,277 [DEBUG] mouse_event_mapper.detect(): thumb-index distances: current=0.0909624837801732, past=0.08939380690687292
2025-12-03 00:56:27,277 [DEBUG] mouse_event_mapper.detect(): thumb-middle distances: current=0.2997562105642986, past=0.3051784740708456
2025-12-03 00:56:27,277 [DEBUG] mouse_event_mapper.update(): detected mouse event: MouseEvent.MOVE
2025-12-03 00:56:27,277 [DEBUG] controller._on_landmark_update(): Mouse event deteced: MOVE
2025-12-03 00:56:27,295 [DEBUG] camera.run(): Captured frame at timestamp: 13618
2025-12-03 00:56:27,306 [DEBUG] landmarker.update(): velocity=0.1566955860920327
2025-12-03 00:56:27,307 [DEBUG] pointer_mapper.update(): std=0.005367654438400787, velocity=0.013457019217769551
2025-12-03 00:56:27,307 [DEBUG] controller._on_landmark_update(): Pointer mapped to screen position: (15, 768)
2025-12-03 00:56:27,307 [DEBUG] mouse_event_mapper.detect(): thumb-index distances: current=0.09790745078998857, past=0.08726949670958073
2025-12-03 00:56:27,307 [DEBUG] mouse_event_mapper.detect(): thumb-middle distances: current=0.30115880169741865, past=0.3026458106761609
2025-12-03 00:56:27,307 [DEBUG] mouse_event_mapper.update(): detected mouse event: MouseEvent.MOVE
2025-12-03 00:56:27,307 [DEBUG] controller._on_landmark_update(): Mouse event deteced: MOVE
2025-12-03 00:56:27,328 [DEBUG] camera.run(): Captured frame at timestamp: 13652
2025-12-03 00:56:27,339 [DEBUG] landmarker.update(): velocity=0.16646541225313988
2025-12-03 00:56:27,340 [DEBUG] pointer_mapper.update(): std=0.006062055069879643, velocity=0.014498582368966862
2025-12-03 00:56:27,340 [DEBUG] controller._on_landmark_update(): Pointer mapped to screen position: (12, 761)
2025-12-03 00:56:27,340 [DEBUG] mouse_event_mapper.detect(): thumb-index distances: current=0.10749647597276102, past=0.08752979141522406
2025-12-03 00:56:27,340 [DEBUG] mouse_event_mapper.detect(): thumb-middle distances: current=0.3050334524305148, past=0.3004820512961923
2025-12-03 00:56:27,340 [DEBUG] mouse_event_mapper.update(): detected mouse event: MouseEvent.MOVE
2025-12-03 00:56:27,340 [DEBUG] controller._on_landmark_update(): Mouse event deteced: MOVE
2025-12-03 00:56:27,361 [DEBUG] camera.run(): Captured frame at timestamp: 13685
2025-12-03 00:56:27,373 [DEBUG] landmarker.update(): velocity=0.20325971421187955
2025-12-03 00:56:27,373 [DEBUG] pointer_mapper.update(): std=0.006792393879534785, velocity=0.016235981096146327
2025-12-03 00:56:27,373 [DEBUG] controller._on_landmark_update(): Pointer mapped to screen position: (9, 753)
2025-12-03 00:56:27,373 [DEBUG] mouse_event_mapper.detect(): thumb-index distances: current=0.1198453257778002, past=0.0909624837801732
2025-12-03 00:56:27,373 [DEBUG] mouse_event_mapper.detect(): thumb-middle distances: current=0.31124050086727745, past=0.2997562105642986
2025-12-03 00:56:27,373 [DEBUG] mouse_event_mapper.update(): detected mouse event: MouseEvent.MOVE
2025-12-03 00:56:27,373 [DEBUG] controller._on_landmark_update(): Mouse event deteced: MOVE
2025-12-03 00:56:27,396 [DEBUG] camera.run(): Captured frame at timestamp: 13719
2025-12-03 00:56:27,406 [DEBUG] landmarker.update(): velocity=0.2304051401335356
2025-12-03 00:56:27,407 [DEBUG] pointer_mapper.update(): std=0.007878996951724594, velocity=0.01809442169844875
2025-12-03 00:56:27,407 [DEBUG] controller._on_landmark_update(): Pointer mapped to screen position: (7, 745)
2025-12-03 00:56:27,407 [DEBUG] mouse_event_mapper.detect(): thumb-index distances: current=0.13408452883572766, past=0.09790745078998857
2025-12-03 00:56:27,407 [DEBUG] mouse_event_mapper.detect(): thumb-middle distances: current=0.3191739134778449, past=0.30115880169741865
2025-12-03 00:56:27,407 [DEBUG] mouse_event_mapper.update(): detected mouse event: MouseEvent.MOVE
2025-12-03 00:56:27,407 [DEBUG] controller._on_landmark_update(): Mouse event deteced: MOVE
2025-12-03 00:56:27,429 [DEBUG] camera.run(): Captured frame at timestamp: 13752
2025-12-03 00:56:27,440 [DEBUG] landmarker.update(): velocity=0.2570273174201183
2025-12-03 00:56:27,440 [DEBUG] pointer_mapper.update(): std=0.00942573590332612, velocity=0.02138718622657305
2025-12-03 00:56:27,440 [DEBUG] controller._on_landmark_update(): Pointer mapped to screen position: (6, 734)
2025-12-03 00:56:27,440 [DEBUG] mouse_event_mapper.detect(): thumb-index distances: current=0.15024044617740134, past=0.10749647597276102
2025-12-03 00:56:27,440 [DEBUG] mouse_event_mapper.detect(): thumb-middle distances: current=0.3279516933610532, past=0.3050334524305148
2025-12-03 00:56:27,440 [DEBUG] mouse_event_mapper.update(): detected mouse event: MouseEvent.MOVE
2025-12-03 00:56:27,440 [DEBUG] controller._on_landmark_update(): Mouse event deteced: MOVE
2025-12-03 00:56:27,462 [DEBUG] camera.run(): Captured frame at timestamp: 13786
2025-12-03 00:56:27,473 [DEBUG] landmarker.update(): velocity=0.27282324532802177
2025-12-03 00:56:27,474 [DEBUG] pointer_mapper.update(): std=0.010432799961671515, velocity=0.02402214294620064
2025-12-03 00:56:27,474 [DEBUG] controller._on_landmark_update(): Pointer mapped to screen position: (5, 721)
2025-12-03 00:56:27,474 [DEBUG] mouse_event_mapper.detect(): thumb-index distances: current=0.16630132885582485, past=0.1198453257778002
2025-12-03 00:56:27,474 [DEBUG] mouse_event_mapper.detect(): thumb-middle distances: current=0.3366554918091214, past=0.31124050086727745
2025-12-03 00:56:27,474 [DEBUG] mouse_event_mapper.update(): detected mouse event: MouseEvent.MOVE
2025-12-03 00:56:27,474 [DEBUG] controller._on_landmark_update(): Mouse event deteced: MOVE
2025-12-03 00:56:27,496 [DEBUG] camera.run(): Captured frame at timestamp: 13819
2025-12-03 00:56:27,507 [DEBUG] landmarker.update(): velocity=0.2935079890847745
2025-12-03 00:56:27,508 [DEBUG] pointer_mapper.update(): std=0.011145032571687192, velocity=0.026549041553787855
2025-12-03 00:56:27,508 [DEBUG] controller._on_landmark_update(): Pointer mapped to screen position: (4, 705)
2025-12-03 00:56:27,508 [DEBUG] mouse_event_mapper.detect(): thumb-index distances: current=0.1809857424524689, past=0.13408452883572766
2025-12-03 00:56:27,508 [DEBUG] mouse_event_mapper.detect(): thumb-middle distances: current=0.34471694317754675, past=0.3191739134778449
2025-12-03 00:56:27,508 [DEBUG] mouse_event_mapper.update(): detected mouse event: MouseEvent.MOVE
2025-12-03 00:56:27,508 [DEBUG] controller._on_landmark_update(): Mouse event deteced: MOVE
2025-12-03 00:56:27,529 [DEBUG] camera.run(): Captured frame at timestamp: 13852
2025-12-03 00:56:27,540 [DEBUG] landmarker.update(): velocity=0.3047367830610132
2025-12-03 00:56:27,540 [DEBUG] pointer_mapper.update(): std=0.012139654703885158, velocity=0.028445275338460328
2025-12-03 00:56:27,540 [DEBUG] controller._on_landmark_update(): Pointer mapped to screen position: (3, 687)
2025-12-03 00:56:27,540 [DEBUG] mouse_event_mapper.detect(): thumb-index distances: current=0.19300459517933402, past=0.15024044617740134
2025-12-03 00:56:27,540 [DEBUG] mouse_event_mapper.detect(): thumb-middle distances: current=0.3517078535587424, past=0.3279516933610532
2025-12-03 00:56:27,540 [DEBUG] mouse_event_mapper.update(): detected mouse event: MouseEvent.MOVE
2025-12-03 00:56:27,540 [DEBUG] controller._on_landmark_update(): Mouse event deteced: MOVE
2025-12-03 00:56:27,562 [DEBUG] camera.run(): Captured frame at timestamp: 13886
2025-12-03 00:56:27,574 [DEBUG] landmarker.update(): velocity=0.32516700088807526
2025-12-03 00:56:27,574 [DEBUG] pointer_mapper.update(): std=0.013414619693078467, velocity=0.03052187079931723
2025-12-03 00:56:27,574 [DEBUG] controller._on_landmark_update(): Pointer mapped to screen position: (2, 666)
2025-12-03 00:56:27,574 [DEBUG] mouse_event_mapper.detect(): thumb-index distances: current=0.2018209167905305, past=0.16630132885582485
2025-12-03 00:56:27,574 [DEBUG] mouse_event_mapper.detect(): thumb-middle distances: current=0.35727738434420564, past=0.3366554918091214
2025-12-03 00:56:27,574 [DEBUG] mouse_event_mapper.update(): detected mouse event: MouseEvent.MOVE
2025-12-03 00:56:27,574 [DEBUG] controller._on_landmark_update(): Mouse event deteced: MOVE
2025-12-03 00:56:27,596 [DEBUG] camera.run(): Captured frame at timestamp: 13919
2025-12-03 00:56:27,607 [DEBUG] landmarker.update(): velocity=0.3285760037278451
2025-12-03 00:56:27,607 [DEBUG] pointer_mapper.update(): std=0.013983441066332074, velocity=0.031771443612113474
2025-12-03 00:56:27,607 [DEBUG] controller._on_landmark_update(): Pointer mapped to screen position: (2, 645)
2025-12-03 00:56:27,607 [DEBUG] mouse_event_mapper.detect(): thumb-index distances: current=0.20876719054298618, past=0.1809857424524689
2025-12-03 00:56:27,607 [DEBUG] mouse_event_mapper.detect(): thumb-middle distances: current=0.36193722001237943, past=0.34471694317754675
2025-12-03 00:56:27,607 [DEBUG] mouse_event_mapper.update(): detected mouse event: MouseEvent.MOVE
2025-12-03 00:56:27,607 [DEBUG] controller._on_landmark_update(): Mouse event deteced: MOVE
2025-12-03 00:56:27,629 [DEBUG] camera.run(): Captured frame at timestamp: 13953
2025-12-03 00:56:27,641 [DEBUG] landmarker.update(): velocity=0.3204307238221719
2025-12-03 00:56:27,642 [DEBUG] pointer_mapper.update(): std=0.014093380993635383, velocity=0.032023358480204434
2025-12-03 00:56:27,642 [DEBUG] controller._on_landmark_update(): Pointer mapped to screen position: (1, 622)
2025-12-03 00:56:27,642 [DEBUG] mouse_event_mapper.detect(): thumb-index distances: current=0.2135882116054899, past=0.19300459517933402
2025-12-03 00:56:27,642 [DEBUG] mouse_event_mapper.detect(): thumb-middle distances: current=0.3651727887730118, past=0.3517078535587424
2025-12-03 00:56:27,642 [DEBUG] mouse_event_mapper.update(): detected mouse event: MouseEvent.MOVE
2025-12-03 00:56:27,642 [DEBUG] controller._on_landmark_update(): Mouse event deteced: MOVE
2025-12-03 00:56:27,664 [DEBUG] camera.run(): Captured frame at timestamp: 13987
2025-12-03 00:56:27,675 [DEBUG] landmarker.update(): velocity=0.3149574210874278
2025-12-03 00:56:27,675 [DEBUG] pointer_mapper.update(): std=0.014001945893633643, velocity=0.03173801220096159
2025-12-03 00:56:27,675 [DEBUG] controller._on_landmark_update(): Pointer mapped to screen position: (1, 598)
2025-12-03 00:56:27,675 [DEBUG] mouse_event_mapper.detect(): thumb-index distances: current=0.2165142915195846, past=0.2018209167905305
2025-12-03 00:56:27,675 [DEBUG] mouse_event_mapper.detect(): thumb-middle distances: current=0.3667291109975877, past=0.35727738434420564
2025-12-03 00:56:27,675 [DEBUG] mouse_event_mapper.update(): detected mouse event: MouseEvent.MOVE
2025-12-03 00:56:27,675 [DEBUG] controller._on_landmark_update(): Mouse event deteced: MOVE
2025-12-03 00:56:27,696 [DEBUG] camera.run(): Captured frame at timestamp: 14019
2025-12-03 00:56:27,707 [DEBUG] landmarker.update(): velocity=0.29504066818928
2025-12-03 00:56:27,707 [DEBUG] pointer_mapper.update(): std=0.01392302169086778, velocity=0.030979314931247535
2025-12-03 00:56:27,707 [DEBUG] controller._on_landmark_update(): Pointer mapped to screen position: (1, 573)
2025-12-03 00:56:27,707 [DEBUG] mouse_event_mapper.detect(): thumb-index distances: current=0.21774486414898553, past=0.20876719054298618
2025-12-03 00:56:27,707 [DEBUG] mouse_event_mapper.detect(): thumb-middle distances: current=0.3669000641933737, past=0.36193722001237943
2025-12-03 00:56:27,707 [DEBUG] mouse_event_mapper.update(): detected mouse event: MouseEvent.MOVE
2025-12-03 00:56:27,707 [DEBUG] controller._on_landmark_update(): Mouse event deteced: MOVE
2025-12-03 00:56:27,731 [DEBUG] camera.run(): Captured frame at timestamp: 14054
2025-12-03 00:56:27,741 [DEBUG] landmarker.update(): velocity=0.2837809624330827
2025-12-03 00:56:27,742 [DEBUG] pointer_mapper.update(): std=0.013506481657198024, velocity=0.03003729686043769
2025-12-03 00:56:27,742 [DEBUG] controller._on_landmark_update(): Pointer mapped to screen position: (0, 549)
2025-12-03 00:56:27,742 [DEBUG] mouse_event_mapper.detect(): thumb-index distances: current=0.2188111719197039, past=0.2135882116054899
2025-12-03 00:56:27,742 [DEBUG] mouse_event_mapper.detect(): thumb-middle distances: current=0.36668147637540854, past=0.3651727887730118
2025-12-03 00:56:27,742 [DEBUG] mouse_event_mapper.update(): detected mouse event: MouseEvent.MOVE
2025-12-03 00:56:27,742 [DEBUG] controller._on_landmark_update(): Mouse event deteced: MOVE
2025-12-03 00:56:27,764 [DEBUG] camera.run(): Captured frame at timestamp: 14087
2025-12-03 00:56:27,775 [DEBUG] landmarker.update(): velocity=0.2556459151320687
2025-12-03 00:56:27,775 [DEBUG] pointer_mapper.update(): std=0.012441283335056829, velocity=0.02843589892018817
2025-12-03 00:56:27,775 [DEBUG] controller._on_landmark_update(): Pointer mapped to screen position: (0, 526)
2025-12-03 00:56:27,775 [DEBUG] mouse_event_mapper.detect(): thumb-index distances: current=0.2203107591371604, past=0.2165142915195846
2025-12-03 00:56:27,775 [DEBUG] mouse_event_mapper.detect(): thumb-middle distances: current=0.36698073598043823, past=0.3667291109975877
2025-12-03 00:56:27,775 [DEBUG] mouse_event_mapper.update(): detected mouse event: MouseEvent.MOVE
2025-12-03 00:56:27,775 [DEBUG] controller._on_landmark_update(): Mouse event deteced: MOVE
2025-12-03 00:56:27,798 [DEBUG] camera.run(): Captured frame at timestamp: 14122
2025-12-03 00:56:27,809 [DEBUG] landmarker.update(): velocity=0.2310387341774048
2025-12-03 00:56:27,810 [DEBUG] pointer_mapper.update(): std=0.01142933121744816, velocity=0.026303161619730602
2025-12-03 00:56:27,810 [DEBUG] controller._on_landmark_update(): Pointer mapped to screen position: (0, 503)
2025-12-03 00:56:27,810 [DEBUG] mouse_event_mapper.detect(): thumb-index distances: current=0.22135719286836952, past=0.21774486414898553
2025-12-03 00:56:27,810 [DEBUG] mouse_event_mapper.detect(): thumb-middle distances: current=0.36702236557208795, past=0.3669000641933737
2025-12-03 00:56:27,810 [DEBUG] mouse_event_mapper.update(): detected mouse event: MouseEvent.MOVE
2025-12-03 00:56:27,810 [DEBUG] controller._on_landmark_update(): Mouse event deteced: MOVE
2025-12-03 00:56:27,832 [DEBUG] camera.run(): Captured frame at timestamp: 14156
2025-12-03 00:56:27,843 [DEBUG] landmarker.update(): velocity=0.2036811688820332
2025-12-03 00:56:27,844 [DEBUG] pointer_mapper.update(): std=0.01042090779784803, velocity=0.023702637801540378
2025-12-03 00:56:27,844 [DEBUG] controller._on_landmark_update(): Pointer mapped to screen position: (0, 482)
2025-12-03 00:56:27,844 [DEBUG] mouse_event_mapper.detect(): thumb-index distances: current=0.22147770136445943, past=0.2188111719197039
2025-12-03 00:56:27,844 [DEBUG] mouse_event_mapper.detect(): thumb-middle distances: current=0.3666339915116729, past=0.36668147637540854
2025-12-03 00:56:27,844 [DEBUG] mouse_event_mapper.update(): detected mouse event: MouseEvent.MOVE
2025-12-03 00:56:27,844 [DEBUG] controller._on_landmark_update(): Mouse event deteced: MOVE
2025-12-03 00:56:27,866 [DEBUG] camera.run(): Captured frame at timestamp: 14189
2025-12-03 00:56:27,877 [DEBUG] landmarker.update(): velocity=0.1753104912420889
2025-12-03 00:56:27,878 [DEBUG] pointer_mapper.update(): std=0.009378097439883392, velocity=0.020795746171864762
2025-12-03 00:56:27,878 [DEBUG] controller._on_landmark_update(): Pointer mapped to screen position: (0, 463)
2025-12-03 00:56:27,878 [DEBUG] mouse_event_mapper.detect(): thumb-index distances: current=0.2211269563737804, past=0.2203107591371604
2025-12-03 00:56:27,878 [DEBUG] mouse_event_mapper.detect(): thumb-middle distances: current=0.36556154647455347, past=0.36698073598043823
2025-12-03 00:56:27,878 [DEBUG] mouse_event_mapper.update(): detected mouse event: MouseEvent.MOVE
2025-12-03 00:56:27,878 [DEBUG] controller._on_landmark_update(): Mouse event deteced: MOVE
2025-12-03 00:56:27,898 [DEBUG] camera.run(): Captured frame at timestamp: 14222
2025-12-03 00:56:27,909 [DEBUG] landmarker.update(): velocity=0.14684936901482162
2025-12-03 00:56:27,910 [DEBUG] pointer_mapper.update(): std=0.00792200686618845, velocity=0.01784059316933385
2025-12-03 00:56:27,910 [DEBUG] controller._on_landmark_update(): Pointer mapped to screen position: (0, 445)
2025-12-03 00:56:27,910 [DEBUG] mouse_event_mapper.detect(): thumb-index distances: current=0.2206171194802509, past=0.22135719286836952
2025-12-03 00:56:27,910 [DEBUG] mouse_event_mapper.detect(): thumb-middle distances: current=0.36447319621043306, past=0.36702236557208795
2025-12-03 00:56:27,910 [DEBUG] mouse_event_mapper.update(): detected mouse event: MouseEvent.MOVE
2025-12-03 00:56:27,910 [DEBUG] controller._on_landmark_update(): Mouse event deteced: MOVE
2025-12-03 00:56:27,931 [DEBUG] camera.run(): Captured frame at timestamp: 14255
2025-12-03 00:56:27,942 [DEBUG] landmarker.update(): velocity=0.11914246554293229
2025-12-03 00:56:27,942 [DEBUG] pointer_mapper.update(): std=0.006560181037024623, velocity=0.014888663046823439
2025-12-03 00:56:27,943 [DEBUG] controller._on_landmark_update(): Pointer mapped to screen position: (0, 429)
2025-12-03 00:56:27,943 [DEBUG] mouse_event_mapper.detect(): thumb-index distances: current=0.21988421866478114, past=0.22147770136445943
2025-12-03 00:56:27,943 [DEBUG] mouse_event_mapper.detect(): thumb-middle distances: current=0.3632102419872232, past=0.3666339915116729
2025-12-03 00:56:27,943 [DEBUG] mouse_event_mapper.update(): detected mouse event: MouseEvent.MOVE
2025-12-03 00:56:27,943 [DEBUG] controller._on_landmark_update(): Mouse event deteced: MOVE
2025-12-03 00:56:27,966 [DEBUG] camera.run(): Captured frame at timestamp: 14290
2025-12-03 00:56:27,977 [DEBUG] landmarker.update(): velocity=0.09083194094944624
2025-12-03 00:56:27,978 [DEBUG] pointer_mapper.update(): std=0.005426903806038538, velocity=0.011855839508072716
2025-12-03 00:56:27,978 [DEBUG] controller._on_landmark_update(): Pointer mapped to screen position: (0, 414)
2025-12-03 00:56:27,978 [DEBUG] mouse_event_mapper.detect(): thumb-index distances: current=0.21895941082728912, past=0.2211269563737804
2025-12-03 00:56:27,978 [DEBUG] mouse_event_mapper.detect(): thumb-middle distances: current=0.3620629727607334, past=0.36556154647455347
2025-12-03 00:56:27,978 [DEBUG] mouse_event_mapper.update(): detected mouse event: MouseEvent.MOVE
2025-12-03 00:56:27,978 [DEBUG] controller._on_landmark_update(): Mouse event deteced: MOVE
2025-12-03 00:56:27,999 [DEBUG] camera.run(): Captured frame at timestamp: 14322
2025-12-03 00:56:28,010 [DEBUG] landmarker.update(): velocity=0.06527331435781183
2025-12-03 00:56:28,010 [DEBUG] pointer_mapper.update(): std=0.004382706386284978, velocity=0.00866169964785587
2025-12-03 00:56:28,010 [DEBUG] controller._on_landmark_update(): Pointer mapped to screen position: (0, 401)
2025-12-03 00:56:28,010 [DEBUG] mouse_event_mapper.detect(): thumb-index distances: current=0.21834129484967446, past=0.2206171194802509
2025-12-03 00:56:28,010 [DEBUG] mouse_event_mapper.detect(): thumb-middle distances: current=0.3610376016833483, past=0.36447319621043306
2025-12-03 00:56:28,010 [DEBUG] mouse_event_mapper.update(): detected mouse event: MouseEvent.MOVE
2025-12-03 00:56:28,010 [DEBUG] controller._on_landmark_update(): Mouse event deteced: MOVE
2025-12-03 00:56:28,033 [DEBUG] camera.run(): Captured frame at timestamp: 14356
2025-12-03 00:56:28,044 [DEBUG] landmarker.update(): velocity=0.0522155618376287
2025-12-03 00:56:28,044 [DEBUG] pointer_mapper.update(): std=0.003464285409073134, velocity=0.006326319746707923
2025-12-03 00:56:28,044 [DEBUG] controller._on_landmark_update(): Pointer mapped to screen position: (0, 390)
2025-12-03 00:56:28,044 [DEBUG] mouse_event_mapper.detect(): thumb-index distances: current=0.2181081916381364, past=0.21988421866478114
2025-12-03 00:56:28,044 [DEBUG] mouse_event_mapper.detect(): thumb-middle distances: current=0.36017447431736604, past=0.3632102419872232
2025-12-03 00:56:28,044 [DEBUG] mouse_event_mapper.update(): detected mouse event: MouseEvent.MOVE
2025-12-03 00:56:28,044 [DEBUG] controller._on_landmark_update(): Mouse event deteced: MOVE
2025-12-03 00:56:28,066 [DEBUG] camera.run(): Captured frame at timestamp: 14389
2025-12-03 00:56:28,077 [DEBUG] landmarker.update(): velocity=0.05376499626087669
2025-12-03 00:56:28,077 [DEBUG] pointer_mapper.update(): std=0.002882590097694661, velocity=0.005461231470937745
2025-12-03 00:56:28,077 [DEBUG] controller._on_landmark_update(): Pointer mapped to screen position: (0, 379)
2025-12-03 00:56:28,077 [DEBUG] mouse_event_mapper.detect(): thumb-index distances: current=0.21832021546746613, past=0.21895941082728912
2025-12-03 00:56:28,077 [DEBUG] mouse_event_mapper.detect(): thumb-middle distances: current=0.35949144200532895, past=0.3620629727607334
2025-12-03 00:56:28,077 [DEBUG] mouse_event_mapper.update(): detected mouse event: MouseEvent.MOVE
2025-12-03 00:56:28,077 [DEBUG] controller._on_landmark_update(): Mouse event deteced: MOVE
2025-12-03 00:56:28,099 [DEBUG] camera.run(): Captured frame at timestamp: 14423
2025-12-03 00:56:28,110 [DEBUG] landmarker.update(): velocity=0.06003039271731047
2025-12-03 00:56:28,111 [DEBUG] pointer_mapper.update(): std=0.0023436631992572892, velocity=0.005299977105649422
2025-12-03 00:56:28,111 [DEBUG] controller._on_landmark_update(): Pointer mapped to screen position: (0, 370)
2025-12-03 00:56:28,111 [DEBUG] mouse_event_mapper.detect(): thumb-index distances: current=0.2193689718037297, past=0.21834129484967446
2025-12-03 00:56:28,111 [DEBUG] mouse_event_mapper.detect(): thumb-middle distances: current=0.3595914967826855, past=0.3610376016833483
2025-12-03 00:56:28,111 [DEBUG] mouse_event_mapper.update(): detected mouse event: MouseEvent.MOVE
2025-12-03 00:56:28,111 [DEBUG] controller._on_landmark_update(): Mouse event deteced: MOVE
2025-12-03 00:56:28,132 [DEBUG] camera.run(): Captured frame at timestamp: 14455
2025-12-03 00:56:28,143 [DEBUG] landmarker.update(): velocity=0.0719612239213922
2025-12-03 00:56:28,143 [DEBUG] pointer_mapper.update(): std=0.00260674117427669, velocity=0.006195705470073304
2025-12-03 00:56:28,143 [DEBUG] controller._on_landmark_update(): Pointer mapped to screen position: (0, 362)
2025-12-03 00:56:28,143 [DEBUG] mouse_event_mapper.detect(): thumb-index distances: current=0.22195765017802638, past=0.2181081916381364
2025-12-03 00:56:28,143 [DEBUG] mouse_event_mapper.detect(): thumb-middle distances: current=0.3607943102780868, past=0.36017447431736604
2025-12-03 00:56:28,143 [DEBUG] mouse_event_mapper.update(): detected mouse event: MouseEvent.MOVE
2025-12-03 00:56:28,143 [DEBUG] controller._on_landmark_update(): Mouse event deteced: MOVE
2025-12-03 00:56:28,166 [DEBUG] camera.run(): Captured frame at timestamp: 14489
2025-12-03 00:56:28,177 [DEBUG] landmarker.update(): velocity=0.08672624684682533
2025-12-03 00:56:28,177 [DEBUG] pointer_mapper.update(): std=0.003405713267879134, velocity=0.007702532323352443
2025-12-03 00:56:28,177 [DEBUG] controller._on_landmark_update(): Pointer mapped to screen position: (0, 355)
2025-12-03 00:56:28,177 [DEBUG] mouse_event_mapper.detect(): thumb-index distances: current=0.2259071967828458, past=0.21832021546746613
2025-12-03 00:56:28,177 [DEBUG] mouse_event_mapper.detect(): thumb-middle distances: current=0.36303547799825253, past=0.35949144200532895
2025-12-03 00:56:28,177 [DEBUG] mouse_event_mapper.update(): detected mouse event: MouseEvent.MOVE
2025-12-03 00:56:28,177 [DEBUG] controller._on_landmark_update(): Mouse event deteced: MOVE
2025-12-03 00:56:28,199 [DEBUG] camera.run(): Captured frame at timestamp: 14522
2025-12-03 00:56:28,209 [DEBUG] landmarker.update(): velocity=0.09840977492563217
2025-12-03 00:56:28,210 [DEBUG] pointer_mapper.update(): std=0.0041411207550420175, velocity=0.009405679374153268
2025-12-03 00:56:28,210 [DEBUG] controller._on_landmark_update(): Pointer mapped to screen position: (0, 349)
2025-12-03 00:56:28,210 [DEBUG] mouse_event_mapper.detect(): thumb-index distances: current=0.2306530898354656, past=0.2193689718037297
2025-12-03 00:56:28,210 [DEBUG] mouse_event_mapper.detect(): thumb-middle distances: current=0.3656213668389523, past=0.3595914967826855
2025-12-03 00:56:28,210 [DEBUG] mouse_event_mapper.update(): detected mouse event: MouseEvent.MOVE
2025-12-03 00:56:28,210 [DEBUG] controller._on_landmark_update(): Mouse event deteced: MOVE
2025-12-03 00:56:28,232 [DEBUG] camera.run(): Captured frame at timestamp: 14555
2025-12-03 00:56:28,243 [DEBUG] landmarker.update(): velocity=0.1055264549668035
2025-12-03 00:56:28,243 [DEBUG] pointer_mapper.update(): std=0.0047537739855589446, velocity=0.010443962249744454
2025-12-03 00:56:28,243 [DEBUG] controller._on_landmark_update(): Pointer mapped to screen position: (0, 344)
2025-12-03 00:56:28,243 [DEBUG] mouse_event_mapper.detect(): thumb-index distances: current=0.23476825362913867, past=0.22195765017802638
2025-12-03 00:56:28,243 [DEBUG] mouse_event_mapper.detect(): thumb-middle distances: current=0.3678151269748864, past=0.3607943102780868
2025-12-03 00:56:28,243 [DEBUG] mouse_event_mapper.update(): detected mouse event: MouseEvent.MOVE
2025-12-03 00:56:28,243 [DEBUG] controller._on_landmark_update(): Mouse event deteced: MOVE
2025-12-03 00:56:28,266 [DEBUG] camera.run(): Captured frame at timestamp: 14590
2025-12-03 00:56:28,277 [DEBUG] landmarker.update(): velocity=0.1152412472165009
2025-12-03 00:56:28,277 [DEBUG] pointer_mapper.update(): std=0.00525012869087059, velocity=0.011432817260927706
2025-12-03 00:56:28,277 [DEBUG] controller._on_landmark_update(): Pointer mapped to screen position: (0, 340)
2025-12-03 00:56:28,277 [DEBUG] mouse_event_mapper.detect(): thumb-index distances: current=0.2381437140749368, past=0.2259071967828458
2025-12-03 00:56:28,277 [DEBUG] mouse_event_mapper.detect(): thumb-middle distances: current=0.3692676708451022, past=0.36303547799825253
2025-12-03 00:56:28,278 [DEBUG] mouse_event_mapper.update(): detected mouse event: MouseEvent.MOVE
2025-12-03 00:56:28,278 [DEBUG] controller._on_landmark_update(): Mouse event deteced: MOVE
2025-12-03 00:56:28,299 [DEBUG] camera.run(): Captured frame at timestamp: 14623
2025-12-03 00:56:28,310 [DEBUG] landmarker.update(): velocity=0.11931345576926482
2025-12-03 00:56:28,311 [DEBUG] pointer_mapper.update(): std=0.005636475312631082, velocity=0.012145016420371631
2025-12-03 00:56:28,311 [DEBUG] controller._on_landmark_update(): Pointer mapped to screen position: (0, 337)
2025-12-03 00:56:28,311 [DEBUG] mouse_event_mapper.detect(): thumb-index distances: current=0.2412699044563047, past=0.2306530898354656
2025-12-03 00:56:28,311 [DEBUG] mouse_event_mapper.detect(): thumb-middle distances: current=0.37006470914660167, past=0.3656213668389523
2025-12-03 00:56:28,311 [DEBUG] mouse_event_mapper.update(): detected mouse event: MouseEvent.MOVE
2025-12-03 00:56:28,311 [DEBUG] controller._on_landmark_update(): Mouse event deteced: MOVE
2025-12-03 00:56:28,332 [DEBUG] camera.run(): Captured frame at timestamp: 14655
2025-12-03 00:56:28,343 [DEBUG] landmarker.update(): velocity=0.13478667153525592
2025-12-03 00:56:28,344 [DEBUG] pointer_mapper.update(): std=0.006032982351610881, velocity=0.013291918241109672
2025-12-03 00:56:28,344 [DEBUG] controller._on_landmark_update(): Pointer mapped to screen position: (0, 335)
2025-12-03 00:56:28,344 [DEBUG] mouse_event_mapper.detect(): thumb-index distances: current=0.24521038565224904, past=0.23476825362913867
2025-12-03 00:56:28,344 [DEBUG] mouse_event_mapper.detect(): thumb-middle distances: current=0.37127951766094913, past=0.3678151269748864
2025-12-03 00:56:28,344 [DEBUG] mouse_event_mapper.update(): detected mouse event: MouseEvent.MOVE
2025-12-03 00:56:28,344 [DEBUG] controller._on_landmark_update(): Mouse event deteced: MOVE
2025-12-03 00:56:28,366 [DEBUG] camera.run(): Captured frame at timestamp: 14689
2025-12-03 00:56:28,377 [DEBUG] landmarker.update(): velocity=0.1426616782762993
2025-12-03 00:56:28,377 [DEBUG] pointer_mapper.update(): std=0.006291610796952591, velocity=0.014303699713888094
2025-12-03 00:56:28,377 [DEBUG] controller._on_landmark_update(): Pointer mapped to screen position: (0, 334)
2025-12-03 00:56:28,377 [DEBUG] mouse_event_mapper.detect(): thumb-index distances: current=0.24943520877771078, past=0.2381437140749368
2025-12-03 00:56:28,377 [DEBUG] mouse_event_mapper.detect(): thumb-middle distances: current=0.37272169396540816, past=0.3692676708451022
2025-12-03 00:56:28,377 [DEBUG] mouse_event_mapper.update(): detected mouse event: MouseEvent.MOVE
2025-12-03 00:56:28,377 [DEBUG] controller._on_landmark_update(): Mouse event deteced: MOVE
2025-12-03 00:56:28,399 [DEBUG] camera.run(): Captured frame at timestamp: 14723
2025-12-03 00:56:28,411 [DEBUG] landmarker.update(): velocity=0.15140432504767204
2025-12-03 00:56:28,411 [DEBUG] pointer_mapper.update(): std=0.006607968860903315, velocity=0.015449999594187254
2025-12-03 00:56:28,411 [DEBUG] controller._on_landmark_update(): Pointer mapped to screen position: (0, 334)
2025-12-03 00:56:28,411 [DEBUG] mouse_event_mapper.detect(): thumb-index distances: current=0.2529743020016077, past=0.2412699044563047
2025-12-03 00:56:28,411 [DEBUG] mouse_event_mapper.detect(): thumb-middle distances: current=0.3735443726666921, past=0.37006470914660167
2025-12-03 00:56:28,411 [DEBUG] mouse_event_mapper.update(): detected mouse event: MouseEvent.MOVE
2025-12-03 00:56:28,411 [DEBUG] controller._on_landmark_update(): Mouse event deteced: MOVE
2025-12-03 00:56:28,433 [DEBUG] camera.run(): Captured frame at timestamp: 14756
2025-12-03 00:56:28,443 [DEBUG] landmarker.update(): velocity=0.1582165526624583
2025-12-03 00:56:28,444 [DEBUG] pointer_mapper.update(): std=0.006891267622569794, velocity=0.016071756360348015
2025-12-03 00:56:28,444 [DEBUG] controller._on_landmark_update(): Pointer mapped to screen position: (0, 335)
2025-12-03 00:56:28,444 [DEBUG] mouse_event_mapper.detect(): thumb-index distances: current=0.25557249110789887, past=0.24521038565224904
2025-12-03 00:56:28,444 [DEBUG] mouse_event_mapper.detect(): thumb-middle distances: current=0.37309456846753514, past=0.37127951766094913
2025-12-03 00:56:28,444 [DEBUG] mouse_event_mapper.update(): detected mouse event: MouseEvent.MOVE
2025-12-03 00:56:28,444 [DEBUG] controller._on_landmark_update(): Mouse event deteced: MOVE
2025-12-03 00:56:28,466 [DEBUG] camera.run(): Captured frame at timestamp: 14789
2025-12-03 00:56:28,477 [DEBUG] landmarker.update(): velocity=0.17055481450773388
2025-12-03 00:56:28,477 [DEBUG] pointer_mapper.update(): std=0.007233071233813067, velocity=0.016870928139517377
2025-12-03 00:56:28,477 [DEBUG] controller._on_landmark_update(): Pointer mapped to screen position: (0, 337)
2025-12-03 00:56:28,477 [DEBUG] mouse_event_mapper.detect(): thumb-index distances: current=0.2577687000239918, past=0.24943520877771078
2025-12-03 00:56:28,477 [DEBUG] mouse_event_mapper.detect(): thumb-middle distances: current=0.37250004665612363, past=0.37272169396540816
2025-12-03 00:56:28,477 [DEBUG] mouse_event_mapper.update(): detected mouse event: MouseEvent.MOVE
2025-12-03 00:56:28,477 [DEBUG] controller._on_landmark_update(): Mouse event deteced: MOVE
2025-12-03 00:56:28,498 [DEBUG] camera.run(): Captured frame at timestamp: 14821
2025-12-03 00:56:28,509 [DEBUG] landmarker.update(): velocity=0.18646537194570345
2025-12-03 00:56:28,509 [DEBUG] pointer_mapper.update(): std=0.0076141707027811666, velocity=0.018058195378852865
2025-12-03 00:56:28,509 [DEBUG] controller._on_landmark_update(): Pointer mapped to screen position: (0, 339)
2025-12-03 00:56:28,509 [DEBUG] mouse_event_mapper.detect(): thumb-index distances: current=0.26067235764799285, past=0.2529743020016077
2025-12-03 00:56:28,509 [DEBUG] mouse_event_mapper.detect(): thumb-middle distances: current=0.37268500571808993, past=0.3735443726666921
2025-12-03 00:56:28,509 [DEBUG] mouse_event_mapper.update(): detected mouse event: MouseEvent.MOVE
2025-12-03 00:56:28,509 [DEBUG] controller._on_landmark_update(): Mouse event deteced: MOVE
2025-12-03 00:56:28,530 [DEBUG] camera.run(): Captured frame at timestamp: 14854
2025-12-03 00:56:28,541 [DEBUG] landmarker.update(): velocity=0.1935839133667473
2025-12-03 00:56:28,542 [DEBUG] pointer_mapper.update(): std=0.008252441088270593, velocity=0.01961556287348569
2025-12-03 00:56:28,542 [DEBUG] controller._on_landmark_update(): Pointer mapped to screen position: (0, 342)
2025-12-03 00:56:28,542 [DEBUG] mouse_event_mapper.detect(): thumb-index distances: current=0.26389616459928805, past=0.25557249110789887
2025-12-03 00:56:28,542 [DEBUG] mouse_event_mapper.detect(): thumb-middle distances: current=0.3740317014116641, past=0.37309456846753514
2025-12-03 00:56:28,542 [DEBUG] mouse_event_mapper.update(): detected mouse event: MouseEvent.MOVE
2025-12-03 00:56:28,542 [DEBUG] controller._on_landmark_update(): Mouse event deteced: MOVE
2025-12-03 00:56:28,563 [DEBUG] camera.run(): Captured frame at timestamp: 14887
2025-12-03 00:56:28,574 [DEBUG] landmarker.update(): velocity=0.20911464387414305
2025-12-03 00:56:28,575 [DEBUG] pointer_mapper.update(): std=0.009040495446432527, velocity=0.021428649518336756
2025-12-03 00:56:28,575 [DEBUG] controller._on_landmark_update(): Pointer mapped to screen position: (1, 345)
2025-12-03 00:56:28,575 [DEBUG] mouse_event_mapper.detect(): thumb-index distances: current=0.2668751295030313, past=0.2577687000239918
2025-12-03 00:56:28,575 [DEBUG] mouse_event_mapper.detect(): thumb-middle distances: current=0.3754355903737952, past=0.37250004665612363
2025-12-03 00:56:28,575 [DEBUG] mouse_event_mapper.update(): detected mouse event: MouseEvent.MOVE
2025-12-03 00:56:28,575 [DEBUG] controller._on_landmark_update(): Mouse event deteced: MOVE
2025-12-03 00:56:28,596 [DEBUG] camera.run(): Captured frame at timestamp: 14920
2025-12-03 00:56:28,607 [DEBUG] landmarker.update(): velocity=0.22952252798541417
2025-12-03 00:56:28,608 [DEBUG] pointer_mapper.update(): std=0.009838896874276543, velocity=0.02325576615474041
2025-12-03 00:56:28,608 [DEBUG] controller._on_landmark_update(): Pointer mapped to screen position: (11, 349)
2025-12-03 00:56:28,608 [DEBUG] mouse_event_mapper.detect(): thumb-index distances: current=0.2690958790680897, past=0.26067235764799285
2025-12-03 00:56:28,608 [DEBUG] mouse_event_mapper.detect(): thumb-middle distances: current=0.3766805232552124, past=0.37268500571808993
2025-12-03 00:56:28,608 [DEBUG] mouse_event_mapper.update(): detected mouse event: MouseEvent.MOVE
2025-12-03 00:56:28,608 [DEBUG] controller._on_landmark_update(): Mouse event deteced: MOVE
2025-12-03 00:56:28,630 [DEBUG] camera.run(): Captured frame at timestamp: 14953
2025-12-03 00:56:28,641 [DEBUG] landmarker.update(): velocity=0.24727313920703975
2025-12-03 00:56:28,641 [DEBUG] pointer_mapper.update(): std=0.010582908678598341, velocity=0.02532040584763561
2025-12-03 00:56:28,641 [DEBUG] controller._on_landmark_update(): Pointer mapped to screen position: (27, 353)
2025-12-03 00:56:28,642 [DEBUG] mouse_event_mapper.detect(): thumb-index distances: current=0.27082315977958943, past=0.26389616459928805
2025-12-03 00:56:28,642 [DEBUG] mouse_event_mapper.detect(): thumb-middle distances: current=0.3777835405884075, past=0.3740317014116641
2025-12-03 00:56:28,642 [DEBUG] mouse_event_mapper.update(): detected mouse event: MouseEvent.MOVE
2025-12-03 00:56:28,642 [DEBUG] controller._on_landmark_update(): Mouse event deteced: MOVE
2025-12-03 00:56:28,663 [DEBUG] camera.run(): Captured frame at timestamp: 14987
2025-12-03 00:56:28,674 [DEBUG] landmarker.update(): velocity=0.2754951745920879
2025-12-03 00:56:28,674 [DEBUG] pointer_mapper.update(): std=0.011507077850541027, velocity=0.027785125261141793
2025-12-03 00:56:28,675 [DEBUG] controller._on_landmark_update(): Pointer mapped to screen position: (49, 357)
2025-12-03 00:56:28,675 [DEBUG] mouse_event_mapper.detect(): thumb-index distances: current=0.27199882898023764, past=0.2668751295030313
2025-12-03 00:56:28,675 [DEBUG] mouse_event_mapper.detect(): thumb-middle distances: current=0.3785821066401593, past=0.3754355903737952
2025-12-03 00:56:28,675 [DEBUG] mouse_event_mapper.update(): detected mouse event: MouseEvent.MOVE
2025-12-03 00:56:28,675 [DEBUG] controller._on_landmark_update(): Mouse event deteced: MOVE
2025-12-03 00:56:28,698 [DEBUG] camera.run(): Captured frame at timestamp: 15022
2025-12-03 00:56:28,709 [DEBUG] landmarker.update(): velocity=0.3047845616007287
2025-12-03 00:56:28,710 [DEBUG] pointer_mapper.update(): std=0.012675682796910202, velocity=0.030525874902819106
2025-12-03 00:56:28,710 [DEBUG] controller._on_landmark_update(): Pointer mapped to screen position: (78, 362)
2025-12-03 00:56:28,710 [DEBUG] mouse_event_mapper.detect(): thumb-index distances: current=0.27256141083320085, past=0.2690958790680897
2025-12-03 00:56:28,710 [DEBUG] mouse_event_mapper.detect(): thumb-middle distances: current=0.3790240258168642, past=0.3766805232552124
2025-12-03 00:56:28,710 [DEBUG] mouse_event_mapper.update(): detected mouse event: MouseEvent.MOVE
2025-12-03 00:56:28,710 [DEBUG] controller._on_landmark_update(): Mouse event deteced: MOVE
2025-12-03 00:56:28,733 [DEBUG] camera.run(): Captured frame at timestamp: 15056
2025-12-03 00:56:28,744 [DEBUG] landmarker.update(): velocity=0.3419720667945148
2025-12-03 00:56:28,745 [DEBUG] pointer_mapper.update(): std=0.014190045981749071, velocity=0.03374304381527876
2025-12-03 00:56:28,745 [DEBUG] controller._on_landmark_update(): Pointer mapped to screen position: (114, 366)
2025-12-03 00:56:28,745 [DEBUG] mouse_event_mapper.detect(): thumb-index distances: current=0.2727991299141596, past=0.27082315977958943
2025-12-03 00:56:28,745 [DEBUG] mouse_event_mapper.detect(): thumb-middle distances: current=0.3792911491171714, past=0.3777835405884075
2025-12-03 00:56:28,745 [DEBUG] mouse_event_mapper.update(): detected mouse event: MouseEvent.MOVE
2025-12-03 00:56:28,745 [DEBUG] controller._on_landmark_update(): Mouse event deteced: MOVE
2025-12-03 00:56:28,765 [DEBUG] camera.run(): Captured frame at timestamp: 15089
2025-12-03 00:56:28,776 [DEBUG] landmarker.update(): velocity=0.37839268839045115
2025-12-03 00:56:28,777 [DEBUG] pointer_mapper.update(): std=0.01584973863374646, velocity=0.037099817997662154
2025-12-03 00:56:28,777 [DEBUG] controller._on_landmark_update(): Pointer mapped to screen position: (156, 371)
2025-12-03 00:56:28,777 [DEBUG] mouse_event_mapper.detect(): thumb-index distances: current=0.2721210427230606, past=0.27199882898023764
2025-12-03 00:56:28,777 [DEBUG] mouse_event_mapper.detect(): thumb-middle distances: current=0.3786477974100217, past=0.3785821066401593
2025-12-03 00:56:28,777 [DEBUG] mouse_event_mapper.update(): detected mouse event: MouseEvent.MOVE
2025-12-03 00:56:28,777 [DEBUG] controller._on_landmark_update(): Mouse event deteced: MOVE
2025-12-03 00:56:28,798 [DEBUG] camera.run(): Captured frame at timestamp: 15121
2025-12-03 00:56:28,809 [DEBUG] landmarker.update(): velocity=0.4185845226920966
2025-12-03 00:56:28,810 [DEBUG] pointer_mapper.update(): std=0.017619612083307184, velocity=0.040962509638464525
2025-12-03 00:56:28,810 [DEBUG] controller._on_landmark_update(): Pointer mapped to screen position: (204, 376)
2025-12-03 00:56:28,810 [DEBUG] mouse_event_mapper.detect(): thumb-index distances: current=0.27084130034482806, past=0.27256141083320085
2025-12-03 00:56:28,810 [DEBUG] mouse_event_mapper.detect(): thumb-middle distances: current=0.3778317605975703, past=0.3790240258168642
2025-12-03 00:56:28,810 [DEBUG] mouse_event_mapper.update(): detected mouse event: MouseEvent.MOVE
2025-12-03 00:56:28,810 [DEBUG] controller._on_landmark_update(): Mouse event deteced: MOVE
2025-12-03 00:56:28,833 [DEBUG] camera.run(): Captured frame at timestamp: 15156
2025-12-03 00:56:28,844 [DEBUG] landmarker.update(): velocity=0.45347143473429596
2025-12-03 00:56:28,844 [DEBUG] pointer_mapper.update(): std=0.01924601887361071, velocity=0.04442987598701327
2025-12-03 00:56:28,844 [DEBUG] controller._on_landmark_update(): Pointer mapped to screen position: (260, 382)
2025-12-03 00:56:28,844 [DEBUG] mouse_event_mapper.detect(): thumb-index distances: current=0.26949461066084673, past=0.2727991299141596
2025-12-03 00:56:28,844 [DEBUG] mouse_event_mapper.detect(): thumb-middle distances: current=0.3767196128205112, past=0.3792911491171714
2025-12-03 00:56:28,844 [DEBUG] mouse_event_mapper.update(): detected mouse event: MouseEvent.MOVE
2025-12-03 00:56:28,844 [DEBUG] controller._on_landmark_update(): Mouse event deteced: MOVE
2025-12-03 00:56:28,865 [DEBUG] camera.run(): Captured frame at timestamp: 15189
2025-12-03 00:56:28,891 [DEBUG] landmarker.update(): velocity=0.47245784505657906
2025-12-03 00:56:28,892 [DEBUG] pointer_mapper.update(): std=0.020618557103262276, velocity=0.04682870954427355
2025-12-03 00:56:28,892 [DEBUG] controller._on_landmark_update(): Pointer mapped to screen position: (324, 389)
2025-12-03 00:56:28,892 [DEBUG] mouse_event_mapper.detect(): thumb-index distances: current=0.2690515090334455, past=0.2721210427230606
2025-12-03 00:56:28,892 [DEBUG] mouse_event_mapper.detect(): thumb-middle distances: current=0.37639085694967783, past=0.3786477974100217
2025-12-03 00:56:28,892 [DEBUG] mouse_event_mapper.update(): detected mouse event: MouseEvent.MOVE
2025-12-03 00:56:28,892 [DEBUG] controller._on_landmark_update(): Mouse event deteced: MOVE
2025-12-03 00:56:28,902 [DEBUG] camera.run(): Captured frame at timestamp: 15226
2025-12-03 00:56:28,913 [DEBUG] landmarker.update(): velocity=0.486408025899466
2025-12-03 00:56:28,913 [DEBUG] pointer_mapper.update(): std=0.02155848849195181, velocity=0.048302079413917225
2025-12-03 00:56:28,913 [DEBUG] controller._on_landmark_update(): Pointer mapped to screen position: (394, 396)
2025-12-03 00:56:28,914 [DEBUG] mouse_event_mapper.detect(): thumb-index distances: current=0.26912327215487325, past=0.27084130034482806
2025-12-03 00:56:28,914 [DEBUG] mouse_event_mapper.detect(): thumb-middle distances: current=0.37577677895066364, past=0.3778317605975703
2025-12-03 00:56:28,914 [DEBUG] mouse_event_mapper.update(): detected mouse event: MouseEvent.MOVE
2025-12-03 00:56:28,914 [DEBUG] controller._on_landmark_update(): Mouse event deteced: MOVE
2025-12-03 00:56:28,930 [DEBUG] camera.run(): Captured frame at timestamp: 15254
2025-12-03 00:56:28,941 [DEBUG] landmarker.update(): velocity=0.49143133422519075
2025-12-03 00:56:28,941 [DEBUG] pointer_mapper.update(): std=0.022061437500335637, velocity=0.049155648531636516
2025-12-03 00:56:28,941 [DEBUG] controller._on_landmark_update(): Pointer mapped to screen position: (469, 405)
2025-12-03 00:56:28,941 [DEBUG] mouse_event_mapper.detect(): thumb-index distances: current=0.26890704098343793, past=0.26949461066084673
2025-12-03 00:56:28,941 [DEBUG] mouse_event_mapper.detect(): thumb-middle distances: current=0.3747341742659105, past=0.3767196128205112
2025-12-03 00:56:28,941 [DEBUG] mouse_event_mapper.update(): detected mouse event: MouseEvent.MOVE
2025-12-03 00:56:28,941 [DEBUG] controller._on_landmark_update(): Mouse event deteced: MOVE
2025-12-03 00:56:28,963 [DEBUG] camera.run(): Captured frame at timestamp: 15287
2025-12-03 00:56:28,974 [DEBUG] landmarker.update(): velocity=0.48867143709554023
2025-12-03 00:56:28,974 [DEBUG] pointer_mapper.update(): std=0.02211188908159465, velocity=0.04890597709344529
2025-12-03 00:56:28,974 [DEBUG] controller._on_landmark_update(): Pointer mapped to screen position: (547, 415)
2025-12-03 00:56:28,974 [DEBUG] mouse_event_mapper.detect(): thumb-index distances: current=0.26889916060232216, past=0.2690515090334455
2025-12-03 00:56:28,974 [DEBUG] mouse_event_mapper.detect(): thumb-middle distances: current=0.3735023141842624, past=0.37639085694967783
2025-12-03 00:56:28,974 [DEBUG] mouse_event_mapper.update(): detected mouse event: MouseEvent.MOVE
2025-12-03 00:56:28,974 [DEBUG] controller._on_landmark_update(): Mouse event deteced: MOVE
2025-12-03 00:56:28,997 [DEBUG] camera.run(): Captured frame at timestamp: 15321
2025-12-03 00:56:29,008 [DEBUG] landmarker.update(): velocity=0.47481751786127085
2025-12-03 00:56:29,008 [DEBUG] pointer_mapper.update(): std=0.021788465665234295, velocity=0.04793457974666989
2025-12-03 00:56:29,008 [DEBUG] controller._on_landmark_update(): Pointer mapped to screen position: (627, 427)
2025-12-03 00:56:29,009 [DEBUG] mouse_event_mapper.detect(): thumb-index distances: current=0.2693006633091491, past=0.26912327215487325
2025-12-03 00:56:29,009 [DEBUG] mouse_event_mapper.detect(): thumb-middle distances: current=0.3728214964424074, past=0.37577677895066364
2025-12-03 00:56:29,009 [DEBUG] mouse_event_mapper.update(): detected mouse event: MouseEvent.MOVE
2025-12-03 00:56:29,009 [DEBUG] controller._on_landmark_update(): Mouse event deteced: MOVE
2025-12-03 00:56:29,031 [DEBUG] camera.run(): Captured frame at timestamp: 15354
2025-12-03 00:56:29,041 [DEBUG] landmarker.update(): velocity=0.4588546512329225
2025-12-03 00:56:29,042 [DEBUG] pointer_mapper.update(): std=0.021112312685627445, velocity=0.04646882593048307
2025-12-03 00:56:29,042 [DEBUG] controller._on_landmark_update(): Pointer mapped to screen position: (708, 439)
2025-12-03 00:56:29,042 [DEBUG] mouse_event_mapper.detect(): thumb-index distances: current=0.27028227926596665, past=0.26890704098343793
2025-12-03 00:56:29,042 [DEBUG] mouse_event_mapper.detect(): thumb-middle distances: current=0.37271058636711607, past=0.3747341742659105
2025-12-03 00:56:29,042 [DEBUG] mouse_event_mapper.update(): detected mouse event: MouseEvent.MOVE
2025-12-03 00:56:29,042 [DEBUG] controller._on_landmark_update(): Mouse event deteced: MOVE
2025-12-03 00:56:29,066 [DEBUG] camera.run(): Captured frame at timestamp: 15389
2025-12-03 00:56:29,076 [DEBUG] landmarker.update(): velocity=0.42720021066946157
2025-12-03 00:56:29,077 [DEBUG] pointer_mapper.update(): std=0.0202174433728063, velocity=0.04420988602350646
2025-12-03 00:56:29,077 [DEBUG] controller._on_landmark_update(): Pointer mapped to screen position: (788, 453)
2025-12-03 00:56:29,077 [DEBUG] mouse_event_mapper.detect(): thumb-index distances: current=0.2711794736871647, past=0.26889916060232216
2025-12-03 00:56:29,077 [DEBUG] mouse_event_mapper.detect(): thumb-middle distances: current=0.37269658214797047, past=0.3735023141842624
2025-12-03 00:56:29,077 [DEBUG] mouse_event_mapper.update(): detected mouse event: MouseEvent.MOVE
2025-12-03 00:56:29,077 [DEBUG] controller._on_landmark_update(): Mouse event deteced: MOVE
2025-12-03 00:56:29,099 [DEBUG] camera.run(): Captured frame at timestamp: 15423
2025-12-03 00:56:29,110 [DEBUG] landmarker.update(): velocity=0.3937640118882247
2025-12-03 00:56:29,111 [DEBUG] pointer_mapper.update(): std=0.018972716783986168, velocity=0.041243853588358755
2025-12-03 00:56:29,111 [DEBUG] controller._on_landmark_update(): Pointer mapped to screen position: (866, 467)
2025-12-03 00:56:29,111 [DEBUG] mouse_event_mapper.detect(): thumb-index distances: current=0.2719144539709677, past=0.2693006633091491
2025-12-03 00:56:29,111 [DEBUG] mouse_event_mapper.detect(): thumb-middle distances: current=0.37262995694190565, past=0.3728214964424074
2025-12-03 00:56:29,111 [DEBUG] mouse_event_mapper.update(): detected mouse event: MouseEvent.MOVE
2025-12-03 00:56:29,111 [DEBUG] controller._on_landmark_update(): Mouse event deteced: MOVE
2025-12-03 00:56:29,132 [DEBUG] camera.run(): Captured frame at timestamp: 15456
2025-12-03 00:56:29,143 [DEBUG] landmarker.update(): velocity=0.3474247252540643
2025-12-03 00:56:29,144 [DEBUG] pointer_mapper.update(): std=0.017357591041584595, velocity=0.03737046640887628
2025-12-03 00:56:29,144 [DEBUG] controller._on_landmark_update(): Pointer mapped to screen position: (942, 481)
2025-12-03 00:56:29,144 [DEBUG] mouse_event_mapper.detect(): thumb-index distances: current=0.2720785107313181, past=0.27028227926596665
2025-12-03 00:56:29,144 [DEBUG] mouse_event_mapper.detect(): thumb-middle distances: current=0.37214167577806156, past=0.37271058636711607
2025-12-03 00:56:29,144 [DEBUG] mouse_event_mapper.update(): detected mouse event: MouseEvent.MOVE
2025-12-03 00:56:29,144 [DEBUG] controller._on_landmark_update(): Mouse event deteced: MOVE
2025-12-03 00:56:29,166 [DEBUG] camera.run(): Captured frame at timestamp: 15490
2025-12-03 00:56:29,177 [DEBUG] landmarker.update(): velocity=0.3064126001990286
2025-12-03 00:56:29,178 [DEBUG] pointer_mapper.update(): std=0.015451465338899361, velocity=0.033104044700398225
2025-12-03 00:56:29,178 [DEBUG] controller._on_landmark_update(): Pointer mapped to screen position: (1013, 495)
2025-12-03 00:56:29,178 [DEBUG] mouse_event_mapper.detect(): thumb-index distances: current=0.27171835947935224, past=0.2711794736871647
2025-12-03 00:56:29,178 [DEBUG] mouse_event_mapper.detect(): thumb-middle distances: current=0.37143798128734223, past=0.37269658214797047
2025-12-03 00:56:29,178 [DEBUG] mouse_event_mapper.update(): detected mouse event: MouseEvent.MOVE
2025-12-03 00:56:29,178 [DEBUG] controller._on_landmark_update(): Mouse event deteced: MOVE
2025-12-03 00:56:29,200 [DEBUG] camera.run(): Captured frame at timestamp: 15523
2025-12-03 00:56:29,210 [DEBUG] landmarker.update(): velocity=0.26750945105372526
2025-12-03 00:56:29,211 [DEBUG] pointer_mapper.update(): std=0.013551080548220224, velocity=0.02883592217395758
2025-12-03 00:56:29,211 [DEBUG] controller._on_landmark_update(): Pointer mapped to screen position: (1079, 508)
2025-12-03 00:56:29,211 [DEBUG] mouse_event_mapper.detect(): thumb-index distances: current=0.2706576122040803, past=0.2719144539709677
2025-12-03 00:56:29,211 [DEBUG] mouse_event_mapper.detect(): thumb-middle distances: current=0.37017641244981797, past=0.37262995694190565
2025-12-03 00:56:29,211 [DEBUG] mouse_event_mapper.update(): detected mouse event: MouseEvent.MOVE
2025-12-03 00:56:29,211 [DEBUG] controller._on_landmark_update(): Mouse event deteced: MOVE
2025-12-03 00:56:29,233 [DEBUG] camera.run(): Captured frame at timestamp: 15556
2025-12-03 00:56:29,244 [DEBUG] landmarker.update(): velocity=0.23306752026178
2025-12-03 00:56:29,244 [DEBUG] pointer_mapper.update(): std=0.011838668304828636, velocity=0.025033661683827615
2025-12-03 00:56:29,245 [DEBUG] controller._on_landmark_update(): Pointer mapped to screen position: (1139, 521)
2025-12-03 00:56:29,245 [DEBUG] mouse_event_mapper.detect(): thumb-index distances: current=0.2689622067021562, past=0.2720785107313181
2025-12-03 00:56:29,245 [DEBUG] mouse_event_mapper.detect(): thumb-middle distances: current=0.36832330700571486, past=0.37214167577806156
2025-12-03 00:56:29,245 [DEBUG] mouse_event_mapper.update(): detected mouse event: MouseEvent.MOVE
2025-12-03 00:56:29,245 [DEBUG] controller._on_landmark_update(): Mouse event deteced: MOVE
2025-12-03 00:56:29,263 [DEBUG] camera.run(): Captured frame at timestamp: 15586
2025-12-03 00:56:29,274 [DEBUG] landmarker.update(): velocity=0.20415972553457742
2025-12-03 00:56:29,274 [DEBUG] pointer_mapper.update(): std=0.010343617192632666, velocity=0.02177066174025907
2025-12-03 00:56:29,274 [DEBUG] controller._on_landmark_update(): Pointer mapped to screen position: (1195, 532)
2025-12-03 00:56:29,274 [DEBUG] mouse_event_mapper.detect(): thumb-index distances: current=0.26678423768574583, past=0.27171835947935224
2025-12-03 00:56:29,274 [DEBUG] mouse_event_mapper.detect(): thumb-middle distances: current=0.36594449095861137, past=0.37143798128734223
2025-12-03 00:56:29,274 [DEBUG] mouse_event_mapper.update(): detected mouse event: MouseEvent.MOVE
2025-12-03 00:56:29,274 [DEBUG] controller._on_landmark_update(): Mouse event deteced: MOVE
2025-12-03 00:56:29,299 [DEBUG] camera.run(): Captured frame at timestamp: 15622
2025-12-03 00:56:29,310 [DEBUG] landmarker.update(): velocity=0.18531831773785057
2025-12-03 00:56:29,310 [DEBUG] pointer_mapper.update(): std=0.009154925059081226, velocity=0.01941938538329469
2025-12-03 00:56:29,310 [DEBUG] controller._on_landmark_update(): Pointer mapped to screen position: (1245, 542)
2025-12-03 00:56:29,310 [DEBUG] mouse_event_mapper.detect(): thumb-index distances: current=0.2641450984342819, past=0.2706576122040803
2025-12-03 00:56:29,310 [DEBUG] mouse_event_mapper.detect(): thumb-middle distances: current=0.3631921865810437, past=0.37017641244981797
2025-12-03 00:56:29,310 [DEBUG] mouse_event_mapper.update(): detected mouse event: MouseEvent.MOVE
2025-12-03 00:56:29,310 [DEBUG] controller._on_landmark_update(): Mouse event deteced: MOVE
2025-12-03 00:56:29,332 [DEBUG] camera.run(): Captured frame at timestamp: 15656
2025-12-03 00:56:29,343 [DEBUG] landmarker.update(): velocity=0.1685663181710565
2025-12-03 00:56:29,344 [DEBUG] pointer_mapper.update(): std=0.008205058030145467, velocity=0.01751497016815121
2025-12-03 00:56:29,344 [DEBUG] controller._on_landmark_update(): Pointer mapped to screen position: (1290, 551)
2025-12-03 00:56:29,344 [DEBUG] mouse_event_mapper.detect(): thumb-index distances: current=0.2612424404929487, past=0.2689622067021562
2025-12-03 00:56:29,344 [DEBUG] mouse_event_mapper.detect(): thumb-middle distances: current=0.3602623803118962, past=0.36832330700571486
2025-12-03 00:56:29,344 [DEBUG] mouse_event_mapper.update(): detected mouse event: MouseEvent.MOVE
2025-12-03 00:56:29,344 [DEBUG] controller._on_landmark_update(): Mouse event deteced: MOVE
2025-12-03 00:56:29,366 [DEBUG] camera.run(): Captured frame at timestamp: 15689
2025-12-03 00:56:29,376 [DEBUG] landmarker.update(): velocity=0.1499339141376653
2025-12-03 00:56:29,377 [DEBUG] pointer_mapper.update(): std=0.007353676284980871, velocity=0.015810488626347066
2025-12-03 00:56:29,377 [DEBUG] controller._on_landmark_update(): Pointer mapped to screen position: (1331, 560)
2025-12-03 00:56:29,377 [DEBUG] mouse_event_mapper.detect(): thumb-index distances: current=0.25855559631301656, past=0.26678423768574583
2025-12-03 00:56:29,377 [DEBUG] mouse_event_mapper.detect(): thumb-middle distances: current=0.35734250389346145, past=0.36594449095861137
2025-12-03 00:56:29,377 [DEBUG] mouse_event_mapper.update(): detected mouse event: MouseEvent.MOVE
2025-12-03 00:56:29,377 [DEBUG] controller._on_landmark_update(): Mouse event deteced: MOVE
2025-12-03 00:56:29,400 [DEBUG] camera.run(): Captured frame at timestamp: 15723
2025-12-03 00:56:29,410 [DEBUG] landmarker.update(): velocity=0.133666935166447
2025-12-03 00:56:29,411 [DEBUG] pointer_mapper.update(): std=0.006506452867753305, velocity=0.014181396052741543
2025-12-03 00:56:29,411 [DEBUG] controller._on_landmark_update(): Pointer mapped to screen position: (1367, 567)
2025-12-03 00:56:29,411 [DEBUG] mouse_event_mapper.detect(): thumb-index distances: current=0.25642785894058695, past=0.2641450984342819
2025-12-03 00:56:29,411 [DEBUG] mouse_event_mapper.detect(): thumb-middle distances: current=0.3547420923599307, past=0.3631921865810437
2025-12-03 00:56:29,411 [DEBUG] mouse_event_mapper.update(): detected mouse event: MouseEvent.MOVE
2025-12-03 00:56:29,411 [DEBUG] controller._on_landmark_update(): Mouse event deteced: MOVE
2025-12-03 00:56:29,432 [DEBUG] camera.run(): Captured frame at timestamp: 15756
2025-12-03 00:56:29,443 [DEBUG] landmarker.update(): velocity=0.11957704694984984
2025-12-03 00:56:29,444 [DEBUG] pointer_mapper.update(): std=0.005743284075573723, velocity=0.012574029420040668
2025-12-03 00:56:29,444 [DEBUG] controller._on_landmark_update(): Pointer mapped to screen position: (1396, 574)
2025-12-03 00:56:29,444 [DEBUG] mouse_event_mapper.detect(): thumb-index distances: current=0.25511280727359864, past=0.2612424404929487
2025-12-03 00:56:29,444 [DEBUG] mouse_event_mapper.detect(): thumb-middle distances: current=0.3528625895118756, past=0.3602623803118962
2025-12-03 00:56:29,444 [DEBUG] mouse_event_mapper.update(): detected mouse event: MouseEvent.MOVE
2025-12-03 00:56:29,444 [DEBUG] controller._on_landmark_update(): Mouse event deteced: MOVE
2025-12-03 00:56:29,464 [DEBUG] camera.run(): Captured frame at timestamp: 15788
2025-12-03 00:56:29,475 [DEBUG] landmarker.update(): velocity=0.1037424111888246
2025-12-03 00:56:29,476 [DEBUG] pointer_mapper.update(): std=0.00506478563578641, velocity=0.011017820314263073
2025-12-03 00:56:29,476 [DEBUG] controller._on_landmark_update(): Pointer mapped to screen position: (1419, 581)
2025-12-03 00:56:29,476 [DEBUG] mouse_event_mapper.detect(): thumb-index distances: current=0.2541774108738963, past=0.25855559631301656
2025-12-03 00:56:29,476 [DEBUG] mouse_event_mapper.detect(): thumb-middle distances: current=0.3516453506851684, past=0.35734250389346145
2025-12-03 00:56:29,476 [DEBUG] mouse_event_mapper.update(): detected mouse event: MouseEvent.MOVE
2025-12-03 00:56:29,476 [DEBUG] controller._on_landmark_update(): Mouse event deteced: MOVE
2025-12-03 00:56:29,498 [DEBUG] camera.run(): Captured frame at timestamp: 15821
2025-12-03 00:56:29,508 [DEBUG] landmarker.update(): velocity=0.08883340316101972
2025-12-03 00:56:29,509 [DEBUG] pointer_mapper.update(): std=0.004401658297702095, velocity=0.009437082483136405
2025-12-03 00:56:29,509 [DEBUG] controller._on_landmark_update(): Pointer mapped to screen position: (1438, 587)
2025-12-03 00:56:29,509 [DEBUG] mouse_event_mapper.detect(): thumb-index distances: current=0.25347318318295037, past=0.25642785894058695
2025-12-03 00:56:29,509 [DEBUG] mouse_event_mapper.detect(): thumb-middle distances: current=0.35094122030046576, past=0.3547420923599307
2025-12-03 00:56:29,509 [DEBUG] mouse_event_mapper.update(): detected mouse event: MouseEvent.MOVE
2025-12-03 00:56:29,509 [DEBUG] controller._on_landmark_update(): Mouse event deteced: MOVE
2025-12-03 00:56:29,531 [DEBUG] camera.run(): Captured frame at timestamp: 15855
2025-12-03 00:56:29,542 [DEBUG] landmarker.update(): velocity=0.07588827077689006
2025-12-03 00:56:29,543 [DEBUG] pointer_mapper.update(): std=0.0037654643847861097, velocity=0.008042124874847893
2025-12-03 00:56:29,543 [DEBUG] controller._on_landmark_update(): Pointer mapped to screen position: (1452, 592)
2025-12-03 00:56:29,543 [DEBUG] mouse_event_mapper.detect(): thumb-index distances: current=0.25289222233170805, past=0.25511280727359864
2025-12-03 00:56:29,543 [DEBUG] mouse_event_mapper.detect(): thumb-middle distances: current=0.35035502014789294, past=0.3528625895118756
2025-12-03 00:56:29,543 [DEBUG] mouse_event_mapper.update(): detected mouse event: MouseEvent.MOVE
2025-12-03 00:56:29,543 [DEBUG] controller._on_landmark_update(): Mouse event deteced: MOVE
2025-12-03 00:56:29,566 [DEBUG] camera.run(): Captured frame at timestamp: 15889
2025-12-03 00:56:29,577 [DEBUG] landmarker.update(): velocity=0.06389380320924795
2025-12-03 00:56:29,577 [DEBUG] pointer_mapper.update(): std=0.0032307384616584805, velocity=0.00651831524638061
2025-12-03 00:56:29,577 [DEBUG] controller._on_landmark_update(): Pointer mapped to screen position: (1464, 596)
2025-12-03 00:56:29,577 [DEBUG] mouse_event_mapper.detect(): thumb-index distances: current=0.25258887136136066, past=0.2541774108738963
2025-12-03 00:56:29,577 [DEBUG] mouse_event_mapper.detect(): thumb-middle distances: current=0.349866955918872, past=0.3516453506851684
2025-12-03 00:56:29,577 [DEBUG] mouse_event_mapper.update(): detected mouse event: MouseEvent.MOVE
2025-12-03 00:56:29,577 [DEBUG] controller._on_landmark_update(): Mouse event deteced: MOVE
2025-12-03 00:56:29,599 [DEBUG] camera.run(): Captured frame at timestamp: 15922
2025-12-03 00:56:29,610 [DEBUG] landmarker.update(): velocity=0.06092998718697879
2025-12-03 00:56:29,610 [DEBUG] pointer_mapper.update(): std=0.002808922478892421, velocity=0.005775844738254814
2025-12-03 00:56:29,610 [DEBUG] controller._on_landmark_update(): Pointer mapped to screen position: (1474, 600)
2025-12-03 00:56:29,610 [DEBUG] mouse_event_mapper.detect(): thumb-index distances: current=0.25218126147995684, past=0.25347318318295037
2025-12-03 00:56:29,610 [DEBUG] mouse_event_mapper.detect(): thumb-middle distances: current=0.3493928223924174, past=0.35094122030046576
2025-12-03 00:56:29,610 [DEBUG] mouse_event_mapper.update(): detected mouse event: MouseEvent.MOVE
2025-12-03 00:56:29,610 [DEBUG] controller._on_landmark_update(): Mouse event deteced: MOVE
2025-12-03 00:56:29,632 [DEBUG] camera.run(): Captured frame at timestamp: 15956
2025-12-03 00:56:29,643 [DEBUG] landmarker.update(): velocity=0.05777089221383896
2025-12-03 00:56:29,644 [DEBUG] pointer_mapper.update(): std=0.0024830015598013956, velocity=0.005493534315821826
2025-12-03 00:56:29,644 [DEBUG] controller._on_landmark_update(): Pointer mapped to screen position: (1481, 604)
2025-12-03 00:56:29,644 [DEBUG] mouse_event_mapper.detect(): thumb-index distances: current=0.2514086689619121, past=0.25289222233170805
2025-12-03 00:56:29,644 [DEBUG] mouse_event_mapper.detect(): thumb-middle distances: current=0.3486832508663255, past=0.35035502014789294
2025-12-03 00:56:29,644 [DEBUG] mouse_event_mapper.update(): detected mouse event: MouseEvent.MOVE
2025-12-03 00:56:29,644 [DEBUG] controller._on_landmark_update(): Mouse event deteced: MOVE
2025-12-03 00:56:29,665 [DEBUG] camera.run(): Captured frame at timestamp: 15989
2025-12-03 00:56:29,676 [DEBUG] landmarker.update(): velocity=0.05741955323627265
2025-12-03 00:56:29,677 [DEBUG] pointer_mapper.update(): std=0.0021995871982711823, velocity=0.005521347582239144
2025-12-03 00:56:29,677 [DEBUG] controller._on_landmark_update(): Pointer mapped to screen position: (1487, 607)
2025-12-03 00:56:29,677 [DEBUG] mouse_event_mapper.detect(): thumb-index distances: current=0.2498873498203473, past=0.25258887136136066
2025-12-03 00:56:29,677 [DEBUG] mouse_event_mapper.detect(): thumb-middle distances: current=0.34701187284635, past=0.349866955918872
2025-12-03 00:56:29,677 [DEBUG] mouse_event_mapper.update(): detected mouse event: MouseEvent.MOVE
2025-12-03 00:56:29,677 [DEBUG] controller._on_landmark_update(): Mouse event deteced: MOVE
2025-12-03 00:56:29,698 [DEBUG] camera.run(): Captured frame at timestamp: 16022
2025-12-03 00:56:29,709 [DEBUG] landmarker.update(): velocity=0.08014428169426795
2025-12-03 00:56:29,710 [DEBUG] pointer_mapper.update(): std=0.002150910605024554, velocity=0.006274353459045035
2025-12-03 00:56:29,710 [DEBUG] controller._on_landmark_update(): Pointer mapped to screen position: (1492, 610)
2025-12-03 00:56:29,710 [DEBUG] mouse_event_mapper.detect(): thumb-index distances: current=0.24736781006333983, past=0.25218126147995684
2025-12-03 00:56:29,710 [DEBUG] mouse_event_mapper.detect(): thumb-middle distances: current=0.34320729268319417, past=0.3493928223924174
2025-12-03 00:56:29,710 [DEBUG] mouse_event_mapper.update(): detected mouse event: MouseEvent.MOVE
2025-12-03 00:56:29,710 [DEBUG] controller._on_landmark_update(): Mouse event deteced: MOVE
2025-12-03 00:56:29,732 [DEBUG] camera.run(): Captured frame at timestamp: 16055
2025-12-03 00:56:29,743 [DEBUG] landmarker.update(): velocity=0.10735767307171669
2025-12-03 00:56:29,744 [DEBUG] pointer_mapper.update(): std=0.0028325446164223157, velocity=0.007238564697351893
2025-12-03 00:56:29,744 [DEBUG] controller._on_landmark_update(): Pointer mapped to screen position: (1496, 612)
2025-12-03 00:56:29,744 [DEBUG] mouse_event_mapper.detect(): thumb-index distances: current=0.24366146191220314, past=0.2514086689619121
2025-12-03 00:56:29,744 [DEBUG] mouse_event_mapper.detect(): thumb-middle distances: current=0.33547868610438386, past=0.3486832508663255
2025-12-03 00:56:29,744 [DEBUG] mouse_event_mapper.update(): detected mouse event: MouseEvent.MOVE
2025-12-03 00:56:29,744 [DEBUG] controller._on_landmark_update(): Mouse event deteced: MOVE
2025-12-03 00:56:29,765 [DEBUG] camera.run(): Captured frame at timestamp: 16089
2025-12-03 00:56:29,776 [DEBUG] landmarker.update(): velocity=0.14047997301825293
2025-12-03 00:56:29,777 [DEBUG] pointer_mapper.update(): std=0.003273551509284502, velocity=0.008302947036581047
2025-12-03 00:56:29,777 [DEBUG] controller._on_landmark_update(): Pointer mapped to screen position: (1499, 613)
2025-12-03 00:56:29,777 [DEBUG] mouse_event_mapper.detect(): thumb-index distances: current=0.23923238334790922, past=0.2498873498203473
2025-12-03 00:56:29,777 [DEBUG] mouse_event_mapper.detect(): thumb-middle distances: current=0.3220031895808733, past=0.34701187284635
2025-12-03 00:56:29,777 [DEBUG] mouse_event_mapper.update(): detected mouse event: MouseEvent.MOVE
2025-12-03 00:56:29,777 [DEBUG] controller._on_landmark_update(): Mouse event deteced: MOVE
2025-12-03 00:56:29,799 [DEBUG] camera.run(): Captured frame at timestamp: 16123
2025-12-03 00:56:29,810 [DEBUG] landmarker.update(): velocity=0.1733013067970058
2025-12-03 00:56:29,811 [DEBUG] pointer_mapper.update(): std=0.0033349391429772337, velocity=0.009039589596655276
2025-12-03 00:56:29,811 [DEBUG] controller._on_landmark_update(): Pointer mapped to screen position: (1502, 613)
2025-12-03 00:56:29,811 [DEBUG] mouse_event_mapper.detect(): thumb-index distances: current=0.23416009529170634, past=0.24736781006333983
2025-12-03 00:56:29,811 [DEBUG] mouse_event_mapper.detect(): thumb-middle distances: current=0.30172300163865634, past=0.34320729268319417
2025-12-03 00:56:29,811 [DEBUG] mouse_event_mapper.update(): detected mouse event: MouseEvent.MOVE
2025-12-03 00:56:29,811 [DEBUG] controller._on_landmark_update(): Mouse event deteced: MOVE
2025-12-03 00:56:29,831 [DEBUG] camera.run(): Captured frame at timestamp: 16154
2025-12-03 00:56:29,842 [DEBUG] landmarker.update(): velocity=0.18644865230143587
2025-12-03 00:56:29,842 [DEBUG] pointer_mapper.update(): std=0.004042254503240816, velocity=0.010459139328261133
2025-12-03 00:56:29,842 [DEBUG] controller._on_landmark_update(): Pointer mapped to screen position: (1504, 611)
2025-12-03 00:56:29,842 [DEBUG] mouse_event_mapper.detect(): thumb-index distances: current=0.22791814773101618, past=0.24366146191220314
2025-12-03 00:56:29,842 [DEBUG] mouse_event_mapper.detect(): thumb-middle distances: current=0.2768122848899593, past=0.33547868610438386
2025-12-03 00:56:29,843 [DEBUG] mouse_event_mapper.update(): detected mouse event: MouseEvent.MOVE
2025-12-03 00:56:29,843 [DEBUG] controller._on_landmark_update(): Mouse event deteced: MOVE
2025-12-03 00:56:29,866 [DEBUG] camera.run(): Captured frame at timestamp: 16189
2025-12-03 00:56:29,876 [DEBUG] landmarker.update(): velocity=0.1817219088067459
2025-12-03 00:56:29,877 [DEBUG] pointer_mapper.update(): std=0.004654950862475256, velocity=0.011440694809268534
2025-12-03 00:56:29,877 [DEBUG] controller._on_landmark_update(): Pointer mapped to screen position: (1505, 609)
2025-12-03 00:56:29,877 [DEBUG] mouse_event_mapper.detect(): thumb-index distances: current=0.22038570251475156, past=0.23923238334790922
2025-12-03 00:56:29,877 [DEBUG] mouse_event_mapper.detect(): thumb-middle distances: current=0.2508972740336843, past=0.3220031895808733
2025-12-03 00:56:29,877 [DEBUG] mouse_event_mapper.update(): detected mouse event: MouseEvent.MOVE
2025-12-03 00:56:29,877 [DEBUG] controller._on_landmark_update(): Mouse event deteced: MOVE
2025-12-03 00:56:29,899 [DEBUG] camera.run(): Captured frame at timestamp: 16223
2025-12-03 00:56:29,910 [DEBUG] landmarker.update(): velocity=0.18956790413388425
2025-12-03 00:56:29,910 [DEBUG] pointer_mapper.update(): std=0.004940864452852202, velocity=0.011324945155616556
2025-12-03 00:56:29,910 [DEBUG] controller._on_landmark_update(): Pointer mapped to screen position: (1506, 606)
2025-12-03 00:56:29,911 [DEBUG] mouse_event_mapper.detect(): thumb-index distances: current=0.21204348431112222, past=0.23416009529170634
2025-12-03 00:56:29,911 [DEBUG] mouse_event_mapper.detect(): thumb-middle distances: current=0.22508811281338548, past=0.30172300163865634
2025-12-03 00:56:29,911 [DEBUG] mouse_event_mapper.update(): detected mouse event: MouseEvent.MOVE
2025-12-03 00:56:29,911 [DEBUG] controller._on_landmark_update(): Mouse event deteced: MOVE
2025-12-03 00:56:29,931 [DEBUG] camera.run(): Captured frame at timestamp: 16254
2025-12-03 00:56:29,941 [DEBUG] landmarker.update(): velocity=0.1310416241118955
2025-12-03 00:56:29,942 [DEBUG] pointer_mapper.update(): std=0.004316030678630271, velocity=0.009418088681518853
2025-12-03 00:56:29,942 [DEBUG] controller._on_landmark_update(): Pointer mapped to screen position: (1507, 604)
2025-12-03 00:56:29,942 [DEBUG] mouse_event_mapper.detect(): thumb-index distances: current=0.2045564497348827, past=0.22791814773101618
2025-12-03 00:56:29,942 [DEBUG] mouse_event_mapper.detect(): thumb-middle distances: current=0.20229708352231957, past=0.2768122848899593
2025-12-03 00:56:29,942 [DEBUG] mouse_event_mapper.update(): detected mouse event: MouseEvent.MOVE
2025-12-03 00:56:29,942 [DEBUG] controller._on_landmark_update(): Mouse event deteced: MOVE
2025-12-03 00:56:29,963 [DEBUG] camera.run(): Captured frame at timestamp: 16287
2025-12-03 00:56:29,974 [DEBUG] landmarker.update(): velocity=0.12689004620346586
2025-12-03 00:56:29,975 [DEBUG] pointer_mapper.update(): std=0.003558516051489793, velocity=0.008116810693050317
2025-12-03 00:56:29,975 [DEBUG] controller._on_landmark_update(): Pointer mapped to screen position: (1508, 601)
2025-12-03 00:56:29,975 [DEBUG] mouse_event_mapper.detect(): thumb-index distances: current=0.19875817097681123, past=0.22038570251475156
2025-12-03 00:56:29,975 [DEBUG] mouse_event_mapper.detect(): thumb-middle distances: current=0.181529627958689, past=0.2508972740336843
2025-12-03 00:56:29,975 [DEBUG] mouse_event_mapper.update(): detected mouse event: MouseEvent.MOVE
2025-12-03 00:56:29,975 [DEBUG] controller._on_landmark_update(): Mouse event deteced: MOVE
2025-12-03 00:56:29,996 [DEBUG] camera.run(): Captured frame at timestamp: 16320
2025-12-03 00:56:30,007 [DEBUG] landmarker.update(): velocity=0.1131148992687041
2025-12-03 00:56:30,008 [DEBUG] pointer_mapper.update(): std=0.0028809222457507337, velocity=0.006556562451879474
2025-12-03 00:56:30,008 [DEBUG] controller._on_landmark_update(): Pointer mapped to screen position: (1509, 598)
2025-12-03 00:56:30,008 [DEBUG] mouse_event_mapper.detect(): thumb-index distances: current=0.19467495474171112, past=0.21204348431112222
2025-12-03 00:56:30,008 [DEBUG] mouse_event_mapper.detect(): thumb-middle distances: current=0.16413454503450797, past=0.22508811281338548
2025-12-03 00:56:30,008 [DEBUG] mouse_event_mapper.update(): detected mouse event: MouseEvent.MOVE
2025-12-03 00:56:30,008 [DEBUG] controller._on_landmark_update(): Mouse event deteced: MOVE
2025-12-03 00:56:30,030 [DEBUG] camera.run(): Captured frame at timestamp: 16353
2025-12-03 00:56:30,041 [DEBUG] landmarker.update(): velocity=0.08711536656965511
2025-12-03 00:56:30,041 [DEBUG] pointer_mapper.update(): std=0.0025448718499752982, velocity=0.005487090799243797
2025-12-03 00:56:30,041 [DEBUG] controller._on_landmark_update(): Pointer mapped to screen position: (1509, 595)
2025-12-03 00:56:30,041 [DEBUG] mouse_event_mapper.detect(): thumb-index distances: current=0.19170046573919594, past=0.2045564497348827
2025-12-03 00:56:30,041 [DEBUG] mouse_event_mapper.detect(): thumb-middle distances: current=0.14843831586923148, past=0.20229708352231957
2025-12-03 00:56:30,041 [DEBUG] mouse_event_mapper.update(): detected mouse event: MouseEvent.MOVE
2025-12-03 00:56:30,041 [DEBUG] controller._on_landmark_update(): Mouse event deteced: MOVE
2025-12-03 00:56:30,063 [DEBUG] camera.run(): Captured frame at timestamp: 16387
2025-12-03 00:56:30,074 [DEBUG] landmarker.update(): velocity=0.06194699204458045
2025-12-03 00:56:30,075 [DEBUG] pointer_mapper.update(): std=0.0021720357553080805, velocity=0.004294065516308407
2025-12-03 00:56:30,075 [DEBUG] controller._on_landmark_update(): Pointer mapped to screen position: (1510, 593)
2025-12-03 00:56:30,075 [DEBUG] mouse_event_mapper.detect(): thumb-index distances: current=0.18913239932109124, past=0.19875817097681123
2025-12-03 00:56:30,075 [DEBUG] mouse_event_mapper.detect(): thumb-middle distances: current=0.1355003068664671, past=0.181529627958689
2025-12-03 00:56:30,075 [DEBUG] mouse_event_mapper.update(): detected mouse event: MouseEvent.MOVE
2025-12-03 00:56:30,075 [DEBUG] controller._on_landmark_update(): Mouse event deteced: MOVE
2025-12-03 00:56:30,097 [DEBUG] camera.run(): Captured frame at timestamp: 16421
2025-12-03 00:56:30,108 [DEBUG] landmarker.update(): velocity=0.049220054145885324
2025-12-03 00:56:30,109 [DEBUG] pointer_mapper.update(): std=0.0016105064467428925, velocity=0.003458079608403095
2025-12-03 00:56:30,109 [DEBUG] controller._on_landmark_update(): Pointer mapped to screen position: (1510, 590)
2025-12-03 00:56:30,109 [DEBUG] mouse_event_mapper.detect(): thumb-index distances: current=0.18686933502546021, past=0.19467495474171112
2025-12-03 00:56:30,109 [DEBUG] mouse_event_mapper.detect(): thumb-middle distances: current=0.1258336929001992, past=0.16413454503450797
2025-12-03 00:56:30,109 [DEBUG] mouse_event_mapper.update(): detected mouse event: MouseEvent.MOVE
2025-12-03 00:56:30,109 [DEBUG] controller._on_landmark_update(): Mouse event deteced: MOVE
2025-12-03 00:56:30,133 [DEBUG] camera.run(): Captured frame at timestamp: 16457
2025-12-03 00:56:30,144 [DEBUG] landmarker.update(): velocity=0.027952090433371043
2025-12-03 00:56:30,145 [DEBUG] pointer_mapper.update(): std=0.0011539167266117316, velocity=0.0025156118272483484
2025-12-03 00:56:30,145 [DEBUG] controller._on_landmark_update(): Pointer mapped to screen position: (1510, 588)
2025-12-03 00:56:30,145 [DEBUG] mouse_event_mapper.detect(): thumb-index distances: current=0.18488070345787722, past=0.19170046573919594
2025-12-03 00:56:30,145 [DEBUG] mouse_event_mapper.detect(): thumb-middle distances: current=0.11865909855831025, past=0.14843831586923148
2025-12-03 00:56:30,145 [DEBUG] mouse_event_mapper.update(): detected mouse event: MouseEvent.MOVE
2025-12-03 00:56:30,145 [DEBUG] controller._on_landmark_update(): Mouse event deteced: MOVE
2025-12-03 00:56:30,166 [DEBUG] camera.run(): Captured frame at timestamp: 16489
2025-12-03 00:56:30,177 [DEBUG] landmarker.update(): velocity=0.026009794099966777
2025-12-03 00:56:30,177 [DEBUG] pointer_mapper.update(): std=0.0009477808491012022, velocity=0.001947586242136116
2025-12-03 00:56:30,177 [DEBUG] controller._on_landmark_update(): Pointer mapped to screen position: (1511, 587)
2025-12-03 00:56:30,178 [DEBUG] mouse_event_mapper.detect(): thumb-index distances: current=0.18292104672150153, past=0.18913239932109124
2025-12-03 00:56:30,178 [DEBUG] mouse_event_mapper.detect(): thumb-middle distances: current=0.11328737925568927, past=0.1355003068664671
2025-12-03 00:56:30,178 [DEBUG] mouse_event_mapper.update(): detected mouse event: MouseEvent.MOVE
2025-12-03 00:56:30,178 [DEBUG] controller._on_landmark_update(): Mouse event deteced: MOVE
2025-12-03 00:56:30,199 [DEBUG] camera.run(): Captured frame at timestamp: 16523
2025-12-03 00:56:30,210 [DEBUG] landmarker.update(): velocity=0.08372384242289735
2025-12-03 00:56:30,211 [DEBUG] pointer_mapper.update(): std=0.0011257583503405649, velocity=0.0019391477201885767
2025-12-03 00:56:30,211 [DEBUG] controller._on_landmark_update(): Pointer mapped to screen position: (1511, 586)
2025-12-03 00:56:30,211 [DEBUG] mouse_event_mapper.detect(): thumb-index distances: current=0.181266734950594, past=0.18686933502546021
2025-12-03 00:56:30,211 [DEBUG] mouse_event_mapper.detect(): thumb-middle distances: current=0.11278707823822687, past=0.1258336929001992
2025-12-03 00:56:30,211 [DEBUG] mouse_event_mapper.update(): detected mouse event: MouseEvent.MOVE
2025-12-03 00:56:30,211 [DEBUG] controller._on_landmark_update(): Mouse event deteced: MOVE
2025-12-03 00:56:30,231 [DEBUG] camera.run(): Captured frame at timestamp: 16554
2025-12-03 00:56:30,242 [DEBUG] landmarker.update(): velocity=0.0882651836220578
2025-12-03 00:56:30,242 [DEBUG] pointer_mapper.update(): std=0.0009666504289711357, velocity=0.002479193421265521
2025-12-03 00:56:30,242 [DEBUG] controller._on_landmark_update(): Pointer mapped to screen position: (1511, 584)
2025-12-03 00:56:30,242 [DEBUG] mouse_event_mapper.detect(): thumb-index distances: current=0.180587981497311, past=0.18488070345787722
2025-12-03 00:56:30,242 [DEBUG] mouse_event_mapper.detect(): thumb-middle distances: current=0.11602023596200822, past=0.11865909855831025
2025-12-03 00:56:30,242 [DEBUG] mouse_event_mapper.update(): detected mouse event: MouseEvent.MOVE
2025-12-03 00:56:30,242 [DEBUG] controller._on_landmark_update(): Mouse event deteced: MOVE
2025-12-03 00:56:30,264 [DEBUG] camera.run(): Captured frame at timestamp: 16587
2025-12-03 00:56:30,275 [DEBUG] landmarker.update(): velocity=0.15000078437995937
2025-12-03 00:56:30,275 [DEBUG] pointer_mapper.update(): std=0.00213966156272394, velocity=0.005115619555507888
2025-12-03 00:56:30,275 [DEBUG] controller._on_landmark_update(): Pointer mapped to screen position: (1511, 584)
2025-12-03 00:56:30,275 [DEBUG] mouse_event_mapper.detect(): thumb-index distances: current=0.18244181993235967, past=0.18292104672150153
2025-12-03 00:56:30,275 [DEBUG] mouse_event_mapper.detect(): thumb-middle distances: current=0.12707506022992807, past=0.11328737925568927
2025-12-03 00:56:30,275 [DEBUG] mouse_event_mapper.update(): detected mouse event: MouseEvent.MOVE
2025-12-03 00:56:30,275 [DEBUG] controller._on_landmark_update(): Mouse event deteced: MOVE
2025-12-03 00:56:30,297 [DEBUG] camera.run(): Captured frame at timestamp: 16621
2025-12-03 00:56:30,308 [DEBUG] landmarker.update(): velocity=0.17863533110981167
2025-12-03 00:56:30,309 [DEBUG] pointer_mapper.update(): std=0.003704958564712473, velocity=0.00794427566290036
2025-12-03 00:56:30,309 [DEBUG] controller._on_landmark_update(): Pointer mapped to screen position: (1511, 585)
2025-12-03 00:56:30,309 [DEBUG] mouse_event_mapper.detect(): thumb-index distances: current=0.18685936395524919, past=0.181266734950594
2025-12-03 00:56:30,309 [DEBUG] mouse_event_mapper.detect(): thumb-middle distances: current=0.14364053979532632, past=0.11278707823822687
2025-12-03 00:56:30,309 [DEBUG] mouse_event_mapper.update(): detected mouse event: MouseEvent.MOVE
2025-12-03 00:56:30,309 [DEBUG] controller._on_landmark_update(): Mouse event deteced: MOVE
2025-12-03 00:56:30,331 [DEBUG] camera.run(): Captured frame at timestamp: 16654
2025-12-03 00:56:30,342 [DEBUG] landmarker.update(): velocity=0.18830863513231416
2025-12-03 00:56:30,342 [DEBUG] pointer_mapper.update(): std=0.004694875404172259, velocity=0.010173764942992216
2025-12-03 00:56:30,342 [DEBUG] controller._on_landmark_update(): Pointer mapped to screen position: (1511, 587)
2025-12-03 00:56:30,342 [DEBUG] mouse_event_mapper.detect(): thumb-index distances: current=0.19469183005070767, past=0.180587981497311
2025-12-03 00:56:30,342 [DEBUG] mouse_event_mapper.detect(): thumb-middle distances: current=0.1681282754492152, past=0.11602023596200822
2025-12-03 00:56:30,342 [DEBUG] mouse_event_mapper.update(): detected mouse event: MouseEvent.MOVE
2025-12-03 00:56:30,342 [DEBUG] controller._on_landmark_update(): Mouse event deteced: MOVE
2025-12-03 00:56:30,364 [DEBUG] camera.run(): Captured frame at timestamp: 16687
2025-12-03 00:56:30,375 [DEBUG] landmarker.update(): velocity=0.18279529577457532
2025-12-03 00:56:30,375 [DEBUG] pointer_mapper.update(): std=0.005195809093241183, velocity=0.010110575095353274
2025-12-03 00:56:30,375 [DEBUG] controller._on_landmark_update(): Pointer mapped to screen position: (1511, 591)
2025-12-03 00:56:30,375 [DEBUG] mouse_event_mapper.detect(): thumb-index distances: current=0.20436164905603296, past=0.18244181993235967
2025-12-03 00:56:30,375 [DEBUG] mouse_event_mapper.detect(): thumb-middle distances: current=0.19568902235316898, past=0.12707506022992807
2025-12-03 00:56:30,375 [DEBUG] mouse_event_mapper.update(): detected mouse event: MouseEvent.MOVE
2025-12-03 00:56:30,375 [DEBUG] controller._on_landmark_update(): Mouse event deteced: MOVE
2025-12-03 00:56:30,397 [DEBUG] camera.run(): Captured frame at timestamp: 16720
2025-12-03 00:56:30,408 [DEBUG] landmarker.update(): velocity=0.1691293037576597
2025-12-03 00:56:30,408 [DEBUG] pointer_mapper.update(): std=0.0052550306475579395, velocity=0.009214673218560612
2025-12-03 00:56:30,408 [DEBUG] controller._on_landmark_update(): Pointer mapped to screen position: (1511, 596)
2025-12-03 00:56:30,409 [DEBUG] mouse_event_mapper.detect(): thumb-index distances: current=0.21547309732756106, past=0.18685936395524919
2025-12-03 00:56:30,409 [DEBUG] mouse_event_mapper.detect(): thumb-middle distances: current=0.22404505601065194, past=0.14364053979532632
2025-12-03 00:56:30,409 [DEBUG] mouse_event_mapper.update(): detected mouse event: MouseEvent.MOVE
2025-12-03 00:56:30,409 [DEBUG] controller._on_landmark_update(): Mouse event deteced: MOVE
2025-12-03 00:56:30,431 [DEBUG] camera.run(): Captured frame at timestamp: 16755
2025-12-03 00:56:30,442 [DEBUG] landmarker.update(): velocity=0.14988670104187665
2025-12-03 00:56:30,443 [DEBUG] pointer_mapper.update(): std=0.004275359956863926, velocity=0.00803407759967542
2025-12-03 00:56:30,443 [DEBUG] controller._on_landmark_update(): Pointer mapped to screen position: (1511, 601)
2025-12-03 00:56:30,443 [DEBUG] mouse_event_mapper.detect(): thumb-index distances: current=0.22547200476056198, past=0.19469183005070767
2025-12-03 00:56:30,443 [DEBUG] mouse_event_mapper.detect(): thumb-middle distances: current=0.24975125740968107, past=0.1681282754492152
2025-12-03 00:56:30,443 [DEBUG] mouse_event_mapper.update(): detected mouse event: MouseEvent.MOVE
2025-12-03 00:56:30,443 [DEBUG] controller._on_landmark_update(): Mouse event deteced: MOVE
2025-12-03 00:56:30,465 [DEBUG] camera.run(): Captured frame at timestamp: 16789
2025-12-03 00:56:30,476 [DEBUG] landmarker.update(): velocity=0.13475450492984317
2025-12-03 00:56:30,477 [DEBUG] pointer_mapper.update(): std=0.0031012520115799775, velocity=0.007787176865630774
2025-12-03 00:56:30,477 [DEBUG] controller._on_landmark_update(): Pointer mapped to screen position: (1511, 606)
2025-12-03 00:56:30,477 [DEBUG] mouse_event_mapper.detect(): thumb-index distances: current=0.23428931269761158, past=0.20436164905603296
2025-12-03 00:56:30,477 [DEBUG] mouse_event_mapper.detect(): thumb-middle distances: current=0.2720244441107102, past=0.19568902235316898
2025-12-03 00:56:30,477 [DEBUG] mouse_event_mapper.update(): detected mouse event: MouseEvent.MOVE
2025-12-03 00:56:30,477 [DEBUG] controller._on_landmark_update(): Mouse event deteced: MOVE
2025-12-03 00:56:30,500 [DEBUG] camera.run(): Captured frame at timestamp: 16823
2025-12-03 00:56:30,511 [DEBUG] landmarker.update(): velocity=0.13446789095323608
2025-12-03 00:56:30,511 [DEBUG] pointer_mapper.update(): std=0.002882661330720829, velocity=0.008907507670671465
2025-12-03 00:56:30,511 [DEBUG] controller._on_landmark_update(): Pointer mapped to screen position: (1511, 609)
2025-12-03 00:56:30,511 [DEBUG] mouse_event_mapper.detect(): thumb-index distances: current=0.2419085808380155, past=0.21547309732756106
2025-12-03 00:56:30,511 [DEBUG] mouse_event_mapper.detect(): thumb-middle distances: current=0.29077947363035656, past=0.22404505601065194
2025-12-03 00:56:30,511 [DEBUG] mouse_event_mapper.update(): detected mouse event: MouseEvent.MOVE
2025-12-03 00:56:30,511 [DEBUG] controller._on_landmark_update(): Mouse event deteced: MOVE
2025-12-03 00:56:30,530 [DEBUG] camera.run(): Captured frame at timestamp: 16853
2025-12-03 00:56:30,541 [DEBUG] landmarker.update(): velocity=0.14238908418261043
2025-12-03 00:56:30,541 [DEBUG] pointer_mapper.update(): std=0.0034940036909437465, velocity=0.01070987440403957
2025-12-03 00:56:30,541 [DEBUG] controller._on_landmark_update(): Pointer mapped to screen position: (1511, 612)
2025-12-03 00:56:30,541 [DEBUG] mouse_event_mapper.detect(): thumb-index distances: current=0.24869605049688714, past=0.22547200476056198
2025-12-03 00:56:30,541 [DEBUG] mouse_event_mapper.detect(): thumb-middle distances: current=0.30658009145700776, past=0.24975125740968107
2025-12-03 00:56:30,541 [DEBUG] mouse_event_mapper.update(): detected mouse event: MouseEvent.MOVE
2025-12-03 00:56:30,541 [DEBUG] controller._on_landmark_update(): Mouse event deteced: MOVE
2025-12-03 00:56:30,563 [DEBUG] camera.run(): Captured frame at timestamp: 16887
2025-12-03 00:56:30,574 [DEBUG] landmarker.update(): velocity=0.1438863982945286
2025-12-03 00:56:30,575 [DEBUG] pointer_mapper.update(): std=0.004075190647259446, velocity=0.012073042959750148
2025-12-03 00:56:30,575 [DEBUG] controller._on_landmark_update(): Pointer mapped to screen position: (1511, 613)
2025-12-03 00:56:30,575 [DEBUG] mouse_event_mapper.detect(): thumb-index distances: current=0.25421725047619836, past=0.23428931269761158
2025-12-03 00:56:30,575 [DEBUG] mouse_event_mapper.detect(): thumb-middle distances: current=0.31956338638683407, past=0.2720244441107102
2025-12-03 00:56:30,575 [DEBUG] mouse_event_mapper.update(): detected mouse event: MouseEvent.MOVE
2025-12-03 00:56:30,575 [DEBUG] controller._on_landmark_update(): Mouse event deteced: MOVE
2025-12-03 00:56:30,598 [DEBUG] camera.run(): Captured frame at timestamp: 16921
2025-12-03 00:56:30,609 [DEBUG] landmarker.update(): velocity=0.15124591979884852
2025-12-03 00:56:30,609 [DEBUG] pointer_mapper.update(): std=0.004670349817141745, velocity=0.013486763618837425
2025-12-03 00:56:30,610 [DEBUG] controller._on_landmark_update(): Pointer mapped to screen position: (1511, 613)
2025-12-03 00:56:30,610 [DEBUG] mouse_event_mapper.detect(): thumb-index distances: current=0.2581836493222424, past=0.2419085808380155
2025-12-03 00:56:30,610 [DEBUG] mouse_event_mapper.detect(): thumb-middle distances: current=0.32973181841671556, past=0.29077947363035656
2025-12-03 00:56:30,610 [DEBUG] mouse_event_mapper.update(): detected mouse event: MouseEvent.MOVE
2025-12-03 00:56:30,610 [DEBUG] controller._on_landmark_update(): Mouse event deteced: MOVE
2025-12-03 00:56:30,631 [DEBUG] camera.run(): Captured frame at timestamp: 16954
2025-12-03 00:56:30,643 [DEBUG] landmarker.update(): velocity=0.16084359808348384
2025-12-03 00:56:30,643 [DEBUG] pointer_mapper.update(): std=0.005143319955646563, velocity=0.014979739990117756
2025-12-03 00:56:30,643 [DEBUG] controller._on_landmark_update(): Pointer mapped to screen position: (1508, 610)
2025-12-03 00:56:30,643 [DEBUG] mouse_event_mapper.detect(): thumb-index distances: current=0.2609067541341457, past=0.24869605049688714
2025-12-03 00:56:30,643 [DEBUG] mouse_event_mapper.detect(): thumb-middle distances: current=0.3376279448206132, past=0.30658009145700776
2025-12-03 00:56:30,643 [DEBUG] mouse_event_mapper.update(): detected mouse event: MouseEvent.MOVE
2025-12-03 00:56:30,643 [DEBUG] controller._on_landmark_update(): Mouse event deteced: MOVE
2025-12-03 00:56:30,664 [DEBUG] camera.run(): Captured frame at timestamp: 16988
2025-12-03 00:56:30,675 [DEBUG] landmarker.update(): velocity=0.166473148203549
2025-12-03 00:56:30,676 [DEBUG] pointer_mapper.update(): std=0.005570581512748016, velocity=0.016395459159701
2025-12-03 00:56:30,676 [DEBUG] controller._on_landmark_update(): Pointer mapped to screen position: (1502, 606)
2025-12-03 00:56:30,676 [DEBUG] mouse_event_mapper.detect(): thumb-index distances: current=0.26258506532548004, past=0.25421725047619836
2025-12-03 00:56:30,676 [DEBUG] mouse_event_mapper.detect(): thumb-middle distances: current=0.3434437732171817, past=0.31956338638683407
2025-12-03 00:56:30,676 [DEBUG] mouse_event_mapper.update(): detected mouse event: MouseEvent.MOVE
2025-12-03 00:56:30,676 [DEBUG] controller._on_landmark_update(): Mouse event deteced: MOVE
2025-12-03 00:56:30,698 [DEBUG] camera.run(): Captured frame at timestamp: 17021
2025-12-03 00:56:30,709 [DEBUG] landmarker.update(): velocity=0.1740571883140383
2025-12-03 00:56:30,710 [DEBUG] pointer_mapper.update(): std=0.005942807886897423, velocity=0.017452332838332103
2025-12-03 00:56:30,710 [DEBUG] controller._on_landmark_update(): Pointer mapped to screen position: (1492, 599)
2025-12-03 00:56:30,710 [DEBUG] mouse_event_mapper.detect(): thumb-index distances: current=0.2634920503296752, past=0.2581836493222424
2025-12-03 00:56:30,710 [DEBUG] mouse_event_mapper.detect(): thumb-middle distances: current=0.3477285612531323, past=0.32973181841671556
2025-12-03 00:56:30,710 [DEBUG] mouse_event_mapper.update(): detected mouse event: MouseEvent.MOVE
2025-12-03 00:56:30,710 [DEBUG] controller._on_landmark_update(): Mouse event deteced: MOVE
2025-12-03 00:56:30,731 [DEBUG] camera.run(): Captured frame at timestamp: 17054
2025-12-03 00:56:30,742 [DEBUG] landmarker.update(): velocity=0.17923424321073653
2025-12-03 00:56:30,742 [DEBUG] pointer_mapper.update(): std=0.006308388102353508, velocity=0.018340520659319015
2025-12-03 00:56:30,742 [DEBUG] controller._on_landmark_update(): Pointer mapped to screen position: (1479, 592)
2025-12-03 00:56:30,742 [DEBUG] mouse_event_mapper.detect(): thumb-index distances: current=0.26369107962891863, past=0.2609067541341457
2025-12-03 00:56:30,742 [DEBUG] mouse_event_mapper.detect(): thumb-middle distances: current=0.35059960515893684, past=0.3376279448206132
2025-12-03 00:56:30,742 [DEBUG] mouse_event_mapper.update(): detected mouse event: MouseEvent.MOVE
2025-12-03 00:56:30,742 [DEBUG] controller._on_landmark_update(): Mouse event deteced: MOVE
2025-12-03 00:56:30,764 [DEBUG] camera.run(): Captured frame at timestamp: 17088
2025-12-03 00:56:30,775 [DEBUG] landmarker.update(): velocity=0.18186108573201817
2025-12-03 00:56:30,776 [DEBUG] pointer_mapper.update(): std=0.006592488063720445, velocity=0.01899017217383119
2025-12-03 00:56:30,776 [DEBUG] controller._on_landmark_update(): Pointer mapped to screen position: (1464, 583)
2025-12-03 00:56:30,776 [DEBUG] mouse_event_mapper.detect(): thumb-index distances: current=0.26345133303558727, past=0.26258506532548004
2025-12-03 00:56:30,776 [DEBUG] mouse_event_mapper.detect(): thumb-middle distances: current=0.3524275135502701, past=0.3434437732171817
2025-12-03 00:56:30,776 [DEBUG] mouse_event_mapper.update(): detected mouse event: MouseEvent.MOVE
2025-12-03 00:56:30,776 [DEBUG] controller._on_landmark_update(): Mouse event deteced: MOVE
2025-12-03 00:56:30,800 [DEBUG] camera.run(): Captured frame at timestamp: 17123
2025-12-03 00:56:30,810 [DEBUG] landmarker.update(): velocity=0.18074296899549697
2025-12-03 00:56:30,811 [DEBUG] pointer_mapper.update(): std=0.0068244798830181886, velocity=0.019413153050898135
2025-12-03 00:56:30,811 [DEBUG] controller._on_landmark_update(): Pointer mapped to screen position: (1446, 573)
2025-12-03 00:56:30,811 [DEBUG] mouse_event_mapper.detect(): thumb-index distances: current=0.26271417588730456, past=0.2634920503296752
2025-12-03 00:56:30,811 [DEBUG] mouse_event_mapper.detect(): thumb-middle distances: current=0.3532201612215357, past=0.3477285612531323
2025-12-03 00:56:30,811 [DEBUG] mouse_event_mapper.update(): detected mouse event: MouseEvent.MOVE
2025-12-03 00:56:30,811 [DEBUG] controller._on_landmark_update(): Mouse event deteced: MOVE
2025-12-03 00:56:30,833 [DEBUG] camera.run(): Captured frame at timestamp: 17156
2025-12-03 00:56:30,844 [DEBUG] landmarker.update(): velocity=0.17925369424727805
2025-12-03 00:56:30,845 [DEBUG] pointer_mapper.update(): std=0.006918593420843977, velocity=0.019412849266155375
2025-12-03 00:56:30,845 [DEBUG] controller._on_landmark_update(): Pointer mapped to screen position: (1426, 562)
2025-12-03 00:56:30,845 [DEBUG] mouse_event_mapper.detect(): thumb-index distances: current=0.26146581060160073, past=0.26369107962891863
2025-12-03 00:56:30,845 [DEBUG] mouse_event_mapper.detect(): thumb-middle distances: current=0.35298779071320213, past=0.35059960515893684
2025-12-03 00:56:30,845 [DEBUG] mouse_event_mapper.update(): detected mouse event: MouseEvent.MOVE
2025-12-03 00:56:30,845 [DEBUG] controller._on_landmark_update(): Mouse event deteced: MOVE
2025-12-03 00:56:30,860 [DEBUG] camera.run(): Captured frame at timestamp: 17184
2025-12-03 00:56:30,871 [DEBUG] landmarker.update(): velocity=0.1740642713233372
2025-12-03 00:56:30,871 [DEBUG] pointer_mapper.update(): std=0.006928994909845014, velocity=0.01905969562238827
2025-12-03 00:56:30,871 [DEBUG] controller._on_landmark_update(): Pointer mapped to screen position: (1405, 551)
2025-12-03 00:56:30,871 [DEBUG] mouse_event_mapper.detect(): thumb-index distances: current=0.2596722629907916, past=0.26345133303558727
2025-12-03 00:56:30,871 [DEBUG] mouse_event_mapper.detect(): thumb-middle distances: current=0.35179487844784957, past=0.3524275135502701
2025-12-03 00:56:30,871 [DEBUG] mouse_event_mapper.update(): detected mouse event: MouseEvent.MOVE
2025-12-03 00:56:30,871 [DEBUG] controller._on_landmark_update(): Mouse event deteced: MOVE
2025-12-03 00:56:30,898 [DEBUG] camera.run(): Captured frame at timestamp: 17222
2025-12-03 00:56:30,909 [DEBUG] landmarker.update(): velocity=0.16612205849298575
2025-12-03 00:56:30,910 [DEBUG] pointer_mapper.update(): std=0.006866010063264851, velocity=0.01845695230506536
2025-12-03 00:56:30,910 [DEBUG] controller._on_landmark_update(): Pointer mapped to screen position: (1383, 540)
2025-12-03 00:56:30,910 [DEBUG] mouse_event_mapper.detect(): thumb-index distances: current=0.25746905854245944, past=0.26271417588730456
2025-12-03 00:56:30,910 [DEBUG] mouse_event_mapper.detect(): thumb-middle distances: current=0.3495639635635941, past=0.3532201612215357
2025-12-03 00:56:30,910 [DEBUG] mouse_event_mapper.update(): detected mouse event: MouseEvent.MOVE
2025-12-03 00:56:30,910 [DEBUG] controller._on_landmark_update(): Mouse event deteced: MOVE
2025-12-03 00:56:30,931 [DEBUG] camera.run(): Captured frame at timestamp: 17254
2025-12-03 00:56:30,941 [DEBUG] landmarker.update(): velocity=0.15987954797851758
2025-12-03 00:56:30,942 [DEBUG] pointer_mapper.update(): std=0.006784994132966233, velocity=0.017611934263896893
2025-12-03 00:56:30,942 [DEBUG] controller._on_landmark_update(): Pointer mapped to screen position: (1361, 529)
2025-12-03 00:56:30,942 [DEBUG] mouse_event_mapper.detect(): thumb-index distances: current=0.25458622465603303, past=0.26146581060160073
2025-12-03 00:56:30,942 [DEBUG] mouse_event_mapper.detect(): thumb-middle distances: current=0.3451571349975138, past=0.35298779071320213
2025-12-03 00:56:30,942 [DEBUG] mouse_event_mapper.update(): detected mouse event: MouseEvent.MOVE
2025-12-03 00:56:30,942 [DEBUG] controller._on_landmark_update(): Mouse event deteced: MOVE
2025-12-03 00:56:30,966 [DEBUG] camera.run(): Captured frame at timestamp: 17289
2025-12-03 00:56:30,976 [DEBUG] landmarker.update(): velocity=0.16985224641187385
2025-12-03 00:56:30,977 [DEBUG] pointer_mapper.update(): std=0.006605857279202602, velocity=0.016868327208313365
2025-12-03 00:56:30,977 [DEBUG] controller._on_landmark_update(): Pointer mapped to screen position: (1338, 516)
2025-12-03 00:56:30,977 [DEBUG] mouse_event_mapper.detect(): thumb-index distances: current=0.2501185078001279, past=0.2596722629907916
2025-12-03 00:56:30,977 [DEBUG] mouse_event_mapper.detect(): thumb-middle distances: current=0.33517477775089133, past=0.35179487844784957
2025-12-03 00:56:30,977 [DEBUG] mouse_event_mapper.update(): detected mouse event: MouseEvent.MOVE
2025-12-03 00:56:30,977 [DEBUG] controller._on_landmark_update(): Mouse event deteced: MOVE
2025-12-03 00:56:30,999 [DEBUG] camera.run(): Captured frame at timestamp: 17322
2025-12-03 00:56:31,009 [DEBUG] landmarker.update(): velocity=0.20261409945612138
2025-12-03 00:56:31,010 [DEBUG] pointer_mapper.update(): std=0.006382707270547507, velocity=0.01639080401294229
2025-12-03 00:56:31,010 [DEBUG] controller._on_landmark_update(): Pointer mapped to screen position: (1313, 503)
2025-12-03 00:56:31,010 [DEBUG] mouse_event_mapper.detect(): thumb-index distances: current=0.24277567644063838, past=0.25746905854245944
2025-12-03 00:56:31,010 [DEBUG] mouse_event_mapper.detect(): thumb-middle distances: current=0.3170331879861203, past=0.3495639635635941
2025-12-03 00:56:31,010 [DEBUG] mouse_event_mapper.update(): detected mouse event: MouseEvent.MOVE
2025-12-03 00:56:31,010 [DEBUG] controller._on_landmark_update(): Mouse event deteced: MOVE
2025-12-03 00:56:31,031 [DEBUG] camera.run(): Captured frame at timestamp: 17355
2025-12-03 00:56:31,042 [DEBUG] landmarker.update(): velocity=0.23558479106692062
2025-12-03 00:56:31,042 [DEBUG] pointer_mapper.update(): std=0.006130037529036064, velocity=0.015514653045151766
2025-12-03 00:56:31,042 [DEBUG] controller._on_landmark_update(): Pointer mapped to screen position: (1288, 490)
2025-12-03 00:56:31,043 [DEBUG] mouse_event_mapper.detect(): thumb-index distances: current=0.23339606711766725, past=0.25458622465603303
2025-12-03 00:56:31,043 [DEBUG] mouse_event_mapper.detect(): thumb-middle distances: current=0.28913106466970245, past=0.3451571349975138
2025-12-03 00:56:31,043 [DEBUG] mouse_event_mapper.update(): detected mouse event: MouseEvent.MOVE
2025-12-03 00:56:31,043 [DEBUG] controller._on_landmark_update(): Mouse event deteced: MOVE
2025-12-03 00:56:31,064 [DEBUG] camera.run(): Captured frame at timestamp: 17388
2025-12-03 00:56:31,075 [DEBUG] landmarker.update(): velocity=0.2499871116499712
2025-12-03 00:56:31,076 [DEBUG] pointer_mapper.update(): std=0.005946405659677796, velocity=0.013914979943289317
2025-12-03 00:56:31,076 [DEBUG] controller._on_landmark_update(): Pointer mapped to screen position: (1261, 478)
2025-12-03 00:56:31,076 [DEBUG] mouse_event_mapper.detect(): thumb-index distances: current=0.2227764891786992, past=0.2501185078001279
2025-12-03 00:56:31,076 [DEBUG] mouse_event_mapper.detect(): thumb-middle distances: current=0.2543668018924055, past=0.33517477775089133
2025-12-03 00:56:31,076 [DEBUG] mouse_event_mapper.update(): detected mouse event: MouseEvent.MOVE
2025-12-03 00:56:31,076 [DEBUG] controller._on_landmark_update(): Mouse event deteced: MOVE
2025-12-03 00:56:31,099 [DEBUG] camera.run(): Captured frame at timestamp: 17422
2025-12-03 00:56:31,110 [DEBUG] landmarker.update(): velocity=0.20678874667145195
2025-12-03 00:56:31,110 [DEBUG] pointer_mapper.update(): std=0.005617707081427927, velocity=0.012183654699099423
2025-12-03 00:56:31,110 [DEBUG] controller._on_landmark_update(): Pointer mapped to screen position: (1234, 467)
2025-12-03 00:56:31,110 [DEBUG] mouse_event_mapper.detect(): thumb-index distances: current=0.21292274253871457, past=0.24277567644063838
2025-12-03 00:56:31,110 [DEBUG] mouse_event_mapper.detect(): thumb-middle distances: current=0.21891051958045582, past=0.3170331879861203
2025-12-03 00:56:31,110 [DEBUG] mouse_event_mapper.update(): detected mouse event: MouseEvent.MOVE
2025-12-03 00:56:31,110 [DEBUG] controller._on_landmark_update(): Mouse event deteced: MOVE
2025-12-03 00:56:31,132 [DEBUG] camera.run(): Captured frame at timestamp: 17456
2025-12-03 00:56:31,143 [DEBUG] landmarker.update(): velocity=0.1827511605889957
2025-12-03 00:56:31,144 [DEBUG] pointer_mapper.update(): std=0.00507402141098415, velocity=0.010305091074042354
2025-12-03 00:56:31,144 [DEBUG] controller._on_landmark_update(): Pointer mapped to screen position: (1209, 457)
2025-12-03 00:56:31,144 [DEBUG] mouse_event_mapper.detect(): thumb-index distances: current=0.203938975573317, past=0.23339606711766725
2025-12-03 00:56:31,144 [DEBUG] mouse_event_mapper.detect(): thumb-middle distances: current=0.18730090324003945, past=0.28913106466970245
2025-12-03 00:56:31,144 [DEBUG] mouse_event_mapper.update(): detected mouse event: MouseEvent.MOVE
2025-12-03 00:56:31,144 [DEBUG] controller._on_landmark_update(): Mouse event deteced: MOVE
2025-12-03 00:56:31,165 [DEBUG] camera.run(): Captured frame at timestamp: 17489
2025-12-03 00:56:31,176 [DEBUG] landmarker.update(): velocity=0.14373675622004467
2025-12-03 00:56:31,177 [DEBUG] pointer_mapper.update(): std=0.004390244966978648, velocity=0.008580026994670241
2025-12-03 00:56:31,177 [DEBUG] controller._on_landmark_update(): Pointer mapped to screen position: (1184, 450)
2025-12-03 00:56:31,177 [DEBUG] mouse_event_mapper.detect(): thumb-index distances: current=0.19639804043702305, past=0.2227764891786992
2025-12-03 00:56:31,177 [DEBUG] mouse_event_mapper.detect(): thumb-middle distances: current=0.16221035605078182, past=0.2543668018924055
2025-12-03 00:56:31,177 [DEBUG] mouse_event_mapper.update(): detected mouse event: MouseEvent.MOVE
2025-12-03 00:56:31,177 [DEBUG] controller._on_landmark_update(): Mouse event deteced: MOVE
2025-12-03 00:56:31,198 [DEBUG] camera.run(): Captured frame at timestamp: 17521
2025-12-03 00:56:31,209 [DEBUG] landmarker.update(): velocity=0.11858587488027032
2025-12-03 00:56:31,209 [DEBUG] pointer_mapper.update(): std=0.0037343241013149697, velocity=0.007015054971722129
2025-12-03 00:56:31,210 [DEBUG] controller._on_landmark_update(): Pointer mapped to screen position: (1161, 443)
2025-12-03 00:56:31,210 [DEBUG] mouse_event_mapper.detect(): thumb-index distances: current=0.1903439842433924, past=0.21292274253871457
2025-12-03 00:56:31,210 [DEBUG] mouse_event_mapper.detect(): thumb-middle distances: current=0.141903037664583, past=0.21891051958045582
2025-12-03 00:56:31,210 [DEBUG] mouse_event_mapper.update(): detected mouse event: MouseEvent.MOVE
2025-12-03 00:56:31,210 [DEBUG] controller._on_landmark_update(): Mouse event deteced: MOVE
2025-12-03 00:56:31,231 [DEBUG] camera.run(): Captured frame at timestamp: 17555
2025-12-03 00:56:31,242 [DEBUG] landmarker.update(): velocity=0.09082798929149027
2025-12-03 00:56:31,242 [DEBUG] pointer_mapper.update(): std=0.003040995514157213, velocity=0.005343317619133474
2025-12-03 00:56:31,243 [DEBUG] controller._on_landmark_update(): Pointer mapped to screen position: (1141, 438)
2025-12-03 00:56:31,243 [DEBUG] mouse_event_mapper.detect(): thumb-index distances: current=0.18542958017864328, past=0.203938975573317
2025-12-03 00:56:31,243 [DEBUG] mouse_event_mapper.detect(): thumb-middle distances: current=0.12627464125674015, past=0.18730090324003945
2025-12-03 00:56:31,243 [DEBUG] mouse_event_mapper.update(): detected mouse event: MouseEvent.MOVE
2025-12-03 00:56:31,243 [DEBUG] controller._on_landmark_update(): Mouse event deteced: MOVE
2025-12-03 00:56:31,265 [DEBUG] camera.run(): Captured frame at timestamp: 17589
2025-12-03 00:56:31,276 [DEBUG] landmarker.update(): velocity=0.07492018188524603
2025-12-03 00:56:31,277 [DEBUG] pointer_mapper.update(): std=0.002297177611643232, velocity=0.003921470890006579
2025-12-03 00:56:31,277 [DEBUG] controller._on_landmark_update(): Pointer mapped to screen position: (1123, 434)
2025-12-03 00:56:31,277 [DEBUG] mouse_event_mapper.detect(): thumb-index distances: current=0.18150669000924066, past=0.19639804043702305
2025-12-03 00:56:31,277 [DEBUG] mouse_event_mapper.detect(): thumb-middle distances: current=0.11374860961817124, past=0.16221035605078182
2025-12-03 00:56:31,277 [DEBUG] mouse_event_mapper.update(): detected mouse event: MouseEvent.MOVE
2025-12-03 00:56:31,277 [DEBUG] controller._on_landmark_update(): Mouse event deteced: MOVE
2025-12-03 00:56:31,299 [DEBUG] camera.run(): Captured frame at timestamp: 17622
2025-12-03 00:56:31,310 [DEBUG] landmarker.update(): velocity=0.06584159824292189
2025-12-03 00:56:31,311 [DEBUG] pointer_mapper.update(): std=0.0016539617482383812, velocity=0.0030949621631837093
2025-12-03 00:56:31,311 [DEBUG] controller._on_landmark_update(): Pointer mapped to screen position: (1108, 430)
2025-12-03 00:56:31,311 [DEBUG] mouse_event_mapper.detect(): thumb-index distances: current=0.17797928207262614, past=0.1903439842433924
2025-12-03 00:56:31,311 [DEBUG] mouse_event_mapper.detect(): thumb-middle distances: current=0.10361154405618973, past=0.141903037664583
2025-12-03 00:56:31,311 [DEBUG] mouse_event_mapper.update(): detected mouse event: MouseEvent.MOVE
2025-12-03 00:56:31,311 [DEBUG] controller._on_landmark_update(): Mouse event deteced: MOVE
2025-12-03 00:56:31,331 [DEBUG] camera.run(): Captured frame at timestamp: 17654
2025-12-03 00:56:31,342 [DEBUG] landmarker.update(): velocity=0.05016821591795305
2025-12-03 00:56:31,342 [DEBUG] pointer_mapper.update(): std=0.0012371401942037265, velocity=0.0026887791332350784
2025-12-03 00:56:31,342 [DEBUG] controller._on_landmark_update(): Pointer mapped to screen position: (1094, 427)
2025-12-03 00:56:31,343 [DEBUG] mouse_event_mapper.detect(): thumb-index distances: current=0.1748415297747973, past=0.18542958017864328
2025-12-03 00:56:31,343 [DEBUG] mouse_event_mapper.detect(): thumb-middle distances: current=0.09510140346268885, past=0.12627464125674015
2025-12-03 00:56:31,343 [DEBUG] mouse_event_mapper.update(): detected mouse event: MouseEvent.MOVE
2025-12-03 00:56:31,343 [DEBUG] controller._on_landmark_update(): Mouse event deteced: MOVE
2025-12-03 00:56:31,364 [DEBUG] camera.run(): Captured frame at timestamp: 17687
2025-12-03 00:56:31,375 [DEBUG] landmarker.update(): velocity=0.04117873479334359
2025-12-03 00:56:31,375 [DEBUG] pointer_mapper.update(): std=0.0008762764742589924, velocity=0.002166457927087419
2025-12-03 00:56:31,375 [DEBUG] controller._on_landmark_update(): Pointer mapped to screen position: (1082, 425)
2025-12-03 00:56:31,375 [DEBUG] mouse_event_mapper.detect(): thumb-index distances: current=0.17212857722882094, past=0.18150669000924066
2025-12-03 00:56:31,375 [DEBUG] mouse_event_mapper.detect(): thumb-middle distances: current=0.08836189573705318, past=0.11374860961817124
2025-12-03 00:56:31,375 [DEBUG] mouse_event_mapper.update(): detected mouse event: MouseEvent.MOVE
2025-12-03 00:56:31,375 [DEBUG] controller._on_landmark_update(): Mouse event deteced: MOVE
2025-12-03 00:56:31,396 [DEBUG] camera.run(): Captured frame at timestamp: 17720
2025-12-03 00:56:31,408 [DEBUG] landmarker.update(): velocity=0.029010907715679515
2025-12-03 00:56:31,408 [DEBUG] pointer_mapper.update(): std=0.0006615370597875125, velocity=0.0016065170462754373
2025-12-03 00:56:31,408 [DEBUG] controller._on_landmark_update(): Pointer mapped to screen position: (1073, 423)
2025-12-03 00:56:31,408 [DEBUG] mouse_event_mapper.detect(): thumb-index distances: current=0.1696767564114151, past=0.17797928207262614
2025-12-03 00:56:31,408 [DEBUG] mouse_event_mapper.detect(): thumb-middle distances: current=0.0830555873624812, past=0.10361154405618973
2025-12-03 00:56:31,408 [DEBUG] mouse_event_mapper.update(): detected mouse event: MouseEvent.MOVE
2025-12-03 00:56:31,408 [DEBUG] controller._on_landmark_update(): Mouse event deteced: MOVE
2025-12-03 00:56:31,426 [DEBUG] camera.run(): Captured frame at timestamp: 17750
2025-12-03 00:56:31,438 [DEBUG] landmarker.update(): velocity=0.01832255262754957
2025-12-03 00:56:31,438 [DEBUG] pointer_mapper.update(): std=0.0007189801726032383, velocity=0.001417135170903672
2025-12-03 00:56:31,438 [DEBUG] controller._on_landmark_update(): Pointer mapped to screen position: (1065, 421)
2025-12-03 00:56:31,439 [DEBUG] mouse_event_mapper.detect(): thumb-index distances: current=0.16714959643006924, past=0.1748415297747973
2025-12-03 00:56:31,439 [DEBUG] mouse_event_mapper.detect(): thumb-middle distances: current=0.07931528730025768, past=0.09510140346268885
2025-12-03 00:56:31,439 [ERROR] mouse_event_mapper.detect(): right press detected
2025-12-03 00:56:31,439 [DEBUG] mouse_event_mapper.update(): detected mouse event: MouseEvent.RIGHT_PRESS
2025-12-03 00:56:31,439 [DEBUG] controller._on_landmark_update(): Mouse event deteced: MOVE
2025-12-03 00:56:31,463 [DEBUG] camera.run(): Captured frame at timestamp: 17786
2025-12-03 00:56:31,474 [DEBUG] landmarker.update(): velocity=0.035129880254495725
2025-12-03 00:56:31,474 [DEBUG] pointer_mapper.update(): std=0.0008646140249971419, velocity=0.0017881856421609534
2025-12-03 00:56:31,474 [DEBUG] controller._on_landmark_update(): Pointer mapped to screen position: (1058, 419)
2025-12-03 00:56:31,474 [DEBUG] mouse_event_mapper.detect(): thumb-index distances: current=0.16468336571007422, past=0.17212857722882094
2025-12-03 00:56:31,474 [DEBUG] mouse_event_mapper.detect(): thumb-middle distances: current=0.07784799936472345, past=0.08836189573705318
2025-12-03 00:56:31,474 [ERROR] mouse_event_mapper.detect(): right press detected
2025-12-03 00:56:31,474 [DEBUG] mouse_event_mapper.update(): detected mouse event: MouseEvent.RIGHT_PRESS
2025-12-03 00:56:31,475 [DEBUG] controller._on_landmark_update(): Mouse event deteced: MOVE
2025-12-03 00:56:31,495 [DEBUG] camera.run(): Captured frame at timestamp: 17818
2025-12-03 00:56:31,506 [DEBUG] landmarker.update(): velocity=0.0909939695777857
2025-12-03 00:56:31,506 [DEBUG] pointer_mapper.update(): std=0.0011055583561848797, velocity=0.0021854187743271074
2025-12-03 00:56:31,506 [DEBUG] controller._on_landmark_update(): Pointer mapped to screen position: (1053, 417)
2025-12-03 00:56:31,506 [DEBUG] mouse_event_mapper.detect(): thumb-index distances: current=0.16343259246279046, past=0.1696767564114151
2025-12-03 00:56:31,507 [DEBUG] mouse_event_mapper.detect(): thumb-middle distances: current=0.08071383540088417, past=0.0830555873624812
2025-12-03 00:56:31,507 [DEBUG] mouse_event_mapper.update(): detected mouse event: MouseEvent.MOVE
2025-12-03 00:56:31,507 [DEBUG] controller._on_landmark_update(): Mouse event deteced: RIGHT_PRESS
2025-12-03 00:56:31,530 [DEBUG] camera.run(): Captured frame at timestamp: 17854
2025-12-03 00:56:31,541 [DEBUG] landmarker.update(): velocity=0.12681456400676333
2025-12-03 00:56:31,541 [DEBUG] pointer_mapper.update(): std=0.0009801255818719995, velocity=0.0017895395899286235
2025-12-03 00:56:31,541 [DEBUG] controller._on_landmark_update(): Pointer mapped to screen position: (1050, 414)
2025-12-03 00:56:31,541 [DEBUG] mouse_event_mapper.detect(): thumb-index distances: current=0.16416589616367175, past=0.16714959643006924
2025-12-03 00:56:31,541 [DEBUG] mouse_event_mapper.detect(): thumb-middle distances: current=0.08964390902045916, past=0.07931528730025768
2025-12-03 00:56:31,541 [ERROR] mouse_event_mapper.detect(): right release detected
2025-12-03 00:56:31,541 [DEBUG] mouse_event_mapper.update(): detected mouse event: MouseEvent.RIGHT_RELEASE
2025-12-03 00:56:31,542 [DEBUG] controller._on_landmark_update(): Mouse event deteced: MOVE
2025-12-03 00:56:31,563 [DEBUG] camera.run(): Captured frame at timestamp: 17886
2025-12-03 00:56:31,574 [DEBUG] landmarker.update(): velocity=0.17536032944180505
2025-12-03 00:56:31,574 [DEBUG] pointer_mapper.update(): std=0.001116862260300424, velocity=0.003174979688413339
2025-12-03 00:56:31,574 [DEBUG] controller._on_landmark_update(): Pointer mapped to screen position: (1049, 412)
2025-12-03 00:56:31,574 [DEBUG] mouse_event_mapper.detect(): thumb-index distances: current=0.16770521118827283, past=0.16468336571007422
2025-12-03 00:56:31,575 [DEBUG] mouse_event_mapper.detect(): thumb-middle distances: current=0.10626656603421847, past=0.07784799936472345
2025-12-03 00:56:31,575 [ERROR] mouse_event_mapper.detect(): right release detected
2025-12-03 00:56:31,575 [DEBUG] mouse_event_mapper.update(): detected mouse event: MouseEvent.RIGHT_RELEASE
2025-12-03 00:56:31,575 [DEBUG] controller._on_landmark_update(): Mouse event deteced: MOVE
2025-12-03 00:56:31,595 [DEBUG] camera.run(): Captured frame at timestamp: 17919
2025-12-03 00:56:31,606 [DEBUG] landmarker.update(): velocity=0.2146291359983628
2025-12-03 00:56:31,607 [DEBUG] pointer_mapper.update(): std=0.0013022788453010178, velocity=0.004096682834366176
2025-12-03 00:56:31,607 [DEBUG] controller._on_landmark_update(): Pointer mapped to screen position: (1049, 410)
2025-12-03 00:56:31,607 [DEBUG] mouse_event_mapper.detect(): thumb-index distances: current=0.17438174091493316, past=0.16343259246279046
2025-12-03 00:56:31,607 [DEBUG] mouse_event_mapper.detect(): thumb-middle distances: current=0.13131330868512014, past=0.08071383540088417
2025-12-03 00:56:31,607 [DEBUG] mouse_event_mapper.update(): detected mouse event: MouseEvent.MOVE
2025-12-03 00:56:31,607 [DEBUG] controller._on_landmark_update(): Mouse event deteced: RIGHT_RELEASE
2025-12-03 00:56:31,629 [DEBUG] camera.run(): Captured frame at timestamp: 17953
2025-12-03 00:56:31,640 [DEBUG] landmarker.update(): velocity=0.21471191360499314
2025-12-03 00:56:31,641 [DEBUG] pointer_mapper.update(): std=0.002730033655563426, velocity=0.0059530682327694736
2025-12-03 00:56:31,641 [DEBUG] controller._on_landmark_update(): Pointer mapped to screen position: (1051, 410)
2025-12-03 00:56:31,641 [DEBUG] mouse_event_mapper.detect(): thumb-index distances: current=0.18459846516574804, past=0.16416589616367175
2025-12-03 00:56:31,641 [DEBUG] mouse_event_mapper.detect(): thumb-middle distances: current=0.1628679304612395, past=0.08964390902045916
2025-12-03 00:56:31,641 [DEBUG] mouse_event_mapper.update(): detected mouse event: MouseEvent.MOVE
2025-12-03 00:56:31,641 [DEBUG] controller._on_landmark_update(): Mouse event deteced: MOVE
2025-12-03 00:56:31,664 [DEBUG] camera.run(): Captured frame at timestamp: 17988
2025-12-03 00:56:31,675 [DEBUG] landmarker.update(): velocity=0.19106508422570465
2025-12-03 00:56:31,675 [DEBUG] pointer_mapper.update(): std=0.003648654918397941, velocity=0.006856658805476898
2025-12-03 00:56:31,675 [DEBUG] controller._on_landmark_update(): Pointer mapped to screen position: (1052, 412)
2025-12-03 00:56:31,675 [DEBUG] mouse_event_mapper.detect(): thumb-index distances: current=0.19629475701445678, past=0.16770521118827283
2025-12-03 00:56:31,675 [DEBUG] mouse_event_mapper.detect(): thumb-middle distances: current=0.19647909548204293, past=0.10626656603421847
2025-12-03 00:56:31,675 [DEBUG] mouse_event_mapper.update(): detected mouse event: MouseEvent.MOVE
2025-12-03 00:56:31,675 [DEBUG] controller._on_landmark_update(): Mouse event deteced: MOVE
2025-12-03 00:56:31,698 [DEBUG] camera.run(): Captured frame at timestamp: 18022
2025-12-03 00:56:31,709 [DEBUG] landmarker.update(): velocity=0.1664995647250885
2025-12-03 00:56:31,709 [DEBUG] pointer_mapper.update(): std=0.003645455478048888, velocity=0.00673385340564928
2025-12-03 00:56:31,710 [DEBUG] controller._on_landmark_update(): Pointer mapped to screen position: (1052, 414)
2025-12-03 00:56:31,710 [DEBUG] mouse_event_mapper.detect(): thumb-index distances: current=0.20803085134423158, past=0.17438174091493316
2025-12-03 00:56:31,710 [DEBUG] mouse_event_mapper.detect(): thumb-middle distances: current=0.22789076274399478, past=0.13131330868512014
2025-12-03 00:56:31,710 [DEBUG] mouse_event_mapper.update(): detected mouse event: MouseEvent.MOVE
2025-12-03 00:56:31,710 [DEBUG] controller._on_landmark_update(): Mouse event deteced: MOVE
2025-12-03 00:56:31,731 [DEBUG] camera.run(): Captured frame at timestamp: 18055
2025-12-03 00:56:31,742 [DEBUG] landmarker.update(): velocity=0.14481190770321922
2025-12-03 00:56:31,743 [DEBUG] pointer_mapper.update(): std=0.002912762019262734, velocity=0.0066529268495601705
2025-12-03 00:56:31,743 [DEBUG] controller._on_landmark_update(): Pointer mapped to screen position: (1051, 417)
2025-12-03 00:56:31,743 [DEBUG] mouse_event_mapper.detect(): thumb-index distances: current=0.21851979561922583, past=0.18459846516574804
2025-12-03 00:56:31,743 [DEBUG] mouse_event_mapper.detect(): thumb-middle distances: current=0.2551631390867918, past=0.1628679304612395
2025-12-03 00:56:31,743 [DEBUG] mouse_event_mapper.update(): detected mouse event: MouseEvent.MOVE
2025-12-03 00:56:31,743 [DEBUG] controller._on_landmark_update(): Mouse event deteced: MOVE
2025-12-03 00:56:31,765 [DEBUG] camera.run(): Captured frame at timestamp: 18088
2025-12-03 00:56:31,776 [DEBUG] landmarker.update(): velocity=0.12531836165117052
2025-12-03 00:56:31,776 [DEBUG] pointer_mapper.update(): std=0.00275783137708283, velocity=0.006982350897972921
2025-12-03 00:56:31,776 [DEBUG] controller._on_landmark_update(): Pointer mapped to screen position: (1047, 420)
2025-12-03 00:56:31,776 [DEBUG] mouse_event_mapper.detect(): thumb-index distances: current=0.22827569482453636, past=0.19629475701445678
2025-12-03 00:56:31,776 [DEBUG] mouse_event_mapper.detect(): thumb-middle distances: current=0.27855226335880795, past=0.19647909548204293
2025-12-03 00:56:31,776 [DEBUG] mouse_event_mapper.update(): detected mouse event: MouseEvent.MOVE
2025-12-03 00:56:31,776 [DEBUG] controller._on_landmark_update(): Mouse event deteced: MOVE
2025-12-03 00:56:31,799 [DEBUG] camera.run(): Captured frame at timestamp: 18122
2025-12-03 00:56:31,810 [DEBUG] landmarker.update(): velocity=0.11621380879001951
2025-12-03 00:56:31,810 [DEBUG] pointer_mapper.update(): std=0.003114020662003879, velocity=0.007775519780792397
2025-12-03 00:56:31,810 [DEBUG] controller._on_landmark_update(): Pointer mapped to screen position: (1042, 423)
2025-12-03 00:56:31,810 [DEBUG] mouse_event_mapper.detect(): thumb-index distances: current=0.2367612557362172, past=0.20803085134423158
2025-12-03 00:56:31,810 [DEBUG] mouse_event_mapper.detect(): thumb-middle distances: current=0.2979784225437003, past=0.22789076274399478
2025-12-03 00:56:31,810 [DEBUG] mouse_event_mapper.update(): detected mouse event: MouseEvent.MOVE
2025-12-03 00:56:31,810 [DEBUG] controller._on_landmark_update(): Mouse event deteced: MOVE
2025-12-03 00:56:31,833 [DEBUG] camera.run(): Captured frame at timestamp: 18156
2025-12-03 00:56:31,844 [DEBUG] landmarker.update(): velocity=0.11025687655215147
2025-12-03 00:56:31,844 [DEBUG] pointer_mapper.update(): std=0.0033693755234024876, velocity=0.008316325848949768
2025-12-03 00:56:31,844 [DEBUG] controller._on_landmark_update(): Pointer mapped to screen position: (1035, 426)
2025-12-03 00:56:31,844 [DEBUG] mouse_event_mapper.detect(): thumb-index distances: current=0.2438924177545627, past=0.21851979561922583
2025-12-03 00:56:31,844 [DEBUG] mouse_event_mapper.detect(): thumb-middle distances: current=0.31388005359204874, past=0.2551631390867918
2025-12-03 00:56:31,844 [DEBUG] mouse_event_mapper.update(): detected mouse event: MouseEvent.MOVE
2025-12-03 00:56:31,844 [DEBUG] controller._on_landmark_update(): Mouse event deteced: MOVE
2025-12-03 00:56:31,865 [DEBUG] camera.run(): Captured frame at timestamp: 18189
2025-12-03 00:56:31,876 [DEBUG] landmarker.update(): velocity=0.11370623696575073
2025-12-03 00:56:31,877 [DEBUG] pointer_mapper.update(): std=0.003914975881235739, velocity=0.009331083603502422
2025-12-03 00:56:31,877 [DEBUG] controller._on_landmark_update(): Pointer mapped to screen position: (1025, 429)
2025-12-03 00:56:31,877 [DEBUG] mouse_event_mapper.detect(): thumb-index distances: current=0.24990521464835083, past=0.22827569482453636
2025-12-03 00:56:31,877 [DEBUG] mouse_event_mapper.detect(): thumb-middle distances: current=0.32721398197528345, past=0.27855226335880795
2025-12-03 00:56:31,877 [DEBUG] mouse_event_mapper.update(): detected mouse event: MouseEvent.MOVE
2025-12-03 00:56:31,877 [DEBUG] controller._on_landmark_update(): Mouse event deteced: MOVE
2025-12-03 00:56:31,899 [DEBUG] camera.run(): Captured frame at timestamp: 18223
2025-12-03 00:56:31,911 [DEBUG] landmarker.update(): velocity=0.11608255912244218
2025-12-03 00:56:31,911 [DEBUG] pointer_mapper.update(): std=0.004512393590761601, velocity=0.010340645633303986
2025-12-03 00:56:31,911 [DEBUG] controller._on_landmark_update(): Pointer mapped to screen position: (1013, 432)
2025-12-03 00:56:31,911 [DEBUG] mouse_event_mapper.detect(): thumb-index distances: current=0.25498555311784254, past=0.2367612557362172
2025-12-03 00:56:31,911 [DEBUG] mouse_event_mapper.detect(): thumb-middle distances: current=0.33824092811560397, past=0.2979784225437003
2025-12-03 00:56:31,911 [DEBUG] mouse_event_mapper.update(): detected mouse event: MouseEvent.MOVE
2025-12-03 00:56:31,911 [DEBUG] controller._on_landmark_update(): Mouse event deteced: MOVE
2025-12-03 00:56:31,932 [DEBUG] camera.run(): Captured frame at timestamp: 18256
2025-12-03 00:56:31,944 [DEBUG] landmarker.update(): velocity=0.11912094155675532
2025-12-03 00:56:31,944 [DEBUG] pointer_mapper.update(): std=0.005011086463465073, velocity=0.010943359313834361
2025-12-03 00:56:31,944 [DEBUG] controller._on_landmark_update(): Pointer mapped to screen position: (999, 434)
2025-12-03 00:56:31,944 [DEBUG] mouse_event_mapper.detect(): thumb-index distances: current=0.259237018110434, past=0.2438924177545627
2025-12-03 00:56:31,944 [DEBUG] mouse_event_mapper.detect(): thumb-middle distances: current=0.3472283229880062, past=0.31388005359204874
2025-12-03 00:56:31,944 [DEBUG] mouse_event_mapper.update(): detected mouse event: MouseEvent.MOVE
2025-12-03 00:56:31,944 [DEBUG] controller._on_landmark_update(): Mouse event deteced: MOVE
2025-12-03 00:56:31,964 [DEBUG] camera.run(): Captured frame at timestamp: 18287
2025-12-03 00:56:31,974 [DEBUG] landmarker.update(): velocity=0.11890734369159846
2025-12-03 00:56:31,975 [DEBUG] pointer_mapper.update(): std=0.005288831272047943, velocity=0.011386425255047333
2025-12-03 00:56:31,975 [DEBUG] controller._on_landmark_update(): Pointer mapped to screen position: (983, 436)
2025-12-03 00:56:31,975 [DEBUG] mouse_event_mapper.detect(): thumb-index distances: current=0.26228327400280843, past=0.24990521464835083
2025-12-03 00:56:31,975 [DEBUG] mouse_event_mapper.detect(): thumb-middle distances: current=0.3537471594687767, past=0.32721398197528345
2025-12-03 00:56:31,975 [DEBUG] mouse_event_mapper.update(): detected mouse event: MouseEvent.MOVE
2025-12-03 00:56:31,975 [DEBUG] controller._on_landmark_update(): Mouse event deteced: MOVE
2025-12-03 00:56:31,996 [DEBUG] camera.run(): Captured frame at timestamp: 18320
2025-12-03 00:56:32,007 [DEBUG] landmarker.update(): velocity=0.1239177771476629
2025-12-03 00:56:32,008 [DEBUG] pointer_mapper.update(): std=0.00541716678015642, velocity=0.011881268249596545
2025-12-03 00:56:32,008 [DEBUG] controller._on_landmark_update(): Pointer mapped to screen position: (965, 438)
2025-12-03 00:56:32,008 [DEBUG] mouse_event_mapper.detect(): thumb-index distances: current=0.2640705897050972, past=0.25498555311784254
2025-12-03 00:56:32,008 [DEBUG] mouse_event_mapper.detect(): thumb-middle distances: current=0.3581180890375298, past=0.33824092811560397
2025-12-03 00:56:32,008 [DEBUG] mouse_event_mapper.update(): detected mouse event: MouseEvent.MOVE
2025-12-03 00:56:32,008 [DEBUG] controller._on_landmark_update(): Mouse event deteced: MOVE
2025-12-03 00:56:32,030 [DEBUG] camera.run(): Captured frame at timestamp: 18354
2025-12-03 00:56:32,041 [DEBUG] landmarker.update(): velocity=0.12284158376972754
2025-12-03 00:56:32,042 [DEBUG] pointer_mapper.update(): std=0.005505605535425827, velocity=0.012067317482632104
2025-12-03 00:56:32,042 [DEBUG] controller._on_landmark_update(): Pointer mapped to screen position: (946, 439)
2025-12-03 00:56:32,042 [DEBUG] mouse_event_mapper.detect(): thumb-index distances: current=0.26478129689006574, past=0.259237018110434
2025-12-03 00:56:32,042 [DEBUG] mouse_event_mapper.detect(): thumb-middle distances: current=0.36067655123439485, past=0.3472283229880062
2025-12-03 00:56:32,042 [DEBUG] mouse_event_mapper.update(): detected mouse event: MouseEvent.MOVE
2025-12-03 00:56:32,042 [DEBUG] controller._on_landmark_update(): Mouse event deteced: MOVE
2025-12-03 00:56:32,064 [DEBUG] camera.run(): Captured frame at timestamp: 18387
2025-12-03 00:56:32,075 [DEBUG] landmarker.update(): velocity=0.12752107872839324
2025-12-03 00:56:32,075 [DEBUG] pointer_mapper.update(): std=0.005636629580795444, velocity=0.012315247683007053
2025-12-03 00:56:32,075 [DEBUG] controller._on_landmark_update(): Pointer mapped to screen position: (926, 439)
2025-12-03 00:56:32,075 [DEBUG] mouse_event_mapper.detect(): thumb-index distances: current=0.26465610732850037, past=0.26228327400280843
2025-12-03 00:56:32,075 [DEBUG] mouse_event_mapper.detect(): thumb-middle distances: current=0.3616917440583256, past=0.3537471594687767
2025-12-03 00:56:32,075 [DEBUG] mouse_event_mapper.update(): detected mouse event: MouseEvent.MOVE
2025-12-03 00:56:32,075 [DEBUG] controller._on_landmark_update(): Mouse event deteced: MOVE
2025-12-03 00:56:32,097 [DEBUG] camera.run(): Captured frame at timestamp: 18420
2025-12-03 00:56:32,108 [DEBUG] landmarker.update(): velocity=0.1320770536440775
2025-12-03 00:56:32,109 [DEBUG] pointer_mapper.update(): std=0.0057147775701556205, velocity=0.0124332419169084
2025-12-03 00:56:32,109 [DEBUG] controller._on_landmark_update(): Pointer mapped to screen position: (906, 439)
2025-12-03 00:56:32,109 [DEBUG] mouse_event_mapper.detect(): thumb-index distances: current=0.26348224255596825, past=0.2640705897050972
2025-12-03 00:56:32,109 [DEBUG] mouse_event_mapper.detect(): thumb-middle distances: current=0.3608937135950098, past=0.3581180890375298
2025-12-03 00:56:32,109 [DEBUG] mouse_event_mapper.update(): detected mouse event: MouseEvent.MOVE
2025-12-03 00:56:32,109 [DEBUG] controller._on_landmark_update(): Mouse event deteced: MOVE
2025-12-03 00:56:32,131 [DEBUG] camera.run(): Captured frame at timestamp: 18454
2025-12-03 00:56:32,142 [DEBUG] landmarker.update(): velocity=0.14001982731863774
2025-12-03 00:56:32,142 [DEBUG] pointer_mapper.update(): std=0.0058550891621324645, velocity=0.012586380071229036
2025-12-03 00:56:32,142 [DEBUG] controller._on_landmark_update(): Pointer mapped to screen position: (884, 439)
2025-12-03 00:56:32,142 [DEBUG] mouse_event_mapper.detect(): thumb-index distances: current=0.2608460744142679, past=0.26478129689006574
2025-12-03 00:56:32,142 [DEBUG] mouse_event_mapper.detect(): thumb-middle distances: current=0.3572855919626325, past=0.36067655123439485
2025-12-03 00:56:32,142 [DEBUG] mouse_event_mapper.update(): detected mouse event: MouseEvent.MOVE
2025-12-03 00:56:32,142 [DEBUG] controller._on_landmark_update(): Mouse event deteced: MOVE
2025-12-03 00:56:32,166 [DEBUG] camera.run(): Captured frame at timestamp: 18489
2025-12-03 00:56:32,177 [DEBUG] landmarker.update(): velocity=0.15374201236549798
2025-12-03 00:56:32,177 [DEBUG] pointer_mapper.update(): std=0.006055629334911977, velocity=0.012983170077820277
2025-12-03 00:56:32,177 [DEBUG] controller._on_landmark_update(): Pointer mapped to screen position: (862, 438)
2025-12-03 00:56:32,177 [DEBUG] mouse_event_mapper.detect(): thumb-index distances: current=0.2565698855246193, past=0.26465610732850037
2025-12-03 00:56:32,177 [DEBUG] mouse_event_mapper.detect(): thumb-middle distances: current=0.3494353461580668, past=0.3616917440583256
2025-12-03 00:56:32,177 [DEBUG] mouse_event_mapper.update(): detected mouse event: MouseEvent.MOVE
2025-12-03 00:56:32,177 [DEBUG] controller._on_landmark_update(): Mouse event deteced: MOVE
2025-12-03 00:56:32,199 [DEBUG] camera.run(): Captured frame at timestamp: 18522
2025-12-03 00:56:32,210 [DEBUG] landmarker.update(): velocity=0.16088867017565803
2025-12-03 00:56:32,210 [DEBUG] pointer_mapper.update(): std=0.006232243296760659, velocity=0.013076826642866097
2025-12-03 00:56:32,210 [DEBUG] controller._on_landmark_update(): Pointer mapped to screen position: (838, 436)
2025-12-03 00:56:32,210 [DEBUG] mouse_event_mapper.detect(): thumb-index distances: current=0.2510691994488158, past=0.26348224255596825
2025-12-03 00:56:32,210 [DEBUG] mouse_event_mapper.detect(): thumb-middle distances: current=0.3367990132028497, past=0.3608937135950098
2025-12-03 00:56:32,210 [DEBUG] mouse_event_mapper.update(): detected mouse event: MouseEvent.MOVE
2025-12-03 00:56:32,210 [DEBUG] controller._on_landmark_update(): Mouse event deteced: MOVE
2025-12-03 00:56:32,231 [DEBUG] camera.run(): Captured frame at timestamp: 18554
2025-12-03 00:56:32,242 [DEBUG] landmarker.update(): velocity=0.1865605965766794
2025-12-03 00:56:32,243 [DEBUG] pointer_mapper.update(): std=0.006103316283270948, velocity=0.012957030451196828
2025-12-03 00:56:32,243 [DEBUG] controller._on_landmark_update(): Pointer mapped to screen position: (814, 434)
2025-12-03 00:56:32,243 [DEBUG] mouse_event_mapper.detect(): thumb-index distances: current=0.2440272487201904, past=0.2608460744142679
2025-12-03 00:56:32,243 [DEBUG] mouse_event_mapper.detect(): thumb-middle distances: current=0.319606194633079, past=0.3572855919626325
2025-12-03 00:56:32,243 [DEBUG] mouse_event_mapper.update(): detected mouse event: MouseEvent.MOVE
2025-12-03 00:56:32,243 [DEBUG] controller._on_landmark_update(): Mouse event deteced: MOVE
2025-12-03 00:56:32,266 [DEBUG] camera.run(): Captured frame at timestamp: 18589
2025-12-03 00:56:32,277 [DEBUG] landmarker.update(): velocity=0.21812539671123402
2025-12-03 00:56:32,277 [DEBUG] pointer_mapper.update(): std=0.005783146771615237, velocity=0.012625578188808165
2025-12-03 00:56:32,277 [DEBUG] controller._on_landmark_update(): Pointer mapped to screen position: (788, 431)
2025-12-03 00:56:32,277 [DEBUG] mouse_event_mapper.detect(): thumb-index distances: current=0.2340665973960887, past=0.2565698855246193
2025-12-03 00:56:32,277 [DEBUG] mouse_event_mapper.detect(): thumb-middle distances: current=0.29729539137192024, past=0.3494353461580668
2025-12-03 00:56:32,277 [DEBUG] mouse_event_mapper.update(): detected mouse event: MouseEvent.MOVE
2025-12-03 00:56:32,277 [DEBUG] controller._on_landmark_update(): Mouse event deteced: MOVE
2025-12-03 00:56:32,300 [DEBUG] camera.run(): Captured frame at timestamp: 18623
2025-12-03 00:56:32,311 [DEBUG] landmarker.update(): velocity=0.21930434841055907
2025-12-03 00:56:32,311 [DEBUG] pointer_mapper.update(): std=0.005334791731982612, velocity=0.01144066902444971
2025-12-03 00:56:32,311 [DEBUG] controller._on_landmark_update(): Pointer mapped to screen position: (762, 428)
2025-12-03 00:56:32,311 [DEBUG] mouse_event_mapper.detect(): thumb-index distances: current=0.22145862147739837, past=0.2510691994488158
2025-12-03 00:56:32,311 [DEBUG] mouse_event_mapper.detect(): thumb-middle distances: current=0.27077420439767474, past=0.3367990132028497
2025-12-03 00:56:32,311 [DEBUG] mouse_event_mapper.update(): detected mouse event: MouseEvent.MOVE
2025-12-03 00:56:32,311 [DEBUG] controller._on_landmark_update(): Mouse event deteced: MOVE
2025-12-03 00:56:32,330 [DEBUG] camera.run(): Captured frame at timestamp: 18653
2025-12-03 00:56:32,341 [DEBUG] landmarker.update(): velocity=0.21179057168456122
2025-12-03 00:56:32,342 [DEBUG] pointer_mapper.update(): std=0.004865671176796456, velocity=0.010488760889116655
2025-12-03 00:56:32,342 [DEBUG] controller._on_landmark_update(): Pointer mapped to screen position: (737, 426)
2025-12-03 00:56:32,342 [DEBUG] mouse_event_mapper.detect(): thumb-index distances: current=0.20921854146412736, past=0.2440272487201904
2025-12-03 00:56:32,342 [DEBUG] mouse_event_mapper.detect(): thumb-middle distances: current=0.24198732181345672, past=0.319606194633079
2025-12-03 00:56:32,342 [DEBUG] mouse_event_mapper.update(): detected mouse event: MouseEvent.MOVE
2025-12-03 00:56:32,342 [DEBUG] controller._on_landmark_update(): Mouse event deteced: MOVE
2025-12-03 00:56:32,364 [DEBUG] camera.run(): Captured frame at timestamp: 18687
2025-12-03 00:56:32,375 [DEBUG] landmarker.update(): velocity=0.18208195010321562
2025-12-03 00:56:32,375 [DEBUG] pointer_mapper.update(): std=0.004191974788771333, velocity=0.009498098519071381
2025-12-03 00:56:32,375 [DEBUG] controller._on_landmark_update(): Pointer mapped to screen position: (712, 425)
2025-12-03 00:56:32,375 [DEBUG] mouse_event_mapper.detect(): thumb-index distances: current=0.20027396566725927, past=0.2340665973960887
2025-12-03 00:56:32,375 [DEBUG] mouse_event_mapper.detect(): thumb-middle distances: current=0.21554033499671896, past=0.29729539137192024
2025-12-03 00:56:32,375 [DEBUG] mouse_event_mapper.update(): detected mouse event: MouseEvent.MOVE
2025-12-03 00:56:32,375 [DEBUG] controller._on_landmark_update(): Mouse event deteced: MOVE
2025-12-03 00:56:32,397 [DEBUG] camera.run(): Captured frame at timestamp: 18721
2025-12-03 00:56:32,408 [DEBUG] landmarker.update(): velocity=0.15299714370192677
2025-12-03 00:56:32,409 [DEBUG] pointer_mapper.update(): std=0.0034426681257168717, velocity=0.007629210957458103
2025-12-03 00:56:32,409 [DEBUG] controller._on_landmark_update(): Pointer mapped to screen position: (689, 425)
2025-12-03 00:56:32,409 [DEBUG] mouse_event_mapper.detect(): thumb-index distances: current=0.1949680039891801, past=0.22145862147739837
2025-12-03 00:56:32,409 [DEBUG] mouse_event_mapper.detect(): thumb-middle distances: current=0.19337866425810393, past=0.27077420439767474
2025-12-03 00:56:32,409 [DEBUG] mouse_event_mapper.update(): detected mouse event: MouseEvent.MOVE
2025-12-03 00:56:32,409 [DEBUG] controller._on_landmark_update(): Mouse event deteced: MOVE
2025-12-03 00:56:32,431 [DEBUG] camera.run(): Captured frame at timestamp: 18754
2025-12-03 00:56:32,441 [DEBUG] landmarker.update(): velocity=0.11219958063528658
2025-12-03 00:56:32,442 [DEBUG] pointer_mapper.update(): std=0.0027315355339593388, velocity=0.006640024445777178
2025-12-03 00:56:32,442 [DEBUG] controller._on_landmark_update(): Pointer mapped to screen position: (668, 425)
2025-12-03 00:56:32,442 [DEBUG] mouse_event_mapper.detect(): thumb-index distances: current=0.19081235453429857, past=0.20921854146412736
2025-12-03 00:56:32,442 [DEBUG] mouse_event_mapper.detect(): thumb-middle distances: current=0.17603250650989186, past=0.24198732181345672
2025-12-03 00:56:32,442 [DEBUG] mouse_event_mapper.update(): detected mouse event: MouseEvent.MOVE
2025-12-03 00:56:32,442 [DEBUG] controller._on_landmark_update(): Mouse event deteced: MOVE
2025-12-03 00:56:32,464 [DEBUG] camera.run(): Captured frame at timestamp: 18788
2025-12-03 00:56:32,475 [DEBUG] landmarker.update(): velocity=0.10861242396611044
2025-12-03 00:56:32,475 [DEBUG] pointer_mapper.update(): std=0.002006982537288221, velocity=0.004756772519153121
2025-12-03 00:56:32,475 [DEBUG] controller._on_landmark_update(): Pointer mapped to screen position: (650, 425)
2025-12-03 00:56:32,475 [DEBUG] mouse_event_mapper.detect(): thumb-index distances: current=0.1864109466952287, past=0.20027396566725927
2025-12-03 00:56:32,476 [DEBUG] mouse_event_mapper.detect(): thumb-middle distances: current=0.1619716905568639, past=0.21554033499671896
2025-12-03 00:56:32,476 [DEBUG] mouse_event_mapper.update(): detected mouse event: MouseEvent.MOVE
2025-12-03 00:56:32,476 [DEBUG] controller._on_landmark_update(): Mouse event deteced: MOVE
2025-12-03 00:56:32,498 [DEBUG] camera.run(): Captured frame at timestamp: 18822
2025-12-03 00:56:32,509 [DEBUG] landmarker.update(): velocity=0.09773272904267336
2025-12-03 00:56:32,510 [DEBUG] pointer_mapper.update(): std=0.001528173738023744, velocity=0.0031259086861356107
2025-12-03 00:56:32,510 [DEBUG] controller._on_landmark_update(): Pointer mapped to screen position: (635, 425)
2025-12-03 00:56:32,510 [DEBUG] mouse_event_mapper.detect(): thumb-index distances: current=0.1822483225279902, past=0.1949680039891801
2025-12-03 00:56:32,510 [DEBUG] mouse_event_mapper.detect(): thumb-middle distances: current=0.1499375412659796, past=0.19337866425810393
2025-12-03 00:56:32,510 [DEBUG] mouse_event_mapper.update(): detected mouse event: MouseEvent.MOVE
2025-12-03 00:56:32,510 [DEBUG] controller._on_landmark_update(): Mouse event deteced: MOVE
2025-12-03 00:56:32,533 [DEBUG] camera.run(): Captured frame at timestamp: 18856
2025-12-03 00:56:32,543 [DEBUG] landmarker.update(): velocity=0.05718411682983123
2025-12-03 00:56:32,544 [DEBUG] pointer_mapper.update(): std=0.0015680875687081562, velocity=0.0022113142408042292
2025-12-03 00:56:32,544 [DEBUG] controller._on_landmark_update(): Pointer mapped to screen position: (623, 425)
2025-12-03 00:56:32,544 [DEBUG] mouse_event_mapper.detect(): thumb-index distances: current=0.17872365186450087, past=0.19081235453429857
2025-12-03 00:56:32,544 [DEBUG] mouse_event_mapper.detect(): thumb-middle distances: current=0.14017701919596803, past=0.17603250650989186
2025-12-03 00:56:32,544 [DEBUG] mouse_event_mapper.update(): detected mouse event: MouseEvent.MOVE
2025-12-03 00:56:32,544 [DEBUG] controller._on_landmark_update(): Mouse event deteced: MOVE
2025-12-03 00:56:32,566 [DEBUG] camera.run(): Captured frame at timestamp: 18890
2025-12-03 00:56:32,577 [DEBUG] landmarker.update(): velocity=0.04665503254400441
2025-12-03 00:56:32,578 [DEBUG] pointer_mapper.update(): std=0.0011020209897125558, velocity=0.0019767832449455406
2025-12-03 00:56:32,578 [DEBUG] controller._on_landmark_update(): Pointer mapped to screen position: (614, 426)
2025-12-03 00:56:32,578 [DEBUG] mouse_event_mapper.detect(): thumb-index distances: current=0.17619603514870716, past=0.1864109466952287
2025-12-03 00:56:32,578 [DEBUG] mouse_event_mapper.detect(): thumb-middle distances: current=0.13315977213042637, past=0.1619716905568639
2025-12-03 00:56:32,578 [DEBUG] mouse_event_mapper.update(): detected mouse event: MouseEvent.MOVE
2025-12-03 00:56:32,578 [DEBUG] controller._on_landmark_update(): Mouse event deteced: MOVE
2025-12-03 00:56:32,600 [DEBUG] camera.run(): Captured frame at timestamp: 18923
2025-12-03 00:56:32,610 [DEBUG] landmarker.update(): velocity=0.05365417936017534
2025-12-03 00:56:32,611 [DEBUG] pointer_mapper.update(): std=0.0009153032996147335, velocity=0.002634944775647639
2025-12-03 00:56:32,611 [DEBUG] controller._on_landmark_update(): Pointer mapped to screen position: (607, 426)
2025-12-03 00:56:32,611 [DEBUG] mouse_event_mapper.detect(): thumb-index distances: current=0.17263124877339306, past=0.1822483225279902
2025-12-03 00:56:32,611 [DEBUG] mouse_event_mapper.detect(): thumb-middle distances: current=0.13005688150883907, past=0.1499375412659796
2025-12-03 00:56:32,611 [DEBUG] mouse_event_mapper.update(): detected mouse event: MouseEvent.MOVE
2025-12-03 00:56:32,611 [DEBUG] controller._on_landmark_update(): Mouse event deteced: MOVE
2025-12-03 00:56:32,632 [DEBUG] camera.run(): Captured frame at timestamp: 18956
2025-12-03 00:56:32,643 [DEBUG] landmarker.update(): velocity=0.0593491610186231
2025-12-03 00:56:32,643 [DEBUG] pointer_mapper.update(): std=0.0013375537538964698, velocity=0.0037240866675388395
2025-12-03 00:56:32,643 [DEBUG] controller._on_landmark_update(): Pointer mapped to screen position: (603, 426)
2025-12-03 00:56:32,643 [DEBUG] mouse_event_mapper.detect(): thumb-index distances: current=0.16798419949445975, past=0.17872365186450087
2025-12-03 00:56:32,643 [DEBUG] mouse_event_mapper.detect(): thumb-middle distances: current=0.12884454363567943, past=0.14017701919596803
2025-12-03 00:56:32,643 [DEBUG] mouse_event_mapper.update(): detected mouse event: MouseEvent.MOVE
2025-12-03 00:56:32,643 [DEBUG] controller._on_landmark_update(): Mouse event deteced: MOVE
2025-12-03 00:56:32,664 [DEBUG] camera.run(): Captured frame at timestamp: 18987
2025-12-03 00:56:32,675 [DEBUG] landmarker.update(): velocity=0.05323494905853079
2025-12-03 00:56:32,675 [DEBUG] pointer_mapper.update(): std=0.0020146355788320403, velocity=0.004619189890133192
2025-12-03 00:56:32,675 [DEBUG] controller._on_landmark_update(): Pointer mapped to screen position: (601, 426)
2025-12-03 00:56:32,675 [DEBUG] mouse_event_mapper.detect(): thumb-index distances: current=0.16295624367811076, past=0.17619603514870716
2025-12-03 00:56:32,675 [DEBUG] mouse_event_mapper.detect(): thumb-middle distances: current=0.12863955090403537, past=0.13315977213042637
2025-12-03 00:56:32,675 [DEBUG] mouse_event_mapper.update(): detected mouse event: MouseEvent.MOVE
2025-12-03 00:56:32,675 [DEBUG] controller._on_landmark_update(): Mouse event deteced: MOVE
2025-12-03 00:56:32,697 [DEBUG] camera.run(): Captured frame at timestamp: 19020
2025-12-03 00:56:32,708 [DEBUG] landmarker.update(): velocity=0.07042003091307668
2025-12-03 00:56:32,708 [DEBUG] pointer_mapper.update(): std=0.0025593075871850756, velocity=0.005596613754706637
2025-12-03 00:56:32,708 [DEBUG] controller._on_landmark_update(): Pointer mapped to screen position: (602, 425)
2025-12-03 00:56:32,708 [DEBUG] mouse_event_mapper.detect(): thumb-index distances: current=0.15902344883297545, past=0.17263124877339306
2025-12-03 00:56:32,708 [DEBUG] mouse_event_mapper.detect(): thumb-middle distances: current=0.1283589511383527, past=0.13005688150883907
2025-12-03 00:56:32,708 [DEBUG] mouse_event_mapper.update(): detected mouse event: MouseEvent.MOVE
2025-12-03 00:56:32,708 [DEBUG] controller._on_landmark_update(): Mouse event deteced: MOVE
2025-12-03 00:56:32,730 [DEBUG] camera.run(): Captured frame at timestamp: 19054
2025-12-03 00:56:32,741 [DEBUG] landmarker.update(): velocity=0.08157242705767288
2025-12-03 00:56:32,742 [DEBUG] pointer_mapper.update(): std=0.002993823767518896, velocity=0.006160869558358704
2025-12-03 00:56:32,742 [DEBUG] controller._on_landmark_update(): Pointer mapped to screen position: (607, 425)
2025-12-03 00:56:32,742 [DEBUG] mouse_event_mapper.detect(): thumb-index distances: current=0.15800251481093605, past=0.16798419949445975
2025-12-03 00:56:32,742 [DEBUG] mouse_event_mapper.detect(): thumb-middle distances: current=0.13002734940096874, past=0.12884454363567943
2025-12-03 00:56:32,742 [DEBUG] mouse_event_mapper.update(): detected mouse event: MouseEvent.MOVE
2025-12-03 00:56:32,742 [DEBUG] controller._on_landmark_update(): Mouse event deteced: MOVE
2025-12-03 00:56:32,764 [DEBUG] camera.run(): Captured frame at timestamp: 19087
2025-12-03 00:56:32,775 [DEBUG] landmarker.update(): velocity=0.11066383552316533
2025-12-03 00:56:32,775 [DEBUG] pointer_mapper.update(): std=0.0034889489160962253, velocity=0.007086374827135886
2025-12-03 00:56:32,775 [DEBUG] controller._on_landmark_update(): Pointer mapped to screen position: (614, 425)
2025-12-03 00:56:32,775 [DEBUG] mouse_event_mapper.detect(): thumb-index distances: current=0.15964897949899806, past=0.16295624367811076
2025-12-03 00:56:32,775 [DEBUG] mouse_event_mapper.detect(): thumb-middle distances: current=0.1351422789552482, past=0.12863955090403537
2025-12-03 00:56:32,775 [DEBUG] mouse_event_mapper.update(): detected mouse event: MouseEvent.MOVE
2025-12-03 00:56:32,775 [DEBUG] controller._on_landmark_update(): Mouse event deteced: MOVE
2025-12-03 00:56:32,798 [DEBUG] camera.run(): Captured frame at timestamp: 19121
2025-12-03 00:56:32,809 [DEBUG] landmarker.update(): velocity=0.13237982151408234
2025-12-03 00:56:32,809 [DEBUG] pointer_mapper.update(): std=0.004022928546365933, velocity=0.008242320981983192
2025-12-03 00:56:32,809 [DEBUG] controller._on_landmark_update(): Pointer mapped to screen position: (625, 425)
2025-12-03 00:56:32,809 [DEBUG] mouse_event_mapper.detect(): thumb-index distances: current=0.16520521598434337, past=0.15902344883297545
2025-12-03 00:56:32,809 [DEBUG] mouse_event_mapper.detect(): thumb-middle distances: current=0.14466108746326736, past=0.1283589511383527
2025-12-03 00:56:32,809 [DEBUG] mouse_event_mapper.update(): detected mouse event: MouseEvent.MOVE
2025-12-03 00:56:32,810 [DEBUG] controller._on_landmark_update(): Mouse event deteced: MOVE
2025-12-03 00:56:32,831 [DEBUG] camera.run(): Captured frame at timestamp: 19154
2025-12-03 00:56:32,842 [DEBUG] landmarker.update(): velocity=0.15611193680394794
2025-12-03 00:56:32,843 [DEBUG] pointer_mapper.update(): std=0.004729080791710931, velocity=0.009852484597857246
2025-12-03 00:56:32,843 [DEBUG] controller._on_landmark_update(): Pointer mapped to screen position: (640, 426)
2025-12-03 00:56:32,843 [DEBUG] mouse_event_mapper.detect(): thumb-index distances: current=0.17327960133143128, past=0.15800251481093605
2025-12-03 00:56:32,843 [DEBUG] mouse_event_mapper.detect(): thumb-middle distances: current=0.1576885424654568, past=0.13002734940096874
2025-12-03 00:56:32,843 [DEBUG] mouse_event_mapper.update(): detected mouse event: MouseEvent.MOVE
2025-12-03 00:56:32,843 [DEBUG] controller._on_landmark_update(): Mouse event deteced: MOVE
2025-12-03 00:56:32,865 [DEBUG] camera.run(): Captured frame at timestamp: 19189
2025-12-03 00:56:32,876 [DEBUG] landmarker.update(): velocity=0.17750062362474395
2025-12-03 00:56:32,877 [DEBUG] pointer_mapper.update(): std=0.0056313918268692245, velocity=0.012018770939507128
2025-12-03 00:56:32,877 [DEBUG] controller._on_landmark_update(): Pointer mapped to screen position: (658, 426)
2025-12-03 00:56:32,877 [DEBUG] mouse_event_mapper.detect(): thumb-index distances: current=0.18326681219779953, past=0.15964897949899806
2025-12-03 00:56:32,877 [DEBUG] mouse_event_mapper.detect(): thumb-middle distances: current=0.17250660230060957, past=0.1351422789552482
2025-12-03 00:56:32,877 [DEBUG] mouse_event_mapper.update(): detected mouse event: MouseEvent.MOVE
2025-12-03 00:56:32,877 [DEBUG] controller._on_landmark_update(): Mouse event deteced: MOVE
2025-12-03 00:56:32,899 [DEBUG] camera.run(): Captured frame at timestamp: 19222
2025-12-03 00:56:32,910 [DEBUG] landmarker.update(): velocity=0.1956975103937965
2025-12-03 00:56:32,910 [DEBUG] pointer_mapper.update(): std=0.006778749803251984, velocity=0.014673253076395124
2025-12-03 00:56:32,910 [DEBUG] controller._on_landmark_update(): Pointer mapped to screen position: (680, 427)
2025-12-03 00:56:32,910 [DEBUG] mouse_event_mapper.detect(): thumb-index distances: current=0.19287598385550134, past=0.16520521598434337
2025-12-03 00:56:32,910 [DEBUG] mouse_event_mapper.detect(): thumb-middle distances: current=0.18756105936990708, past=0.14466108746326736
2025-12-03 00:56:32,910 [DEBUG] mouse_event_mapper.update(): detected mouse event: MouseEvent.MOVE
2025-12-03 00:56:32,910 [DEBUG] controller._on_landmark_update(): Mouse event deteced: MOVE
2025-12-03 00:56:32,931 [DEBUG] camera.run(): Captured frame at timestamp: 19254
2025-12-03 00:56:32,942 [DEBUG] landmarker.update(): velocity=0.21685657160711078
2025-12-03 00:56:32,942 [DEBUG] pointer_mapper.update(): std=0.00803793209124025, velocity=0.017459150868921896
2025-12-03 00:56:32,943 [DEBUG] controller._on_landmark_update(): Pointer mapped to screen position: (707, 429)
2025-12-03 00:56:32,943 [DEBUG] mouse_event_mapper.detect(): thumb-index distances: current=0.2010029176929828, past=0.17327960133143128
2025-12-03 00:56:32,943 [DEBUG] mouse_event_mapper.detect(): thumb-middle distances: current=0.2019385555632817, past=0.1576885424654568
2025-12-03 00:56:32,943 [DEBUG] mouse_event_mapper.update(): detected mouse event: MouseEvent.MOVE
2025-12-03 00:56:32,943 [DEBUG] controller._on_landmark_update(): Mouse event deteced: MOVE
2025-12-03 00:56:32,964 [DEBUG] camera.run(): Captured frame at timestamp: 19287
2025-12-03 00:56:32,975 [DEBUG] landmarker.update(): velocity=0.2292346024683491
2025-12-03 00:56:32,975 [DEBUG] pointer_mapper.update(): std=0.009295393263813113, velocity=0.019942845358368908
2025-12-03 00:56:32,975 [DEBUG] controller._on_landmark_update(): Pointer mapped to screen position: (739, 431)
2025-12-03 00:56:32,975 [DEBUG] mouse_event_mapper.detect(): thumb-index distances: current=0.20724250400166677, past=0.18326681219779953
2025-12-03 00:56:32,975 [DEBUG] mouse_event_mapper.detect(): thumb-middle distances: current=0.2147806807925845, past=0.17250660230060957
2025-12-03 00:56:32,975 [DEBUG] mouse_event_mapper.update(): detected mouse event: MouseEvent.MOVE
2025-12-03 00:56:32,975 [DEBUG] controller._on_landmark_update(): Mouse event deteced: MOVE
2025-12-03 00:56:32,997 [DEBUG] camera.run(): Captured frame at timestamp: 19320
2025-12-03 00:56:33,008 [DEBUG] landmarker.update(): velocity=0.24756220367795437
2025-12-03 00:56:33,009 [DEBUG] pointer_mapper.update(): std=0.010423109814011795, velocity=0.022033600794492295
2025-12-03 00:56:33,009 [DEBUG] controller._on_landmark_update(): Pointer mapped to screen position: (776, 433)
2025-12-03 00:56:33,009 [DEBUG] mouse_event_mapper.detect(): thumb-index distances: current=0.21193805424772616, past=0.19287598385550134
2025-12-03 00:56:33,009 [DEBUG] mouse_event_mapper.detect(): thumb-middle distances: current=0.22603917432521992, past=0.18756105936990708
2025-12-03 00:56:33,009 [DEBUG] mouse_event_mapper.update(): detected mouse event: MouseEvent.MOVE
2025-12-03 00:56:33,009 [DEBUG] controller._on_landmark_update(): Mouse event deteced: MOVE
2025-12-03 00:56:33,030 [DEBUG] camera.run(): Captured frame at timestamp: 19354
2025-12-03 00:56:33,041 [DEBUG] landmarker.update(): velocity=0.26399234693086554
2025-12-03 00:56:33,042 [DEBUG] pointer_mapper.update(): std=0.01123901518551187, velocity=0.023989547984479248
2025-12-03 00:56:33,042 [DEBUG] controller._on_landmark_update(): Pointer mapped to screen position: (815, 437)
2025-12-03 00:56:33,042 [DEBUG] mouse_event_mapper.detect(): thumb-index distances: current=0.21586184966233643, past=0.2010029176929828
2025-12-03 00:56:33,042 [DEBUG] mouse_event_mapper.detect(): thumb-middle distances: current=0.23542334687147534, past=0.2019385555632817
2025-12-03 00:56:33,042 [DEBUG] mouse_event_mapper.update(): detected mouse event: MouseEvent.MOVE
2025-12-03 00:56:33,042 [DEBUG] controller._on_landmark_update(): Mouse event deteced: MOVE
2025-12-03 00:56:33,064 [DEBUG] camera.run(): Captured frame at timestamp: 19388
2025-12-03 00:56:33,075 [DEBUG] landmarker.update(): velocity=0.279926126678676
2025-12-03 00:56:33,075 [DEBUG] pointer_mapper.update(): std=0.011895357842777282, velocity=0.025783140788288212
2025-12-03 00:56:33,075 [DEBUG] controller._on_landmark_update(): Pointer mapped to screen position: (859, 442)
2025-12-03 00:56:33,076 [DEBUG] mouse_event_mapper.detect(): thumb-index distances: current=0.21974819362091422, past=0.20724250400166677
2025-12-03 00:56:33,076 [DEBUG] mouse_event_mapper.detect(): thumb-middle distances: current=0.24387276448114334, past=0.2147806807925845
2025-12-03 00:56:33,076 [DEBUG] mouse_event_mapper.update(): detected mouse event: MouseEvent.MOVE
2025-12-03 00:56:33,076 [DEBUG] controller._on_landmark_update(): Mouse event deteced: MOVE
2025-12-03 00:56:33,098 [DEBUG] camera.run(): Captured frame at timestamp: 19421
2025-12-03 00:56:33,108 [DEBUG] landmarker.update(): velocity=0.2931964099486369
2025-12-03 00:56:33,109 [DEBUG] pointer_mapper.update(): std=0.012394448660459877, velocity=0.02755633331039212
2025-12-03 00:56:33,109 [DEBUG] controller._on_landmark_update(): Pointer mapped to screen position: (905, 448)
2025-12-03 00:56:33,109 [DEBUG] mouse_event_mapper.detect(): thumb-index distances: current=0.22351287773487163, past=0.21193805424772616
2025-12-03 00:56:33,109 [DEBUG] mouse_event_mapper.detect(): thumb-middle distances: current=0.25118367061740954, past=0.22603917432521992
2025-12-03 00:56:33,109 [DEBUG] mouse_event_mapper.update(): detected mouse event: MouseEvent.MOVE
2025-12-03 00:56:33,109 [DEBUG] controller._on_landmark_update(): Mouse event deteced: MOVE
2025-12-03 00:56:33,133 [DEBUG] camera.run(): Captured frame at timestamp: 19456
2025-12-03 00:56:33,144 [DEBUG] landmarker.update(): velocity=0.29992732053119797
2025-12-03 00:56:33,144 [DEBUG] pointer_mapper.update(): std=0.01276845182179055, velocity=0.028637442584313944
2025-12-03 00:56:33,144 [DEBUG] controller._on_landmark_update(): Pointer mapped to screen position: (954, 456)
2025-12-03 00:56:33,144 [DEBUG] mouse_event_mapper.detect(): thumb-index distances: current=0.2274851503374671, past=0.21586184966233643
2025-12-03 00:56:33,144 [DEBUG] mouse_event_mapper.detect(): thumb-middle distances: current=0.2579723206526027, past=0.23542334687147534
2025-12-03 00:56:33,144 [DEBUG] mouse_event_mapper.update(): detected mouse event: MouseEvent.MOVE
2025-12-03 00:56:33,144 [DEBUG] controller._on_landmark_update(): Mouse event deteced: MOVE
2025-12-03 00:56:33,165 [DEBUG] camera.run(): Captured frame at timestamp: 19489
2025-12-03 00:56:33,176 [DEBUG] landmarker.update(): velocity=0.30499244871608955
2025-12-03 00:56:33,177 [DEBUG] pointer_mapper.update(): std=0.012792665710465707, velocity=0.029008851751240315
2025-12-03 00:56:33,177 [DEBUG] controller._on_landmark_update(): Pointer mapped to screen position: (1005, 466)
2025-12-03 00:56:33,177 [DEBUG] mouse_event_mapper.detect(): thumb-index distances: current=0.23089245938200512, past=0.21974819362091422
2025-12-03 00:56:33,177 [DEBUG] mouse_event_mapper.detect(): thumb-middle distances: current=0.26382387390079637, past=0.24387276448114334
2025-12-03 00:56:33,177 [DEBUG] mouse_event_mapper.update(): detected mouse event: MouseEvent.MOVE
2025-12-03 00:56:33,177 [DEBUG] controller._on_landmark_update(): Mouse event deteced: MOVE
2025-12-03 00:56:33,197 [DEBUG] camera.run(): Captured frame at timestamp: 19521
2025-12-03 00:56:33,208 [DEBUG] landmarker.update(): velocity=0.3029671893168024
2025-12-03 00:56:33,209 [DEBUG] pointer_mapper.update(): std=0.01262537495634374, velocity=0.02881238539007983
2025-12-03 00:56:33,209 [DEBUG] controller._on_landmark_update(): Pointer mapped to screen position: (1056, 477)
2025-12-03 00:56:33,209 [DEBUG] mouse_event_mapper.detect(): thumb-index distances: current=0.23332118273611538, past=0.22351287773487163
2025-12-03 00:56:33,209 [DEBUG] mouse_event_mapper.detect(): thumb-middle distances: current=0.2685121472046748, past=0.25118367061740954
2025-12-03 00:56:33,209 [DEBUG] mouse_event_mapper.update(): detected mouse event: MouseEvent.MOVE
2025-12-03 00:56:33,209 [DEBUG] controller._on_landmark_update(): Mouse event deteced: MOVE
2025-12-03 00:56:33,230 [DEBUG] camera.run(): Captured frame at timestamp: 19553
2025-12-03 00:56:33,241 [DEBUG] landmarker.update(): velocity=0.30052540246092074
2025-12-03 00:56:33,241 [DEBUG] pointer_mapper.update(): std=0.012302775568421694, velocity=0.028417105143324687
2025-12-03 00:56:33,241 [DEBUG] controller._on_landmark_update(): Pointer mapped to screen position: (1108, 488)
2025-12-03 00:56:33,241 [DEBUG] mouse_event_mapper.detect(): thumb-index distances: current=0.234253167659231, past=0.2274851503374671
2025-12-03 00:56:33,241 [DEBUG] mouse_event_mapper.detect(): thumb-middle distances: current=0.27176096942895706, past=0.2579723206526027
2025-12-03 00:56:33,241 [DEBUG] mouse_event_mapper.update(): detected mouse event: MouseEvent.MOVE
2025-12-03 00:56:33,241 [DEBUG] controller._on_landmark_update(): Mouse event deteced: MOVE
2025-12-03 00:56:33,263 [DEBUG] camera.run(): Captured frame at timestamp: 19587
2025-12-03 00:56:33,274 [DEBUG] landmarker.update(): velocity=0.29319666020976826
2025-12-03 00:56:33,275 [DEBUG] pointer_mapper.update(): std=0.011922349596506903, velocity=0.027893191108173496
2025-12-03 00:56:33,275 [DEBUG] controller._on_landmark_update(): Pointer mapped to screen position: (1159, 501)
2025-12-03 00:56:33,275 [DEBUG] mouse_event_mapper.detect(): thumb-index distances: current=0.23427711529602413, past=0.23089245938200512
2025-12-03 00:56:33,275 [DEBUG] mouse_event_mapper.detect(): thumb-middle distances: current=0.27352308920959467, past=0.26382387390079637
2025-12-03 00:56:33,275 [DEBUG] mouse_event_mapper.update(): detected mouse event: MouseEvent.MOVE
2025-12-03 00:56:33,275 [DEBUG] controller._on_landmark_update(): Mouse event deteced: MOVE
2025-12-03 00:56:33,297 [DEBUG] camera.run(): Captured frame at timestamp: 19621
2025-12-03 00:56:33,308 [DEBUG] landmarker.update(): velocity=0.28284308081211895
2025-12-03 00:56:33,309 [DEBUG] pointer_mapper.update(): std=0.011437707881588315, velocity=0.02714995231743379
2025-12-03 00:56:33,309 [DEBUG] controller._on_landmark_update(): Pointer mapped to screen position: (1209, 515)
2025-12-03 00:56:33,309 [DEBUG] mouse_event_mapper.detect(): thumb-index distances: current=0.2346899477524579, past=0.23332118273611538
2025-12-03 00:56:33,309 [DEBUG] mouse_event_mapper.detect(): thumb-middle distances: current=0.27484962338535274, past=0.2685121472046748
2025-12-03 00:56:33,309 [DEBUG] mouse_event_mapper.update(): detected mouse event: MouseEvent.MOVE
2025-12-03 00:56:33,309 [DEBUG] controller._on_landmark_update(): Mouse event deteced: MOVE
2025-12-03 00:56:33,331 [DEBUG] camera.run(): Captured frame at timestamp: 19655
2025-12-03 00:56:33,342 [DEBUG] landmarker.update(): velocity=0.2776741910235136
2025-12-03 00:56:33,343 [DEBUG] pointer_mapper.update(): std=0.010904493941155233, velocity=0.026589407782494093
2025-12-03 00:56:33,343 [DEBUG] controller._on_landmark_update(): Pointer mapped to screen position: (1257, 529)
2025-12-03 00:56:33,343 [DEBUG] mouse_event_mapper.detect(): thumb-index distances: current=0.23567033594782258, past=0.234253167659231
2025-12-03 00:56:33,343 [DEBUG] mouse_event_mapper.detect(): thumb-middle distances: current=0.27592943035775985, past=0.27176096942895706
2025-12-03 00:56:33,343 [DEBUG] mouse_event_mapper.update(): detected mouse event: MouseEvent.MOVE
2025-12-03 00:56:33,343 [DEBUG] controller._on_landmark_update(): Mouse event deteced: MOVE
2025-12-03 00:56:33,365 [DEBUG] camera.run(): Captured frame at timestamp: 19688
2025-12-03 00:56:33,375 [DEBUG] landmarker.update(): velocity=0.2653568753686426
2025-12-03 00:56:33,376 [DEBUG] pointer_mapper.update(): std=0.010368797618723474, velocity=0.025987306469459855
2025-12-03 00:56:33,376 [DEBUG] controller._on_landmark_update(): Pointer mapped to screen position: (1303, 544)
2025-12-03 00:56:33,376 [DEBUG] mouse_event_mapper.detect(): thumb-index distances: current=0.2373411486684307, past=0.23427711529602413
2025-12-03 00:56:33,376 [DEBUG] mouse_event_mapper.detect(): thumb-middle distances: current=0.2768539701218486, past=0.27352308920959467
2025-12-03 00:56:33,376 [DEBUG] mouse_event_mapper.update(): detected mouse event: MouseEvent.MOVE
2025-12-03 00:56:33,376 [DEBUG] controller._on_landmark_update(): Mouse event deteced: MOVE
2025-12-03 00:56:33,399 [DEBUG] camera.run(): Captured frame at timestamp: 19722
2025-12-03 00:56:33,410 [DEBUG] landmarker.update(): velocity=0.25520847949874914
2025-12-03 00:56:33,410 [DEBUG] pointer_mapper.update(): std=0.009883438304532834, velocity=0.02553397073427712
2025-12-03 00:56:33,410 [DEBUG] controller._on_landmark_update(): Pointer mapped to screen position: (1345, 559)
2025-12-03 00:56:33,411 [DEBUG] mouse_event_mapper.detect(): thumb-index distances: current=0.23881102321616102, past=0.2346899477524579
2025-12-03 00:56:33,411 [DEBUG] mouse_event_mapper.detect(): thumb-middle distances: current=0.2766318390571886, past=0.27484962338535274
2025-12-03 00:56:33,411 [DEBUG] mouse_event_mapper.update(): detected mouse event: MouseEvent.MOVE
2025-12-03 00:56:33,411 [DEBUG] controller._on_landmark_update(): Mouse event deteced: MOVE
2025-12-03 00:56:33,432 [DEBUG] camera.run(): Captured frame at timestamp: 19756
2025-12-03 00:56:33,443 [DEBUG] landmarker.update(): velocity=0.2425957160538553
2025-12-03 00:56:33,444 [DEBUG] pointer_mapper.update(): std=0.009317033305764659, velocity=0.024953437803107232
2025-12-03 00:56:33,444 [DEBUG] controller._on_landmark_update(): Pointer mapped to screen position: (1378, 574)
2025-12-03 00:56:33,444 [DEBUG] mouse_event_mapper.detect(): thumb-index distances: current=0.2394081724415592, past=0.23567033594782258
2025-12-03 00:56:33,444 [DEBUG] mouse_event_mapper.detect(): thumb-middle distances: current=0.27447520478855947, past=0.27592943035775985
2025-12-03 00:56:33,444 [DEBUG] mouse_event_mapper.update(): detected mouse event: MouseEvent.MOVE
2025-12-03 00:56:33,444 [DEBUG] controller._on_landmark_update(): Mouse event deteced: MOVE
2025-12-03 00:56:33,464 [DEBUG] camera.run(): Captured frame at timestamp: 19788
2025-12-03 00:56:33,475 [DEBUG] landmarker.update(): velocity=0.23144764139444426
2025-12-03 00:56:33,476 [DEBUG] pointer_mapper.update(): std=0.008669454604746656, velocity=0.023948438256702384
2025-12-03 00:56:33,476 [DEBUG] controller._on_landmark_update(): Pointer mapped to screen position: (1405, 588)
2025-12-03 00:56:33,476 [DEBUG] mouse_event_mapper.detect(): thumb-index distances: current=0.23866531114475467, past=0.2373411486684307
2025-12-03 00:56:33,476 [DEBUG] mouse_event_mapper.detect(): thumb-middle distances: current=0.2699360095489274, past=0.2768539701218486
2025-12-03 00:56:33,476 [DEBUG] mouse_event_mapper.update(): detected mouse event: MouseEvent.MOVE
2025-12-03 00:56:33,476 [DEBUG] controller._on_landmark_update(): Mouse event deteced: MOVE
2025-12-03 00:56:33,498 [DEBUG] camera.run(): Captured frame at timestamp: 19821
2025-12-03 00:56:33,509 [DEBUG] landmarker.update(): velocity=0.2546685091758294
2025-12-03 00:56:33,510 [DEBUG] pointer_mapper.update(): std=0.00783837046730036, velocity=0.02341938365935702
2025-12-03 00:56:33,510 [DEBUG] controller._on_landmark_update(): Pointer mapped to screen position: (1426, 601)
2025-12-03 00:56:33,510 [DEBUG] mouse_event_mapper.detect(): thumb-index distances: current=0.23598990219636032, past=0.23881102321616102
2025-12-03 00:56:33,510 [DEBUG] mouse_event_mapper.detect(): thumb-middle distances: current=0.2610727107590925, past=0.2766318390571886
2025-12-03 00:56:33,510 [DEBUG] mouse_event_mapper.update(): detected mouse event: MouseEvent.MOVE
2025-12-03 00:56:33,510 [DEBUG] controller._on_landmark_update(): Mouse event deteced: MOVE
2025-12-03 00:56:33,531 [DEBUG] camera.run(): Captured frame at timestamp: 19854
2025-12-03 00:56:33,542 [DEBUG] landmarker.update(): velocity=0.2482659253926587
2025-12-03 00:56:33,542 [DEBUG] pointer_mapper.update(): std=0.00800070679621914, velocity=0.022513472543112475
2025-12-03 00:56:33,542 [DEBUG] controller._on_landmark_update(): Pointer mapped to screen position: (1443, 611)
2025-12-03 00:56:33,542 [DEBUG] mouse_event_mapper.detect(): thumb-index distances: current=0.23040142420882903, past=0.2394081724415592
2025-12-03 00:56:33,542 [DEBUG] mouse_event_mapper.detect(): thumb-middle distances: current=0.2467811699291896, past=0.27447520478855947
2025-12-03 00:56:33,542 [DEBUG] mouse_event_mapper.update(): detected mouse event: MouseEvent.MOVE
2025-12-03 00:56:33,542 [DEBUG] controller._on_landmark_update(): Mouse event deteced: MOVE
2025-12-03 00:56:33,565 [DEBUG] camera.run(): Captured frame at timestamp: 19888
2025-12-03 00:56:33,575 [DEBUG] landmarker.update(): velocity=0.21309106666829597
2025-12-03 00:56:33,576 [DEBUG] pointer_mapper.update(): std=0.00860832517328558, velocity=0.02095452555382653
2025-12-03 00:56:33,576 [DEBUG] controller._on_landmark_update(): Pointer mapped to screen position: (1457, 619)
2025-12-03 00:56:33,576 [DEBUG] mouse_event_mapper.detect(): thumb-index distances: current=0.22205159343959116, past=0.23866531114475467
2025-12-03 00:56:33,576 [DEBUG] mouse_event_mapper.detect(): thumb-middle distances: current=0.22956488689250432, past=0.2699360095489274
2025-12-03 00:56:33,576 [DEBUG] mouse_event_mapper.update(): detected mouse event: MouseEvent.MOVE
2025-12-03 00:56:33,576 [DEBUG] controller._on_landmark_update(): Mouse event deteced: MOVE
2025-12-03 00:56:33,598 [DEBUG] camera.run(): Captured frame at timestamp: 19921
2025-12-03 00:56:33,609 [DEBUG] landmarker.update(): velocity=0.20899936646009576
2025-12-03 00:56:33,609 [DEBUG] pointer_mapper.update(): std=0.0083854261146939, velocity=0.01996938736747443
2025-12-03 00:56:33,609 [DEBUG] controller._on_landmark_update(): Pointer mapped to screen position: (1468, 625)
2025-12-03 00:56:33,609 [DEBUG] mouse_event_mapper.detect(): thumb-index distances: current=0.21214991430344318, past=0.23598990219636032
2025-12-03 00:56:33,609 [DEBUG] mouse_event_mapper.detect(): thumb-middle distances: current=0.21188978083317123, past=0.2610727107590925
2025-12-03 00:56:33,609 [DEBUG] mouse_event_mapper.update(): detected mouse event: MouseEvent.MOVE
2025-12-03 00:56:33,609 [DEBUG] controller._on_landmark_update(): Mouse event deteced: MOVE
2025-12-03 00:56:33,631 [DEBUG] camera.run(): Captured frame at timestamp: 19955
2025-12-03 00:56:33,642 [DEBUG] landmarker.update(): velocity=0.1803746817162291
2025-12-03 00:56:33,643 [DEBUG] pointer_mapper.update(): std=0.007756740643694947, velocity=0.018527468898920287
2025-12-03 00:56:33,643 [DEBUG] controller._on_landmark_update(): Pointer mapped to screen position: (1477, 630)
2025-12-03 00:56:33,643 [DEBUG] mouse_event_mapper.detect(): thumb-index distances: current=0.20331586822182754, past=0.23040142420882903
2025-12-03 00:56:33,643 [DEBUG] mouse_event_mapper.detect(): thumb-middle distances: current=0.19665637921534748, past=0.2467811699291896
2025-12-03 00:56:33,643 [DEBUG] mouse_event_mapper.update(): detected mouse event: MouseEvent.MOVE
2025-12-03 00:56:33,643 [DEBUG] controller._on_landmark_update(): Mouse event deteced: MOVE
2025-12-03 00:56:33,665 [DEBUG] camera.run(): Captured frame at timestamp: 19989
2025-12-03 00:56:33,676 [DEBUG] landmarker.update(): velocity=0.17292673282984797
2025-12-03 00:56:33,677 [DEBUG] pointer_mapper.update(): std=0.006965798795726572, velocity=0.017107336119989346
2025-12-03 00:56:33,677 [DEBUG] controller._on_landmark_update(): Pointer mapped to screen position: (1484, 633)
2025-12-03 00:56:33,677 [DEBUG] mouse_event_mapper.detect(): thumb-index distances: current=0.19574285213000317, past=0.22205159343959116
2025-12-03 00:56:33,677 [DEBUG] mouse_event_mapper.detect(): thumb-middle distances: current=0.18202378209805703, past=0.22956488689250432
2025-12-03 00:56:33,677 [DEBUG] mouse_event_mapper.update(): detected mouse event: MouseEvent.MOVE
2025-12-03 00:56:33,677 [DEBUG] controller._on_landmark_update(): Mouse event deteced: MOVE
2025-12-03 00:56:33,699 [DEBUG] camera.run(): Captured frame at timestamp: 20022
2025-12-03 00:56:33,710 [DEBUG] landmarker.update(): velocity=0.15884466965184657
2025-12-03 00:56:33,710 [DEBUG] pointer_mapper.update(): std=0.006205526573063041, velocity=0.016080036480738854
2025-12-03 00:56:33,710 [DEBUG] controller._on_landmark_update(): Pointer mapped to screen position: (1489, 636)
2025-12-03 00:56:33,711 [DEBUG] mouse_event_mapper.detect(): thumb-index distances: current=0.19000010273310572, past=0.21214991430344318
2025-12-03 00:56:33,711 [DEBUG] mouse_event_mapper.detect(): thumb-middle distances: current=0.16927382600318763, past=0.21188978083317123
2025-12-03 00:56:33,711 [DEBUG] mouse_event_mapper.update(): detected mouse event: MouseEvent.MOVE
2025-12-03 00:56:33,711 [DEBUG] controller._on_landmark_update(): Mouse event deteced: MOVE
2025-12-03 00:56:33,732 [DEBUG] camera.run(): Captured frame at timestamp: 20055
2025-12-03 00:56:33,743 [DEBUG] landmarker.update(): velocity=0.1367946192547935
2025-12-03 00:56:33,743 [DEBUG] pointer_mapper.update(): std=0.005430581208885555, velocity=0.014969169693962362
2025-12-03 00:56:33,743 [DEBUG] controller._on_landmark_update(): Pointer mapped to screen position: (1494, 639)
2025-12-03 00:56:33,743 [DEBUG] mouse_event_mapper.detect(): thumb-index distances: current=0.1851854360204764, past=0.20331586822182754
2025-12-03 00:56:33,743 [DEBUG] mouse_event_mapper.detect(): thumb-middle distances: current=0.15883785790623003, past=0.19665637921534748
2025-12-03 00:56:33,743 [DEBUG] mouse_event_mapper.update(): detected mouse event: MouseEvent.MOVE
2025-12-03 00:56:33,743 [DEBUG] controller._on_landmark_update(): Mouse event deteced: MOVE
2025-12-03 00:56:33,765 [DEBUG] camera.run(): Captured frame at timestamp: 20088
2025-12-03 00:56:33,776 [DEBUG] landmarker.update(): velocity=0.1296875583556011
2025-12-03 00:56:33,777 [DEBUG] pointer_mapper.update(): std=0.004849081734083341, velocity=0.014024132001677094
2025-12-03 00:56:33,777 [DEBUG] controller._on_landmark_update(): Pointer mapped to screen position: (1497, 642)
2025-12-03 00:56:33,777 [DEBUG] mouse_event_mapper.detect(): thumb-index distances: current=0.18165727386046704, past=0.19574285213000317
2025-12-03 00:56:33,777 [DEBUG] mouse_event_mapper.detect(): thumb-middle distances: current=0.151596450636876, past=0.18202378209805703
2025-12-03 00:56:33,777 [DEBUG] mouse_event_mapper.update(): detected mouse event: MouseEvent.MOVE
2025-12-03 00:56:33,777 [DEBUG] controller._on_landmark_update(): Mouse event deteced: MOVE
2025-12-03 00:56:33,798 [DEBUG] camera.run(): Captured frame at timestamp: 20122
2025-12-03 00:56:33,809 [DEBUG] landmarker.update(): velocity=0.12648170629770147
2025-12-03 00:56:33,810 [DEBUG] pointer_mapper.update(): std=0.004773429665580105, velocity=0.01366617284043447
2025-12-03 00:56:33,810 [DEBUG] controller._on_landmark_update(): Pointer mapped to screen position: (1500, 644)
2025-12-03 00:56:33,810 [DEBUG] mouse_event_mapper.detect(): thumb-index distances: current=0.17889515108191634, past=0.19000010273310572
2025-12-03 00:56:33,810 [DEBUG] mouse_event_mapper.detect(): thumb-middle distances: current=0.14779468931014314, past=0.16927382600318763
2025-12-03 00:56:33,810 [DEBUG] mouse_event_mapper.update(): detected mouse event: MouseEvent.MOVE
2025-12-03 00:56:33,810 [DEBUG] controller._on_landmark_update(): Mouse event deteced: MOVE
2025-12-03 00:56:33,833 [DEBUG] camera.run(): Captured frame at timestamp: 20156
2025-12-03 00:56:33,844 [DEBUG] landmarker.update(): velocity=0.12919015957006982
2025-12-03 00:56:33,844 [DEBUG] pointer_mapper.update(): std=0.004995165713136076, velocity=0.01384587276757588
2025-12-03 00:56:33,845 [DEBUG] controller._on_landmark_update(): Pointer mapped to screen position: (1502, 647)
2025-12-03 00:56:33,845 [DEBUG] mouse_event_mapper.detect(): thumb-index distances: current=0.1768490563850392, past=0.1851854360204764
2025-12-03 00:56:33,845 [DEBUG] mouse_event_mapper.detect(): thumb-middle distances: current=0.14584912073021966, past=0.15883785790623003
2025-12-03 00:56:33,845 [DEBUG] mouse_event_mapper.update(): detected mouse event: MouseEvent.MOVE
2025-12-03 00:56:33,845 [DEBUG] controller._on_landmark_update(): Mouse event deteced: MOVE
2025-12-03 00:56:33,866 [DEBUG] camera.run(): Captured frame at timestamp: 20189
2025-12-03 00:56:33,877 [DEBUG] landmarker.update(): velocity=0.13265429763851733
2025-12-03 00:56:33,877 [DEBUG] pointer_mapper.update(): std=0.005230960730594637, velocity=0.013839806336522225
2025-12-03 00:56:33,877 [DEBUG] controller._on_landmark_update(): Pointer mapped to screen position: (1504, 650)
2025-12-03 00:56:33,878 [DEBUG] mouse_event_mapper.detect(): thumb-index distances: current=0.17550490487067183, past=0.18165727386046704
2025-12-03 00:56:33,878 [DEBUG] mouse_event_mapper.detect(): thumb-middle distances: current=0.1452347574166741, past=0.151596450636876
2025-12-03 00:56:33,878 [DEBUG] mouse_event_mapper.update(): detected mouse event: MouseEvent.MOVE
2025-12-03 00:56:33,878 [DEBUG] controller._on_landmark_update(): Mouse event deteced: MOVE
2025-12-03 00:56:33,898 [DEBUG] camera.run(): Captured frame at timestamp: 20222
2025-12-03 00:56:33,909 [DEBUG] landmarker.update(): velocity=0.14603580142226202
2025-12-03 00:56:33,910 [DEBUG] pointer_mapper.update(): std=0.005322971696800182, velocity=0.014632571378782488
2025-12-03 00:56:33,910 [DEBUG] controller._on_landmark_update(): Pointer mapped to screen position: (1506, 653)
2025-12-03 00:56:33,910 [DEBUG] mouse_event_mapper.detect(): thumb-index distances: current=0.1750138062632145, past=0.17889515108191634
2025-12-03 00:56:33,910 [DEBUG] mouse_event_mapper.detect(): thumb-middle distances: current=0.1438055158293501, past=0.14779468931014314
2025-12-03 00:56:33,910 [DEBUG] mouse_event_mapper.update(): detected mouse event: MouseEvent.MOVE
2025-12-03 00:56:33,910 [DEBUG] controller._on_landmark_update(): Mouse event deteced: MOVE
2025-12-03 00:56:33,931 [DEBUG] camera.run(): Captured frame at timestamp: 20254
2025-12-03 00:56:33,942 [DEBUG] landmarker.update(): velocity=0.14153518689435185
2025-12-03 00:56:33,943 [DEBUG] pointer_mapper.update(): std=0.005323853091183596, velocity=0.015325298031860985
2025-12-03 00:56:33,943 [DEBUG] controller._on_landmark_update(): Pointer mapped to screen position: (1507, 657)
2025-12-03 00:56:33,943 [DEBUG] mouse_event_mapper.detect(): thumb-index distances: current=0.17520664616533357, past=0.1768490563850392
2025-12-03 00:56:33,943 [DEBUG] mouse_event_mapper.detect(): thumb-middle distances: current=0.14271645537123298, past=0.14584912073021966
2025-12-03 00:56:33,943 [DEBUG] mouse_event_mapper.update(): detected mouse event: MouseEvent.MOVE
2025-12-03 00:56:33,943 [DEBUG] controller._on_landmark_update(): Mouse event deteced: MOVE
2025-12-03 00:56:33,961 [DEBUG] camera.run(): Captured frame at timestamp: 20284
2025-12-03 00:56:33,972 [DEBUG] landmarker.update(): velocity=0.14602427382364144
2025-12-03 00:56:33,973 [DEBUG] pointer_mapper.update(): std=0.005488882937511961, velocity=0.0158962651887918
2025-12-03 00:56:33,973 [DEBUG] controller._on_landmark_update(): Pointer mapped to screen position: (1508, 662)
2025-12-03 00:56:33,973 [DEBUG] mouse_event_mapper.detect(): thumb-index distances: current=0.17557796299207984, past=0.17550490487067183
2025-12-03 00:56:33,973 [DEBUG] mouse_event_mapper.detect(): thumb-middle distances: current=0.14177151084160758, past=0.1452347574166741
2025-12-03 00:56:33,973 [DEBUG] mouse_event_mapper.update(): detected mouse event: MouseEvent.MOVE
2025-12-03 00:56:33,973 [DEBUG] controller._on_landmark_update(): Mouse event deteced: MOVE
2025-12-03 00:56:33,996 [DEBUG] camera.run(): Captured frame at timestamp: 20319
2025-12-03 00:56:34,007 [DEBUG] landmarker.update(): velocity=0.1416001722940624
2025-12-03 00:56:34,007 [DEBUG] pointer_mapper.update(): std=0.005746946238218912, velocity=0.015729538144478954
2025-12-03 00:56:34,007 [DEBUG] controller._on_landmark_update(): Pointer mapped to screen position: (1508, 668)
2025-12-03 00:56:34,007 [DEBUG] mouse_event_mapper.detect(): thumb-index distances: current=0.17615881327540964, past=0.1750138062632145
2025-12-03 00:56:34,007 [DEBUG] mouse_event_mapper.detect(): thumb-middle distances: current=0.14388463636115578, past=0.1438055158293501
2025-12-03 00:56:34,007 [DEBUG] mouse_event_mapper.update(): detected mouse event: MouseEvent.MOVE
2025-12-03 00:56:34,007 [DEBUG] controller._on_landmark_update(): Mouse event deteced: MOVE
2025-12-03 00:56:34,029 [DEBUG] camera.run(): Captured frame at timestamp: 20353
2025-12-03 00:56:34,040 [DEBUG] landmarker.update(): velocity=0.170629759100844
2025-12-03 00:56:34,041 [DEBUG] pointer_mapper.update(): std=0.006219969029653971, velocity=0.01606379453155156
2025-12-03 00:56:34,041 [DEBUG] controller._on_landmark_update(): Pointer mapped to screen position: (1509, 675)
2025-12-03 00:56:34,041 [DEBUG] mouse_event_mapper.detect(): thumb-index distances: current=0.17754311499373351, past=0.17520664616533357
2025-12-03 00:56:34,041 [DEBUG] mouse_event_mapper.detect(): thumb-middle distances: current=0.14977646884785545, past=0.14271645537123298
2025-12-03 00:56:34,041 [DEBUG] mouse_event_mapper.update(): detected mouse event: MouseEvent.MOVE
2025-12-03 00:56:34,041 [DEBUG] controller._on_landmark_update(): Mouse event deteced: MOVE
2025-12-03 00:56:34,064 [DEBUG] camera.run(): Captured frame at timestamp: 20387
2025-12-03 00:56:34,075 [DEBUG] landmarker.update(): velocity=0.1643280044055231
2025-12-03 00:56:34,076 [DEBUG] pointer_mapper.update(): std=0.006651368145512589, velocity=0.016240993141554808
2025-12-03 00:56:34,076 [DEBUG] controller._on_landmark_update(): Pointer mapped to screen position: (1510, 682)
2025-12-03 00:56:34,076 [DEBUG] mouse_event_mapper.detect(): thumb-index distances: current=0.17953617672492517, past=0.17557796299207984
2025-12-03 00:56:34,076 [DEBUG] mouse_event_mapper.detect(): thumb-middle distances: current=0.15688809027031395, past=0.14177151084160758
2025-12-03 00:56:34,076 [DEBUG] mouse_event_mapper.update(): detected mouse event: MouseEvent.MOVE
2025-12-03 00:56:34,076 [DEBUG] controller._on_landmark_update(): Mouse event deteced: MOVE
2025-12-03 00:56:34,098 [DEBUG] camera.run(): Captured frame at timestamp: 20422
2025-12-03 00:56:34,109 [DEBUG] landmarker.update(): velocity=0.19604581857429082
2025-12-03 00:56:34,110 [DEBUG] pointer_mapper.update(): std=0.006758504259129508, velocity=0.01683650222507234
2025-12-03 00:56:34,110 [DEBUG] controller._on_landmark_update(): Pointer mapped to screen position: (1510, 691)
2025-12-03 00:56:34,110 [DEBUG] mouse_event_mapper.detect(): thumb-index distances: current=0.18232853308370567, past=0.17615881327540964
2025-12-03 00:56:34,110 [DEBUG] mouse_event_mapper.detect(): thumb-middle distances: current=0.16523503425507102, past=0.14388463636115578
2025-12-03 00:56:34,110 [DEBUG] mouse_event_mapper.update(): detected mouse event: MouseEvent.MOVE
2025-12-03 00:56:34,110 [DEBUG] controller._on_landmark_update(): Mouse event deteced: MOVE
2025-12-03 00:56:34,131 [DEBUG] camera.run(): Captured frame at timestamp: 20455
2025-12-03 00:56:34,142 [DEBUG] landmarker.update(): velocity=0.17832890721132924
2025-12-03 00:56:34,143 [DEBUG] pointer_mapper.update(): std=0.0063133683325341675, velocity=0.015144287175485046
2025-12-03 00:56:34,143 [DEBUG] controller._on_landmark_update(): Pointer mapped to screen position: (1510, 702)
2025-12-03 00:56:34,143 [DEBUG] mouse_event_mapper.detect(): thumb-index distances: current=0.18554125765264948, past=0.17754311499373351
2025-12-03 00:56:34,143 [DEBUG] mouse_event_mapper.detect(): thumb-middle distances: current=0.17304719183163497, past=0.14977646884785545
2025-12-03 00:56:34,143 [DEBUG] mouse_event_mapper.update(): detected mouse event: MouseEvent.MOVE
2025-12-03 00:56:34,143 [DEBUG] controller._on_landmark_update(): Mouse event deteced: MOVE
2025-12-03 00:56:34,165 [DEBUG] camera.run(): Captured frame at timestamp: 20488
2025-12-03 00:56:34,176 [DEBUG] landmarker.update(): velocity=0.18980927369838071
2025-12-03 00:56:34,176 [DEBUG] pointer_mapper.update(): std=0.007110897996448698, velocity=0.015007943576976606
2025-12-03 00:56:34,176 [DEBUG] controller._on_landmark_update(): Pointer mapped to screen position: (1511, 715)
2025-12-03 00:56:34,176 [DEBUG] mouse_event_mapper.detect(): thumb-index distances: current=0.1897205066360852, past=0.17953617672492517
2025-12-03 00:56:34,176 [DEBUG] mouse_event_mapper.detect(): thumb-middle distances: current=0.18250947231900247, past=0.15688809027031395
2025-12-03 00:56:34,176 [DEBUG] mouse_event_mapper.update(): detected mouse event: MouseEvent.MOVE
2025-12-03 00:56:34,176 [DEBUG] controller._on_landmark_update(): Mouse event deteced: MOVE
2025-12-03 00:56:34,198 [DEBUG] camera.run(): Captured frame at timestamp: 20522
2025-12-03 00:56:34,209 [DEBUG] landmarker.update(): velocity=0.22220452982466302
2025-12-03 00:56:34,209 [DEBUG] pointer_mapper.update(): std=0.00783603808852043, velocity=0.01607205907392873
2025-12-03 00:56:34,209 [DEBUG] controller._on_landmark_update(): Pointer mapped to screen position: (1511, 730)
2025-12-03 00:56:34,210 [DEBUG] mouse_event_mapper.detect(): thumb-index distances: current=0.19450271125897842, past=0.18232853308370567
2025-12-03 00:56:34,210 [DEBUG] mouse_event_mapper.detect(): thumb-middle distances: current=0.19124944265182842, past=0.16523503425507102
2025-12-03 00:56:34,210 [DEBUG] mouse_event_mapper.update(): detected mouse event: MouseEvent.MOVE
2025-12-03 00:56:34,210 [DEBUG] controller._on_landmark_update(): Mouse event deteced: MOVE
2025-12-03 00:56:34,231 [DEBUG] camera.run(): Captured frame at timestamp: 20555
2025-12-03 00:56:34,242 [DEBUG] landmarker.update(): velocity=0.25024530044790877
2025-12-03 00:56:34,243 [DEBUG] pointer_mapper.update(): std=0.009694110575090497, velocity=0.0194421248816404
2025-12-03 00:56:34,243 [DEBUG] controller._on_landmark_update(): Pointer mapped to screen position: (1511, 749)
2025-12-03 00:56:34,243 [DEBUG] mouse_event_mapper.detect(): thumb-index distances: current=0.19953178983828912, past=0.18554125765264948
2025-12-03 00:56:34,243 [DEBUG] mouse_event_mapper.detect(): thumb-middle distances: current=0.19784716614513986, past=0.17304719183163497
2025-12-03 00:56:34,243 [DEBUG] mouse_event_mapper.update(): detected mouse event: MouseEvent.MOVE
2025-12-03 00:56:34,243 [DEBUG] controller._on_landmark_update(): Mouse event deteced: MOVE
2025-12-03 00:56:34,264 [DEBUG] camera.run(): Captured frame at timestamp: 20588
2025-12-03 00:56:34,275 [DEBUG] landmarker.update(): velocity=0.2913019324702987
2025-12-03 00:56:34,276 [DEBUG] pointer_mapper.update(): std=0.011565065304553979, velocity=0.024228419463366884
2025-12-03 00:56:34,276 [DEBUG] controller._on_landmark_update(): Pointer mapped to screen position: (1511, 771)
2025-12-03 00:56:34,276 [DEBUG] mouse_event_mapper.detect(): thumb-index distances: current=0.20407065625435658, past=0.1897205066360852
2025-12-03 00:56:34,276 [DEBUG] mouse_event_mapper.detect(): thumb-middle distances: current=0.2006050749975992, past=0.18250947231900247
2025-12-03 00:56:34,276 [DEBUG] mouse_event_mapper.update(): detected mouse event: MouseEvent.MOVE
2025-12-03 00:56:34,276 [DEBUG] controller._on_landmark_update(): Mouse event deteced: MOVE
2025-12-03 00:56:34,298 [DEBUG] camera.run(): Captured frame at timestamp: 20621
2025-12-03 00:56:34,309 [DEBUG] landmarker.update(): velocity=0.3158613123493715
2025-12-03 00:56:34,309 [DEBUG] pointer_mapper.update(): std=0.013347563252360162, velocity=0.02853680103851714
2025-12-03 00:56:34,309 [DEBUG] controller._on_landmark_update(): Pointer mapped to screen position: (1511, 798)
2025-12-03 00:56:34,309 [DEBUG] mouse_event_mapper.detect(): thumb-index distances: current=0.20845217580059985, past=0.19450271125897842
2025-12-03 00:56:34,309 [DEBUG] mouse_event_mapper.detect(): thumb-middle distances: current=0.2018619108820885, past=0.19124944265182842
2025-12-03 00:56:34,309 [DEBUG] mouse_event_mapper.update(): detected mouse event: MouseEvent.MOVE
2025-12-03 00:56:34,309 [DEBUG] controller._on_landmark_update(): Mouse event deteced: MOVE
2025-12-03 00:56:34,331 [DEBUG] camera.run(): Captured frame at timestamp: 20654
2025-12-03 00:56:34,342 [DEBUG] landmarker.update(): velocity=0.3370266664607919
2025-12-03 00:56:34,343 [DEBUG] pointer_mapper.update(): std=0.014346943401197678, velocity=0.02977183323432561
2025-12-03 00:56:34,343 [DEBUG] controller._on_landmark_update(): Pointer mapped to screen position: (1511, 827)
2025-12-03 00:56:34,343 [DEBUG] mouse_event_mapper.detect(): thumb-index distances: current=0.21345009453383282, past=0.19953178983828912
2025-12-03 00:56:34,343 [DEBUG] mouse_event_mapper.detect(): thumb-middle distances: current=0.204751919374907, past=0.19784716614513986
2025-12-03 00:56:34,343 [DEBUG] mouse_event_mapper.update(): detected mouse event: MouseEvent.MOVE
2025-12-03 00:56:34,343 [DEBUG] controller._on_landmark_update(): Mouse event deteced: MOVE
2025-12-03 00:56:34,364 [DEBUG] camera.run(): Captured frame at timestamp: 20687
2025-12-03 00:56:34,375 [DEBUG] landmarker.update(): velocity=0.3791728043708458
2025-12-03 00:56:34,376 [DEBUG] pointer_mapper.update(): std=0.01490972195384469, velocity=0.0298140219582963
2025-12-03 00:56:34,376 [DEBUG] controller._on_landmark_update(): Pointer mapped to screen position: (1511, 858)
2025-12-03 00:56:34,376 [DEBUG] mouse_event_mapper.detect(): thumb-index distances: current=0.21928282762631243, past=0.20407065625435658
2025-12-03 00:56:34,376 [DEBUG] mouse_event_mapper.detect(): thumb-middle distances: current=0.2105405599076914, past=0.2006050749975992
2025-12-03 00:56:34,376 [DEBUG] mouse_event_mapper.update(): detected mouse event: MouseEvent.MOVE
2025-12-03 00:56:34,376 [DEBUG] controller._on_landmark_update(): Mouse event deteced: MOVE
2025-12-03 00:56:34,397 [DEBUG] camera.run(): Captured frame at timestamp: 20721
2025-12-03 00:56:34,408 [DEBUG] landmarker.update(): velocity=0.38097624267688845
2025-12-03 00:56:34,408 [DEBUG] pointer_mapper.update(): std=0.014693432070587025, velocity=0.029661337391993448
2025-12-03 00:56:34,409 [DEBUG] controller._on_landmark_update(): Pointer mapped to screen position: (1511, 883)
2025-12-03 00:56:34,409 [DEBUG] mouse_event_mapper.detect(): thumb-index distances: current=0.22588793298862572, past=0.20845217580059985
2025-12-03 00:56:34,409 [DEBUG] mouse_event_mapper.detect(): thumb-middle distances: current=0.21758690176818032, past=0.2018619108820885
2025-12-03 00:56:34,409 [DEBUG] mouse_event_mapper.update(): detected mouse event: MouseEvent.MOVE
2025-12-03 00:56:34,409 [DEBUG] controller._on_landmark_update(): Mouse event deteced: MOVE
2025-12-03 00:56:34,430 [DEBUG] camera.run(): Captured frame at timestamp: 20754
2025-12-03 00:56:34,464 [DEBUG] camera.run(): Captured frame at timestamp: 20787
2025-12-03 00:56:34,498 [DEBUG] camera.run(): Captured frame at timestamp: 20821
2025-12-03 00:56:34,531 [DEBUG] camera.run(): Captured frame at timestamp: 20855
2025-12-03 00:56:34,564 [DEBUG] camera.run(): Captured frame at timestamp: 20888
2025-12-03 00:56:34,598 [DEBUG] camera.run(): Captured frame at timestamp: 20921
2025-12-03 00:56:34,631 [DEBUG] camera.run(): Captured frame at timestamp: 20954
2025-12-03 00:56:34,664 [DEBUG] camera.run(): Captured frame at timestamp: 20988
2025-12-03 00:56:34,698 [DEBUG] camera.run(): Captured frame at timestamp: 21022
2025-12-03 00:56:34,731 [DEBUG] camera.run(): Captured frame at timestamp: 21055
2025-12-03 00:56:34,764 [DEBUG] camera.run(): Captured frame at timestamp: 21088
2025-12-03 00:56:34,797 [DEBUG] camera.run(): Captured frame at timestamp: 21120
2025-12-03 00:56:34,831 [DEBUG] camera.run(): Captured frame at timestamp: 21155
2025-12-03 00:56:34,865 [DEBUG] camera.run(): Captured frame at timestamp: 21189
2025-12-03 00:56:34,899 [DEBUG] camera.run(): Captured frame at timestamp: 21222
2025-12-03 00:56:34,927 [DEBUG] camera.run(): Captured frame at timestamp: 21251
2025-12-03 00:56:34,964 [DEBUG] camera.run(): Captured frame at timestamp: 21287
2025-12-03 00:56:34,997 [DEBUG] camera.run(): Captured frame at timestamp: 21320
2025-12-03 00:56:35,018 [DEBUG] pointer_mapper.update(): std=0.0, velocity=0.0
2025-12-03 00:56:35,018 [DEBUG] pointer_mapper.update(): stationary detected
2025-12-03 00:56:35,018 [DEBUG] controller._on_landmark_update(): Pointer mapped to screen position: (1511, 883)
2025-12-03 00:56:35,018 [DEBUG] mouse_event_mapper.detect(): thumb-index distances: current=0.2214610084648361, past=0.21345009453383282
2025-12-03 00:56:35,018 [DEBUG] mouse_event_mapper.detect(): thumb-middle distances: current=0.17127615759137793, past=0.204751919374907
2025-12-03 00:56:35,018 [DEBUG] mouse_event_mapper.update(): detected mouse event: MouseEvent.MOVE
2025-12-03 00:56:35,018 [DEBUG] controller._on_landmark_update(): Mouse event deteced: MOVE
2025-12-03 00:56:35,027 [DEBUG] camera.run(): Captured frame at timestamp: 21351
2025-12-03 00:56:35,037 [DEBUG] landmarker.update(): velocity=0.11561019478776266
2025-12-03 00:56:35,038 [DEBUG] pointer_mapper.update(): std=0.0024896025657653587, velocity=0.0037033088197966583
2025-12-03 00:56:35,038 [DEBUG] controller._on_landmark_update(): Pointer mapped to screen position: (1512, 982)
2025-12-03 00:56:35,038 [DEBUG] mouse_event_mapper.detect(): thumb-index distances: current=0.2152297606925716, past=0.21928282762631243
2025-12-03 00:56:35,038 [DEBUG] mouse_event_mapper.detect(): thumb-middle distances: current=0.12771059013118954, past=0.2105405599076914
2025-12-03 00:56:35,038 [DEBUG] mouse_event_mapper.update(): detected mouse event: MouseEvent.MOVE
2025-12-03 00:56:35,038 [DEBUG] controller._on_landmark_update(): Mouse event deteced: MOVE
2025-12-03 00:56:35,065 [DEBUG] camera.run(): Captured frame at timestamp: 21389
2025-12-03 00:56:35,076 [DEBUG] landmarker.update(): velocity=0.10901078600159501
2025-12-03 00:56:35,076 [DEBUG] pointer_mapper.update(): std=0.0034173351890717063, velocity=0.005719506020186938
2025-12-03 00:56:35,076 [DEBUG] controller._on_landmark_update(): Pointer mapped to screen position: (1512, 982)
2025-12-03 00:56:35,076 [DEBUG] mouse_event_mapper.detect(): thumb-index distances: current=0.20636791315650002, past=0.22588793298862572
2025-12-03 00:56:35,076 [DEBUG] mouse_event_mapper.detect(): thumb-middle distances: current=0.08495382823933212, past=0.21758690176818032
2025-12-03 00:56:35,076 [DEBUG] mouse_event_mapper.update(): detected mouse event: MouseEvent.MOVE
2025-12-03 00:56:35,076 [DEBUG] controller._on_landmark_update(): Mouse event deteced: MOVE
2025-12-03 00:56:35,099 [DEBUG] camera.run(): Captured frame at timestamp: 21422
2025-12-03 00:56:35,110 [DEBUG] landmarker.update(): velocity=0.11690435787992531
2025-12-03 00:56:35,110 [DEBUG] pointer_mapper.update(): std=0.005086171563845362, velocity=0.009660745268031394
2025-12-03 00:56:35,110 [DEBUG] controller._on_landmark_update(): Pointer mapped to screen position: (1512, 982)
2025-12-03 00:56:35,110 [DEBUG] mouse_event_mapper.detect(): thumb-index distances: current=0.20620253265336141, past=0.2214610084648361
2025-12-03 00:56:35,110 [DEBUG] mouse_event_mapper.detect(): thumb-middle distances: current=0.09485402139544631, past=0.17127615759137793
2025-12-03 00:56:35,110 [DEBUG] mouse_event_mapper.update(): detected mouse event: MouseEvent.MOVE
2025-12-03 00:56:35,111 [DEBUG] controller._on_landmark_update(): Mouse event deteced: MOVE
2025-12-03 00:56:35,132 [DEBUG] camera.run(): Captured frame at timestamp: 21456
2025-12-03 00:56:35,146 [DEBUG] landmarker.update(): velocity=0.19152000792607418
2025-12-03 00:56:35,147 [DEBUG] pointer_mapper.update(): std=0.0064922379018052135, velocity=0.013058678321964525
2025-12-03 00:56:35,147 [DEBUG] controller._on_landmark_update(): Pointer mapped to screen position: (1512, 982)
2025-12-03 00:56:35,147 [DEBUG] mouse_event_mapper.detect(): thumb-index distances: current=0.2054195475076019, past=0.2152297606925716
2025-12-03 00:56:35,147 [DEBUG] mouse_event_mapper.detect(): thumb-middle distances: current=0.10446464251000426, past=0.12771059013118954
2025-12-03 00:56:35,147 [DEBUG] mouse_event_mapper.update(): detected mouse event: MouseEvent.MOVE
2025-12-03 00:56:35,147 [DEBUG] controller._on_landmark_update(): Mouse event deteced: MOVE
2025-12-03 00:56:35,166 [DEBUG] camera.run(): Captured frame at timestamp: 21489
2025-12-03 00:56:35,177 [DEBUG] landmarker.update(): velocity=0.20896521373579913
2025-12-03 00:56:35,178 [DEBUG] pointer_mapper.update(): std=0.008576383929640522, velocity=0.016890187299882054
2025-12-03 00:56:35,178 [DEBUG] controller._on_landmark_update(): Pointer mapped to screen position: (1512, 982)
2025-12-03 00:56:35,178 [DEBUG] mouse_event_mapper.detect(): thumb-index distances: current=0.20552850131130596, past=0.20636791315650002
2025-12-03 00:56:35,178 [DEBUG] mouse_event_mapper.detect(): thumb-middle distances: current=0.11461414928445468, past=0.08495382823933212
2025-12-03 00:56:35,178 [DEBUG] mouse_event_mapper.update(): detected mouse event: MouseEvent.MOVE
2025-12-03 00:56:35,178 [DEBUG] controller._on_landmark_update(): Mouse event deteced: MOVE
2025-12-03 00:56:35,198 [DEBUG] camera.run(): Captured frame at timestamp: 21522
2025-12-03 00:56:35,209 [DEBUG] landmarker.update(): velocity=0.2339572198940059
2025-12-03 00:56:35,210 [DEBUG] pointer_mapper.update(): std=0.010565517180688717, velocity=0.020693746953197194
2025-12-03 00:56:35,210 [DEBUG] controller._on_landmark_update(): Pointer mapped to screen position: (1512, 982)
2025-12-03 00:56:35,210 [DEBUG] mouse_event_mapper.detect(): thumb-index distances: current=0.20667482950984717, past=0.20620253265336141
2025-12-03 00:56:35,210 [DEBUG] mouse_event_mapper.detect(): thumb-middle distances: current=0.1260676012979906, past=0.09485402139544631
2025-12-03 00:56:35,210 [DEBUG] mouse_event_mapper.update(): detected mouse event: MouseEvent.MOVE
2025-12-03 00:56:35,210 [DEBUG] controller._on_landmark_update(): Mouse event deteced: MOVE
2025-12-03 00:56:35,229 [DEBUG] camera.run(): Captured frame at timestamp: 21553
2025-12-03 00:56:35,243 [DEBUG] landmarker.update(): velocity=0.2573466563552143
2025-12-03 00:56:35,244 [DEBUG] pointer_mapper.update(): std=0.01181999695081476, velocity=0.02402955341943322
2025-12-03 00:56:35,244 [DEBUG] controller._on_landmark_update(): Pointer mapped to screen position: (1512, 982)
2025-12-03 00:56:35,244 [DEBUG] mouse_event_mapper.detect(): thumb-index distances: current=0.20905104406402517, past=0.2054195475076019
2025-12-03 00:56:35,244 [DEBUG] mouse_event_mapper.detect(): thumb-middle distances: current=0.13660033514079983, past=0.10446464251000426
2025-12-03 00:56:35,244 [DEBUG] mouse_event_mapper.update(): detected mouse event: MouseEvent.MOVE
2025-12-03 00:56:35,245 [DEBUG] controller._on_landmark_update(): Mouse event deteced: MOVE
2025-12-03 00:56:35,261 [DEBUG] camera.run(): Captured frame at timestamp: 21584
2025-12-03 00:56:35,275 [DEBUG] landmarker.update(): velocity=0.2744990869750138
2025-12-03 00:56:35,276 [DEBUG] pointer_mapper.update(): std=0.012586205430878974, velocity=0.02593589098152474
2025-12-03 00:56:35,276 [DEBUG] controller._on_landmark_update(): Pointer mapped to screen position: (1512, 982)
2025-12-03 00:56:35,276 [DEBUG] mouse_event_mapper.detect(): thumb-index distances: current=0.21115699778705277, past=0.20552850131130596
2025-12-03 00:56:35,276 [DEBUG] mouse_event_mapper.detect(): thumb-middle distances: current=0.14681698629752762, past=0.11461414928445468
2025-12-03 00:56:35,276 [DEBUG] mouse_event_mapper.update(): detected mouse event: MouseEvent.MOVE
2025-12-03 00:56:35,276 [DEBUG] controller._on_landmark_update(): Mouse event deteced: MOVE
2025-12-03 00:56:35,294 [DEBUG] camera.run(): Captured frame at timestamp: 21618
2025-12-03 00:56:35,306 [DEBUG] landmarker.update(): velocity=0.2866750913917312
2025-12-03 00:56:35,307 [DEBUG] pointer_mapper.update(): std=0.012835376993961096, velocity=0.026611223715082098
2025-12-03 00:56:35,307 [DEBUG] controller._on_landmark_update(): Pointer mapped to screen position: (1512, 978)
2025-12-03 00:56:35,307 [DEBUG] mouse_event_mapper.detect(): thumb-index distances: current=0.21355231927381055, past=0.20667482950984717
2025-12-03 00:56:35,307 [DEBUG] mouse_event_mapper.detect(): thumb-middle distances: current=0.1575998556045186, past=0.1260676012979906
2025-12-03 00:56:35,307 [DEBUG] mouse_event_mapper.update(): detected mouse event: MouseEvent.MOVE
2025-12-03 00:56:35,307 [DEBUG] controller._on_landmark_update(): Mouse event deteced: MOVE
2025-12-03 00:56:35,333 [DEBUG] camera.run(): Captured frame at timestamp: 21656
2025-12-03 00:56:35,344 [DEBUG] landmarker.update(): velocity=0.2838573269469928
2025-12-03 00:56:35,344 [DEBUG] pointer_mapper.update(): std=0.012946591415440216, velocity=0.026494184656402197
2025-12-03 00:56:35,345 [DEBUG] controller._on_landmark_update(): Pointer mapped to screen position: (1512, 972)
2025-12-03 00:56:35,345 [DEBUG] mouse_event_mapper.detect(): thumb-index distances: current=0.21637916809198623, past=0.20905104406402517
2025-12-03 00:56:35,345 [DEBUG] mouse_event_mapper.detect(): thumb-middle distances: current=0.16844698793361515, past=0.13660033514079983
2025-12-03 00:56:35,345 [DEBUG] mouse_event_mapper.update(): detected mouse event: MouseEvent.MOVE
2025-12-03 00:56:35,345 [DEBUG] controller._on_landmark_update(): Mouse event deteced: MOVE
2025-12-03 00:56:35,360 [DEBUG] camera.run(): Captured frame at timestamp: 21684
2025-12-03 00:56:35,372 [DEBUG] landmarker.update(): velocity=0.2814898662837911
2025-12-03 00:56:35,373 [DEBUG] pointer_mapper.update(): std=0.01276980282242292, velocity=0.026223529749491967
2025-12-03 00:56:35,373 [DEBUG] controller._on_landmark_update(): Pointer mapped to screen position: (1512, 962)
2025-12-03 00:56:35,373 [DEBUG] mouse_event_mapper.detect(): thumb-index distances: current=0.21976241078050363, past=0.21115699778705277
2025-12-03 00:56:35,373 [DEBUG] mouse_event_mapper.detect(): thumb-middle distances: current=0.17926825482092454, past=0.14681698629752762
2025-12-03 00:56:35,373 [DEBUG] mouse_event_mapper.update(): detected mouse event: MouseEvent.MOVE
2025-12-03 00:56:35,374 [DEBUG] controller._on_landmark_update(): Mouse event deteced: MOVE
2025-12-03 00:56:35,394 [DEBUG] camera.run(): Captured frame at timestamp: 21717
2025-12-03 00:56:35,405 [DEBUG] landmarker.update(): velocity=0.25784474959702625
2025-12-03 00:56:35,406 [DEBUG] pointer_mapper.update(): std=0.012356461992949526, velocity=0.025181820149202436
2025-12-03 00:56:35,406 [DEBUG] controller._on_landmark_update(): Pointer mapped to screen position: (1512, 951)
2025-12-03 00:56:35,406 [DEBUG] mouse_event_mapper.detect(): thumb-index distances: current=0.22266500478074677, past=0.21355231927381055
2025-12-03 00:56:35,406 [DEBUG] mouse_event_mapper.detect(): thumb-middle distances: current=0.18842043746299386, past=0.1575998556045186
2025-12-03 00:56:35,406 [DEBUG] mouse_event_mapper.update(): detected mouse event: MouseEvent.MOVE
2025-12-03 00:56:35,406 [DEBUG] controller._on_landmark_update(): Mouse event deteced: MOVE
2025-12-03 00:56:35,430 [DEBUG] camera.run(): Captured frame at timestamp: 21754
2025-12-03 00:56:35,441 [DEBUG] landmarker.update(): velocity=0.23718904336358285
2025-12-03 00:56:35,442 [DEBUG] pointer_mapper.update(): std=0.011598912593181894, velocity=0.02469713216685361
2025-12-03 00:56:35,442 [DEBUG] controller._on_landmark_update(): Pointer mapped to screen position: (1512, 937)
2025-12-03 00:56:35,442 [DEBUG] mouse_event_mapper.detect(): thumb-index distances: current=0.22504882427082185, past=0.21637916809198623
2025-12-03 00:56:35,442 [DEBUG] mouse_event_mapper.detect(): thumb-middle distances: current=0.19658529007358042, past=0.16844698793361515
2025-12-03 00:56:35,442 [DEBUG] mouse_event_mapper.update(): detected mouse event: MouseEvent.MOVE
2025-12-03 00:56:35,442 [DEBUG] controller._on_landmark_update(): Mouse event deteced: MOVE
2025-12-03 00:56:35,461 [DEBUG] camera.run(): Captured frame at timestamp: 21784
2025-12-03 00:56:35,472 [DEBUG] landmarker.update(): velocity=0.19839720535444755
2025-12-03 00:56:35,473 [DEBUG] pointer_mapper.update(): std=0.010386269987488846, velocity=0.022399216775991215
2025-12-03 00:56:35,473 [DEBUG] controller._on_landmark_update(): Pointer mapped to screen position: (1512, 922)
2025-12-03 00:56:35,473 [DEBUG] mouse_event_mapper.detect(): thumb-index distances: current=0.22704261511159074, past=0.21976241078050363
2025-12-03 00:56:35,473 [DEBUG] mouse_event_mapper.detect(): thumb-middle distances: current=0.20324000024678876, past=0.17926825482092454
2025-12-03 00:56:35,473 [DEBUG] mouse_event_mapper.update(): detected mouse event: MouseEvent.MOVE
2025-12-03 00:56:35,473 [DEBUG] controller._on_landmark_update(): Mouse event deteced: MOVE
2025-12-03 00:56:35,497 [DEBUG] camera.run(): Captured frame at timestamp: 21821
2025-12-03 00:56:35,509 [DEBUG] landmarker.update(): velocity=0.16169717138963088
2025-12-03 00:56:35,510 [DEBUG] pointer_mapper.update(): std=0.009029326027364646, velocity=0.019286568381519112
2025-12-03 00:56:35,510 [DEBUG] controller._on_landmark_update(): Pointer mapped to screen position: (1512, 907)
2025-12-03 00:56:35,510 [DEBUG] mouse_event_mapper.detect(): thumb-index distances: current=0.22874978196639761, past=0.22266500478074677
2025-12-03 00:56:35,510 [DEBUG] mouse_event_mapper.detect(): thumb-middle distances: current=0.20927591830296186, past=0.18842043746299386
2025-12-03 00:56:35,510 [DEBUG] mouse_event_mapper.update(): detected mouse event: MouseEvent.MOVE
2025-12-03 00:56:35,510 [DEBUG] controller._on_landmark_update(): Mouse event deteced: MOVE
2025-12-03 00:56:35,534 [DEBUG] camera.run(): Captured frame at timestamp: 21858
2025-12-03 00:56:35,545 [DEBUG] landmarker.update(): velocity=0.1245829153463721
2025-12-03 00:56:35,546 [DEBUG] pointer_mapper.update(): std=0.007174075876831685, velocity=0.014981676647018336
2025-12-03 00:56:35,546 [DEBUG] controller._on_landmark_update(): Pointer mapped to screen position: (1512, 893)
2025-12-03 00:56:35,546 [DEBUG] mouse_event_mapper.detect(): thumb-index distances: current=0.23030363188750713, past=0.22504882427082185
2025-12-03 00:56:35,546 [DEBUG] mouse_event_mapper.detect(): thumb-middle distances: current=0.2151477094197182, past=0.19658529007358042
2025-12-03 00:56:35,546 [DEBUG] mouse_event_mapper.update(): detected mouse event: MouseEvent.MOVE
2025-12-03 00:56:35,546 [DEBUG] controller._on_landmark_update(): Mouse event deteced: MOVE
2025-12-03 00:56:35,567 [DEBUG] camera.run(): Captured frame at timestamp: 21890
2025-12-03 00:56:35,579 [DEBUG] landmarker.update(): velocity=0.09054615631990037
2025-12-03 00:56:35,579 [DEBUG] pointer_mapper.update(): std=0.005559784478895743, velocity=0.010874698696595023
2025-12-03 00:56:35,579 [DEBUG] controller._on_landmark_update(): Pointer mapped to screen position: (1512, 882)
2025-12-03 00:56:35,579 [DEBUG] mouse_event_mapper.detect(): thumb-index distances: current=0.231930577627226, past=0.22704261511159074
2025-12-03 00:56:35,579 [DEBUG] mouse_event_mapper.detect(): thumb-middle distances: current=0.22079848990345421, past=0.20324000024678876
2025-12-03 00:56:35,579 [DEBUG] mouse_event_mapper.update(): detected mouse event: MouseEvent.MOVE
2025-12-03 00:56:35,579 [DEBUG] controller._on_landmark_update(): Mouse event deteced: MOVE
2025-12-03 00:56:35,598 [DEBUG] camera.run(): Captured frame at timestamp: 21922
2025-12-03 00:56:35,609 [DEBUG] landmarker.update(): velocity=0.06643502911453765
2025-12-03 00:56:35,609 [DEBUG] pointer_mapper.update(): std=0.0041877771389882325, velocity=0.007830983393306852
2025-12-03 00:56:35,609 [DEBUG] controller._on_landmark_update(): Pointer mapped to screen position: (1512, 873)
2025-12-03 00:56:35,609 [DEBUG] mouse_event_mapper.detect(): thumb-index distances: current=0.23318999517094952, past=0.22874978196639761
2025-12-03 00:56:35,609 [DEBUG] mouse_event_mapper.detect(): thumb-middle distances: current=0.2263832356961848, past=0.20927591830296186
2025-12-03 00:56:35,609 [DEBUG] mouse_event_mapper.update(): detected mouse event: MouseEvent.MOVE
2025-12-03 00:56:35,609 [DEBUG] controller._on_landmark_update(): Mouse event deteced: MOVE
2025-12-03 00:56:35,632 [DEBUG] camera.run(): Captured frame at timestamp: 21956
2025-12-03 00:56:35,643 [DEBUG] landmarker.update(): velocity=0.050268998772447906
2025-12-03 00:56:35,644 [DEBUG] pointer_mapper.update(): std=0.00309188945964621, velocity=0.00604036671869553
2025-12-03 00:56:35,644 [DEBUG] controller._on_landmark_update(): Pointer mapped to screen position: (1512, 865)
2025-12-03 00:56:35,644 [DEBUG] mouse_event_mapper.detect(): thumb-index distances: current=0.2339987451789567, past=0.23030363188750713
2025-12-03 00:56:35,644 [DEBUG] mouse_event_mapper.detect(): thumb-middle distances: current=0.230447032568742, past=0.2151477094197182
2025-12-03 00:56:35,644 [DEBUG] mouse_event_mapper.update(): detected mouse event: MouseEvent.MOVE
2025-12-03 00:56:35,644 [DEBUG] controller._on_landmark_update(): Mouse event deteced: MOVE
2025-12-03 00:56:35,666 [DEBUG] camera.run(): Captured frame at timestamp: 21989
2025-12-03 00:56:35,676 [DEBUG] landmarker.update(): velocity=0.04213582669718946
2025-12-03 00:56:35,677 [DEBUG] pointer_mapper.update(): std=0.0027911648049913215, velocity=0.005975019461838312
2025-12-03 00:56:35,677 [DEBUG] controller._on_landmark_update(): Pointer mapped to screen position: (1512, 856)
2025-12-03 00:56:35,677 [DEBUG] mouse_event_mapper.detect(): thumb-index distances: current=0.23382987288760038, past=0.231930577627226
2025-12-03 00:56:35,677 [DEBUG] mouse_event_mapper.detect(): thumb-middle distances: current=0.2334416418950079, past=0.22079848990345421
2025-12-03 00:56:35,677 [DEBUG] mouse_event_mapper.update(): detected mouse event: MouseEvent.MOVE
2025-12-03 00:56:35,677 [DEBUG] controller._on_landmark_update(): Mouse event deteced: MOVE
2025-12-03 00:56:35,697 [DEBUG] camera.run(): Captured frame at timestamp: 22021
2025-12-03 00:56:35,708 [DEBUG] landmarker.update(): velocity=0.036499534564429365
2025-12-03 00:56:35,709 [DEBUG] pointer_mapper.update(): std=0.003187295847344547, velocity=0.005725405028509689
2025-12-03 00:56:35,709 [DEBUG] controller._on_landmark_update(): Pointer mapped to screen position: (1512, 849)
2025-12-03 00:56:35,709 [DEBUG] mouse_event_mapper.detect(): thumb-index distances: current=0.23339606304549168, past=0.23318999517094952
2025-12-03 00:56:35,709 [DEBUG] mouse_event_mapper.detect(): thumb-middle distances: current=0.23537557117243438, past=0.2263832356961848
2025-12-03 00:56:35,709 [DEBUG] mouse_event_mapper.update(): detected mouse event: MouseEvent.MOVE
2025-12-03 00:56:35,709 [DEBUG] controller._on_landmark_update(): Mouse event deteced: MOVE
2025-12-03 00:56:35,730 [DEBUG] camera.run(): Captured frame at timestamp: 22054
2025-12-03 00:56:35,741 [DEBUG] landmarker.update(): velocity=0.04082870353303068
2025-12-03 00:56:35,742 [DEBUG] pointer_mapper.update(): std=0.003207210140974687, velocity=0.006016021703988802
2025-12-03 00:56:35,742 [DEBUG] controller._on_landmark_update(): Pointer mapped to screen position: (1512, 840)
2025-12-03 00:56:35,742 [DEBUG] mouse_event_mapper.detect(): thumb-index distances: current=0.23234494112924245, past=0.2339987451789567
2025-12-03 00:56:35,742 [DEBUG] mouse_event_mapper.detect(): thumb-middle distances: current=0.23567956733183293, past=0.230447032568742
2025-12-03 00:56:35,742 [DEBUG] mouse_event_mapper.update(): detected mouse event: MouseEvent.MOVE
2025-12-03 00:56:35,742 [DEBUG] controller._on_landmark_update(): Mouse event deteced: MOVE
2025-12-03 00:56:35,763 [DEBUG] camera.run(): Captured frame at timestamp: 22086
2025-12-03 00:56:35,774 [DEBUG] landmarker.update(): velocity=0.04912786760030381
2025-12-03 00:56:35,774 [DEBUG] pointer_mapper.update(): std=0.0023699527024404147, velocity=0.004590743475205891
2025-12-03 00:56:35,774 [DEBUG] controller._on_landmark_update(): Pointer mapped to screen position: (1512, 833)
2025-12-03 00:56:35,774 [DEBUG] mouse_event_mapper.detect(): thumb-index distances: current=0.2310392173650785, past=0.23382987288760038
2025-12-03 00:56:35,774 [DEBUG] mouse_event_mapper.detect(): thumb-middle distances: current=0.23322194801251298, past=0.2334416418950079
2025-12-03 00:56:35,774 [DEBUG] mouse_event_mapper.update(): detected mouse event: MouseEvent.MOVE
2025-12-03 00:56:35,775 [DEBUG] controller._on_landmark_update(): Mouse event deteced: MOVE
2025-12-03 00:56:35,798 [DEBUG] camera.run(): Captured frame at timestamp: 22121
2025-12-03 00:56:35,808 [DEBUG] landmarker.update(): velocity=0.08430689698746517
2025-12-03 00:56:35,809 [DEBUG] pointer_mapper.update(): std=0.0023578451752002782, velocity=0.004853790865189213
2025-12-03 00:56:35,809 [DEBUG] controller._on_landmark_update(): Pointer mapped to screen position: (1512, 825)
2025-12-03 00:56:35,809 [DEBUG] mouse_event_mapper.detect(): thumb-index distances: current=0.22835662700566953, past=0.23339606304549168
2025-12-03 00:56:35,809 [DEBUG] mouse_event_mapper.detect(): thumb-middle distances: current=0.22539583551179007, past=0.23537557117243438
2025-12-03 00:56:35,809 [DEBUG] mouse_event_mapper.update(): detected mouse event: MouseEvent.MOVE
2025-12-03 00:56:35,809 [DEBUG] controller._on_landmark_update(): Mouse event deteced: MOVE
2025-12-03 00:56:35,831 [DEBUG] camera.run(): Captured frame at timestamp: 22155
2025-12-03 00:56:35,844 [DEBUG] landmarker.update(): velocity=0.09212729763522788
2025-12-03 00:56:35,844 [DEBUG] pointer_mapper.update(): std=0.0029402160582869966, velocity=0.005851984021388774
2025-12-03 00:56:35,844 [DEBUG] controller._on_landmark_update(): Pointer mapped to screen position: (1512, 817)
2025-12-03 00:56:35,845 [DEBUG] mouse_event_mapper.detect(): thumb-index distances: current=0.22378264167352732, past=0.23234494112924245
2025-12-03 00:56:35,845 [DEBUG] mouse_event_mapper.detect(): thumb-middle distances: current=0.2137894092184931, past=0.23567956733183293
2025-12-03 00:56:35,845 [DEBUG] mouse_event_mapper.update(): detected mouse event: MouseEvent.MOVE
2025-12-03 00:56:35,845 [DEBUG] controller._on_landmark_update(): Mouse event deteced: MOVE
2025-12-03 00:56:35,860 [DEBUG] camera.run(): Captured frame at timestamp: 22184
2025-12-03 00:56:35,871 [DEBUG] landmarker.update(): velocity=0.1261436563941944
2025-12-03 00:56:35,872 [DEBUG] pointer_mapper.update(): std=0.0034373766341055196, velocity=0.0066890496427535915
2025-12-03 00:56:35,872 [DEBUG] controller._on_landmark_update(): Pointer mapped to screen position: (1512, 810)
2025-12-03 00:56:35,872 [DEBUG] mouse_event_mapper.detect(): thumb-index distances: current=0.21770264967064, past=0.2310392173650785
2025-12-03 00:56:35,872 [DEBUG] mouse_event_mapper.detect(): thumb-middle distances: current=0.19787231985373133, past=0.23322194801251298
2025-12-03 00:56:35,872 [DEBUG] mouse_event_mapper.update(): detected mouse event: MouseEvent.MOVE
2025-12-03 00:56:35,872 [DEBUG] controller._on_landmark_update(): Mouse event deteced: MOVE
2025-12-03 00:56:35,899 [DEBUG] camera.run(): Captured frame at timestamp: 22222
2025-12-03 00:56:35,909 [DEBUG] landmarker.update(): velocity=0.08728571550413476
2025-12-03 00:56:35,910 [DEBUG] pointer_mapper.update(): std=0.0034546235258747825, velocity=0.00668860343463546
2025-12-03 00:56:35,910 [DEBUG] controller._on_landmark_update(): Pointer mapped to screen position: (1512, 803)
2025-12-03 00:56:35,910 [DEBUG] mouse_event_mapper.detect(): thumb-index distances: current=0.21106144081466693, past=0.22835662700566953
2025-12-03 00:56:35,910 [DEBUG] mouse_event_mapper.detect(): thumb-middle distances: current=0.1839435021721784, past=0.22539583551179007
2025-12-03 00:56:35,910 [DEBUG] mouse_event_mapper.update(): detected mouse event: MouseEvent.MOVE
2025-12-03 00:56:35,910 [DEBUG] controller._on_landmark_update(): Mouse event deteced: MOVE
2025-12-03 00:56:35,932 [DEBUG] camera.run(): Captured frame at timestamp: 22255
2025-12-03 00:56:35,942 [DEBUG] landmarker.update(): velocity=0.10507941621928545
2025-12-03 00:56:35,943 [DEBUG] pointer_mapper.update(): std=0.003137781372561323, velocity=0.006622324304281898
2025-12-03 00:56:35,943 [DEBUG] controller._on_landmark_update(): Pointer mapped to screen position: (1512, 797)
2025-12-03 00:56:35,943 [DEBUG] mouse_event_mapper.detect(): thumb-index distances: current=0.20541713945684414, past=0.22378264167352732
2025-12-03 00:56:35,943 [DEBUG] mouse_event_mapper.detect(): thumb-middle distances: current=0.16980024038066877, past=0.2137894092184931
2025-12-03 00:56:35,943 [DEBUG] mouse_event_mapper.update(): detected mouse event: MouseEvent.MOVE
2025-12-03 00:56:35,943 [DEBUG] controller._on_landmark_update(): Mouse event deteced: MOVE
2025-12-03 00:56:35,965 [DEBUG] camera.run(): Captured frame at timestamp: 22288
2025-12-03 00:56:35,975 [DEBUG] landmarker.update(): velocity=0.06776633079829048
2025-12-03 00:56:35,976 [DEBUG] pointer_mapper.update(): std=0.002708740235165221, velocity=0.0056051878879512735
2025-12-03 00:56:35,976 [DEBUG] controller._on_landmark_update(): Pointer mapped to screen position: (1512, 791)
2025-12-03 00:56:35,976 [DEBUG] mouse_event_mapper.detect(): thumb-index distances: current=0.20025396023456887, past=0.21770264967064
2025-12-03 00:56:35,976 [DEBUG] mouse_event_mapper.detect(): thumb-middle distances: current=0.16072138654195664, past=0.19787231985373133
2025-12-03 00:56:35,976 [DEBUG] mouse_event_mapper.update(): detected mouse event: MouseEvent.MOVE
2025-12-03 00:56:35,976 [DEBUG] controller._on_landmark_update(): Mouse event deteced: MOVE
2025-12-03 00:56:35,998 [DEBUG] camera.run(): Captured frame at timestamp: 22321
2025-12-03 00:56:36,009 [DEBUG] landmarker.update(): velocity=0.06286138010949664
2025-12-03 00:56:36,009 [DEBUG] pointer_mapper.update(): std=0.0026239210423232673, velocity=0.005065117606134252
2025-12-03 00:56:36,009 [DEBUG] controller._on_landmark_update(): Pointer mapped to screen position: (1512, 787)
2025-12-03 00:56:36,009 [DEBUG] mouse_event_mapper.detect(): thumb-index distances: current=0.19651238211281571, past=0.21106144081466693
2025-12-03 00:56:36,009 [DEBUG] mouse_event_mapper.detect(): thumb-middle distances: current=0.1528331781245598, past=0.1839435021721784
2025-12-03 00:56:36,009 [DEBUG] mouse_event_mapper.update(): detected mouse event: MouseEvent.MOVE
2025-12-03 00:56:36,009 [DEBUG] controller._on_landmark_update(): Mouse event deteced: MOVE
2025-12-03 00:56:36,032 [DEBUG] camera.run(): Captured frame at timestamp: 22355
2025-12-03 00:56:36,042 [DEBUG] landmarker.update(): velocity=0.06079474812252304
2025-12-03 00:56:36,043 [DEBUG] pointer_mapper.update(): std=0.0024395445480964954, velocity=0.005029256383669792
2025-12-03 00:56:36,043 [DEBUG] controller._on_landmark_update(): Pointer mapped to screen position: (1512, 784)
2025-12-03 00:56:36,043 [DEBUG] mouse_event_mapper.detect(): thumb-index distances: current=0.1935362443988009, past=0.20541713945684414
2025-12-03 00:56:36,043 [DEBUG] mouse_event_mapper.detect(): thumb-middle distances: current=0.14873819654080137, past=0.16980024038066877
2025-12-03 00:56:36,043 [DEBUG] mouse_event_mapper.update(): detected mouse event: MouseEvent.MOVE
2025-12-03 00:56:36,043 [DEBUG] controller._on_landmark_update(): Mouse event deteced: MOVE
2025-12-03 00:56:36,065 [DEBUG] camera.run(): Captured frame at timestamp: 22388
2025-12-03 00:56:36,076 [DEBUG] landmarker.update(): velocity=0.0521580247311805
2025-12-03 00:56:36,076 [DEBUG] pointer_mapper.update(): std=0.002375844132293281, velocity=0.004579112057890044
2025-12-03 00:56:36,076 [DEBUG] controller._on_landmark_update(): Pointer mapped to screen position: (1512, 781)
2025-12-03 00:56:36,076 [DEBUG] mouse_event_mapper.detect(): thumb-index distances: current=0.19123893082174556, past=0.20025396023456887
2025-12-03 00:56:36,076 [DEBUG] mouse_event_mapper.detect(): thumb-middle distances: current=0.1453893003112174, past=0.16072138654195664
2025-12-03 00:56:36,076 [DEBUG] mouse_event_mapper.update(): detected mouse event: MouseEvent.MOVE
2025-12-03 00:56:36,076 [DEBUG] controller._on_landmark_update(): Mouse event deteced: MOVE
2025-12-03 00:56:36,098 [DEBUG] camera.run(): Captured frame at timestamp: 22422
2025-12-03 00:56:36,109 [DEBUG] landmarker.update(): velocity=0.04287107736189716
2025-12-03 00:56:36,110 [DEBUG] pointer_mapper.update(): std=0.0019834437253564052, velocity=0.003975054032721766
2025-12-03 00:56:36,110 [DEBUG] controller._on_landmark_update(): Pointer mapped to screen position: (1512, 778)
2025-12-03 00:56:36,110 [DEBUG] mouse_event_mapper.detect(): thumb-index distances: current=0.1889904746228094, past=0.19651238211281571
2025-12-03 00:56:36,110 [DEBUG] mouse_event_mapper.detect(): thumb-middle distances: current=0.14266747642244484, past=0.1528331781245598
2025-12-03 00:56:36,110 [DEBUG] mouse_event_mapper.update(): detected mouse event: MouseEvent.MOVE
2025-12-03 00:56:36,110 [DEBUG] controller._on_landmark_update(): Mouse event deteced: MOVE
2025-12-03 00:56:36,132 [DEBUG] camera.run(): Captured frame at timestamp: 22455
2025-12-03 00:56:36,143 [DEBUG] landmarker.update(): velocity=0.03629925261312549
2025-12-03 00:56:36,143 [DEBUG] pointer_mapper.update(): std=0.0015994129729456174, velocity=0.0033006316163467202
2025-12-03 00:56:36,143 [DEBUG] controller._on_landmark_update(): Pointer mapped to screen position: (1512, 775)
2025-12-03 00:56:36,143 [DEBUG] mouse_event_mapper.detect(): thumb-index distances: current=0.1869854820191549, past=0.1935362443988009
2025-12-03 00:56:36,143 [DEBUG] mouse_event_mapper.detect(): thumb-middle distances: current=0.14028178881878228, past=0.14873819654080137
2025-12-03 00:56:36,144 [DEBUG] mouse_event_mapper.update(): detected mouse event: MouseEvent.MOVE
2025-12-03 00:56:36,144 [DEBUG] controller._on_landmark_update(): Mouse event deteced: MOVE
2025-12-03 00:56:36,165 [DEBUG] camera.run(): Captured frame at timestamp: 22489
2025-12-03 00:56:36,176 [DEBUG] landmarker.update(): velocity=0.0293557632791367
2025-12-03 00:56:36,177 [DEBUG] pointer_mapper.update(): std=0.001455708728942452, velocity=0.002952061732114629
2025-12-03 00:56:36,177 [DEBUG] controller._on_landmark_update(): Pointer mapped to screen position: (1512, 774)
2025-12-03 00:56:36,177 [DEBUG] mouse_event_mapper.detect(): thumb-index distances: current=0.18593420543184178, past=0.19123893082174556
2025-12-03 00:56:36,177 [DEBUG] mouse_event_mapper.detect(): thumb-middle distances: current=0.1384192729199598, past=0.1453893003112174
2025-12-03 00:56:36,177 [DEBUG] mouse_event_mapper.update(): detected mouse event: MouseEvent.MOVE
2025-12-03 00:56:36,177 [DEBUG] controller._on_landmark_update(): Mouse event deteced: MOVE
2025-12-03 00:56:36,200 [DEBUG] camera.run(): Captured frame at timestamp: 22523
2025-12-03 00:56:36,211 [DEBUG] landmarker.update(): velocity=0.01744048010561631
2025-12-03 00:56:36,212 [DEBUG] pointer_mapper.update(): std=0.001033622654847572, velocity=0.0019456321104668285
2025-12-03 00:56:36,212 [DEBUG] controller._on_landmark_update(): Pointer mapped to screen position: (1512, 772)
2025-12-03 00:56:36,212 [DEBUG] mouse_event_mapper.detect(): thumb-index distances: current=0.18549367885937448, past=0.1889904746228094
2025-12-03 00:56:36,212 [DEBUG] mouse_event_mapper.detect(): thumb-middle distances: current=0.13791732742600402, past=0.14266747642244484
2025-12-03 00:56:36,212 [DEBUG] mouse_event_mapper.update(): detected mouse event: MouseEvent.MOVE
2025-12-03 00:56:36,212 [DEBUG] controller._on_landmark_update(): Mouse event deteced: MOVE
2025-12-03 00:56:36,231 [DEBUG] camera.run(): Captured frame at timestamp: 22555
2025-12-03 00:56:36,242 [DEBUG] landmarker.update(): velocity=0.051392927460333124
2025-12-03 00:56:36,243 [DEBUG] pointer_mapper.update(): std=0.0007214289934908803, velocity=0.0017578092337095484
2025-12-03 00:56:36,243 [DEBUG] controller._on_landmark_update(): Pointer mapped to screen position: (1512, 771)
2025-12-03 00:56:36,243 [DEBUG] mouse_event_mapper.detect(): thumb-index distances: current=0.18608271742878335, past=0.1869854820191549
2025-12-03 00:56:36,243 [DEBUG] mouse_event_mapper.detect(): thumb-middle distances: current=0.1396549831257566, past=0.14028178881878228
2025-12-03 00:56:36,243 [DEBUG] mouse_event_mapper.update(): detected mouse event: MouseEvent.MOVE
2025-12-03 00:56:36,243 [DEBUG] controller._on_landmark_update(): Mouse event deteced: MOVE
2025-12-03 00:56:36,265 [DEBUG] camera.run(): Captured frame at timestamp: 22589
2025-12-03 00:56:36,276 [DEBUG] landmarker.update(): velocity=0.08340240666158213
2025-12-03 00:56:36,277 [DEBUG] pointer_mapper.update(): std=0.0018144705776635332, velocity=0.004370294058086776
2025-12-03 00:56:36,277 [DEBUG] controller._on_landmark_update(): Pointer mapped to screen position: (1512, 771)
2025-12-03 00:56:36,277 [DEBUG] mouse_event_mapper.detect(): thumb-index distances: current=0.18780928267797628, past=0.18593420543184178
2025-12-03 00:56:36,277 [DEBUG] mouse_event_mapper.detect(): thumb-middle distances: current=0.1438313334050383, past=0.1384192729199598
2025-12-03 00:56:36,277 [DEBUG] mouse_event_mapper.update(): detected mouse event: MouseEvent.MOVE
2025-12-03 00:56:36,277 [DEBUG] controller._on_landmark_update(): Mouse event deteced: MOVE
2025-12-03 00:56:36,298 [DEBUG] camera.run(): Captured frame at timestamp: 22622
2025-12-03 00:56:36,309 [DEBUG] landmarker.update(): velocity=0.119737864812608
2025-12-03 00:56:36,310 [DEBUG] pointer_mapper.update(): std=0.0032084410101952256, velocity=0.00712849992447046
2025-12-03 00:56:36,310 [DEBUG] controller._on_landmark_update(): Pointer mapped to screen position: (1512, 770)
2025-12-03 00:56:36,310 [DEBUG] mouse_event_mapper.detect(): thumb-index distances: current=0.19156569844526553, past=0.18549367885937448
2025-12-03 00:56:36,310 [DEBUG] mouse_event_mapper.detect(): thumb-middle distances: current=0.15163255960025476, past=0.13791732742600402
2025-12-03 00:56:36,310 [DEBUG] mouse_event_mapper.update(): detected mouse event: MouseEvent.MOVE
2025-12-03 00:56:36,310 [DEBUG] controller._on_landmark_update(): Mouse event deteced: MOVE
2025-12-03 00:56:36,332 [DEBUG] camera.run(): Captured frame at timestamp: 22655
2025-12-03 00:56:36,342 [DEBUG] landmarker.update(): velocity=0.17441739454323893
2025-12-03 00:56:36,343 [DEBUG] pointer_mapper.update(): std=0.005032616911708755, velocity=0.011099229399253797
2025-12-03 00:56:36,343 [DEBUG] controller._on_landmark_update(): Pointer mapped to screen position: (1512, 771)
2025-12-03 00:56:36,343 [DEBUG] mouse_event_mapper.detect(): thumb-index distances: current=0.19813093059974837, past=0.18608271742878335
2025-12-03 00:56:36,343 [DEBUG] mouse_event_mapper.detect(): thumb-middle distances: current=0.16481808941770387, past=0.1396549831257566
2025-12-03 00:56:36,343 [DEBUG] mouse_event_mapper.update(): detected mouse event: MouseEvent.MOVE
2025-12-03 00:56:36,343 [DEBUG] controller._on_landmark_update(): Mouse event deteced: MOVE
2025-12-03 00:56:36,365 [DEBUG] camera.run(): Captured frame at timestamp: 22688
2025-12-03 00:56:36,376 [DEBUG] landmarker.update(): velocity=0.19170312841215753
2025-12-03 00:56:36,376 [DEBUG] pointer_mapper.update(): std=0.006412410544365238, velocity=0.013781485677546742
2025-12-03 00:56:36,376 [DEBUG] controller._on_landmark_update(): Pointer mapped to screen position: (1512, 772)
2025-12-03 00:56:36,376 [DEBUG] mouse_event_mapper.detect(): thumb-index distances: current=0.20667007928366443, past=0.18780928267797628
2025-12-03 00:56:36,376 [DEBUG] mouse_event_mapper.detect(): thumb-middle distances: current=0.18329082966277577, past=0.1438313334050383
2025-12-03 00:56:36,376 [DEBUG] mouse_event_mapper.update(): detected mouse event: MouseEvent.MOVE
2025-12-03 00:56:36,376 [DEBUG] controller._on_landmark_update(): Mouse event deteced: MOVE
2025-12-03 00:56:36,398 [DEBUG] camera.run(): Captured frame at timestamp: 22722
2025-12-03 00:56:36,409 [DEBUG] landmarker.update(): velocity=0.21403274735165098
2025-12-03 00:56:36,410 [DEBUG] pointer_mapper.update(): std=0.007313191295563989, velocity=0.015403619185202532
2025-12-03 00:56:36,410 [DEBUG] controller._on_landmark_update(): Pointer mapped to screen position: (1512, 773)
2025-12-03 00:56:36,410 [DEBUG] mouse_event_mapper.detect(): thumb-index distances: current=0.21631225896392167, past=0.19156569844526553
2025-12-03 00:56:36,410 [DEBUG] mouse_event_mapper.detect(): thumb-middle distances: current=0.2058866182680991, past=0.15163255960025476
2025-12-03 00:56:36,410 [DEBUG] mouse_event_mapper.update(): detected mouse event: MouseEvent.MOVE
2025-12-03 00:56:36,410 [DEBUG] controller._on_landmark_update(): Mouse event deteced: MOVE
2025-12-03 00:56:36,432 [DEBUG] camera.run(): Captured frame at timestamp: 22756
2025-12-03 00:56:36,443 [DEBUG] landmarker.update(): velocity=0.23066796740445453
2025-12-03 00:56:36,443 [DEBUG] pointer_mapper.update(): std=0.007749075988076786, velocity=0.016598040754006362
2025-12-03 00:56:36,444 [DEBUG] controller._on_landmark_update(): Pointer mapped to screen position: (1512, 775)
2025-12-03 00:56:36,444 [DEBUG] mouse_event_mapper.detect(): thumb-index distances: current=0.22575528133277065, past=0.19813093059974837
2025-12-03 00:56:36,444 [DEBUG] mouse_event_mapper.detect(): thumb-middle distances: current=0.22960773027335968, past=0.16481808941770387
2025-12-03 00:56:36,444 [DEBUG] mouse_event_mapper.update(): detected mouse event: MouseEvent.MOVE
2025-12-03 00:56:36,444 [DEBUG] controller._on_landmark_update(): Mouse event deteced: MOVE
2025-12-03 00:56:36,466 [DEBUG] camera.run(): Captured frame at timestamp: 22789
2025-12-03 00:56:36,477 [DEBUG] landmarker.update(): velocity=0.21836966325430798
2025-12-03 00:56:36,477 [DEBUG] pointer_mapper.update(): std=0.00797507969091186, velocity=0.0166882316127564
2025-12-03 00:56:36,477 [DEBUG] controller._on_landmark_update(): Pointer mapped to screen position: (1512, 777)
2025-12-03 00:56:36,477 [DEBUG] mouse_event_mapper.detect(): thumb-index distances: current=0.23509643464468097, past=0.20667007928366443
2025-12-03 00:56:36,478 [DEBUG] mouse_event_mapper.detect(): thumb-middle distances: current=0.2528040259556204, past=0.18329082966277577
2025-12-03 00:56:36,478 [DEBUG] mouse_event_mapper.update(): detected mouse event: MouseEvent.MOVE
2025-12-03 00:56:36,478 [DEBUG] controller._on_landmark_update(): Mouse event deteced: MOVE
2025-12-03 00:56:36,494 [DEBUG] camera.run(): Captured frame at timestamp: 22818
2025-12-03 00:56:36,505 [DEBUG] landmarker.update(): velocity=0.2182440988832474
2025-12-03 00:56:36,506 [DEBUG] pointer_mapper.update(): std=0.008044035705377832, velocity=0.017097853020543823
2025-12-03 00:56:36,506 [DEBUG] controller._on_landmark_update(): Pointer mapped to screen position: (1512, 778)
2025-12-03 00:56:36,506 [DEBUG] mouse_event_mapper.detect(): thumb-index distances: current=0.24372205981951234, past=0.21631225896392167
2025-12-03 00:56:36,506 [DEBUG] mouse_event_mapper.detect(): thumb-middle distances: current=0.2737939862184026, past=0.2058866182680991
2025-12-03 00:56:36,506 [DEBUG] mouse_event_mapper.update(): detected mouse event: MouseEvent.MOVE
2025-12-03 00:56:36,507 [DEBUG] controller._on_landmark_update(): Mouse event deteced: MOVE
2025-12-03 00:56:36,528 [DEBUG] camera.run(): Captured frame at timestamp: 22852
2025-12-03 00:56:36,540 [DEBUG] landmarker.update(): velocity=0.2225150868138699
2025-12-03 00:56:36,541 [DEBUG] pointer_mapper.update(): std=0.007962590408013656, velocity=0.01769805932706439
2025-12-03 00:56:36,541 [DEBUG] controller._on_landmark_update(): Pointer mapped to screen position: (1512, 777)
2025-12-03 00:56:36,541 [DEBUG] mouse_event_mapper.detect(): thumb-index distances: current=0.251598436306097, past=0.22575528133277065
2025-12-03 00:56:36,541 [DEBUG] mouse_event_mapper.detect(): thumb-middle distances: current=0.29217471372518994, past=0.22960773027335968
2025-12-03 00:56:36,541 [DEBUG] mouse_event_mapper.update(): detected mouse event: MouseEvent.MOVE
2025-12-03 00:56:36,541 [DEBUG] controller._on_landmark_update(): Mouse event deteced: MOVE
2025-12-03 00:56:36,562 [DEBUG] camera.run(): Captured frame at timestamp: 22886
2025-12-03 00:56:36,573 [DEBUG] landmarker.update(): velocity=0.232183835116487
2025-12-03 00:56:36,574 [DEBUG] pointer_mapper.update(): std=0.008323971844924958, velocity=0.01935617753285134
2025-12-03 00:56:36,574 [DEBUG] controller._on_landmark_update(): Pointer mapped to screen position: (1512, 774)
2025-12-03 00:56:36,574 [DEBUG] mouse_event_mapper.detect(): thumb-index distances: current=0.2583225423988037, past=0.23509643464468097
2025-12-03 00:56:36,574 [DEBUG] mouse_event_mapper.detect(): thumb-middle distances: current=0.30798636982408606, past=0.2528040259556204
2025-12-03 00:56:36,574 [DEBUG] mouse_event_mapper.update(): detected mouse event: MouseEvent.MOVE
2025-12-03 00:56:36,574 [DEBUG] controller._on_landmark_update(): Mouse event deteced: MOVE
2025-12-03 00:56:36,597 [DEBUG] camera.run(): Captured frame at timestamp: 22920
2025-12-03 00:56:36,608 [DEBUG] landmarker.update(): velocity=0.2440392505583399
2025-12-03 00:56:36,609 [DEBUG] pointer_mapper.update(): std=0.008528460240408873, velocity=0.021198943262325583
2025-12-03 00:56:36,609 [DEBUG] controller._on_landmark_update(): Pointer mapped to screen position: (1512, 769)
2025-12-03 00:56:36,609 [DEBUG] mouse_event_mapper.detect(): thumb-index distances: current=0.26434765364066043, past=0.24372205981951234
2025-12-03 00:56:36,609 [DEBUG] mouse_event_mapper.detect(): thumb-middle distances: current=0.3218368922246348, past=0.2737939862184026
2025-12-03 00:56:36,609 [DEBUG] mouse_event_mapper.update(): detected mouse event: MouseEvent.MOVE
2025-12-03 00:56:36,609 [DEBUG] controller._on_landmark_update(): Mouse event deteced: MOVE
2025-12-03 00:56:36,632 [DEBUG] camera.run(): Captured frame at timestamp: 22955
2025-12-03 00:56:36,643 [DEBUG] landmarker.update(): velocity=0.25519272667646653
2025-12-03 00:56:36,643 [DEBUG] pointer_mapper.update(): std=0.009003998022475819, velocity=0.02301261142079859
2025-12-03 00:56:36,643 [DEBUG] controller._on_landmark_update(): Pointer mapped to screen position: (1512, 761)
2025-12-03 00:56:36,643 [DEBUG] mouse_event_mapper.detect(): thumb-index distances: current=0.26907814362530136, past=0.251598436306097
2025-12-03 00:56:36,643 [DEBUG] mouse_event_mapper.detect(): thumb-middle distances: current=0.33310676334020745, past=0.29217471372518994
2025-12-03 00:56:36,643 [DEBUG] mouse_event_mapper.update(): detected mouse event: MouseEvent.MOVE
2025-12-03 00:56:36,643 [DEBUG] controller._on_landmark_update(): Mouse event deteced: MOVE
2025-12-03 00:56:36,665 [DEBUG] camera.run(): Captured frame at timestamp: 22988
2025-12-03 00:56:36,676 [DEBUG] landmarker.update(): velocity=0.2697783547490909
2025-12-03 00:56:36,676 [DEBUG] pointer_mapper.update(): std=0.009430446923965751, velocity=0.025138036875356685
2025-12-03 00:56:36,677 [DEBUG] controller._on_landmark_update(): Pointer mapped to screen position: (1512, 752)
2025-12-03 00:56:36,677 [DEBUG] mouse_event_mapper.detect(): thumb-index distances: current=0.2733883634730761, past=0.2583225423988037
2025-12-03 00:56:36,677 [DEBUG] mouse_event_mapper.detect(): thumb-middle distances: current=0.342668262558904, past=0.30798636982408606
2025-12-03 00:56:36,677 [DEBUG] mouse_event_mapper.update(): detected mouse event: MouseEvent.MOVE
2025-12-03 00:56:36,677 [DEBUG] controller._on_landmark_update(): Mouse event deteced: MOVE
2025-12-03 00:56:36,698 [DEBUG] camera.run(): Captured frame at timestamp: 23022
2025-12-03 00:56:36,709 [DEBUG] landmarker.update(): velocity=0.29357016122811275
2025-12-03 00:56:36,710 [DEBUG] pointer_mapper.update(): std=0.009929311073008163, velocity=0.027660725378046917
2025-12-03 00:56:36,710 [DEBUG] controller._on_landmark_update(): Pointer mapped to screen position: (1512, 740)
2025-12-03 00:56:36,710 [DEBUG] mouse_event_mapper.detect(): thumb-index distances: current=0.27727074575850863, past=0.26434765364066043
2025-12-03 00:56:36,710 [DEBUG] mouse_event_mapper.detect(): thumb-middle distances: current=0.3507474724874086, past=0.3218368922246348
2025-12-03 00:56:36,710 [DEBUG] mouse_event_mapper.update(): detected mouse event: MouseEvent.MOVE
2025-12-03 00:56:36,710 [DEBUG] controller._on_landmark_update(): Mouse event deteced: MOVE
2025-12-03 00:56:36,731 [DEBUG] camera.run(): Captured frame at timestamp: 23055
2025-12-03 00:56:36,742 [DEBUG] landmarker.update(): velocity=0.31749646724462094
2025-12-03 00:56:36,743 [DEBUG] pointer_mapper.update(): std=0.01066602804664299, velocity=0.03066652566986755
2025-12-03 00:56:36,743 [DEBUG] controller._on_landmark_update(): Pointer mapped to screen position: (1512, 726)
2025-12-03 00:56:36,743 [DEBUG] mouse_event_mapper.detect(): thumb-index distances: current=0.2808368440722713, past=0.26907814362530136
2025-12-03 00:56:36,743 [DEBUG] mouse_event_mapper.detect(): thumb-middle distances: current=0.35771522465224753, past=0.33310676334020745
2025-12-03 00:56:36,743 [DEBUG] mouse_event_mapper.update(): detected mouse event: MouseEvent.MOVE
2025-12-03 00:56:36,743 [DEBUG] controller._on_landmark_update(): Mouse event deteced: MOVE
2025-12-03 00:56:36,765 [DEBUG] camera.run(): Captured frame at timestamp: 23089
2025-12-03 00:56:36,776 [DEBUG] landmarker.update(): velocity=0.34420078061435694
2025-12-03 00:56:36,776 [DEBUG] pointer_mapper.update(): std=0.01139650811861028, velocity=0.03372771609194143
2025-12-03 00:56:36,776 [DEBUG] controller._on_landmark_update(): Pointer mapped to screen position: (1512, 710)
2025-12-03 00:56:36,776 [DEBUG] mouse_event_mapper.detect(): thumb-index distances: current=0.2839021906411318, past=0.2733883634730761
2025-12-03 00:56:36,776 [DEBUG] mouse_event_mapper.detect(): thumb-middle distances: current=0.3635168376908804, past=0.342668262558904
2025-12-03 00:56:36,777 [DEBUG] mouse_event_mapper.update(): detected mouse event: MouseEvent.MOVE
2025-12-03 00:56:36,777 [DEBUG] controller._on_landmark_update(): Mouse event deteced: MOVE
2025-12-03 00:56:36,799 [DEBUG] camera.run(): Captured frame at timestamp: 23122
2025-12-03 00:56:36,810 [DEBUG] landmarker.update(): velocity=0.37213167086022064
2025-12-03 00:56:36,810 [DEBUG] pointer_mapper.update(): std=0.012091962528145605, velocity=0.03702793966010339
2025-12-03 00:56:36,811 [DEBUG] controller._on_landmark_update(): Pointer mapped to screen position: (1509, 692)
2025-12-03 00:56:36,811 [DEBUG] mouse_event_mapper.detect(): thumb-index distances: current=0.28680232734104133, past=0.27727074575850863
2025-12-03 00:56:36,811 [DEBUG] mouse_event_mapper.detect(): thumb-middle distances: current=0.36803902566402646, past=0.3507474724874086
2025-12-03 00:56:36,811 [DEBUG] mouse_event_mapper.update(): detected mouse event: MouseEvent.MOVE
2025-12-03 00:56:36,811 [DEBUG] controller._on_landmark_update(): Mouse event deteced: MOVE
2025-12-03 00:56:36,833 [DEBUG] camera.run(): Captured frame at timestamp: 23156
2025-12-03 00:56:36,843 [DEBUG] landmarker.update(): velocity=0.40324083547789247
2025-12-03 00:56:36,844 [DEBUG] pointer_mapper.update(): std=0.012838366907507417, velocity=0.04001013166572677
2025-12-03 00:56:36,844 [DEBUG] controller._on_landmark_update(): Pointer mapped to screen position: (1496, 671)
2025-12-03 00:56:36,844 [DEBUG] mouse_event_mapper.detect(): thumb-index distances: current=0.2890572007148539, past=0.2808368440722713
2025-12-03 00:56:36,844 [DEBUG] mouse_event_mapper.detect(): thumb-middle distances: current=0.37109735073379496, past=0.35771522465224753
2025-12-03 00:56:36,844 [DEBUG] mouse_event_mapper.update(): detected mouse event: MouseEvent.MOVE
2025-12-03 00:56:36,844 [DEBUG] controller._on_landmark_update(): Mouse event deteced: MOVE
2025-12-03 00:56:36,864 [DEBUG] camera.run(): Captured frame at timestamp: 23188
2025-12-03 00:56:36,875 [DEBUG] landmarker.update(): velocity=0.4210836412670388
2025-12-03 00:56:36,876 [DEBUG] pointer_mapper.update(): std=0.014070522722072425, velocity=0.042626323546562164
2025-12-03 00:56:36,876 [DEBUG] controller._on_landmark_update(): Pointer mapped to screen position: (1473, 649)
2025-12-03 00:56:36,876 [DEBUG] mouse_event_mapper.detect(): thumb-index distances: current=0.2903145428486819, past=0.2839021906411318
2025-12-03 00:56:36,876 [DEBUG] mouse_event_mapper.detect(): thumb-middle distances: current=0.3730074587861562, past=0.3635168376908804
2025-12-03 00:56:36,876 [DEBUG] mouse_event_mapper.update(): detected mouse event: MouseEvent.MOVE
2025-12-03 00:56:36,876 [DEBUG] controller._on_landmark_update(): Mouse event deteced: MOVE
2025-12-03 00:56:36,898 [DEBUG] camera.run(): Captured frame at timestamp: 23221
2025-12-03 00:56:36,909 [DEBUG] landmarker.update(): velocity=0.42594625716446116
2025-12-03 00:56:36,909 [DEBUG] pointer_mapper.update(): std=0.01511641786402171, velocity=0.04403675364426544
2025-12-03 00:56:36,909 [DEBUG] controller._on_landmark_update(): Pointer mapped to screen position: (1441, 625)
2025-12-03 00:56:36,909 [DEBUG] mouse_event_mapper.detect(): thumb-index distances: current=0.28954203987090454, past=0.28680232734104133
2025-12-03 00:56:36,909 [DEBUG] mouse_event_mapper.detect(): thumb-middle distances: current=0.37378775681424353, past=0.36803902566402646
2025-12-03 00:56:36,909 [DEBUG] mouse_event_mapper.update(): detected mouse event: MouseEvent.MOVE
2025-12-03 00:56:36,909 [DEBUG] controller._on_landmark_update(): Mouse event deteced: MOVE
2025-12-03 00:56:36,931 [DEBUG] camera.run(): Captured frame at timestamp: 23254
2025-12-03 00:56:36,941 [DEBUG] landmarker.update(): velocity=0.4309520433978881
2025-12-03 00:56:36,942 [DEBUG] pointer_mapper.update(): std=0.01594248960746317, velocity=0.04499063729053225
2025-12-03 00:56:36,942 [DEBUG] controller._on_landmark_update(): Pointer mapped to screen position: (1403, 600)
2025-12-03 00:56:36,942 [DEBUG] mouse_event_mapper.detect(): thumb-index distances: current=0.2874005288016033, past=0.2890572007148539
2025-12-03 00:56:36,942 [DEBUG] mouse_event_mapper.detect(): thumb-middle distances: current=0.3740604021938543, past=0.37109735073379496
2025-12-03 00:56:36,942 [DEBUG] mouse_event_mapper.update(): detected mouse event: MouseEvent.MOVE
2025-12-03 00:56:36,942 [DEBUG] controller._on_landmark_update(): Mouse event deteced: MOVE
2025-12-03 00:56:36,964 [DEBUG] camera.run(): Captured frame at timestamp: 23288
2025-12-03 00:56:36,975 [DEBUG] landmarker.update(): velocity=0.4393635231131288
2025-12-03 00:56:36,976 [DEBUG] pointer_mapper.update(): std=0.016615770676198932, velocity=0.04594274678627035
2025-12-03 00:56:36,976 [DEBUG] controller._on_landmark_update(): Pointer mapped to screen position: (1359, 575)
2025-12-03 00:56:36,976 [DEBUG] mouse_event_mapper.detect(): thumb-index distances: current=0.2847033874489821, past=0.2903145428486819
2025-12-03 00:56:36,976 [DEBUG] mouse_event_mapper.detect(): thumb-middle distances: current=0.37389305328318617, past=0.3730074587861562
2025-12-03 00:56:36,976 [DEBUG] mouse_event_mapper.update(): detected mouse event: MouseEvent.MOVE
2025-12-03 00:56:36,976 [DEBUG] controller._on_landmark_update(): Mouse event deteced: MOVE
2025-12-03 00:56:36,998 [DEBUG] camera.run(): Captured frame at timestamp: 23322
2025-12-03 00:56:37,009 [DEBUG] landmarker.update(): velocity=0.4359107311886767
2025-12-03 00:56:37,010 [DEBUG] pointer_mapper.update(): std=0.017084389767504225, velocity=0.0462320670827778
2025-12-03 00:56:37,010 [DEBUG] controller._on_landmark_update(): Pointer mapped to screen position: (1310, 549)
2025-12-03 00:56:37,010 [DEBUG] mouse_event_mapper.detect(): thumb-index distances: current=0.2827084993463707, past=0.28954203987090454
2025-12-03 00:56:37,010 [DEBUG] mouse_event_mapper.detect(): thumb-middle distances: current=0.37388938206228467, past=0.37378775681424353
2025-12-03 00:56:37,010 [DEBUG] mouse_event_mapper.update(): detected mouse event: MouseEvent.MOVE
2025-12-03 00:56:37,010 [DEBUG] controller._on_landmark_update(): Mouse event deteced: MOVE
2025-12-03 00:56:37,032 [DEBUG] camera.run(): Captured frame at timestamp: 23355
2025-12-03 00:56:37,043 [DEBUG] landmarker.update(): velocity=0.43383099302132017
2025-12-03 00:56:37,044 [DEBUG] pointer_mapper.update(): std=0.01744281770835983, velocity=0.045914263501529815
2025-12-03 00:56:37,044 [DEBUG] controller._on_landmark_update(): Pointer mapped to screen position: (1256, 524)
2025-12-03 00:56:37,044 [DEBUG] mouse_event_mapper.detect(): thumb-index distances: current=0.28114974599683457, past=0.2874005288016033
2025-12-03 00:56:37,044 [DEBUG] mouse_event_mapper.detect(): thumb-middle distances: current=0.37345896246885085, past=0.3740604021938543
2025-12-03 00:56:37,044 [DEBUG] mouse_event_mapper.update(): detected mouse event: MouseEvent.MOVE
2025-12-03 00:56:37,044 [DEBUG] controller._on_landmark_update(): Mouse event deteced: MOVE
2025-12-03 00:56:37,066 [DEBUG] camera.run(): Captured frame at timestamp: 23390
2025-12-03 00:56:37,077 [DEBUG] landmarker.update(): velocity=0.4202521321041802
2025-12-03 00:56:37,078 [DEBUG] pointer_mapper.update(): std=0.01759779864830138, velocity=0.0451250609098667
2025-12-03 00:56:37,078 [DEBUG] controller._on_landmark_update(): Pointer mapped to screen position: (1199, 499)
2025-12-03 00:56:37,078 [DEBUG] mouse_event_mapper.detect(): thumb-index distances: current=0.2797024640660765, past=0.2847033874489821
2025-12-03 00:56:37,078 [DEBUG] mouse_event_mapper.detect(): thumb-middle distances: current=0.3723624179322707, past=0.37389305328318617
2025-12-03 00:56:37,078 [DEBUG] mouse_event_mapper.update(): detected mouse event: MouseEvent.MOVE
2025-12-03 00:56:37,078 [DEBUG] controller._on_landmark_update(): Mouse event deteced: MOVE
2025-12-03 00:56:37,099 [DEBUG] camera.run(): Captured frame at timestamp: 23423
2025-12-03 00:56:37,110 [DEBUG] landmarker.update(): velocity=0.3991840933804592
2025-12-03 00:56:37,111 [DEBUG] pointer_mapper.update(): std=0.017429091210242425, velocity=0.04319793680098011
2025-12-03 00:56:37,111 [DEBUG] controller._on_landmark_update(): Pointer mapped to screen position: (1140, 475)
2025-12-03 00:56:37,111 [DEBUG] mouse_event_mapper.detect(): thumb-index distances: current=0.27803423814274625, past=0.2827084993463707
2025-12-03 00:56:37,111 [DEBUG] mouse_event_mapper.detect(): thumb-middle distances: current=0.37051970009045804, past=0.37388938206228467
2025-12-03 00:56:37,111 [DEBUG] mouse_event_mapper.update(): detected mouse event: MouseEvent.MOVE
2025-12-03 00:56:37,111 [DEBUG] controller._on_landmark_update(): Mouse event deteced: MOVE
2025-12-03 00:56:37,132 [DEBUG] camera.run(): Captured frame at timestamp: 23455
2025-12-03 00:56:37,143 [DEBUG] landmarker.update(): velocity=0.3734261450669033
2025-12-03 00:56:37,143 [DEBUG] pointer_mapper.update(): std=0.016790721306583753, velocity=0.04043169922408482
2025-12-03 00:56:37,143 [DEBUG] controller._on_landmark_update(): Pointer mapped to screen position: (1081, 452)
2025-12-03 00:56:37,143 [DEBUG] mouse_event_mapper.detect(): thumb-index distances: current=0.2756499695360065, past=0.28114974599683457
2025-12-03 00:56:37,143 [DEBUG] mouse_event_mapper.detect(): thumb-middle distances: current=0.367968752171086, past=0.37345896246885085
2025-12-03 00:56:37,143 [DEBUG] mouse_event_mapper.update(): detected mouse event: MouseEvent.MOVE
2025-12-03 00:56:37,143 [DEBUG] controller._on_landmark_update(): Mouse event deteced: MOVE
2025-12-03 00:56:37,165 [DEBUG] camera.run(): Captured frame at timestamp: 23488
2025-12-03 00:56:37,176 [DEBUG] landmarker.update(): velocity=0.3426630618967747
2025-12-03 00:56:37,176 [DEBUG] pointer_mapper.update(): std=0.015771133008583564, velocity=0.03706032156307367
2025-12-03 00:56:37,176 [DEBUG] controller._on_landmark_update(): Pointer mapped to screen position: (1022, 430)
2025-12-03 00:56:37,177 [DEBUG] mouse_event_mapper.detect(): thumb-index distances: current=0.2726934482973283, past=0.2797024640660765
2025-12-03 00:56:37,177 [DEBUG] mouse_event_mapper.detect(): thumb-middle distances: current=0.36496167094426585, past=0.3723624179322707
2025-12-03 00:56:37,177 [DEBUG] mouse_event_mapper.update(): detected mouse event: MouseEvent.MOVE
2025-12-03 00:56:37,177 [DEBUG] controller._on_landmark_update(): Mouse event deteced: MOVE
2025-12-03 00:56:37,198 [DEBUG] camera.run(): Captured frame at timestamp: 23522
2025-12-03 00:56:37,209 [DEBUG] landmarker.update(): velocity=0.3059480550083783
2025-12-03 00:56:37,210 [DEBUG] pointer_mapper.update(): std=0.014461333800301691, velocity=0.03346640034667536
2025-12-03 00:56:37,210 [DEBUG] controller._on_landmark_update(): Pointer mapped to screen position: (964, 410)
2025-12-03 00:56:37,210 [DEBUG] mouse_event_mapper.detect(): thumb-index distances: current=0.2695106924507099, past=0.27803423814274625
2025-12-03 00:56:37,210 [DEBUG] mouse_event_mapper.detect(): thumb-middle distances: current=0.36169270179661456, past=0.37051970009045804
2025-12-03 00:56:37,210 [DEBUG] mouse_event_mapper.update(): detected mouse event: MouseEvent.MOVE
2025-12-03 00:56:37,210 [DEBUG] controller._on_landmark_update(): Mouse event deteced: MOVE
2025-12-03 00:56:37,231 [DEBUG] camera.run(): Captured frame at timestamp: 23555
2025-12-03 00:56:37,243 [DEBUG] landmarker.update(): velocity=0.2672024355365631
2025-12-03 00:56:37,244 [DEBUG] pointer_mapper.update(): std=0.013026973087602799, velocity=0.029913436925842408
2025-12-03 00:56:37,244 [DEBUG] controller._on_landmark_update(): Pointer mapped to screen position: (910, 391)
2025-12-03 00:56:37,244 [DEBUG] mouse_event_mapper.detect(): thumb-index distances: current=0.2673805979228323, past=0.2756499695360065
2025-12-03 00:56:37,244 [DEBUG] mouse_event_mapper.detect(): thumb-middle distances: current=0.3590806961788166, past=0.367968752171086
2025-12-03 00:56:37,244 [DEBUG] mouse_event_mapper.update(): detected mouse event: MouseEvent.MOVE
2025-12-03 00:56:37,244 [DEBUG] controller._on_landmark_update(): Mouse event deteced: MOVE
2025-12-03 00:56:37,264 [DEBUG] camera.run(): Captured frame at timestamp: 23588
2025-12-03 00:56:37,275 [DEBUG] landmarker.update(): velocity=0.22341242399099256
2025-12-03 00:56:37,276 [DEBUG] pointer_mapper.update(): std=0.011494057059445081, velocity=0.025753294625300734
2025-12-03 00:56:37,276 [DEBUG] controller._on_landmark_update(): Pointer mapped to screen position: (859, 375)
2025-12-03 00:56:37,276 [DEBUG] mouse_event_mapper.detect(): thumb-index distances: current=0.26617195190854476, past=0.2726934482973283
2025-12-03 00:56:37,276 [DEBUG] mouse_event_mapper.detect(): thumb-middle distances: current=0.3569124816737577, past=0.36496167094426585
2025-12-03 00:56:37,276 [DEBUG] mouse_event_mapper.update(): detected mouse event: MouseEvent.MOVE
2025-12-03 00:56:37,276 [DEBUG] controller._on_landmark_update(): Mouse event deteced: MOVE
2025-12-03 00:56:37,298 [DEBUG] camera.run(): Captured frame at timestamp: 23621
2025-12-03 00:56:37,309 [DEBUG] landmarker.update(): velocity=0.1881178725858628
2025-12-03 00:56:37,310 [DEBUG] pointer_mapper.update(): std=0.009984375587237939, velocity=0.021728124626700998
2025-12-03 00:56:37,310 [DEBUG] controller._on_landmark_update(): Pointer mapped to screen position: (811, 361)
2025-12-03 00:56:37,310 [DEBUG] mouse_event_mapper.detect(): thumb-index distances: current=0.26526580056742977, past=0.2695106924507099
2025-12-03 00:56:37,310 [DEBUG] mouse_event_mapper.detect(): thumb-middle distances: current=0.35434944401121826, past=0.36169270179661456
2025-12-03 00:56:37,310 [DEBUG] mouse_event_mapper.update(): detected mouse event: MouseEvent.MOVE
2025-12-03 00:56:37,310 [DEBUG] controller._on_landmark_update(): Mouse event deteced: MOVE
2025-12-03 00:56:37,333 [DEBUG] camera.run(): Captured frame at timestamp: 23656
2025-12-03 00:56:37,344 [DEBUG] landmarker.update(): velocity=0.15690045270933167
2025-12-03 00:56:37,344 [DEBUG] pointer_mapper.update(): std=0.008511148528849377, velocity=0.01810580842945114
2025-12-03 00:56:37,344 [DEBUG] controller._on_landmark_update(): Pointer mapped to screen position: (767, 349)
2025-12-03 00:56:37,344 [DEBUG] mouse_event_mapper.detect(): thumb-index distances: current=0.2639386442738506, past=0.2673805979228323
2025-12-03 00:56:37,344 [DEBUG] mouse_event_mapper.detect(): thumb-middle distances: current=0.35044051377648744, past=0.3590806961788166
2025-12-03 00:56:37,344 [DEBUG] mouse_event_mapper.update(): detected mouse event: MouseEvent.MOVE
2025-12-03 00:56:37,344 [DEBUG] controller._on_landmark_update(): Mouse event deteced: MOVE
2025-12-03 00:56:37,366 [DEBUG] camera.run(): Captured frame at timestamp: 23689
2025-12-03 00:56:37,377 [DEBUG] landmarker.update(): velocity=0.13480092958789408
2025-12-03 00:56:37,377 [DEBUG] pointer_mapper.update(): std=0.00714282835943356, velocity=0.015014759578078728
2025-12-03 00:56:37,377 [DEBUG] controller._on_landmark_update(): Pointer mapped to screen position: (729, 338)
2025-12-03 00:56:37,378 [DEBUG] mouse_event_mapper.detect(): thumb-index distances: current=0.26161670150380995, past=0.26617195190854476
2025-12-03 00:56:37,378 [DEBUG] mouse_event_mapper.detect(): thumb-middle distances: current=0.3445991162387762, past=0.3569124816737577
2025-12-03 00:56:37,378 [DEBUG] mouse_event_mapper.update(): detected mouse event: MouseEvent.MOVE
2025-12-03 00:56:37,378 [DEBUG] controller._on_landmark_update(): Mouse event deteced: MOVE
2025-12-03 00:56:37,398 [DEBUG] camera.run(): Captured frame at timestamp: 23722
2025-12-03 00:56:37,409 [DEBUG] landmarker.update(): velocity=0.11241009317539452
2025-12-03 00:56:37,410 [DEBUG] pointer_mapper.update(): std=0.005877756562875602, velocity=0.012323226355858884
2025-12-03 00:56:37,410 [DEBUG] controller._on_landmark_update(): Pointer mapped to screen position: (694, 329)
2025-12-03 00:56:37,410 [DEBUG] mouse_event_mapper.detect(): thumb-index distances: current=0.2586245448498306, past=0.26526580056742977
2025-12-03 00:56:37,410 [DEBUG] mouse_event_mapper.detect(): thumb-middle distances: current=0.33728671516777187, past=0.35434944401121826
2025-12-03 00:56:37,410 [DEBUG] mouse_event_mapper.update(): detected mouse event: MouseEvent.MOVE
2025-12-03 00:56:37,410 [DEBUG] controller._on_landmark_update(): Mouse event deteced: MOVE
2025-12-03 00:56:37,431 [DEBUG] camera.run(): Captured frame at timestamp: 23755
2025-12-03 00:56:37,442 [DEBUG] landmarker.update(): velocity=0.09812850394799313
2025-12-03 00:56:37,443 [DEBUG] pointer_mapper.update(): std=0.004949943887624022, velocity=0.010574269410702443
2025-12-03 00:56:37,443 [DEBUG] controller._on_landmark_update(): Pointer mapped to screen position: (663, 321)
2025-12-03 00:56:37,443 [DEBUG] mouse_event_mapper.detect(): thumb-index distances: current=0.25547804098155186, past=0.2639386442738506
2025-12-03 00:56:37,443 [DEBUG] mouse_event_mapper.detect(): thumb-middle distances: current=0.32965734021692406, past=0.35044051377648744
2025-12-03 00:56:37,443 [DEBUG] mouse_event_mapper.update(): detected mouse event: MouseEvent.MOVE
2025-12-03 00:56:37,443 [DEBUG] controller._on_landmark_update(): Mouse event deteced: MOVE
2025-12-03 00:56:37,461 [DEBUG] camera.run(): Captured frame at timestamp: 23785
2025-12-03 00:56:37,472 [DEBUG] landmarker.update(): velocity=0.08887666128221176
2025-12-03 00:56:37,473 [DEBUG] pointer_mapper.update(): std=0.004338791747446588, velocity=0.00944347580067039
2025-12-03 00:56:37,473 [DEBUG] controller._on_landmark_update(): Pointer mapped to screen position: (635, 313)
2025-12-03 00:56:37,473 [DEBUG] mouse_event_mapper.detect(): thumb-index distances: current=0.2528129128502666, past=0.26161670150380995
2025-12-03 00:56:37,473 [DEBUG] mouse_event_mapper.detect(): thumb-middle distances: current=0.3225150595055231, past=0.3445991162387762
2025-12-03 00:56:37,473 [DEBUG] mouse_event_mapper.update(): detected mouse event: MouseEvent.MOVE
2025-12-03 00:56:37,473 [DEBUG] controller._on_landmark_update(): Mouse event deteced: MOVE
2025-12-03 00:56:37,498 [DEBUG] camera.run(): Captured frame at timestamp: 23821
2025-12-03 00:56:37,509 [DEBUG] landmarker.update(): velocity=0.08281291872214003
2025-12-03 00:56:37,510 [DEBUG] pointer_mapper.update(): std=0.003972355914492069, velocity=0.008697603938637236
2025-12-03 00:56:37,510 [DEBUG] controller._on_landmark_update(): Pointer mapped to screen position: (610, 307)
2025-12-03 00:56:37,510 [DEBUG] mouse_event_mapper.detect(): thumb-index distances: current=0.25055760071794275, past=0.2586245448498306
2025-12-03 00:56:37,510 [DEBUG] mouse_event_mapper.detect(): thumb-middle distances: current=0.3159997699761892, past=0.33728671516777187
2025-12-03 00:56:37,510 [DEBUG] mouse_event_mapper.update(): detected mouse event: MouseEvent.MOVE
2025-12-03 00:56:37,510 [DEBUG] controller._on_landmark_update(): Mouse event deteced: MOVE
2025-12-03 00:56:37,531 [DEBUG] camera.run(): Captured frame at timestamp: 23854
2025-12-03 00:56:37,542 [DEBUG] landmarker.update(): velocity=0.07948616664196552
2025-12-03 00:56:37,543 [DEBUG] pointer_mapper.update(): std=0.0037054765022761873, velocity=0.007896719373137587
2025-12-03 00:56:37,543 [DEBUG] controller._on_landmark_update(): Pointer mapped to screen position: (587, 301)
2025-12-03 00:56:37,543 [DEBUG] mouse_event_mapper.detect(): thumb-index distances: current=0.2485240613605808, past=0.25547804098155186
2025-12-03 00:56:37,543 [DEBUG] mouse_event_mapper.detect(): thumb-middle distances: current=0.3089717130571808, past=0.32965734021692406
2025-12-03 00:56:37,543 [DEBUG] mouse_event_mapper.update(): detected mouse event: MouseEvent.MOVE
2025-12-03 00:56:37,543 [DEBUG] controller._on_landmark_update(): Mouse event deteced: MOVE
2025-12-03 00:56:37,565 [DEBUG] camera.run(): Captured frame at timestamp: 23888
2025-12-03 00:56:37,576 [DEBUG] landmarker.update(): velocity=0.09007131789505031
2025-12-03 00:56:37,577 [DEBUG] pointer_mapper.update(): std=0.003447924720591476, velocity=0.0068421657882004215
2025-12-03 00:56:37,577 [DEBUG] controller._on_landmark_update(): Pointer mapped to screen position: (566, 296)
2025-12-03 00:56:37,577 [DEBUG] mouse_event_mapper.detect(): thumb-index distances: current=0.24471102004157386, past=0.2528129128502666
2025-12-03 00:56:37,577 [DEBUG] mouse_event_mapper.detect(): thumb-middle distances: current=0.29984184677965153, past=0.3225150595055231
2025-12-03 00:56:37,577 [DEBUG] mouse_event_mapper.update(): detected mouse event: MouseEvent.MOVE
2025-12-03 00:56:37,577 [DEBUG] controller._on_landmark_update(): Mouse event deteced: MOVE
2025-12-03 00:56:37,599 [DEBUG] camera.run(): Captured frame at timestamp: 23922
2025-12-03 00:56:37,610 [DEBUG] landmarker.update(): velocity=0.11741612312209346
2025-12-03 00:56:37,611 [DEBUG] pointer_mapper.update(): std=0.0031655891243434855, velocity=0.006580379623161583
2025-12-03 00:56:37,611 [DEBUG] controller._on_landmark_update(): Pointer mapped to screen position: (547, 292)
2025-12-03 00:56:37,611 [DEBUG] mouse_event_mapper.detect(): thumb-index distances: current=0.23753388899403557, past=0.25055760071794275
2025-12-03 00:56:37,611 [DEBUG] mouse_event_mapper.detect(): thumb-middle distances: current=0.28674684667281486, past=0.3159997699761892
2025-12-03 00:56:37,611 [DEBUG] mouse_event_mapper.update(): detected mouse event: MouseEvent.MOVE
2025-12-03 00:56:37,611 [DEBUG] controller._on_landmark_update(): Mouse event deteced: MOVE
2025-12-03 00:56:37,633 [DEBUG] camera.run(): Captured frame at timestamp: 23957
2025-12-03 00:56:37,646 [DEBUG] landmarker.update(): velocity=0.17310446881904792
2025-12-03 00:56:37,646 [DEBUG] pointer_mapper.update(): std=0.0028517505054698783, velocity=0.006792878123795717
2025-12-03 00:56:37,646 [DEBUG] controller._on_landmark_update(): Pointer mapped to screen position: (530, 289)
2025-12-03 00:56:37,646 [DEBUG] mouse_event_mapper.detect(): thumb-index distances: current=0.22550328235277228, past=0.2485240613605808
2025-12-03 00:56:37,646 [DEBUG] mouse_event_mapper.detect(): thumb-middle distances: current=0.2663233601435205, past=0.3089717130571808
2025-12-03 00:56:37,646 [DEBUG] mouse_event_mapper.update(): detected mouse event: MouseEvent.MOVE
2025-12-03 00:56:37,646 [DEBUG] controller._on_landmark_update(): Mouse event deteced: MOVE
2025-12-03 00:56:37,665 [DEBUG] camera.run(): Captured frame at timestamp: 23988
2025-12-03 00:56:37,676 [DEBUG] landmarker.update(): velocity=0.17166072446167124
2025-12-03 00:56:37,677 [DEBUG] pointer_mapper.update(): std=0.0025686387502775626, velocity=0.00576099438501488
2025-12-03 00:56:37,677 [DEBUG] controller._on_landmark_update(): Pointer mapped to screen position: (516, 286)
2025-12-03 00:56:37,677 [DEBUG] mouse_event_mapper.detect(): thumb-index distances: current=0.21028943384930832, past=0.24471102004157386
2025-12-03 00:56:37,677 [DEBUG] mouse_event_mapper.detect(): thumb-middle distances: current=0.2401735610962026, past=0.29984184677965153
2025-12-03 00:56:37,677 [DEBUG] mouse_event_mapper.update(): detected mouse event: MouseEvent.MOVE
2025-12-03 00:56:37,677 [DEBUG] controller._on_landmark_update(): Mouse event deteced: MOVE
2025-12-03 00:56:37,699 [DEBUG] camera.run(): Captured frame at timestamp: 24022
2025-12-03 00:56:37,710 [DEBUG] landmarker.update(): velocity=0.1457215126375475
2025-12-03 00:56:37,710 [DEBUG] pointer_mapper.update(): std=0.0020461496815057803, velocity=0.004429791911166404
2025-12-03 00:56:37,710 [DEBUG] controller._on_landmark_update(): Pointer mapped to screen position: (502, 285)
2025-12-03 00:56:37,710 [DEBUG] mouse_event_mapper.detect(): thumb-index distances: current=0.19448695065891175, past=0.23753388899403557
2025-12-03 00:56:37,710 [DEBUG] mouse_event_mapper.detect(): thumb-middle distances: current=0.21210277409732403, past=0.28674684667281486
2025-12-03 00:56:37,710 [DEBUG] mouse_event_mapper.update(): detected mouse event: MouseEvent.MOVE
2025-12-03 00:56:37,710 [DEBUG] controller._on_landmark_update(): Mouse event deteced: MOVE
2025-12-03 00:56:37,731 [DEBUG] camera.run(): Captured frame at timestamp: 24055
2025-12-03 00:56:37,742 [DEBUG] landmarker.update(): velocity=0.13196382966304326
2025-12-03 00:56:37,743 [DEBUG] pointer_mapper.update(): std=0.00164812965948978, velocity=0.003735874019005002
2025-12-03 00:56:37,743 [DEBUG] controller._on_landmark_update(): Pointer mapped to screen position: (490, 284)
2025-12-03 00:56:37,743 [DEBUG] mouse_event_mapper.detect(): thumb-index distances: current=0.1805984664498593, past=0.22550328235277228
2025-12-03 00:56:37,743 [DEBUG] mouse_event_mapper.detect(): thumb-middle distances: current=0.1874130710096348, past=0.2663233601435205
2025-12-03 00:56:37,743 [DEBUG] mouse_event_mapper.update(): detected mouse event: MouseEvent.MOVE
2025-12-03 00:56:37,743 [DEBUG] controller._on_landmark_update(): Mouse event deteced: MOVE
2025-12-03 00:56:37,765 [DEBUG] camera.run(): Captured frame at timestamp: 24088
2025-12-03 00:56:37,776 [DEBUG] landmarker.update(): velocity=0.10864017971794517
2025-12-03 00:56:37,776 [DEBUG] pointer_mapper.update(): std=0.0013615951519271616, velocity=0.0033833274432450476
2025-12-03 00:56:37,776 [DEBUG] controller._on_landmark_update(): Pointer mapped to screen position: (479, 284)
2025-12-03 00:56:37,776 [DEBUG] mouse_event_mapper.detect(): thumb-index distances: current=0.16967731826178525, past=0.21028943384930832
2025-12-03 00:56:37,776 [DEBUG] mouse_event_mapper.detect(): thumb-middle distances: current=0.16744694822008657, past=0.2401735610962026
2025-12-03 00:56:37,776 [DEBUG] mouse_event_mapper.update(): detected mouse event: MouseEvent.MOVE
2025-12-03 00:56:37,776 [DEBUG] controller._on_landmark_update(): Mouse event deteced: MOVE
2025-12-03 00:56:37,799 [DEBUG] camera.run(): Captured frame at timestamp: 24122
2025-12-03 00:56:37,810 [DEBUG] landmarker.update(): velocity=0.09080350597809067
2025-12-03 00:56:37,810 [DEBUG] pointer_mapper.update(): std=0.0013464935353554412, velocity=0.0032433376219624496
2025-12-03 00:56:37,810 [DEBUG] controller._on_landmark_update(): Pointer mapped to screen position: (469, 284)
2025-12-03 00:56:37,810 [DEBUG] mouse_event_mapper.detect(): thumb-index distances: current=0.16192378926338374, past=0.19448695065891175
2025-12-03 00:56:37,810 [DEBUG] mouse_event_mapper.detect(): thumb-middle distances: current=0.1515498656269948, past=0.21210277409732403
2025-12-03 00:56:37,810 [DEBUG] mouse_event_mapper.update(): detected mouse event: MouseEvent.MOVE
2025-12-03 00:56:37,810 [DEBUG] controller._on_landmark_update(): Mouse event deteced: MOVE
2025-12-03 00:56:37,831 [DEBUG] camera.run(): Captured frame at timestamp: 24155
2025-12-03 00:56:37,842 [DEBUG] landmarker.update(): velocity=0.07540672308591274
2025-12-03 00:56:37,843 [DEBUG] pointer_mapper.update(): std=0.0012109605755362414, velocity=0.0031562467113435723
2025-12-03 00:56:37,843 [DEBUG] controller._on_landmark_update(): Pointer mapped to screen position: (460, 284)
2025-12-03 00:56:37,843 [DEBUG] mouse_event_mapper.detect(): thumb-index distances: current=0.1558387420547507, past=0.1805984664498593
2025-12-03 00:56:37,843 [DEBUG] mouse_event_mapper.detect(): thumb-middle distances: current=0.1400984922296392, past=0.1874130710096348
2025-12-03 00:56:37,843 [DEBUG] mouse_event_mapper.update(): detected mouse event: MouseEvent.MOVE
2025-12-03 00:56:37,843 [DEBUG] controller._on_landmark_update(): Mouse event deteced: MOVE
2025-12-03 00:56:37,866 [DEBUG] camera.run(): Captured frame at timestamp: 24189
2025-12-03 00:56:37,876 [DEBUG] landmarker.update(): velocity=0.06411501408386985
2025-12-03 00:56:37,877 [DEBUG] pointer_mapper.update(): std=0.001291995281373815, velocity=0.0033092530475085816
2025-12-03 00:56:37,877 [DEBUG] controller._on_landmark_update(): Pointer mapped to screen position: (451, 285)
2025-12-03 00:56:37,877 [DEBUG] mouse_event_mapper.detect(): thumb-index distances: current=0.15104267967591248, past=0.16967731826178525
2025-12-03 00:56:37,877 [DEBUG] mouse_event_mapper.detect(): thumb-middle distances: current=0.13278102942526585, past=0.16744694822008657
2025-12-03 00:56:37,877 [DEBUG] mouse_event_mapper.update(): detected mouse event: MouseEvent.MOVE
2025-12-03 00:56:37,877 [DEBUG] controller._on_landmark_update(): Mouse event deteced: MOVE
2025-12-03 00:56:37,899 [DEBUG] camera.run(): Captured frame at timestamp: 24223
2025-12-03 00:56:37,910 [DEBUG] landmarker.update(): velocity=0.062180634087052725
2025-12-03 00:56:37,910 [DEBUG] pointer_mapper.update(): std=0.001213467157873096, velocity=0.0033542002261345107
2025-12-03 00:56:37,910 [DEBUG] controller._on_landmark_update(): Pointer mapped to screen position: (442, 285)
2025-12-03 00:56:37,911 [DEBUG] mouse_event_mapper.detect(): thumb-index distances: current=0.14614870097155408, past=0.16192378926338374
2025-12-03 00:56:37,911 [DEBUG] mouse_event_mapper.detect(): thumb-middle distances: current=0.1278031894169883, past=0.1515498656269948
2025-12-03 00:56:37,911 [DEBUG] mouse_event_mapper.update(): detected mouse event: MouseEvent.MOVE
2025-12-03 00:56:37,911 [DEBUG] controller._on_landmark_update(): Mouse event deteced: MOVE
2025-12-03 00:56:37,931 [DEBUG] camera.run(): Captured frame at timestamp: 24255
2025-12-03 00:56:37,942 [DEBUG] landmarker.update(): velocity=0.051492036019088486
2025-12-03 00:56:37,943 [DEBUG] pointer_mapper.update(): std=0.0013593395087896742, velocity=0.0034417562125772985
2025-12-03 00:56:37,943 [DEBUG] controller._on_landmark_update(): Pointer mapped to screen position: (434, 286)
2025-12-03 00:56:37,943 [DEBUG] mouse_event_mapper.detect(): thumb-index distances: current=0.1422984663736231, past=0.1558387420547507
2025-12-03 00:56:37,943 [DEBUG] mouse_event_mapper.detect(): thumb-middle distances: current=0.12397838923796141, past=0.1400984922296392
2025-12-03 00:56:37,943 [DEBUG] mouse_event_mapper.update(): detected mouse event: MouseEvent.MOVE
2025-12-03 00:56:37,943 [DEBUG] controller._on_landmark_update(): Mouse event deteced: MOVE
2025-12-03 00:56:37,964 [DEBUG] camera.run(): Captured frame at timestamp: 24288
2025-12-03 00:56:37,975 [DEBUG] landmarker.update(): velocity=0.04537238389072845
2025-12-03 00:56:37,976 [DEBUG] pointer_mapper.update(): std=0.0013643202511052852, velocity=0.0038682893341584973
2025-12-03 00:56:37,976 [DEBUG] controller._on_landmark_update(): Pointer mapped to screen position: (426, 288)
2025-12-03 00:56:37,976 [DEBUG] mouse_event_mapper.detect(): thumb-index distances: current=0.1384617887388725, past=0.15104267967591248
2025-12-03 00:56:37,976 [DEBUG] mouse_event_mapper.detect(): thumb-middle distances: current=0.12014180621101445, past=0.13278102942526585
2025-12-03 00:56:37,976 [DEBUG] mouse_event_mapper.update(): detected mouse event: MouseEvent.MOVE
2025-12-03 00:56:37,976 [DEBUG] controller._on_landmark_update(): Mouse event deteced: MOVE
2025-12-03 00:56:37,998 [DEBUG] camera.run(): Captured frame at timestamp: 24321
2025-12-03 00:56:38,009 [DEBUG] landmarker.update(): velocity=0.05203675056835778
2025-12-03 00:56:38,010 [DEBUG] pointer_mapper.update(): std=0.0018254158112016433, velocity=0.004473515146703951
2025-12-03 00:56:38,010 [DEBUG] controller._on_landmark_update(): Pointer mapped to screen position: (418, 289)
2025-12-03 00:56:38,010 [DEBUG] mouse_event_mapper.detect(): thumb-index distances: current=0.13552225460088388, past=0.14614870097155408
2025-12-03 00:56:38,010 [DEBUG] mouse_event_mapper.detect(): thumb-middle distances: current=0.11743145379026977, past=0.1278031894169883
2025-12-03 00:56:38,010 [DEBUG] mouse_event_mapper.update(): detected mouse event: MouseEvent.MOVE
2025-12-03 00:56:38,010 [DEBUG] controller._on_landmark_update(): Mouse event deteced: MOVE
2025-12-03 00:56:38,031 [DEBUG] camera.run(): Captured frame at timestamp: 24355
2025-12-03 00:56:38,042 [DEBUG] landmarker.update(): velocity=0.06936617497100757
2025-12-03 00:56:38,043 [DEBUG] pointer_mapper.update(): std=0.002455933758887418, velocity=0.005408463127081153
2025-12-03 00:56:38,043 [DEBUG] controller._on_landmark_update(): Pointer mapped to screen position: (410, 289)
2025-12-03 00:56:38,043 [DEBUG] mouse_event_mapper.detect(): thumb-index distances: current=0.1338816282085323, past=0.1422984663736231
2025-12-03 00:56:38,043 [DEBUG] mouse_event_mapper.detect(): thumb-middle distances: current=0.11709843327715709, past=0.12397838923796141
2025-12-03 00:56:38,043 [DEBUG] mouse_event_mapper.update(): detected mouse event: MouseEvent.MOVE
2025-12-03 00:56:38,043 [DEBUG] controller._on_landmark_update(): Mouse event deteced: MOVE
2025-12-03 00:56:38,065 [DEBUG] camera.run(): Captured frame at timestamp: 24388
2025-12-03 00:56:38,076 [DEBUG] landmarker.update(): velocity=0.09484994233692404
2025-12-03 00:56:38,076 [DEBUG] pointer_mapper.update(): std=0.0027481774342350313, velocity=0.006251206602368994
2025-12-03 00:56:38,076 [DEBUG] controller._on_landmark_update(): Pointer mapped to screen position: (401, 289)
2025-12-03 00:56:38,076 [DEBUG] mouse_event_mapper.detect(): thumb-index distances: current=0.1350561277700139, past=0.1384617887388725
2025-12-03 00:56:38,076 [DEBUG] mouse_event_mapper.detect(): thumb-middle distances: current=0.12135748520814826, past=0.12014180621101445
2025-12-03 00:56:38,076 [DEBUG] mouse_event_mapper.update(): detected mouse event: MouseEvent.MOVE
2025-12-03 00:56:38,076 [DEBUG] controller._on_landmark_update(): Mouse event deteced: MOVE
2025-12-03 00:56:38,098 [DEBUG] camera.run(): Captured frame at timestamp: 24422
2025-12-03 00:56:38,110 [DEBUG] landmarker.update(): velocity=0.11711108982472077
2025-12-03 00:56:38,110 [DEBUG] pointer_mapper.update(): std=0.002858221890906377, velocity=0.006960705422519159
2025-12-03 00:56:38,110 [DEBUG] controller._on_landmark_update(): Pointer mapped to screen position: (390, 289)
2025-12-03 00:56:38,110 [DEBUG] mouse_event_mapper.detect(): thumb-index distances: current=0.13937090375378947, past=0.13552225460088388
2025-12-03 00:56:38,110 [DEBUG] mouse_event_mapper.detect(): thumb-middle distances: current=0.13027782873238183, past=0.11743145379026977
2025-12-03 00:56:38,111 [DEBUG] mouse_event_mapper.update(): detected mouse event: MouseEvent.MOVE
2025-12-03 00:56:38,111 [DEBUG] controller._on_landmark_update(): Mouse event deteced: MOVE
2025-12-03 00:56:38,133 [DEBUG] camera.run(): Captured frame at timestamp: 24457
2025-12-03 00:56:38,144 [DEBUG] landmarker.update(): velocity=0.12289337929775451
2025-12-03 00:56:38,145 [DEBUG] pointer_mapper.update(): std=0.0033232781667477595, velocity=0.007561196226038639
2025-12-03 00:56:38,145 [DEBUG] controller._on_landmark_update(): Pointer mapped to screen position: (379, 289)
2025-12-03 00:56:38,145 [DEBUG] mouse_event_mapper.detect(): thumb-index distances: current=0.14634960952109488, past=0.1338816282085323
2025-12-03 00:56:38,145 [DEBUG] mouse_event_mapper.detect(): thumb-middle distances: current=0.14274383639412444, past=0.11709843327715709
2025-12-03 00:56:38,145 [DEBUG] mouse_event_mapper.update(): detected mouse event: MouseEvent.MOVE
2025-12-03 00:56:38,145 [DEBUG] controller._on_landmark_update(): Mouse event deteced: MOVE
2025-12-03 00:56:38,167 [DEBUG] camera.run(): Captured frame at timestamp: 24490
2025-12-03 00:56:38,178 [DEBUG] landmarker.update(): velocity=0.12659983429825605
2025-12-03 00:56:38,178 [DEBUG] pointer_mapper.update(): std=0.00364283723960242, velocity=0.007921511170762983
2025-12-03 00:56:38,178 [DEBUG] controller._on_landmark_update(): Pointer mapped to screen position: (366, 289)
2025-12-03 00:56:38,178 [DEBUG] mouse_event_mapper.detect(): thumb-index distances: current=0.15536726895820965, past=0.1350561277700139
2025-12-03 00:56:38,178 [DEBUG] mouse_event_mapper.detect(): thumb-middle distances: current=0.156509684632555, past=0.12135748520814826
2025-12-03 00:56:38,178 [DEBUG] mouse_event_mapper.update(): detected mouse event: MouseEvent.MOVE
2025-12-03 00:56:38,178 [DEBUG] controller._on_landmark_update(): Mouse event deteced: MOVE
2025-12-03 00:56:38,200 [DEBUG] camera.run(): Captured frame at timestamp: 24523
2025-12-03 00:56:38,211 [DEBUG] landmarker.update(): velocity=0.13157991804286573
2025-12-03 00:56:38,211 [DEBUG] pointer_mapper.update(): std=0.004032094942000755, velocity=0.009013018086626252
2025-12-03 00:56:38,211 [DEBUG] controller._on_landmark_update(): Pointer mapped to screen position: (352, 289)
2025-12-03 00:56:38,211 [DEBUG] mouse_event_mapper.detect(): thumb-index distances: current=0.16529723758136564, past=0.13937090375378947
2025-12-03 00:56:38,211 [DEBUG] mouse_event_mapper.detect(): thumb-middle distances: current=0.1704348202574036, past=0.13027782873238183
2025-12-03 00:56:38,211 [DEBUG] mouse_event_mapper.update(): detected mouse event: MouseEvent.MOVE
2025-12-03 00:56:38,211 [DEBUG] controller._on_landmark_update(): Mouse event deteced: MOVE
2025-12-03 00:56:38,232 [DEBUG] camera.run(): Captured frame at timestamp: 24555
2025-12-03 00:56:38,242 [DEBUG] landmarker.update(): velocity=0.1330560434094579
2025-12-03 00:56:38,243 [DEBUG] pointer_mapper.update(): std=0.004578485228142721, velocity=0.010040208663476715
2025-12-03 00:56:38,243 [DEBUG] controller._on_landmark_update(): Pointer mapped to screen position: (337, 289)
2025-12-03 00:56:38,243 [DEBUG] mouse_event_mapper.detect(): thumb-index distances: current=0.1756165455575914, past=0.14634960952109488
2025-12-03 00:56:38,243 [DEBUG] mouse_event_mapper.detect(): thumb-middle distances: current=0.18365738386675032, past=0.14274383639412444
2025-12-03 00:56:38,243 [DEBUG] mouse_event_mapper.update(): detected mouse event: MouseEvent.MOVE
2025-12-03 00:56:38,243 [DEBUG] controller._on_landmark_update(): Mouse event deteced: MOVE
2025-12-03 00:56:38,264 [DEBUG] camera.run(): Captured frame at timestamp: 24588
2025-12-03 00:56:38,275 [DEBUG] landmarker.update(): velocity=0.1413140832241521
2025-12-03 00:56:38,276 [DEBUG] pointer_mapper.update(): std=0.005149092360757159, velocity=0.011362417297655162
2025-12-03 00:56:38,276 [DEBUG] controller._on_landmark_update(): Pointer mapped to screen position: (320, 289)
2025-12-03 00:56:38,276 [DEBUG] mouse_event_mapper.detect(): thumb-index distances: current=0.18558457442426698, past=0.15536726895820965
2025-12-03 00:56:38,276 [DEBUG] mouse_event_mapper.detect(): thumb-middle distances: current=0.19527631890994734, past=0.156509684632555
2025-12-03 00:56:38,276 [DEBUG] mouse_event_mapper.update(): detected mouse event: MouseEvent.MOVE
2025-12-03 00:56:38,276 [DEBUG] controller._on_landmark_update(): Mouse event deteced: MOVE
2025-12-03 00:56:38,298 [DEBUG] camera.run(): Captured frame at timestamp: 24622
2025-12-03 00:56:38,309 [DEBUG] landmarker.update(): velocity=0.14578721056467508
2025-12-03 00:56:38,310 [DEBUG] pointer_mapper.update(): std=0.00556037247522858, velocity=0.01230697711235733
2025-12-03 00:56:38,310 [DEBUG] controller._on_landmark_update(): Pointer mapped to screen position: (302, 289)
2025-12-03 00:56:38,310 [DEBUG] mouse_event_mapper.detect(): thumb-index distances: current=0.19486241603848067, past=0.16529723758136564
2025-12-03 00:56:38,310 [DEBUG] mouse_event_mapper.detect(): thumb-middle distances: current=0.20512359404104086, past=0.1704348202574036
2025-12-03 00:56:38,310 [DEBUG] mouse_event_mapper.update(): detected mouse event: MouseEvent.MOVE
2025-12-03 00:56:38,310 [DEBUG] controller._on_landmark_update(): Mouse event deteced: MOVE
2025-12-03 00:56:38,331 [DEBUG] camera.run(): Captured frame at timestamp: 24654
2025-12-03 00:56:38,342 [DEBUG] landmarker.update(): velocity=0.15840010992320527
2025-12-03 00:56:38,343 [DEBUG] pointer_mapper.update(): std=0.006006357047323392, velocity=0.013640769616934025
2025-12-03 00:56:38,343 [DEBUG] controller._on_landmark_update(): Pointer mapped to screen position: (282, 289)
2025-12-03 00:56:38,343 [DEBUG] mouse_event_mapper.detect(): thumb-index distances: current=0.20088307504510275, past=0.1756165455575914
2025-12-03 00:56:38,343 [DEBUG] mouse_event_mapper.detect(): thumb-middle distances: current=0.21311780730551325, past=0.18365738386675032
2025-12-03 00:56:38,343 [DEBUG] mouse_event_mapper.update(): detected mouse event: MouseEvent.MOVE
2025-12-03 00:56:38,343 [DEBUG] controller._on_landmark_update(): Mouse event deteced: MOVE
2025-12-03 00:56:38,365 [DEBUG] camera.run(): Captured frame at timestamp: 24689
2025-12-03 00:56:38,376 [DEBUG] landmarker.update(): velocity=0.1689581062568285
2025-12-03 00:56:38,377 [DEBUG] pointer_mapper.update(): std=0.006546286782121203, velocity=0.015042343641131963
2025-12-03 00:56:38,377 [DEBUG] controller._on_landmark_update(): Pointer mapped to screen position: (260, 289)
2025-12-03 00:56:38,377 [DEBUG] mouse_event_mapper.detect(): thumb-index distances: current=0.20418329488761858, past=0.18558457442426698
2025-12-03 00:56:38,377 [DEBUG] mouse_event_mapper.detect(): thumb-middle distances: current=0.21997119912591612, past=0.19527631890994734
2025-12-03 00:56:38,377 [DEBUG] mouse_event_mapper.update(): detected mouse event: MouseEvent.MOVE
2025-12-03 00:56:38,377 [DEBUG] controller._on_landmark_update(): Mouse event deteced: MOVE
2025-12-03 00:56:38,399 [DEBUG] camera.run(): Captured frame at timestamp: 24723
2025-12-03 00:56:38,410 [DEBUG] landmarker.update(): velocity=0.17710922204602825
2025-12-03 00:56:38,411 [DEBUG] pointer_mapper.update(): std=0.007145528878771688, velocity=0.0164584455339244
2025-12-03 00:56:38,411 [DEBUG] controller._on_landmark_update(): Pointer mapped to screen position: (236, 289)
2025-12-03 00:56:38,411 [DEBUG] mouse_event_mapper.detect(): thumb-index distances: current=0.20392874137176398, past=0.19486241603848067
2025-12-03 00:56:38,411 [DEBUG] mouse_event_mapper.detect(): thumb-middle distances: current=0.22618062569759542, past=0.20512359404104086
2025-12-03 00:56:38,411 [DEBUG] mouse_event_mapper.update(): detected mouse event: MouseEvent.MOVE
2025-12-03 00:56:38,411 [DEBUG] controller._on_landmark_update(): Mouse event deteced: MOVE
2025-12-03 00:56:38,432 [DEBUG] camera.run(): Captured frame at timestamp: 24756
2025-12-03 00:56:38,443 [DEBUG] landmarker.update(): velocity=0.18366797847827004
2025-12-03 00:56:38,444 [DEBUG] pointer_mapper.update(): std=0.007700015994230932, velocity=0.017680341257028918
2025-12-03 00:56:38,444 [DEBUG] controller._on_landmark_update(): Pointer mapped to screen position: (210, 288)
2025-12-03 00:56:38,444 [DEBUG] mouse_event_mapper.detect(): thumb-index distances: current=0.20194663676324942, past=0.20088307504510275
2025-12-03 00:56:38,444 [DEBUG] mouse_event_mapper.detect(): thumb-middle distances: current=0.23257603729075652, past=0.21311780730551325
2025-12-03 00:56:38,444 [DEBUG] mouse_event_mapper.update(): detected mouse event: MouseEvent.MOVE
2025-12-03 00:56:38,444 [DEBUG] controller._on_landmark_update(): Mouse event deteced: MOVE
2025-12-03 00:56:38,465 [DEBUG] camera.run(): Captured frame at timestamp: 24788
2025-12-03 00:56:38,476 [DEBUG] landmarker.update(): velocity=0.192971180306816
2025-12-03 00:56:38,476 [DEBUG] pointer_mapper.update(): std=0.008155353705908114, velocity=0.01907431271533405
2025-12-03 00:56:38,476 [DEBUG] controller._on_landmark_update(): Pointer mapped to screen position: (183, 287)
2025-12-03 00:56:38,476 [DEBUG] mouse_event_mapper.detect(): thumb-index distances: current=0.20237770875894312, past=0.20418329488761858
2025-12-03 00:56:38,476 [DEBUG] mouse_event_mapper.detect(): thumb-middle distances: current=0.23870885920969206, past=0.21997119912591612
2025-12-03 00:56:38,476 [DEBUG] mouse_event_mapper.update(): detected mouse event: MouseEvent.MOVE
2025-12-03 00:56:38,476 [DEBUG] controller._on_landmark_update(): Mouse event deteced: MOVE
2025-12-03 00:56:38,497 [DEBUG] camera.run(): Captured frame at timestamp: 24821
2025-12-03 00:56:38,508 [DEBUG] landmarker.update(): velocity=0.1920076019885788
2025-12-03 00:56:38,509 [DEBUG] pointer_mapper.update(): std=0.008477294690222043, velocity=0.019918398464501462
2025-12-03 00:56:38,509 [DEBUG] controller._on_landmark_update(): Pointer mapped to screen position: (154, 286)
2025-12-03 00:56:38,509 [DEBUG] mouse_event_mapper.detect(): thumb-index distances: current=0.2054096123355671, past=0.20392874137176398
2025-12-03 00:56:38,509 [DEBUG] mouse_event_mapper.detect(): thumb-middle distances: current=0.24462571270340158, past=0.22618062569759542
2025-12-03 00:56:38,509 [DEBUG] mouse_event_mapper.update(): detected mouse event: MouseEvent.MOVE
2025-12-03 00:56:38,509 [DEBUG] controller._on_landmark_update(): Mouse event deteced: MOVE
2025-12-03 00:56:38,531 [DEBUG] camera.run(): Captured frame at timestamp: 24854
2025-12-03 00:56:38,542 [DEBUG] landmarker.update(): velocity=0.1938563485118308
2025-12-03 00:56:38,543 [DEBUG] pointer_mapper.update(): std=0.008765749196191264, velocity=0.0203941944473261
2025-12-03 00:56:38,543 [DEBUG] controller._on_landmark_update(): Pointer mapped to screen position: (124, 285)
2025-12-03 00:56:38,543 [DEBUG] mouse_event_mapper.detect(): thumb-index distances: current=0.2127708190775149, past=0.20194663676324942
2025-12-03 00:56:38,543 [DEBUG] mouse_event_mapper.detect(): thumb-middle distances: current=0.24958334344416389, past=0.23257603729075652
2025-12-03 00:56:38,543 [DEBUG] mouse_event_mapper.update(): detected mouse event: MouseEvent.MOVE
2025-12-03 00:56:38,543 [DEBUG] controller._on_landmark_update(): Mouse event deteced: MOVE
2025-12-03 00:56:38,565 [DEBUG] camera.run(): Captured frame at timestamp: 24888
2025-12-03 00:56:38,576 [DEBUG] landmarker.update(): velocity=0.19171175829372292
2025-12-03 00:56:38,577 [DEBUG] pointer_mapper.update(): std=0.008886593839245822, velocity=0.02012307176674587
2025-12-03 00:56:38,577 [DEBUG] controller._on_landmark_update(): Pointer mapped to screen position: (99, 285)
2025-12-03 00:56:38,577 [DEBUG] mouse_event_mapper.detect(): thumb-index distances: current=0.21954399968694793, past=0.20237770875894312
2025-12-03 00:56:38,577 [DEBUG] mouse_event_mapper.detect(): thumb-middle distances: current=0.2533982310490138, past=0.23870885920969206
2025-12-03 00:56:38,577 [DEBUG] mouse_event_mapper.update(): detected mouse event: MouseEvent.MOVE
2025-12-03 00:56:38,577 [DEBUG] controller._on_landmark_update(): Mouse event deteced: MOVE
2025-12-03 00:56:38,598 [DEBUG] camera.run(): Captured frame at timestamp: 24922
2025-12-03 00:56:38,609 [DEBUG] landmarker.update(): velocity=0.18996419113761623
2025-12-03 00:56:38,610 [DEBUG] pointer_mapper.update(): std=0.008786468437300623, velocity=0.01995122278276361
2025-12-03 00:56:38,610 [DEBUG] controller._on_landmark_update(): Pointer mapped to screen position: (79, 284)
2025-12-03 00:56:38,610 [DEBUG] mouse_event_mapper.detect(): thumb-index distances: current=0.22606796391802483, past=0.2054096123355671
2025-12-03 00:56:38,610 [DEBUG] mouse_event_mapper.detect(): thumb-middle distances: current=0.25624944599886035, past=0.24462571270340158
2025-12-03 00:56:38,610 [DEBUG] mouse_event_mapper.update(): detected mouse event: MouseEvent.MOVE
2025-12-03 00:56:38,610 [DEBUG] controller._on_landmark_update(): Mouse event deteced: MOVE
2025-12-03 00:56:38,632 [DEBUG] camera.run(): Captured frame at timestamp: 24955
2025-12-03 00:56:38,643 [DEBUG] landmarker.update(): velocity=0.18048758905124626
2025-12-03 00:56:38,644 [DEBUG] pointer_mapper.update(): std=0.008362053900397404, velocity=0.0187520883237091
2025-12-03 00:56:38,644 [DEBUG] controller._on_landmark_update(): Pointer mapped to screen position: (63, 283)
2025-12-03 00:56:38,644 [DEBUG] mouse_event_mapper.detect(): thumb-index distances: current=0.23080329565928884, past=0.2127708190775149
2025-12-03 00:56:38,644 [DEBUG] mouse_event_mapper.detect(): thumb-middle distances: current=0.25851500614233186, past=0.24958334344416389
2025-12-03 00:56:38,644 [DEBUG] mouse_event_mapper.update(): detected mouse event: MouseEvent.MOVE
2025-12-03 00:56:38,644 [DEBUG] controller._on_landmark_update(): Mouse event deteced: MOVE
2025-12-03 00:56:38,666 [DEBUG] camera.run(): Captured frame at timestamp: 24990
2025-12-03 00:56:38,677 [DEBUG] landmarker.update(): velocity=0.1734649373852802
2025-12-03 00:56:38,678 [DEBUG] pointer_mapper.update(): std=0.007987852399248416, velocity=0.017907093970041893
2025-12-03 00:56:38,678 [DEBUG] controller._on_landmark_update(): Pointer mapped to screen position: (51, 284)
2025-12-03 00:56:38,678 [DEBUG] mouse_event_mapper.detect(): thumb-index distances: current=0.23364570411518262, past=0.21954399968694793
2025-12-03 00:56:38,678 [DEBUG] mouse_event_mapper.detect(): thumb-middle distances: current=0.2609921268175905, past=0.2533982310490138
2025-12-03 00:56:38,678 [DEBUG] mouse_event_mapper.update(): detected mouse event: MouseEvent.MOVE
2025-12-03 00:56:38,678 [DEBUG] controller._on_landmark_update(): Mouse event deteced: MOVE
2025-12-03 00:56:38,699 [DEBUG] camera.run(): Captured frame at timestamp: 25023
2025-12-03 00:56:38,710 [DEBUG] landmarker.update(): velocity=0.15976691961077732
2025-12-03 00:56:38,711 [DEBUG] pointer_mapper.update(): std=0.0075799075908976445, velocity=0.016555215355786277
2025-12-03 00:56:38,711 [DEBUG] controller._on_landmark_update(): Pointer mapped to screen position: (40, 285)
2025-12-03 00:56:38,711 [DEBUG] mouse_event_mapper.detect(): thumb-index distances: current=0.2346251382194056, past=0.22606796391802483
2025-12-03 00:56:38,711 [DEBUG] mouse_event_mapper.detect(): thumb-middle distances: current=0.2627305630567556, past=0.25624944599886035
2025-12-03 00:56:38,711 [DEBUG] mouse_event_mapper.update(): detected mouse event: MouseEvent.MOVE
2025-12-03 00:56:38,711 [DEBUG] controller._on_landmark_update(): Mouse event deteced: MOVE
2025-12-03 00:56:38,731 [DEBUG] camera.run(): Captured frame at timestamp: 25055
2025-12-03 00:56:38,742 [DEBUG] landmarker.update(): velocity=0.15190984749637879
2025-12-03 00:56:38,743 [DEBUG] pointer_mapper.update(): std=0.00723165406608788, velocity=0.015284502258653675
2025-12-03 00:56:38,743 [DEBUG] controller._on_landmark_update(): Pointer mapped to screen position: (32, 286)
2025-12-03 00:56:38,743 [DEBUG] mouse_event_mapper.detect(): thumb-index distances: current=0.2321891329336148, past=0.23080329565928884
2025-12-03 00:56:38,743 [DEBUG] mouse_event_mapper.detect(): thumb-middle distances: current=0.2614424501524062, past=0.25851500614233186
2025-12-03 00:56:38,743 [DEBUG] mouse_event_mapper.update(): detected mouse event: MouseEvent.MOVE
2025-12-03 00:56:38,743 [DEBUG] controller._on_landmark_update(): Mouse event deteced: MOVE
2025-12-03 00:56:38,764 [DEBUG] camera.run(): Captured frame at timestamp: 25088
2025-12-03 00:56:38,776 [DEBUG] landmarker.update(): velocity=0.1804393506661845
2025-12-03 00:56:38,776 [DEBUG] pointer_mapper.update(): std=0.006936213534274729, velocity=0.01382706455896445
2025-12-03 00:56:38,776 [DEBUG] controller._on_landmark_update(): Pointer mapped to screen position: (26, 289)
2025-12-03 00:56:38,776 [DEBUG] mouse_event_mapper.detect(): thumb-index distances: current=0.22391353459922717, past=0.23364570411518262
2025-12-03 00:56:38,776 [DEBUG] mouse_event_mapper.detect(): thumb-middle distances: current=0.2532769870027671, past=0.2609921268175905
2025-12-03 00:56:38,776 [DEBUG] mouse_event_mapper.update(): detected mouse event: MouseEvent.MOVE
2025-12-03 00:56:38,776 [DEBUG] controller._on_landmark_update(): Mouse event deteced: MOVE
2025-12-03 00:56:38,798 [DEBUG] camera.run(): Captured frame at timestamp: 25121
2025-12-03 00:56:38,809 [DEBUG] landmarker.update(): velocity=0.17959120303012738
2025-12-03 00:56:38,809 [DEBUG] pointer_mapper.update(): std=0.006579060776000142, velocity=0.012666931403499244
2025-12-03 00:56:38,809 [DEBUG] controller._on_landmark_update(): Pointer mapped to screen position: (20, 293)
2025-12-03 00:56:38,809 [DEBUG] mouse_event_mapper.detect(): thumb-index distances: current=0.20965262675395802, past=0.2346251382194056
2025-12-03 00:56:38,809 [DEBUG] mouse_event_mapper.detect(): thumb-middle distances: current=0.23907871104225445, past=0.2627305630567556
2025-12-03 00:56:38,809 [DEBUG] mouse_event_mapper.update(): detected mouse event: MouseEvent.MOVE
2025-12-03 00:56:38,809 [DEBUG] controller._on_landmark_update(): Mouse event deteced: MOVE
2025-12-03 00:56:38,831 [DEBUG] camera.run(): Captured frame at timestamp: 25155
2025-12-03 00:56:38,842 [DEBUG] landmarker.update(): velocity=0.16212880796459223
2025-12-03 00:56:38,843 [DEBUG] pointer_mapper.update(): std=0.006013214317479498, velocity=0.011488447059477073
2025-12-03 00:56:38,843 [DEBUG] controller._on_landmark_update(): Pointer mapped to screen position: (16, 297)
2025-12-03 00:56:38,843 [DEBUG] mouse_event_mapper.detect(): thumb-index distances: current=0.1927952670111944, past=0.2321891329336148
2025-12-03 00:56:38,843 [DEBUG] mouse_event_mapper.detect(): thumb-middle distances: current=0.22140472281314785, past=0.2614424501524062
2025-12-03 00:56:38,843 [DEBUG] mouse_event_mapper.update(): detected mouse event: MouseEvent.MOVE
2025-12-03 00:56:38,843 [DEBUG] controller._on_landmark_update(): Mouse event deteced: MOVE
2025-12-03 00:56:38,865 [DEBUG] camera.run(): Captured frame at timestamp: 25189
2025-12-03 00:56:38,876 [DEBUG] landmarker.update(): velocity=0.13483009579654806
2025-12-03 00:56:38,876 [DEBUG] pointer_mapper.update(): std=0.005276688306840278, velocity=0.009803050992439747
2025-12-03 00:56:38,877 [DEBUG] controller._on_landmark_update(): Pointer mapped to screen position: (13, 301)
2025-12-03 00:56:38,877 [DEBUG] mouse_event_mapper.detect(): thumb-index distances: current=0.1770207890409752, past=0.22391353459922717
2025-12-03 00:56:38,877 [DEBUG] mouse_event_mapper.detect(): thumb-middle distances: current=0.20576540225719517, past=0.2532769870027671
2025-12-03 00:56:38,877 [DEBUG] mouse_event_mapper.update(): detected mouse event: MouseEvent.MOVE
2025-12-03 00:56:38,877 [DEBUG] controller._on_landmark_update(): Mouse event deteced: MOVE
2025-12-03 00:56:38,898 [DEBUG] camera.run(): Captured frame at timestamp: 25221
2025-12-03 00:56:38,909 [DEBUG] landmarker.update(): velocity=0.1169288643867826
2025-12-03 00:56:38,909 [DEBUG] pointer_mapper.update(): std=0.004396612013483039, velocity=0.008248521512557967
2025-12-03 00:56:38,909 [DEBUG] controller._on_landmark_update(): Pointer mapped to screen position: (10, 306)
2025-12-03 00:56:38,910 [DEBUG] mouse_event_mapper.detect(): thumb-index distances: current=0.16457276289613007, past=0.20965262675395802
2025-12-03 00:56:38,910 [DEBUG] mouse_event_mapper.detect(): thumb-middle distances: current=0.1928096229307018, past=0.23907871104225445
2025-12-03 00:56:38,910 [DEBUG] mouse_event_mapper.update(): detected mouse event: MouseEvent.MOVE
2025-12-03 00:56:38,910 [DEBUG] controller._on_landmark_update(): Mouse event deteced: MOVE
2025-12-03 00:56:38,933 [DEBUG] camera.run(): Captured frame at timestamp: 25256
2025-12-03 00:56:38,944 [DEBUG] landmarker.update(): velocity=0.10092957238233581
2025-12-03 00:56:38,944 [DEBUG] pointer_mapper.update(): std=0.003476789177277262, velocity=0.006639910622950134
2025-12-03 00:56:38,944 [DEBUG] controller._on_landmark_update(): Pointer mapped to screen position: (8, 310)
2025-12-03 00:56:38,944 [DEBUG] mouse_event_mapper.detect(): thumb-index distances: current=0.1547869696597436, past=0.1927952670111944
2025-12-03 00:56:38,944 [DEBUG] mouse_event_mapper.detect(): thumb-middle distances: current=0.1816937567513273, past=0.22140472281314785
2025-12-03 00:56:38,944 [DEBUG] mouse_event_mapper.update(): detected mouse event: MouseEvent.MOVE
2025-12-03 00:56:38,944 [DEBUG] controller._on_landmark_update(): Mouse event deteced: MOVE
2025-12-03 00:56:38,966 [DEBUG] camera.run(): Captured frame at timestamp: 25290
2025-12-03 00:56:38,977 [DEBUG] landmarker.update(): velocity=0.0714787463794248
2025-12-03 00:56:38,978 [DEBUG] pointer_mapper.update(): std=0.002575632537388358, velocity=0.005404661685380035
2025-12-03 00:56:38,978 [DEBUG] controller._on_landmark_update(): Pointer mapped to screen position: (6, 315)
2025-12-03 00:56:38,978 [DEBUG] mouse_event_mapper.detect(): thumb-index distances: current=0.14720566417506165, past=0.1770207890409752
2025-12-03 00:56:38,978 [DEBUG] mouse_event_mapper.detect(): thumb-middle distances: current=0.17223303178816807, past=0.20576540225719517
2025-12-03 00:56:38,978 [DEBUG] mouse_event_mapper.update(): detected mouse event: MouseEvent.MOVE
2025-12-03 00:56:38,978 [DEBUG] controller._on_landmark_update(): Mouse event deteced: MOVE
2025-12-03 00:56:38,998 [DEBUG] camera.run(): Captured frame at timestamp: 25322
2025-12-03 00:56:39,009 [DEBUG] landmarker.update(): velocity=0.06564597891916055
2025-12-03 00:56:39,010 [DEBUG] pointer_mapper.update(): std=0.0019270191852452667, velocity=0.004072310489150464
2025-12-03 00:56:39,010 [DEBUG] controller._on_landmark_update(): Pointer mapped to screen position: (5, 319)
2025-12-03 00:56:39,010 [DEBUG] mouse_event_mapper.detect(): thumb-index distances: current=0.14073843856160054, past=0.16457276289613007
2025-12-03 00:56:39,010 [DEBUG] mouse_event_mapper.detect(): thumb-middle distances: current=0.16391541261392853, past=0.1928096229307018
2025-12-03 00:56:39,010 [DEBUG] mouse_event_mapper.update(): detected mouse event: MouseEvent.MOVE
2025-12-03 00:56:39,010 [DEBUG] controller._on_landmark_update(): Mouse event deteced: MOVE
2025-12-03 00:56:39,031 [DEBUG] camera.run(): Captured frame at timestamp: 25355
2025-12-03 00:56:39,042 [DEBUG] landmarker.update(): velocity=0.05937166217236089
2025-12-03 00:56:39,043 [DEBUG] pointer_mapper.update(): std=0.0014323491432081021, velocity=0.0036943415347148153
2025-12-03 00:56:39,043 [DEBUG] controller._on_landmark_update(): Pointer mapped to screen position: (4, 323)
2025-12-03 00:56:39,043 [DEBUG] mouse_event_mapper.detect(): thumb-index distances: current=0.1356979638549983, past=0.1547869696597436
2025-12-03 00:56:39,043 [DEBUG] mouse_event_mapper.detect(): thumb-middle distances: current=0.1575982390930195, past=0.1816937567513273
2025-12-03 00:56:39,043 [DEBUG] mouse_event_mapper.update(): detected mouse event: MouseEvent.MOVE
2025-12-03 00:56:39,043 [DEBUG] controller._on_landmark_update(): Mouse event deteced: MOVE
2025-12-03 00:56:39,065 [DEBUG] camera.run(): Captured frame at timestamp: 25388
2025-12-03 00:56:39,076 [DEBUG] landmarker.update(): velocity=0.04125064530881664
2025-12-03 00:56:39,076 [DEBUG] pointer_mapper.update(): std=0.0011665826337491016, velocity=0.002195230385329237
2025-12-03 00:56:39,077 [DEBUG] controller._on_landmark_update(): Pointer mapped to screen position: (3, 326)
2025-12-03 00:56:39,077 [DEBUG] mouse_event_mapper.detect(): thumb-index distances: current=0.1308328658748318, past=0.14720566417506165
2025-12-03 00:56:39,077 [DEBUG] mouse_event_mapper.detect(): thumb-middle distances: current=0.1523717989007031, past=0.17223303178816807
2025-12-03 00:56:39,077 [DEBUG] mouse_event_mapper.update(): detected mouse event: MouseEvent.MOVE
2025-12-03 00:56:39,077 [DEBUG] controller._on_landmark_update(): Mouse event deteced: MOVE
2025-12-03 00:56:39,098 [DEBUG] camera.run(): Captured frame at timestamp: 25422
2025-12-03 00:56:39,109 [DEBUG] landmarker.update(): velocity=0.034701673710874625
2025-12-03 00:56:39,110 [DEBUG] pointer_mapper.update(): std=0.0009070451730014697, velocity=0.001629855552438244
2025-12-03 00:56:39,110 [DEBUG] controller._on_landmark_update(): Pointer mapped to screen position: (2, 330)
2025-12-03 00:56:39,110 [DEBUG] mouse_event_mapper.detect(): thumb-index distances: current=0.12772672488123252, past=0.14073843856160054
2025-12-03 00:56:39,110 [DEBUG] mouse_event_mapper.detect(): thumb-middle distances: current=0.14800017133229568, past=0.16391541261392853
2025-12-03 00:56:39,110 [DEBUG] mouse_event_mapper.update(): detected mouse event: MouseEvent.MOVE
2025-12-03 00:56:39,110 [DEBUG] controller._on_landmark_update(): Mouse event deteced: MOVE
2025-12-03 00:56:39,132 [DEBUG] camera.run(): Captured frame at timestamp: 25455
2025-12-03 00:56:39,143 [DEBUG] landmarker.update(): velocity=0.035467430867044715
2025-12-03 00:56:39,143 [DEBUG] pointer_mapper.update(): std=0.0010648766269230874, velocity=0.0023519029877507565
2025-12-03 00:56:39,143 [DEBUG] controller._on_landmark_update(): Pointer mapped to screen position: (2, 332)
2025-12-03 00:56:39,143 [DEBUG] mouse_event_mapper.detect(): thumb-index distances: current=0.12433658145081429, past=0.1356979638549983
2025-12-03 00:56:39,143 [DEBUG] mouse_event_mapper.detect(): thumb-middle distances: current=0.14519884002794026, past=0.1575982390930195
2025-12-03 00:56:39,143 [DEBUG] mouse_event_mapper.update(): detected mouse event: MouseEvent.MOVE
2025-12-03 00:56:39,143 [DEBUG] controller._on_landmark_update(): Mouse event deteced: MOVE
2025-12-03 00:56:39,165 [DEBUG] camera.run(): Captured frame at timestamp: 25488
2025-12-03 00:56:39,175 [DEBUG] landmarker.update(): velocity=0.05632255674887397
2025-12-03 00:56:39,176 [DEBUG] pointer_mapper.update(): std=0.0019005066730477425, velocity=0.004163864618444202
2025-12-03 00:56:39,176 [DEBUG] controller._on_landmark_update(): Pointer mapped to screen position: (1, 335)
2025-12-03 00:56:39,176 [DEBUG] mouse_event_mapper.detect(): thumb-index distances: current=0.12205415871144831, past=0.1308328658748318
2025-12-03 00:56:39,176 [DEBUG] mouse_event_mapper.detect(): thumb-middle distances: current=0.14361472125460187, past=0.1523717989007031
2025-12-03 00:56:39,176 [DEBUG] mouse_event_mapper.update(): detected mouse event: MouseEvent.MOVE
2025-12-03 00:56:39,176 [DEBUG] controller._on_landmark_update(): Mouse event deteced: MOVE
2025-12-03 00:56:39,199 [DEBUG] camera.run(): Captured frame at timestamp: 25523
2025-12-03 00:56:39,210 [DEBUG] landmarker.update(): velocity=0.08458295146340426
2025-12-03 00:56:39,211 [DEBUG] pointer_mapper.update(): std=0.0025935557930926293, velocity=0.006235683917292143
2025-12-03 00:56:39,211 [DEBUG] controller._on_landmark_update(): Pointer mapped to screen position: (1, 336)
2025-12-03 00:56:39,211 [DEBUG] mouse_event_mapper.detect(): thumb-index distances: current=0.11942333777595297, past=0.12772672488123252
2025-12-03 00:56:39,211 [DEBUG] mouse_event_mapper.detect(): thumb-middle distances: current=0.14290314097990217, past=0.14800017133229568
2025-12-03 00:56:39,211 [DEBUG] mouse_event_mapper.update(): detected mouse event: MouseEvent.MOVE
2025-12-03 00:56:39,211 [DEBUG] controller._on_landmark_update(): Mouse event deteced: MOVE
2025-12-03 00:56:39,232 [DEBUG] camera.run(): Captured frame at timestamp: 25555
2025-12-03 00:56:39,243 [DEBUG] landmarker.update(): velocity=0.10055039024694752
2025-12-03 00:56:39,244 [DEBUG] pointer_mapper.update(): std=0.003522198693266005, velocity=0.008079714645297732
2025-12-03 00:56:39,244 [DEBUG] controller._on_landmark_update(): Pointer mapped to screen position: (1, 337)
2025-12-03 00:56:39,244 [DEBUG] mouse_event_mapper.detect(): thumb-index distances: current=0.11795879756893102, past=0.12433658145081429
2025-12-03 00:56:39,244 [DEBUG] mouse_event_mapper.detect(): thumb-middle distances: current=0.14210583550631742, past=0.14519884002794026
2025-12-03 00:56:39,244 [DEBUG] mouse_event_mapper.update(): detected mouse event: MouseEvent.MOVE
2025-12-03 00:56:39,244 [DEBUG] controller._on_landmark_update(): Mouse event deteced: MOVE
2025-12-03 00:56:39,265 [DEBUG] camera.run(): Captured frame at timestamp: 25588
2025-12-03 00:56:39,276 [DEBUG] landmarker.update(): velocity=0.1230994665424027
2025-12-03 00:56:39,276 [DEBUG] pointer_mapper.update(): std=0.004733363852150121, velocity=0.010361542392331159
2025-12-03 00:56:39,276 [DEBUG] controller._on_landmark_update(): Pointer mapped to screen position: (0, 337)
2025-12-03 00:56:39,276 [DEBUG] mouse_event_mapper.detect(): thumb-index distances: current=0.11762227473963899, past=0.12205415871144831
2025-12-03 00:56:39,276 [DEBUG] mouse_event_mapper.detect(): thumb-middle distances: current=0.14123465504847413, past=0.14361472125460187
2025-12-03 00:56:39,276 [DEBUG] mouse_event_mapper.update(): detected mouse event: MouseEvent.MOVE
2025-12-03 00:56:39,276 [DEBUG] controller._on_landmark_update(): Mouse event deteced: MOVE
2025-12-03 00:56:39,298 [DEBUG] camera.run(): Captured frame at timestamp: 25622
2025-12-03 00:56:39,309 [DEBUG] landmarker.update(): velocity=0.1581889741942081
2025-12-03 00:56:39,310 [DEBUG] pointer_mapper.update(): std=0.006250310065580009, velocity=0.013436498798054355
2025-12-03 00:56:39,310 [DEBUG] controller._on_landmark_update(): Pointer mapped to screen position: (0, 336)
2025-12-03 00:56:39,310 [DEBUG] mouse_event_mapper.detect(): thumb-index distances: current=0.11770585584943233, past=0.11942333777595297
2025-12-03 00:56:39,310 [DEBUG] mouse_event_mapper.detect(): thumb-middle distances: current=0.14104200852985035, past=0.14290314097990217
2025-12-03 00:56:39,310 [DEBUG] mouse_event_mapper.update(): detected mouse event: MouseEvent.MOVE
2025-12-03 00:56:39,310 [DEBUG] controller._on_landmark_update(): Mouse event deteced: MOVE
2025-12-03 00:56:39,332 [DEBUG] camera.run(): Captured frame at timestamp: 25655
2025-12-03 00:56:39,343 [DEBUG] landmarker.update(): velocity=0.21190663594802195
2025-12-03 00:56:39,343 [DEBUG] pointer_mapper.update(): std=0.008116760504009701, velocity=0.01764403754230775
2025-12-03 00:56:39,343 [DEBUG] controller._on_landmark_update(): Pointer mapped to screen position: (0, 334)
2025-12-03 00:56:39,343 [DEBUG] mouse_event_mapper.detect(): thumb-index distances: current=0.11889670959676145, past=0.11795879756893102
2025-12-03 00:56:39,343 [DEBUG] mouse_event_mapper.detect(): thumb-middle distances: current=0.1422772715029291, past=0.14210583550631742
2025-12-03 00:56:39,343 [DEBUG] mouse_event_mapper.update(): detected mouse event: MouseEvent.MOVE
2025-12-03 00:56:39,343 [DEBUG] controller._on_landmark_update(): Mouse event deteced: MOVE
2025-12-03 00:56:39,365 [DEBUG] camera.run(): Captured frame at timestamp: 25688
2025-12-03 00:56:39,376 [DEBUG] landmarker.update(): velocity=0.2794742633301883
2025-12-03 00:56:39,376 [DEBUG] pointer_mapper.update(): std=0.010256139330230509, velocity=0.023188757533661616
2025-12-03 00:56:39,376 [DEBUG] controller._on_landmark_update(): Pointer mapped to screen position: (0, 332)
2025-12-03 00:56:39,376 [DEBUG] mouse_event_mapper.detect(): thumb-index distances: current=0.12332261297682212, past=0.11762227473963899
2025-12-03 00:56:39,376 [DEBUG] mouse_event_mapper.detect(): thumb-middle distances: current=0.1472732956270942, past=0.14123465504847413
2025-12-03 00:56:39,376 [DEBUG] mouse_event_mapper.update(): detected mouse event: MouseEvent.MOVE
2025-12-03 00:56:39,376 [DEBUG] controller._on_landmark_update(): Mouse event deteced: MOVE
2025-12-03 00:56:39,398 [DEBUG] camera.run(): Captured frame at timestamp: 25722
2025-12-03 00:56:39,409 [DEBUG] landmarker.update(): velocity=0.3323734308909589
2025-12-03 00:56:39,410 [DEBUG] pointer_mapper.update(): std=0.012640313048123982, velocity=0.02874492699513963
2025-12-03 00:56:39,410 [DEBUG] controller._on_landmark_update(): Pointer mapped to screen position: (0, 329)
2025-12-03 00:56:39,410 [DEBUG] mouse_event_mapper.detect(): thumb-index distances: current=0.1321157708111593, past=0.11770585584943233
2025-12-03 00:56:39,410 [DEBUG] mouse_event_mapper.detect(): thumb-middle distances: current=0.15646396675742777, past=0.14104200852985035
2025-12-03 00:56:39,410 [DEBUG] mouse_event_mapper.update(): detected mouse event: MouseEvent.MOVE
2025-12-03 00:56:39,410 [DEBUG] controller._on_landmark_update(): Mouse event deteced: MOVE
2025-12-03 00:56:39,433 [DEBUG] camera.run(): Captured frame at timestamp: 25756
2025-12-03 00:56:39,443 [DEBUG] landmarker.update(): velocity=0.38375650496350433
2025-12-03 00:56:39,444 [DEBUG] pointer_mapper.update(): std=0.015134297636156558, velocity=0.034060513314344947
2025-12-03 00:56:39,444 [DEBUG] controller._on_landmark_update(): Pointer mapped to screen position: (5, 327)
2025-12-03 00:56:39,444 [DEBUG] mouse_event_mapper.detect(): thumb-index distances: current=0.14457897537507094, past=0.11889670959676145
2025-12-03 00:56:39,444 [DEBUG] mouse_event_mapper.detect(): thumb-middle distances: current=0.1693958248671977, past=0.1422772715029291
2025-12-03 00:56:39,444 [DEBUG] mouse_event_mapper.update(): detected mouse event: MouseEvent.MOVE
2025-12-03 00:56:39,444 [DEBUG] controller._on_landmark_update(): Mouse event deteced: MOVE
2025-12-03 00:56:39,466 [DEBUG] camera.run(): Captured frame at timestamp: 25789
2025-12-03 00:56:39,477 [DEBUG] landmarker.update(): velocity=0.4349654123537055
2025-12-03 00:56:39,478 [DEBUG] pointer_mapper.update(): std=0.017503482072453554, velocity=0.03920518944904119
2025-12-03 00:56:39,478 [DEBUG] controller._on_landmark_update(): Pointer mapped to screen position: (24, 325)
2025-12-03 00:56:39,478 [DEBUG] mouse_event_mapper.detect(): thumb-index distances: current=0.1584636445024533, past=0.12332261297682212
2025-12-03 00:56:39,478 [DEBUG] mouse_event_mapper.detect(): thumb-middle distances: current=0.1846417365766683, past=0.1472732956270942
2025-12-03 00:56:39,478 [DEBUG] mouse_event_mapper.update(): detected mouse event: MouseEvent.MOVE
2025-12-03 00:56:39,478 [DEBUG] controller._on_landmark_update(): Mouse event deteced: MOVE
2025-12-03 00:56:39,498 [DEBUG] camera.run(): Captured frame at timestamp: 25822
2025-12-03 00:56:39,509 [DEBUG] landmarker.update(): velocity=0.4686471619634462
2025-12-03 00:56:39,509 [DEBUG] pointer_mapper.update(): std=0.01962816240921127, velocity=0.04336732937221872
2025-12-03 00:56:39,510 [DEBUG] controller._on_landmark_update(): Pointer mapped to screen position: (56, 323)
2025-12-03 00:56:39,510 [DEBUG] mouse_event_mapper.detect(): thumb-index distances: current=0.17294666530582617, past=0.1321157708111593
2025-12-03 00:56:39,510 [DEBUG] mouse_event_mapper.detect(): thumb-middle distances: current=0.2018860153382196, past=0.15646396675742777
2025-12-03 00:56:39,510 [DEBUG] mouse_event_mapper.update(): detected mouse event: MouseEvent.MOVE
2025-12-03 00:56:39,510 [DEBUG] controller._on_landmark_update(): Mouse event deteced: MOVE
2025-12-03 00:56:39,531 [DEBUG] camera.run(): Captured frame at timestamp: 25854
2025-12-03 00:56:39,542 [DEBUG] landmarker.update(): velocity=0.49078392486954425
2025-12-03 00:56:39,543 [DEBUG] pointer_mapper.update(): std=0.021517143893084397, velocity=0.04729257033897977
2025-12-03 00:56:39,543 [DEBUG] controller._on_landmark_update(): Pointer mapped to screen position: (99, 320)
2025-12-03 00:56:39,543 [DEBUG] mouse_event_mapper.detect(): thumb-index distances: current=0.18628615565277393, past=0.14457897537507094
2025-12-03 00:56:39,543 [DEBUG] mouse_event_mapper.detect(): thumb-middle distances: current=0.21991994393860523, past=0.1693958248671977
2025-12-03 00:56:39,543 [DEBUG] mouse_event_mapper.update(): detected mouse event: MouseEvent.MOVE
2025-12-03 00:56:39,543 [DEBUG] controller._on_landmark_update(): Mouse event deteced: MOVE
2025-12-03 00:56:39,564 [DEBUG] camera.run(): Captured frame at timestamp: 25888
2025-12-03 00:56:39,575 [DEBUG] landmarker.update(): velocity=0.5405467959607926
2025-12-03 00:56:39,576 [DEBUG] pointer_mapper.update(): std=0.02340995097929292, velocity=0.052028864253909
2025-12-03 00:56:39,576 [DEBUG] controller._on_landmark_update(): Pointer mapped to screen position: (154, 319)
2025-12-03 00:56:39,576 [DEBUG] mouse_event_mapper.detect(): thumb-index distances: current=0.19893149130998636, past=0.1584636445024533
2025-12-03 00:56:39,576 [DEBUG] mouse_event_mapper.detect(): thumb-middle distances: current=0.2372505618849258, past=0.1846417365766683
2025-12-03 00:56:39,576 [DEBUG] mouse_event_mapper.update(): detected mouse event: MouseEvent.MOVE
2025-12-03 00:56:39,576 [DEBUG] controller._on_landmark_update(): Mouse event deteced: MOVE
2025-12-03 00:56:39,598 [DEBUG] camera.run(): Captured frame at timestamp: 25922
2025-12-03 00:56:39,609 [DEBUG] landmarker.update(): velocity=0.5695376540174132
2025-12-03 00:56:39,610 [DEBUG] pointer_mapper.update(): std=0.025274828976548563, velocity=0.05595470577852434
2025-12-03 00:56:39,610 [DEBUG] controller._on_landmark_update(): Pointer mapped to screen position: (219, 319)
2025-12-03 00:56:39,610 [DEBUG] mouse_event_mapper.detect(): thumb-index distances: current=0.21025330087408864, past=0.17294666530582617
2025-12-03 00:56:39,610 [DEBUG] mouse_event_mapper.detect(): thumb-middle distances: current=0.2532504808752632, past=0.2018860153382196
2025-12-03 00:56:39,610 [DEBUG] mouse_event_mapper.update(): detected mouse event: MouseEvent.MOVE
2025-12-03 00:56:39,610 [DEBUG] controller._on_landmark_update(): Mouse event deteced: MOVE
2025-12-03 00:56:39,631 [DEBUG] camera.run(): Captured frame at timestamp: 25955
2025-12-03 00:56:39,643 [DEBUG] landmarker.update(): velocity=0.5970088810328302
2025-12-03 00:56:39,643 [DEBUG] pointer_mapper.update(): std=0.0269503445980165, velocity=0.059070588350587816
2025-12-03 00:56:39,643 [DEBUG] controller._on_landmark_update(): Pointer mapped to screen position: (294, 320)
2025-12-03 00:56:39,643 [DEBUG] mouse_event_mapper.detect(): thumb-index distances: current=0.2201147357361126, past=0.18628615565277393
2025-12-03 00:56:39,643 [DEBUG] mouse_event_mapper.detect(): thumb-middle distances: current=0.26687931098559364, past=0.21991994393860523
2025-12-03 00:56:39,643 [DEBUG] mouse_event_mapper.update(): detected mouse event: MouseEvent.MOVE
2025-12-03 00:56:39,643 [DEBUG] controller._on_landmark_update(): Mouse event deteced: MOVE
2025-12-03 00:56:39,665 [DEBUG] camera.run(): Captured frame at timestamp: 25989
2025-12-03 00:56:39,676 [DEBUG] landmarker.update(): velocity=0.6231797364974857
2025-12-03 00:56:39,677 [DEBUG] pointer_mapper.update(): std=0.028211730986917215, velocity=0.06128548157608212
2025-12-03 00:56:39,677 [DEBUG] controller._on_landmark_update(): Pointer mapped to screen position: (377, 323)
2025-12-03 00:56:39,677 [DEBUG] mouse_event_mapper.detect(): thumb-index distances: current=0.22870784953299292, past=0.19893149130998636
2025-12-03 00:56:39,677 [DEBUG] mouse_event_mapper.detect(): thumb-middle distances: current=0.27857849190032696, past=0.2372505618849258
2025-12-03 00:56:39,677 [DEBUG] mouse_event_mapper.update(): detected mouse event: MouseEvent.MOVE
2025-12-03 00:56:39,677 [DEBUG] controller._on_landmark_update(): Mouse event deteced: MOVE
2025-12-03 00:56:39,700 [DEBUG] camera.run(): Captured frame at timestamp: 26023
2025-12-03 00:56:39,711 [DEBUG] landmarker.update(): velocity=0.6372393139092182
2025-12-03 00:56:39,711 [DEBUG] pointer_mapper.update(): std=0.02911658654942754, velocity=0.06280901556749338
2025-12-03 00:56:39,711 [DEBUG] controller._on_landmark_update(): Pointer mapped to screen position: (467, 327)
2025-12-03 00:56:39,711 [DEBUG] mouse_event_mapper.detect(): thumb-index distances: current=0.23553377236069184, past=0.21025330087408864
2025-12-03 00:56:39,711 [DEBUG] mouse_event_mapper.detect(): thumb-middle distances: current=0.28743593022792785, past=0.2532504808752632
2025-12-03 00:56:39,711 [DEBUG] mouse_event_mapper.update(): detected mouse event: MouseEvent.MOVE
2025-12-03 00:56:39,711 [DEBUG] controller._on_landmark_update(): Mouse event deteced: MOVE
2025-12-03 00:56:39,733 [DEBUG] camera.run(): Captured frame at timestamp: 26056
2025-12-03 00:56:39,744 [DEBUG] landmarker.update(): velocity=0.659479416995303
2025-12-03 00:56:39,744 [DEBUG] pointer_mapper.update(): std=0.02975655550810405, velocity=0.06412239057893165
2025-12-03 00:56:39,744 [DEBUG] controller._on_landmark_update(): Pointer mapped to screen position: (565, 332)
2025-12-03 00:56:39,744 [DEBUG] mouse_event_mapper.detect(): thumb-index distances: current=0.24194209605041997, past=0.2201147357361126
2025-12-03 00:56:39,744 [DEBUG] mouse_event_mapper.detect(): thumb-middle distances: current=0.29487945051213, past=0.26687931098559364
2025-12-03 00:56:39,744 [DEBUG] mouse_event_mapper.update(): detected mouse event: MouseEvent.MOVE
2025-12-03 00:56:39,744 [DEBUG] controller._on_landmark_update(): Mouse event deteced: MOVE
2025-12-03 00:56:39,764 [DEBUG] camera.run(): Captured frame at timestamp: 26088
2025-12-03 00:56:39,775 [DEBUG] landmarker.update(): velocity=0.6633668074969321
2025-12-03 00:56:39,776 [DEBUG] pointer_mapper.update(): std=0.030190237575534275, velocity=0.06491161836835263
2025-12-03 00:56:39,776 [DEBUG] controller._on_landmark_update(): Pointer mapped to screen position: (667, 339)
2025-12-03 00:56:39,776 [DEBUG] mouse_event_mapper.detect(): thumb-index distances: current=0.24664315502516798, past=0.22870784953299292
2025-12-03 00:56:39,776 [DEBUG] mouse_event_mapper.detect(): thumb-middle distances: current=0.30032676419288334, past=0.27857849190032696
2025-12-03 00:56:39,776 [DEBUG] mouse_event_mapper.update(): detected mouse event: MouseEvent.MOVE
2025-12-03 00:56:39,776 [DEBUG] controller._on_landmark_update(): Mouse event deteced: MOVE
2025-12-03 00:56:39,798 [DEBUG] camera.run(): Captured frame at timestamp: 26122
2025-12-03 00:56:39,809 [DEBUG] landmarker.update(): velocity=0.675371520859554
2025-12-03 00:56:39,810 [DEBUG] pointer_mapper.update(): std=0.030503262582695992, velocity=0.06563019470201746
2025-12-03 00:56:39,810 [DEBUG] controller._on_landmark_update(): Pointer mapped to screen position: (773, 348)
2025-12-03 00:56:39,810 [DEBUG] mouse_event_mapper.detect(): thumb-index distances: current=0.25065556933851946, past=0.23553377236069184
2025-12-03 00:56:39,810 [DEBUG] mouse_event_mapper.detect(): thumb-middle distances: current=0.30468706568156245, past=0.28743593022792785
2025-12-03 00:56:39,810 [DEBUG] mouse_event_mapper.update(): detected mouse event: MouseEvent.MOVE
2025-12-03 00:56:39,810 [DEBUG] controller._on_landmark_update(): Mouse event deteced: MOVE
2025-12-03 00:56:39,831 [DEBUG] camera.run(): Captured frame at timestamp: 26155
2025-12-03 00:56:39,843 [DEBUG] landmarker.update(): velocity=0.6665952415358839
2025-12-03 00:56:39,843 [DEBUG] pointer_mapper.update(): std=0.030475981977163086, velocity=0.0652430814232936
2025-12-03 00:56:39,843 [DEBUG] controller._on_landmark_update(): Pointer mapped to screen position: (882, 358)
2025-12-03 00:56:39,843 [DEBUG] mouse_event_mapper.detect(): thumb-index distances: current=0.25381166311893805, past=0.24194209605041997
2025-12-03 00:56:39,843 [DEBUG] mouse_event_mapper.detect(): thumb-middle distances: current=0.3086521613756412, past=0.29487945051213
2025-12-03 00:56:39,843 [DEBUG] mouse_event_mapper.update(): detected mouse event: MouseEvent.MOVE
2025-12-03 00:56:39,843 [DEBUG] controller._on_landmark_update(): Mouse event deteced: MOVE
2025-12-03 00:56:39,865 [DEBUG] camera.run(): Captured frame at timestamp: 26188
2025-12-03 00:56:39,875 [DEBUG] landmarker.update(): velocity=0.6527769414783122
2025-12-03 00:56:39,876 [DEBUG] pointer_mapper.update(): std=0.030026849138752, velocity=0.06426332821768767
2025-12-03 00:56:39,876 [DEBUG] controller._on_landmark_update(): Pointer mapped to screen position: (991, 369)
2025-12-03 00:56:39,876 [DEBUG] mouse_event_mapper.detect(): thumb-index distances: current=0.25663716853111623, past=0.24664315502516798
2025-12-03 00:56:39,876 [DEBUG] mouse_event_mapper.detect(): thumb-middle distances: current=0.31218504303802064, past=0.30032676419288334
2025-12-03 00:56:39,876 [DEBUG] mouse_event_mapper.update(): detected mouse event: MouseEvent.MOVE
2025-12-03 00:56:39,876 [DEBUG] controller._on_landmark_update(): Mouse event deteced: MOVE
2025-12-03 00:56:39,898 [DEBUG] camera.run(): Captured frame at timestamp: 26222
2025-12-03 00:56:39,909 [DEBUG] landmarker.update(): velocity=0.6295724479707027
2025-12-03 00:56:39,910 [DEBUG] pointer_mapper.update(): std=0.029198235404432716, velocity=0.06303751691730979
2025-12-03 00:56:39,910 [DEBUG] controller._on_landmark_update(): Pointer mapped to screen position: (1095, 380)
2025-12-03 00:56:39,910 [DEBUG] mouse_event_mapper.detect(): thumb-index distances: current=0.25881991020370554, past=0.25065556933851946
2025-12-03 00:56:39,910 [DEBUG] mouse_event_mapper.detect(): thumb-middle distances: current=0.31496280424567646, past=0.30468706568156245
2025-12-03 00:56:39,910 [DEBUG] mouse_event_mapper.update(): detected mouse event: MouseEvent.MOVE
2025-12-03 00:56:39,910 [DEBUG] controller._on_landmark_update(): Mouse event deteced: MOVE
2025-12-03 00:56:39,932 [DEBUG] camera.run(): Captured frame at timestamp: 26256
2025-12-03 00:56:39,943 [DEBUG] landmarker.update(): velocity=0.6057850838629562
2025-12-03 00:56:39,943 [DEBUG] pointer_mapper.update(): std=0.02863320318068275, velocity=0.061145013932837854
2025-12-03 00:56:39,943 [DEBUG] controller._on_landmark_update(): Pointer mapped to screen position: (1178, 391)
2025-12-03 00:56:39,943 [DEBUG] mouse_event_mapper.detect(): thumb-index distances: current=0.2608147199402611, past=0.25381166311893805
2025-12-03 00:56:39,943 [DEBUG] mouse_event_mapper.detect(): thumb-middle distances: current=0.31638275888528516, past=0.3086521613756412
2025-12-03 00:56:39,943 [DEBUG] mouse_event_mapper.update(): detected mouse event: MouseEvent.MOVE
2025-12-03 00:56:39,943 [DEBUG] controller._on_landmark_update(): Mouse event deteced: MOVE
2025-12-03 00:56:39,967 [DEBUG] camera.run(): Captured frame at timestamp: 26290
2025-12-03 00:56:39,978 [DEBUG] landmarker.update(): velocity=0.5615641731847277
2025-12-03 00:56:39,978 [DEBUG] pointer_mapper.update(): std=0.02772014061703294, velocity=0.05808532062950484
2025-12-03 00:56:39,978 [DEBUG] controller._on_landmark_update(): Pointer mapped to screen position: (1245, 401)
2025-12-03 00:56:39,978 [DEBUG] mouse_event_mapper.detect(): thumb-index distances: current=0.2611526207559522, past=0.25663716853111623
2025-12-03 00:56:39,978 [DEBUG] mouse_event_mapper.detect(): thumb-middle distances: current=0.3160505000838458, past=0.31218504303802064
2025-12-03 00:56:39,978 [DEBUG] mouse_event_mapper.update(): detected mouse event: MouseEvent.MOVE
2025-12-03 00:56:39,978 [DEBUG] controller._on_landmark_update(): Mouse event deteced: MOVE
2025-12-03 00:56:39,999 [DEBUG] camera.run(): Captured frame at timestamp: 26323
2025-12-03 00:56:40,010 [DEBUG] landmarker.update(): velocity=0.5042616308304922
2025-12-03 00:56:40,011 [DEBUG] pointer_mapper.update(): std=0.025555064668073908, velocity=0.05236518761067712
2025-12-03 00:56:40,011 [DEBUG] controller._on_landmark_update(): Pointer mapped to screen position: (1298, 409)
2025-12-03 00:56:40,011 [DEBUG] mouse_event_mapper.detect(): thumb-index distances: current=0.2607141490476182, past=0.25881991020370554
2025-12-03 00:56:40,011 [DEBUG] mouse_event_mapper.detect(): thumb-middle distances: current=0.314646572711925, past=0.31496280424567646
2025-12-03 00:56:40,011 [DEBUG] mouse_event_mapper.update(): detected mouse event: MouseEvent.MOVE
2025-12-03 00:56:40,011 [DEBUG] controller._on_landmark_update(): Mouse event deteced: MOVE
2025-12-03 00:56:40,031 [DEBUG] camera.run(): Captured frame at timestamp: 26355
2025-12-03 00:56:40,043 [DEBUG] landmarker.update(): velocity=0.4384806307780149
2025-12-03 00:56:40,043 [DEBUG] pointer_mapper.update(): std=0.022240441775586373, velocity=0.04670435178575272
2025-12-03 00:56:40,043 [DEBUG] controller._on_landmark_update(): Pointer mapped to screen position: (1341, 417)
2025-12-03 00:56:40,043 [DEBUG] mouse_event_mapper.detect(): thumb-index distances: current=0.25962566566912376, past=0.2608147199402611
2025-12-03 00:56:40,043 [DEBUG] mouse_event_mapper.detect(): thumb-middle distances: current=0.312697588917775, past=0.31638275888528516
2025-12-03 00:56:40,043 [DEBUG] mouse_event_mapper.update(): detected mouse event: MouseEvent.MOVE
2025-12-03 00:56:40,043 [DEBUG] controller._on_landmark_update(): Mouse event deteced: MOVE
2025-12-03 00:56:40,065 [DEBUG] camera.run(): Captured frame at timestamp: 26388
2025-12-03 00:56:40,076 [DEBUG] landmarker.update(): velocity=0.3586389517533546
2025-12-03 00:56:40,076 [DEBUG] pointer_mapper.update(): std=0.018411274117418223, velocity=0.03829205336357256
2025-12-03 00:56:40,076 [DEBUG] controller._on_landmark_update(): Pointer mapped to screen position: (1375, 423)
2025-12-03 00:56:40,076 [DEBUG] mouse_event_mapper.detect(): thumb-index distances: current=0.2583285646771438, past=0.2611526207559522
2025-12-03 00:56:40,076 [DEBUG] mouse_event_mapper.detect(): thumb-middle distances: current=0.3104960302118799, past=0.3160505000838458
2025-12-03 00:56:40,076 [DEBUG] mouse_event_mapper.update(): detected mouse event: MouseEvent.MOVE
2025-12-03 00:56:40,076 [DEBUG] controller._on_landmark_update(): Mouse event deteced: MOVE
2025-12-03 00:56:40,098 [DEBUG] camera.run(): Captured frame at timestamp: 26422
2025-12-03 00:56:40,109 [DEBUG] landmarker.update(): velocity=0.3202216688673016
2025-12-03 00:56:40,110 [DEBUG] pointer_mapper.update(): std=0.015365223377006638, velocity=0.03280436813259286
2025-12-03 00:56:40,110 [DEBUG] controller._on_landmark_update(): Pointer mapped to screen position: (1402, 428)
2025-12-03 00:56:40,110 [DEBUG] mouse_event_mapper.detect(): thumb-index distances: current=0.2567156792698077, past=0.2607141490476182
2025-12-03 00:56:40,110 [DEBUG] mouse_event_mapper.detect(): thumb-middle distances: current=0.3080866693750692, past=0.314646572711925
2025-12-03 00:56:40,110 [DEBUG] mouse_event_mapper.update(): detected mouse event: MouseEvent.MOVE
2025-12-03 00:56:40,110 [DEBUG] controller._on_landmark_update(): Mouse event deteced: MOVE
2025-12-03 00:56:40,132 [DEBUG] camera.run(): Captured frame at timestamp: 26455
2025-12-03 00:56:40,143 [DEBUG] landmarker.update(): velocity=0.2685088048138208
2025-12-03 00:56:40,143 [DEBUG] pointer_mapper.update(): std=0.012433326686283358, velocity=0.025979945386999832
2025-12-03 00:56:40,143 [DEBUG] controller._on_landmark_update(): Pointer mapped to screen position: (1424, 433)
2025-12-03 00:56:40,144 [DEBUG] mouse_event_mapper.detect(): thumb-index distances: current=0.25417841126363283, past=0.25962566566912376
2025-12-03 00:56:40,144 [DEBUG] mouse_event_mapper.detect(): thumb-middle distances: current=0.30498583490487025, past=0.312697588917775
2025-12-03 00:56:40,144 [DEBUG] mouse_event_mapper.update(): detected mouse event: MouseEvent.MOVE
2025-12-03 00:56:40,144 [DEBUG] controller._on_landmark_update(): Mouse event deteced: MOVE
2025-12-03 00:56:40,165 [DEBUG] camera.run(): Captured frame at timestamp: 26489
2025-12-03 00:56:40,176 [DEBUG] landmarker.update(): velocity=0.2195176032604571
2025-12-03 00:56:40,177 [DEBUG] pointer_mapper.update(): std=0.01024006639932096, velocity=0.020687652128006953
2025-12-03 00:56:40,177 [DEBUG] controller._on_landmark_update(): Pointer mapped to screen position: (1442, 438)
2025-12-03 00:56:40,177 [DEBUG] mouse_event_mapper.detect(): thumb-index distances: current=0.2516890598740181, past=0.2583285646771438
2025-12-03 00:56:40,177 [DEBUG] mouse_event_mapper.detect(): thumb-middle distances: current=0.30108856220042846, past=0.3104960302118799
2025-12-03 00:56:40,177 [DEBUG] mouse_event_mapper.update(): detected mouse event: MouseEvent.MOVE
2025-12-03 00:56:40,177 [DEBUG] controller._on_landmark_update(): Mouse event deteced: MOVE
2025-12-03 00:56:40,198 [DEBUG] camera.run(): Captured frame at timestamp: 26522
2025-12-03 00:56:40,210 [DEBUG] landmarker.update(): velocity=0.16405587181319428
2025-12-03 00:56:40,210 [DEBUG] pointer_mapper.update(): std=0.007908631430979633, velocity=0.015519162721993565
2025-12-03 00:56:40,210 [DEBUG] controller._on_landmark_update(): Pointer mapped to screen position: (1456, 441)
2025-12-03 00:56:40,210 [DEBUG] mouse_event_mapper.detect(): thumb-index distances: current=0.24857893996983682, past=0.2567156792698077
2025-12-03 00:56:40,210 [DEBUG] mouse_event_mapper.detect(): thumb-middle distances: current=0.2959321489030174, past=0.3080866693750692
2025-12-03 00:56:40,210 [DEBUG] mouse_event_mapper.update(): detected mouse event: MouseEvent.MOVE
2025-12-03 00:56:40,210 [DEBUG] controller._on_landmark_update(): Mouse event deteced: MOVE
2025-12-03 00:56:40,233 [DEBUG] camera.run(): Captured frame at timestamp: 26556
2025-12-03 00:56:40,244 [DEBUG] landmarker.update(): velocity=0.1339743554305705
2025-12-03 00:56:40,245 [DEBUG] pointer_mapper.update(): std=0.005841593840677692, velocity=0.011091293283480333
2025-12-03 00:56:40,245 [DEBUG] controller._on_landmark_update(): Pointer mapped to screen position: (1467, 443)
2025-12-03 00:56:40,245 [DEBUG] mouse_event_mapper.detect(): thumb-index distances: current=0.24457931157678214, past=0.25417841126363283
2025-12-03 00:56:40,245 [DEBUG] mouse_event_mapper.detect(): thumb-middle distances: current=0.288347311907867, past=0.30498583490487025
2025-12-03 00:56:40,245 [DEBUG] mouse_event_mapper.update(): detected mouse event: MouseEvent.MOVE
2025-12-03 00:56:40,245 [DEBUG] controller._on_landmark_update(): Mouse event deteced: MOVE
2025-12-03 00:56:40,265 [DEBUG] camera.run(): Captured frame at timestamp: 26588
2025-12-03 00:56:40,276 [DEBUG] landmarker.update(): velocity=0.11839864410382041
2025-12-03 00:56:40,277 [DEBUG] pointer_mapper.update(): std=0.004167464476678799, velocity=0.008952068271297036
2025-12-03 00:56:40,277 [DEBUG] controller._on_landmark_update(): Pointer mapped to screen position: (1476, 443)
2025-12-03 00:56:40,277 [DEBUG] mouse_event_mapper.detect(): thumb-index distances: current=0.24000308416395336, past=0.2516890598740181
2025-12-03 00:56:40,277 [DEBUG] mouse_event_mapper.detect(): thumb-middle distances: current=0.27880271730505757, past=0.30108856220042846
2025-12-03 00:56:40,277 [DEBUG] mouse_event_mapper.update(): detected mouse event: MouseEvent.MOVE
2025-12-03 00:56:40,277 [DEBUG] controller._on_landmark_update(): Mouse event deteced: MOVE
2025-12-03 00:56:40,298 [DEBUG] camera.run(): Captured frame at timestamp: 26622
2025-12-03 00:56:40,309 [DEBUG] landmarker.update(): velocity=0.15936882261718058
2025-12-03 00:56:40,310 [DEBUG] pointer_mapper.update(): std=0.004274606338602733, velocity=0.010028750153393919
2025-12-03 00:56:40,310 [DEBUG] controller._on_landmark_update(): Pointer mapped to screen position: (1483, 440)
2025-12-03 00:56:40,310 [DEBUG] mouse_event_mapper.detect(): thumb-index distances: current=0.23529839994721066, past=0.24857893996983682
2025-12-03 00:56:40,310 [DEBUG] mouse_event_mapper.detect(): thumb-middle distances: current=0.2649099916070881, past=0.2959321489030174
2025-12-03 00:56:40,310 [DEBUG] mouse_event_mapper.update(): detected mouse event: MouseEvent.MOVE
2025-12-03 00:56:40,310 [DEBUG] controller._on_landmark_update(): Mouse event deteced: MOVE
2025-12-03 00:56:40,331 [DEBUG] camera.run(): Captured frame at timestamp: 26655
2025-12-03 00:56:40,343 [DEBUG] landmarker.update(): velocity=0.17525861953511643
2025-12-03 00:56:40,343 [DEBUG] pointer_mapper.update(): std=0.00473655836532611, velocity=0.0096715331539869
2025-12-03 00:56:40,343 [DEBUG] controller._on_landmark_update(): Pointer mapped to screen position: (1489, 437)
2025-12-03 00:56:40,343 [DEBUG] mouse_event_mapper.detect(): thumb-index distances: current=0.2318950446315894, past=0.24457931157678214
2025-12-03 00:56:40,343 [DEBUG] mouse_event_mapper.detect(): thumb-middle distances: current=0.24644292923732825, past=0.288347311907867
2025-12-03 00:56:40,343 [DEBUG] mouse_event_mapper.update(): detected mouse event: MouseEvent.MOVE
2025-12-03 00:56:40,343 [DEBUG] controller._on_landmark_update(): Mouse event deteced: MOVE
2025-12-03 00:56:40,365 [DEBUG] camera.run(): Captured frame at timestamp: 26688
2025-12-03 00:56:40,376 [DEBUG] landmarker.update(): velocity=0.20296744717861268
2025-12-03 00:56:40,376 [DEBUG] pointer_mapper.update(): std=0.0048009620966376005, velocity=0.008957584325131003
2025-12-03 00:56:40,377 [DEBUG] controller._on_landmark_update(): Pointer mapped to screen position: (1493, 433)
2025-12-03 00:56:40,377 [DEBUG] mouse_event_mapper.detect(): thumb-index distances: current=0.229499496877035, past=0.24000308416395336
2025-12-03 00:56:40,377 [DEBUG] mouse_event_mapper.detect(): thumb-middle distances: current=0.22373283570580063, past=0.27880271730505757
2025-12-03 00:56:40,377 [DEBUG] mouse_event_mapper.update(): detected mouse event: MouseEvent.MOVE
2025-12-03 00:56:40,377 [DEBUG] controller._on_landmark_update(): Mouse event deteced: MOVE
2025-12-03 00:56:40,398 [DEBUG] camera.run(): Captured frame at timestamp: 26722
2025-12-03 00:56:40,409 [DEBUG] landmarker.update(): velocity=0.2681002793713064
2025-12-03 00:56:40,410 [DEBUG] pointer_mapper.update(): std=0.005379512546637244, velocity=0.010344193111091665
2025-12-03 00:56:40,410 [DEBUG] controller._on_landmark_update(): Pointer mapped to screen position: (1497, 430)
2025-12-03 00:56:40,410 [DEBUG] mouse_event_mapper.detect(): thumb-index distances: current=0.22792899599510322, past=0.23529839994721066
2025-12-03 00:56:40,410 [DEBUG] mouse_event_mapper.detect(): thumb-middle distances: current=0.1981931487084013, past=0.2649099916070881
2025-12-03 00:56:40,410 [DEBUG] mouse_event_mapper.update(): detected mouse event: MouseEvent.MOVE
2025-12-03 00:56:40,410 [DEBUG] controller._on_landmark_update(): Mouse event deteced: MOVE
2025-12-03 00:56:40,432 [DEBUG] camera.run(): Captured frame at timestamp: 26755
2025-12-03 00:56:40,443 [DEBUG] landmarker.update(): velocity=0.17279912035975686
2025-12-03 00:56:40,443 [DEBUG] pointer_mapper.update(): std=0.005633333804569285, velocity=0.00999728694462206
2025-12-03 00:56:40,443 [DEBUG] controller._on_landmark_update(): Pointer mapped to screen position: (1500, 425)
2025-12-03 00:56:40,443 [DEBUG] mouse_event_mapper.detect(): thumb-index distances: current=0.22519886208502046, past=0.2318950446315894
2025-12-03 00:56:40,443 [DEBUG] mouse_event_mapper.detect(): thumb-middle distances: current=0.1733392437678022, past=0.24644292923732825
2025-12-03 00:56:40,443 [DEBUG] mouse_event_mapper.update(): detected mouse event: MouseEvent.MOVE
2025-12-03 00:56:40,443 [DEBUG] controller._on_landmark_update(): Mouse event deteced: MOVE
2025-12-03 00:56:40,466 [DEBUG] camera.run(): Captured frame at timestamp: 26790
2025-12-03 00:56:40,478 [DEBUG] landmarker.update(): velocity=0.09436862286921091
2025-12-03 00:56:40,478 [DEBUG] pointer_mapper.update(): std=0.004706363115728639, velocity=0.008128445001895178
2025-12-03 00:56:40,478 [DEBUG] controller._on_landmark_update(): Pointer mapped to screen position: (1502, 420)
2025-12-03 00:56:40,478 [DEBUG] mouse_event_mapper.detect(): thumb-index distances: current=0.22150684360590941, past=0.229499496877035
2025-12-03 00:56:40,478 [DEBUG] mouse_event_mapper.detect(): thumb-middle distances: current=0.15168828689830016, past=0.22373283570580063
2025-12-03 00:56:40,478 [DEBUG] mouse_event_mapper.update(): detected mouse event: MouseEvent.MOVE
2025-12-03 00:56:40,478 [DEBUG] controller._on_landmark_update(): Mouse event deteced: MOVE
2025-12-03 00:56:40,499 [DEBUG] camera.run(): Captured frame at timestamp: 26823
2025-12-03 00:56:40,510 [DEBUG] landmarker.update(): velocity=0.0614837676902155
2025-12-03 00:56:40,511 [DEBUG] pointer_mapper.update(): std=0.0032547648613609876, velocity=0.005346688652944563
2025-12-03 00:56:40,511 [DEBUG] controller._on_landmark_update(): Pointer mapped to screen position: (1504, 414)
2025-12-03 00:56:40,511 [DEBUG] mouse_event_mapper.detect(): thumb-index distances: current=0.2171864657100239, past=0.22792899599510322
2025-12-03 00:56:40,511 [DEBUG] mouse_event_mapper.detect(): thumb-middle distances: current=0.1367717387887093, past=0.1981931487084013
2025-12-03 00:56:40,511 [DEBUG] mouse_event_mapper.update(): detected mouse event: MouseEvent.MOVE
2025-12-03 00:56:40,511 [DEBUG] controller._on_landmark_update(): Mouse event deteced: MOVE
2025-12-03 00:56:40,532 [DEBUG] camera.run(): Captured frame at timestamp: 26855
2025-12-03 00:56:40,543 [DEBUG] landmarker.update(): velocity=0.09744770177359327
2025-12-03 00:56:40,544 [DEBUG] pointer_mapper.update(): std=0.0030168890103406476, velocity=0.005467061821821124
2025-12-03 00:56:40,544 [DEBUG] controller._on_landmark_update(): Pointer mapped to screen position: (1505, 409)
2025-12-03 00:56:40,544 [DEBUG] mouse_event_mapper.detect(): thumb-index distances: current=0.212409899875839, past=0.22519886208502046
2025-12-03 00:56:40,544 [DEBUG] mouse_event_mapper.detect(): thumb-middle distances: current=0.12801825029595207, past=0.1733392437678022
2025-12-03 00:56:40,544 [DEBUG] mouse_event_mapper.update(): detected mouse event: MouseEvent.MOVE
2025-12-03 00:56:40,544 [DEBUG] controller._on_landmark_update(): Mouse event deteced: MOVE
2025-12-03 00:56:40,565 [DEBUG] camera.run(): Captured frame at timestamp: 26888
2025-12-03 00:56:40,576 [DEBUG] landmarker.update(): velocity=0.06422710125239925
2025-12-03 00:56:40,576 [DEBUG] pointer_mapper.update(): std=0.0038564528888136358, velocity=0.006619398802173152
2025-12-03 00:56:40,576 [DEBUG] controller._on_landmark_update(): Pointer mapped to screen position: (1507, 402)
2025-12-03 00:56:40,577 [DEBUG] mouse_event_mapper.detect(): thumb-index distances: current=0.2077499425637639, past=0.22150684360590941
2025-12-03 00:56:40,577 [DEBUG] mouse_event_mapper.detect(): thumb-middle distances: current=0.12355955112517497, past=0.15168828689830016
2025-12-03 00:56:40,577 [DEBUG] mouse_event_mapper.update(): detected mouse event: MouseEvent.MOVE
2025-12-03 00:56:40,577 [DEBUG] controller._on_landmark_update(): Mouse event deteced: MOVE
2025-12-03 00:56:40,598 [DEBUG] camera.run(): Captured frame at timestamp: 26922
2025-12-03 00:56:40,609 [DEBUG] landmarker.update(): velocity=0.07691553523604217
2025-12-03 00:56:40,610 [DEBUG] pointer_mapper.update(): std=0.003665676620659458, velocity=0.005345449247951653
2025-12-03 00:56:40,610 [DEBUG] controller._on_landmark_update(): Pointer mapped to screen position: (1508, 395)
2025-12-03 00:56:40,610 [DEBUG] mouse_event_mapper.detect(): thumb-index distances: current=0.2027252004953085, past=0.2171864657100239
2025-12-03 00:56:40,610 [DEBUG] mouse_event_mapper.detect(): thumb-middle distances: current=0.12155009812098712, past=0.1367717387887093
2025-12-03 00:56:40,610 [DEBUG] mouse_event_mapper.update(): detected mouse event: MouseEvent.MOVE
2025-12-03 00:56:40,610 [DEBUG] controller._on_landmark_update(): Mouse event deteced: MOVE
2025-12-03 00:56:40,632 [DEBUG] camera.run(): Captured frame at timestamp: 26956
2025-12-03 00:56:40,643 [DEBUG] landmarker.update(): velocity=0.0681371373529267
2025-12-03 00:56:40,644 [DEBUG] pointer_mapper.update(): std=0.0025970044627467268, velocity=0.004992864081325408
2025-12-03 00:56:40,644 [DEBUG] controller._on_landmark_update(): Pointer mapped to screen position: (1508, 390)
2025-12-03 00:56:40,644 [DEBUG] mouse_event_mapper.detect(): thumb-index distances: current=0.1982553420537847, past=0.212409899875839
2025-12-03 00:56:40,644 [DEBUG] mouse_event_mapper.detect(): thumb-middle distances: current=0.11778759941318989, past=0.12801825029595207
2025-12-03 00:56:40,644 [DEBUG] mouse_event_mapper.update(): detected mouse event: MouseEvent.MOVE
2025-12-03 00:56:40,644 [DEBUG] controller._on_landmark_update(): Mouse event deteced: MOVE
2025-12-03 00:56:40,666 [DEBUG] camera.run(): Captured frame at timestamp: 26989
2025-12-03 00:56:40,676 [DEBUG] landmarker.update(): velocity=0.028299456326918087
2025-12-03 00:56:40,677 [DEBUG] pointer_mapper.update(): std=0.002312385077103196, velocity=0.0036137143536169617
2025-12-03 00:56:40,677 [DEBUG] controller._on_landmark_update(): Pointer mapped to screen position: (1509, 385)
2025-12-03 00:56:40,677 [DEBUG] mouse_event_mapper.detect(): thumb-index distances: current=0.19504175384390066, past=0.2077499425637639
2025-12-03 00:56:40,677 [DEBUG] mouse_event_mapper.detect(): thumb-middle distances: current=0.11476416511234307, past=0.12355955112517497
2025-12-03 00:56:40,677 [DEBUG] mouse_event_mapper.update(): detected mouse event: MouseEvent.MOVE
2025-12-03 00:56:40,677 [DEBUG] controller._on_landmark_update(): Mouse event deteced: MOVE
2025-12-03 00:56:40,699 [DEBUG] camera.run(): Captured frame at timestamp: 27022
2025-12-03 00:56:40,710 [DEBUG] landmarker.update(): velocity=0.05042545241680562
2025-12-03 00:56:40,710 [DEBUG] pointer_mapper.update(): std=0.001343832311832049, velocity=0.0033708912202868382
2025-12-03 00:56:40,710 [DEBUG] controller._on_landmark_update(): Pointer mapped to screen position: (1510, 379)
2025-12-03 00:56:40,711 [DEBUG] mouse_event_mapper.detect(): thumb-index distances: current=0.19234396058288442, past=0.2027252004953085
2025-12-03 00:56:40,711 [DEBUG] mouse_event_mapper.detect(): thumb-middle distances: current=0.11071917230118115, past=0.12155009812098712
2025-12-03 00:56:40,711 [DEBUG] mouse_event_mapper.update(): detected mouse event: MouseEvent.MOVE
2025-12-03 00:56:40,711 [DEBUG] controller._on_landmark_update(): Mouse event deteced: MOVE
2025-12-03 00:56:40,732 [DEBUG] camera.run(): Captured frame at timestamp: 27056
2025-12-03 00:56:40,743 [DEBUG] landmarker.update(): velocity=0.042550927534174825
2025-12-03 00:56:40,746 [DEBUG] pointer_mapper.update(): std=0.0013675397646207997, velocity=0.002624306030926211
2025-12-03 00:56:40,746 [DEBUG] controller._on_landmark_update(): Pointer mapped to screen position: (1510, 375)
2025-12-03 00:56:40,746 [DEBUG] mouse_event_mapper.detect(): thumb-index distances: current=0.190806949232644, past=0.1982553420537847
2025-12-03 00:56:40,746 [DEBUG] mouse_event_mapper.detect(): thumb-middle distances: current=0.10931491426699252, past=0.11778759941318989
2025-12-03 00:56:40,746 [DEBUG] mouse_event_mapper.update(): detected mouse event: MouseEvent.MOVE
2025-12-03 00:56:40,746 [DEBUG] controller._on_landmark_update(): Mouse event deteced: MOVE
2025-12-03 00:56:40,766 [DEBUG] camera.run(): Captured frame at timestamp: 27089
2025-12-03 00:56:40,777 [DEBUG] landmarker.update(): velocity=0.08183727596129753
2025-12-03 00:56:40,777 [DEBUG] pointer_mapper.update(): std=0.0019713395369641102, velocity=0.004737035068129852
2025-12-03 00:56:40,777 [DEBUG] controller._on_landmark_update(): Pointer mapped to screen position: (1510, 372)
2025-12-03 00:56:40,777 [DEBUG] mouse_event_mapper.detect(): thumb-index distances: current=0.1890464436262649, past=0.19504175384390066
2025-12-03 00:56:40,777 [DEBUG] mouse_event_mapper.detect(): thumb-middle distances: current=0.1093790345156292, past=0.11476416511234307
2025-12-03 00:56:40,777 [DEBUG] mouse_event_mapper.update(): detected mouse event: MouseEvent.MOVE
2025-12-03 00:56:40,777 [DEBUG] controller._on_landmark_update(): Mouse event deteced: MOVE
2025-12-03 00:56:40,799 [DEBUG] camera.run(): Captured frame at timestamp: 27123
2025-12-03 00:56:40,810 [DEBUG] landmarker.update(): velocity=0.15553417516974335
2025-12-03 00:56:40,811 [DEBUG] pointer_mapper.update(): std=0.002763059658233671, velocity=0.006284395854746803
2025-12-03 00:56:40,811 [DEBUG] controller._on_landmark_update(): Pointer mapped to screen position: (1510, 370)
2025-12-03 00:56:40,811 [DEBUG] mouse_event_mapper.detect(): thumb-index distances: current=0.1905861623555277, past=0.19234396058288442
2025-12-03 00:56:40,811 [DEBUG] mouse_event_mapper.detect(): thumb-middle distances: current=0.11698057230660613, past=0.11071917230118115
2025-12-03 00:56:40,811 [DEBUG] mouse_event_mapper.update(): detected mouse event: MouseEvent.MOVE
2025-12-03 00:56:40,811 [DEBUG] controller._on_landmark_update(): Mouse event deteced: MOVE
2025-12-03 00:56:40,832 [DEBUG] camera.run(): Captured frame at timestamp: 27155
2025-12-03 00:56:40,843 [DEBUG] landmarker.update(): velocity=0.18900327668691538
2025-12-03 00:56:40,843 [DEBUG] pointer_mapper.update(): std=0.003344802762999918, velocity=0.006767383930828216
2025-12-03 00:56:40,843 [DEBUG] controller._on_landmark_update(): Pointer mapped to screen position: (1511, 370)
2025-12-03 00:56:40,843 [DEBUG] mouse_event_mapper.detect(): thumb-index distances: current=0.19345280123183484, past=0.190806949232644
2025-12-03 00:56:40,843 [DEBUG] mouse_event_mapper.detect(): thumb-middle distances: current=0.1319145751524651, past=0.10931491426699252
2025-12-03 00:56:40,843 [DEBUG] mouse_event_mapper.update(): detected mouse event: MouseEvent.MOVE
2025-12-03 00:56:40,843 [DEBUG] controller._on_landmark_update(): Mouse event deteced: MOVE
2025-12-03 00:56:40,864 [DEBUG] camera.run(): Captured frame at timestamp: 27188
2025-12-03 00:56:40,875 [DEBUG] landmarker.update(): velocity=0.21519039186604497
2025-12-03 00:56:40,876 [DEBUG] pointer_mapper.update(): std=0.003783136454202508, velocity=0.008059167058232888
2025-12-03 00:56:40,876 [DEBUG] controller._on_landmark_update(): Pointer mapped to screen position: (1511, 372)
2025-12-03 00:56:40,876 [DEBUG] mouse_event_mapper.detect(): thumb-index distances: current=0.19781865613450278, past=0.1890464436262649
2025-12-03 00:56:40,876 [DEBUG] mouse_event_mapper.detect(): thumb-middle distances: current=0.15378062140872156, past=0.1093790345156292
2025-12-03 00:56:40,876 [DEBUG] mouse_event_mapper.update(): detected mouse event: MouseEvent.MOVE
2025-12-03 00:56:40,876 [DEBUG] controller._on_landmark_update(): Mouse event deteced: MOVE
2025-12-03 00:56:40,898 [DEBUG] camera.run(): Captured frame at timestamp: 27221
2025-12-03 00:56:40,909 [DEBUG] landmarker.update(): velocity=0.2167262066935826
2025-12-03 00:56:40,909 [DEBUG] pointer_mapper.update(): std=0.004107943693315178, velocity=0.009635871579815424
2025-12-03 00:56:40,909 [DEBUG] controller._on_landmark_update(): Pointer mapped to screen position: (1511, 376)
2025-12-03 00:56:40,909 [DEBUG] mouse_event_mapper.detect(): thumb-index distances: current=0.202548564538058, past=0.1905861623555277
2025-12-03 00:56:40,910 [DEBUG] mouse_event_mapper.detect(): thumb-middle distances: current=0.17930052357533577, past=0.11698057230660613
2025-12-03 00:56:40,910 [DEBUG] mouse_event_mapper.update(): detected mouse event: MouseEvent.MOVE
2025-12-03 00:56:40,910 [DEBUG] controller._on_landmark_update(): Mouse event deteced: MOVE
2025-12-03 00:56:40,931 [DEBUG] camera.run(): Captured frame at timestamp: 27255
2025-12-03 00:56:40,942 [DEBUG] landmarker.update(): velocity=0.19070436935533008
2025-12-03 00:56:40,943 [DEBUG] pointer_mapper.update(): std=0.004863359985249291, velocity=0.008981057584894685
2025-12-03 00:56:40,943 [DEBUG] controller._on_landmark_update(): Pointer mapped to screen position: (1511, 382)
2025-12-03 00:56:40,943 [DEBUG] mouse_event_mapper.detect(): thumb-index distances: current=0.2090283076187368, past=0.19345280123183484
2025-12-03 00:56:40,943 [DEBUG] mouse_event_mapper.detect(): thumb-middle distances: current=0.20695062197742695, past=0.1319145751524651
2025-12-03 00:56:40,943 [DEBUG] mouse_event_mapper.update(): detected mouse event: MouseEvent.MOVE
2025-12-03 00:56:40,943 [DEBUG] controller._on_landmark_update(): Mouse event deteced: MOVE
2025-12-03 00:56:40,965 [DEBUG] camera.run(): Captured frame at timestamp: 27288
2025-12-03 00:56:40,976 [DEBUG] landmarker.update(): velocity=0.18161973852604207
2025-12-03 00:56:40,976 [DEBUG] pointer_mapper.update(): std=0.004436788831076128, velocity=0.007548820302986486
2025-12-03 00:56:40,977 [DEBUG] controller._on_landmark_update(): Pointer mapped to screen position: (1511, 388)
2025-12-03 00:56:40,977 [DEBUG] mouse_event_mapper.detect(): thumb-index distances: current=0.21778501830254968, past=0.19781865613450278
2025-12-03 00:56:40,977 [DEBUG] mouse_event_mapper.detect(): thumb-middle distances: current=0.23533189177669578, past=0.15378062140872156
2025-12-03 00:56:40,977 [DEBUG] mouse_event_mapper.update(): detected mouse event: MouseEvent.MOVE
2025-12-03 00:56:40,977 [DEBUG] controller._on_landmark_update(): Mouse event deteced: MOVE
2025-12-03 00:56:40,998 [DEBUG] camera.run(): Captured frame at timestamp: 27322
2025-12-03 00:56:41,009 [DEBUG] landmarker.update(): velocity=0.15969557097616272
2025-12-03 00:56:41,010 [DEBUG] pointer_mapper.update(): std=0.003814582645296686, velocity=0.006726430601479753
2025-12-03 00:56:41,010 [DEBUG] controller._on_landmark_update(): Pointer mapped to screen position: (1511, 395)
2025-12-03 00:56:41,010 [DEBUG] mouse_event_mapper.detect(): thumb-index distances: current=0.22739848893277745, past=0.202548564538058
2025-12-03 00:56:41,010 [DEBUG] mouse_event_mapper.detect(): thumb-middle distances: current=0.26200117395050593, past=0.17930052357533577
2025-12-03 00:56:41,010 [DEBUG] mouse_event_mapper.update(): detected mouse event: MouseEvent.MOVE
2025-12-03 00:56:41,010 [DEBUG] controller._on_landmark_update(): Mouse event deteced: MOVE
2025-12-03 00:56:41,033 [DEBUG] camera.run(): Captured frame at timestamp: 27357
2025-12-03 00:56:41,045 [DEBUG] landmarker.update(): velocity=0.14251785279391896
2025-12-03 00:56:41,045 [DEBUG] pointer_mapper.update(): std=0.004190145755547099, velocity=0.006470638952778621
2025-12-03 00:56:41,045 [DEBUG] controller._on_landmark_update(): Pointer mapped to screen position: (1511, 403)
2025-12-03 00:56:41,045 [DEBUG] mouse_event_mapper.detect(): thumb-index distances: current=0.23764639671678378, past=0.2090283076187368
2025-12-03 00:56:41,045 [DEBUG] mouse_event_mapper.detect(): thumb-middle distances: current=0.28733470465138106, past=0.20695062197742695
2025-12-03 00:56:41,045 [DEBUG] mouse_event_mapper.update(): detected mouse event: MouseEvent.MOVE
2025-12-03 00:56:41,045 [DEBUG] controller._on_landmark_update(): Mouse event deteced: MOVE
2025-12-03 00:56:41,066 [DEBUG] camera.run(): Captured frame at timestamp: 27390
2025-12-03 00:56:41,077 [DEBUG] landmarker.update(): velocity=0.12350319743423696
2025-12-03 00:56:41,078 [DEBUG] pointer_mapper.update(): std=0.004338633659920632, velocity=0.006238493023605018
2025-12-03 00:56:41,078 [DEBUG] controller._on_landmark_update(): Pointer mapped to screen position: (1511, 412)
2025-12-03 00:56:41,078 [DEBUG] mouse_event_mapper.detect(): thumb-index distances: current=0.24762188258239012, past=0.21778501830254968
2025-12-03 00:56:41,078 [DEBUG] mouse_event_mapper.detect(): thumb-middle distances: current=0.31041548012083203, past=0.23533189177669578
2025-12-03 00:56:41,078 [DEBUG] mouse_event_mapper.update(): detected mouse event: MouseEvent.MOVE
2025-12-03 00:56:41,078 [DEBUG] controller._on_landmark_update(): Mouse event deteced: MOVE
2025-12-03 00:56:41,098 [DEBUG] camera.run(): Captured frame at timestamp: 27421
2025-12-03 00:56:41,109 [DEBUG] landmarker.update(): velocity=0.10304946844439081
2025-12-03 00:56:41,110 [DEBUG] pointer_mapper.update(): std=0.004060950593820579, velocity=0.005641236487038712
2025-12-03 00:56:41,110 [DEBUG] controller._on_landmark_update(): Pointer mapped to screen position: (1511, 421)
2025-12-03 00:56:41,110 [DEBUG] mouse_event_mapper.detect(): thumb-index distances: current=0.25712572786109783, past=0.22739848893277745
2025-12-03 00:56:41,110 [DEBUG] mouse_event_mapper.detect(): thumb-middle distances: current=0.33101757319222197, past=0.26200117395050593
2025-12-03 00:56:41,110 [DEBUG] mouse_event_mapper.update(): detected mouse event: MouseEvent.MOVE
2025-12-03 00:56:41,110 [DEBUG] controller._on_landmark_update(): Mouse event deteced: MOVE
2025-12-03 00:56:41,131 [DEBUG] camera.run(): Captured frame at timestamp: 27455
2025-12-03 00:56:41,142 [DEBUG] landmarker.update(): velocity=0.0847217504280471
2025-12-03 00:56:41,143 [DEBUG] pointer_mapper.update(): std=0.003407501762251621, velocity=0.004730016840033569
2025-12-03 00:56:41,143 [DEBUG] controller._on_landmark_update(): Pointer mapped to screen position: (1511, 430)
2025-12-03 00:56:41,143 [DEBUG] mouse_event_mapper.detect(): thumb-index distances: current=0.2659464463433731, past=0.23764639671678378
2025-12-03 00:56:41,143 [DEBUG] mouse_event_mapper.detect(): thumb-middle distances: current=0.34867996168101323, past=0.28733470465138106
2025-12-03 00:56:41,143 [DEBUG] mouse_event_mapper.update(): detected mouse event: MouseEvent.MOVE
2025-12-03 00:56:41,143 [DEBUG] controller._on_landmark_update(): Mouse event deteced: MOVE
2025-12-03 00:56:41,165 [DEBUG] camera.run(): Captured frame at timestamp: 27489
2025-12-03 00:56:41,176 [DEBUG] landmarker.update(): velocity=0.07083939083938028
2025-12-03 00:56:41,176 [DEBUG] pointer_mapper.update(): std=0.002883064795632819, velocity=0.004899761888579191
2025-12-03 00:56:41,176 [DEBUG] controller._on_landmark_update(): Pointer mapped to screen position: (1511, 439)
2025-12-03 00:56:41,177 [DEBUG] mouse_event_mapper.detect(): thumb-index distances: current=0.2734755121504204, past=0.24762188258239012
2025-12-03 00:56:41,177 [DEBUG] mouse_event_mapper.detect(): thumb-middle distances: current=0.3631866567551443, past=0.31041548012083203
2025-12-03 00:56:41,177 [DEBUG] mouse_event_mapper.update(): detected mouse event: MouseEvent.MOVE
2025-12-03 00:56:41,177 [DEBUG] controller._on_landmark_update(): Mouse event deteced: MOVE
2025-12-03 00:56:41,198 [DEBUG] camera.run(): Captured frame at timestamp: 27522
2025-12-03 00:56:41,209 [DEBUG] landmarker.update(): velocity=0.061753853523830136
2025-12-03 00:56:41,210 [DEBUG] pointer_mapper.update(): std=0.002624246633129919, velocity=0.0051380667666140484
2025-12-03 00:56:41,210 [DEBUG] controller._on_landmark_update(): Pointer mapped to screen position: (1511, 449)
2025-12-03 00:56:41,210 [DEBUG] mouse_event_mapper.detect(): thumb-index distances: current=0.2794761407287849, past=0.25712572786109783
2025-12-03 00:56:41,210 [DEBUG] mouse_event_mapper.detect(): thumb-middle distances: current=0.3746133464291688, past=0.33101757319222197
2025-12-03 00:56:41,210 [DEBUG] mouse_event_mapper.update(): detected mouse event: MouseEvent.MOVE
2025-12-03 00:56:41,210 [DEBUG] controller._on_landmark_update(): Mouse event deteced: MOVE
2025-12-03 00:56:41,232 [DEBUG] camera.run(): Captured frame at timestamp: 27555
2025-12-03 00:56:41,243 [DEBUG] landmarker.update(): velocity=0.05155036351002347
2025-12-03 00:56:41,244 [DEBUG] pointer_mapper.update(): std=0.0024124383848455598, velocity=0.004968037724689022
2025-12-03 00:56:41,244 [DEBUG] controller._on_landmark_update(): Pointer mapped to screen position: (1511, 457)
2025-12-03 00:56:41,244 [DEBUG] mouse_event_mapper.detect(): thumb-index distances: current=0.2839954849648551, past=0.2659464463433731
2025-12-03 00:56:41,244 [DEBUG] mouse_event_mapper.detect(): thumb-middle distances: current=0.3834098529875201, past=0.34867996168101323
2025-12-03 00:56:41,244 [DEBUG] mouse_event_mapper.update(): detected mouse event: MouseEvent.MOVE
2025-12-03 00:56:41,244 [DEBUG] controller._on_landmark_update(): Mouse event deteced: MOVE
2025-12-03 00:56:41,265 [DEBUG] camera.run(): Captured frame at timestamp: 27589
2025-12-03 00:56:41,276 [DEBUG] landmarker.update(): velocity=0.0444619487144652
2025-12-03 00:56:41,277 [DEBUG] pointer_mapper.update(): std=0.0020669586934099387, velocity=0.004805121782665852
2025-12-03 00:56:41,277 [DEBUG] controller._on_landmark_update(): Pointer mapped to screen position: (1511, 466)
2025-12-03 00:56:41,277 [DEBUG] mouse_event_mapper.detect(): thumb-index distances: current=0.287684309548451, past=0.2734755121504204
2025-12-03 00:56:41,277 [DEBUG] mouse_event_mapper.detect(): thumb-middle distances: current=0.3900424657181208, past=0.3631866567551443
2025-12-03 00:56:41,277 [DEBUG] mouse_event_mapper.update(): detected mouse event: MouseEvent.MOVE
2025-12-03 00:56:41,277 [DEBUG] controller._on_landmark_update(): Mouse event deteced: MOVE
2025-12-03 00:56:41,300 [DEBUG] camera.run(): Captured frame at timestamp: 27623
2025-12-03 00:56:41,311 [DEBUG] landmarker.update(): velocity=0.0386131880401942
2025-12-03 00:56:41,311 [DEBUG] pointer_mapper.update(): std=0.001858745935941249, velocity=0.004355386278989206
2025-12-03 00:56:41,311 [DEBUG] controller._on_landmark_update(): Pointer mapped to screen position: (1511, 474)
2025-12-03 00:56:41,311 [DEBUG] mouse_event_mapper.detect(): thumb-index distances: current=0.2905096343001796, past=0.2794761407287849
2025-12-03 00:56:41,311 [DEBUG] mouse_event_mapper.detect(): thumb-middle distances: current=0.39520991575727576, past=0.3746133464291688
2025-12-03 00:56:41,311 [DEBUG] mouse_event_mapper.update(): detected mouse event: MouseEvent.MOVE
2025-12-03 00:56:41,311 [DEBUG] controller._on_landmark_update(): Mouse event deteced: MOVE
2025-12-03 00:56:41,332 [DEBUG] camera.run(): Captured frame at timestamp: 27656
2025-12-03 00:56:41,343 [DEBUG] landmarker.update(): velocity=0.0367158709659518
2025-12-03 00:56:41,344 [DEBUG] pointer_mapper.update(): std=0.0018576975892327279, velocity=0.0041084688448083904
2025-12-03 00:56:41,344 [DEBUG] controller._on_landmark_update(): Pointer mapped to screen position: (1511, 482)
2025-12-03 00:56:41,344 [DEBUG] mouse_event_mapper.detect(): thumb-index distances: current=0.2926787909420943, past=0.2839954849648551
2025-12-03 00:56:41,344 [DEBUG] mouse_event_mapper.detect(): thumb-middle distances: current=0.3992685335576201, past=0.3834098529875201
2025-12-03 00:56:41,344 [DEBUG] mouse_event_mapper.update(): detected mouse event: MouseEvent.MOVE
2025-12-03 00:56:41,344 [DEBUG] controller._on_landmark_update(): Mouse event deteced: MOVE
2025-12-03 00:56:41,365 [DEBUG] camera.run(): Captured frame at timestamp: 27689
2025-12-03 00:56:41,376 [DEBUG] landmarker.update(): velocity=0.03167747184628943
2025-12-03 00:56:41,376 [DEBUG] pointer_mapper.update(): std=0.0017014464627161865, velocity=0.0035698389591739856
2025-12-03 00:56:41,376 [DEBUG] controller._on_landmark_update(): Pointer mapped to screen position: (1511, 490)
2025-12-03 00:56:41,377 [DEBUG] mouse_event_mapper.detect(): thumb-index distances: current=0.29399418008926353, past=0.287684309548451
2025-12-03 00:56:41,377 [DEBUG] mouse_event_mapper.detect(): thumb-middle distances: current=0.40243161042038866, past=0.3900424657181208
2025-12-03 00:56:41,377 [DEBUG] mouse_event_mapper.update(): detected mouse event: MouseEvent.MOVE
2025-12-03 00:56:41,377 [DEBUG] controller._on_landmark_update(): Mouse event deteced: MOVE
2025-12-03 00:56:41,398 [DEBUG] camera.run(): Captured frame at timestamp: 27722
2025-12-03 00:56:41,409 [DEBUG] landmarker.update(): velocity=0.03917644893029029
2025-12-03 00:56:41,409 [DEBUG] pointer_mapper.update(): std=0.001434189404619189, velocity=0.0037794939617045477
2025-12-03 00:56:41,409 [DEBUG] controller._on_landmark_update(): Pointer mapped to screen position: (1511, 497)
2025-12-03 00:56:41,409 [DEBUG] mouse_event_mapper.detect(): thumb-index distances: current=0.2948382460948206, past=0.2905096343001796
2025-12-03 00:56:41,409 [DEBUG] mouse_event_mapper.detect(): thumb-middle distances: current=0.40493501152514194, past=0.39520991575727576
2025-12-03 00:56:41,409 [DEBUG] mouse_event_mapper.update(): detected mouse event: MouseEvent.MOVE
2025-12-03 00:56:41,409 [DEBUG] controller._on_landmark_update(): Mouse event deteced: MOVE
2025-12-03 00:56:41,431 [DEBUG] camera.run(): Captured frame at timestamp: 27755
2025-12-03 00:56:41,442 [DEBUG] landmarker.update(): velocity=0.04854242591234025
2025-12-03 00:56:41,443 [DEBUG] pointer_mapper.update(): std=0.0015286347614205478, velocity=0.004151060430977767
2025-12-03 00:56:41,443 [DEBUG] controller._on_landmark_update(): Pointer mapped to screen position: (1511, 503)
2025-12-03 00:56:41,443 [DEBUG] mouse_event_mapper.detect(): thumb-index distances: current=0.29518124287301656, past=0.2926787909420943
2025-12-03 00:56:41,443 [DEBUG] mouse_event_mapper.detect(): thumb-middle distances: current=0.40664844292494134, past=0.3992685335576201
2025-12-03 00:56:41,443 [DEBUG] mouse_event_mapper.update(): detected mouse event: MouseEvent.MOVE
2025-12-03 00:56:41,443 [DEBUG] controller._on_landmark_update(): Mouse event deteced: MOVE
2025-12-03 00:56:41,465 [DEBUG] camera.run(): Captured frame at timestamp: 27789
2025-12-03 00:56:41,477 [DEBUG] landmarker.update(): velocity=0.06368179039091562
2025-12-03 00:56:41,477 [DEBUG] pointer_mapper.update(): std=0.0022117757273846035, velocity=0.005646385239196444
2025-12-03 00:56:41,477 [DEBUG] controller._on_landmark_update(): Pointer mapped to screen position: (1511, 509)
2025-12-03 00:56:41,477 [DEBUG] mouse_event_mapper.detect(): thumb-index distances: current=0.29530165460181484, past=0.29399418008926353
2025-12-03 00:56:41,477 [DEBUG] mouse_event_mapper.detect(): thumb-middle distances: current=0.4076925471654212, past=0.40243161042038866
2025-12-03 00:56:41,477 [DEBUG] mouse_event_mapper.update(): detected mouse event: MouseEvent.MOVE
2025-12-03 00:56:41,477 [DEBUG] controller._on_landmark_update(): Mouse event deteced: MOVE
2025-12-03 00:56:41,498 [DEBUG] camera.run(): Captured frame at timestamp: 27822
2025-12-03 00:56:41,509 [DEBUG] landmarker.update(): velocity=0.09677428557611793
2025-12-03 00:56:41,510 [DEBUG] pointer_mapper.update(): std=0.0035825184811384774, velocity=0.00797388056530003
2025-12-03 00:56:41,510 [DEBUG] controller._on_landmark_update(): Pointer mapped to screen position: (1511, 516)
2025-12-03 00:56:41,510 [DEBUG] mouse_event_mapper.detect(): thumb-index distances: current=0.29508533740851045, past=0.2948382460948206
2025-12-03 00:56:41,510 [DEBUG] mouse_event_mapper.detect(): thumb-middle distances: current=0.407989956308177, past=0.40493501152514194
2025-12-03 00:56:41,510 [DEBUG] mouse_event_mapper.update(): detected mouse event: MouseEvent.MOVE
2025-12-03 00:56:41,510 [DEBUG] controller._on_landmark_update(): Mouse event deteced: MOVE
2025-12-03 00:56:41,532 [DEBUG] camera.run(): Captured frame at timestamp: 27855
2025-12-03 00:56:41,543 [DEBUG] landmarker.update(): velocity=0.14316722795797235
2025-12-03 00:56:41,544 [DEBUG] pointer_mapper.update(): std=0.005031405254515682, velocity=0.011553440174560236
2025-12-03 00:56:41,544 [DEBUG] controller._on_landmark_update(): Pointer mapped to screen position: (1511, 522)
2025-12-03 00:56:41,544 [DEBUG] mouse_event_mapper.detect(): thumb-index distances: current=0.294975527458123, past=0.29518124287301656
2025-12-03 00:56:41,544 [DEBUG] mouse_event_mapper.detect(): thumb-middle distances: current=0.4080944745815578, past=0.40664844292494134
2025-12-03 00:56:41,544 [DEBUG] mouse_event_mapper.update(): detected mouse event: MouseEvent.MOVE
2025-12-03 00:56:41,544 [DEBUG] controller._on_landmark_update(): Mouse event deteced: MOVE
2025-12-03 00:56:41,566 [DEBUG] camera.run(): Captured frame at timestamp: 27889
2025-12-03 00:56:41,577 [DEBUG] landmarker.update(): velocity=0.22219186740082172
2025-12-03 00:56:41,578 [DEBUG] pointer_mapper.update(): std=0.006487336198102237, velocity=0.01602469598210145
2025-12-03 00:56:41,578 [DEBUG] controller._on_landmark_update(): Pointer mapped to screen position: (1511, 532)
2025-12-03 00:56:41,578 [DEBUG] mouse_event_mapper.detect(): thumb-index distances: current=0.29548448343890393, past=0.29530165460181484
2025-12-03 00:56:41,578 [DEBUG] mouse_event_mapper.detect(): thumb-middle distances: current=0.4083105906676629, past=0.4076925471654212
2025-12-03 00:56:41,578 [DEBUG] mouse_event_mapper.update(): detected mouse event: MouseEvent.MOVE
2025-12-03 00:56:41,578 [DEBUG] controller._on_landmark_update(): Mouse event deteced: MOVE
2025-12-03 00:56:41,596 [DEBUG] camera.run(): Captured frame at timestamp: 27919
2025-12-03 00:56:41,607 [DEBUG] landmarker.update(): velocity=0.3043910276904313
2025-12-03 00:56:41,608 [DEBUG] pointer_mapper.update(): std=0.009564707537844802, velocity=0.023223554243677037
2025-12-03 00:56:41,608 [DEBUG] controller._on_landmark_update(): Pointer mapped to screen position: (1511, 545)
2025-12-03 00:56:41,608 [DEBUG] mouse_event_mapper.detect(): thumb-index distances: current=0.2975871102970515, past=0.29508533740851045
2025-12-03 00:56:41,608 [DEBUG] mouse_event_mapper.detect(): thumb-middle distances: current=0.40906499292186543, past=0.407989956308177
2025-12-03 00:56:41,608 [DEBUG] mouse_event_mapper.update(): detected mouse event: MouseEvent.MOVE
2025-12-03 00:56:41,608 [DEBUG] controller._on_landmark_update(): Mouse event deteced: MOVE
2025-12-03 00:56:41,631 [DEBUG] camera.run(): Captured frame at timestamp: 27954
2025-12-03 00:56:41,642 [DEBUG] landmarker.update(): velocity=0.40837347514499234
2025-12-03 00:56:41,642 [DEBUG] pointer_mapper.update(): std=0.0140083234366383, velocity=0.03151300429402112
2025-12-03 00:56:41,642 [DEBUG] controller._on_landmark_update(): Pointer mapped to screen position: (1511, 563)
2025-12-03 00:56:41,642 [DEBUG] mouse_event_mapper.detect(): thumb-index distances: current=0.30120033193530565, past=0.294975527458123
2025-12-03 00:56:41,642 [DEBUG] mouse_event_mapper.detect(): thumb-middle distances: current=0.4107657610246829, past=0.4080944745815578
2025-12-03 00:56:41,642 [DEBUG] mouse_event_mapper.update(): detected mouse event: MouseEvent.MOVE
2025-12-03 00:56:41,642 [DEBUG] controller._on_landmark_update(): Mouse event deteced: MOVE
2025-12-03 00:56:41,662 [DEBUG] camera.run(): Captured frame at timestamp: 27986
2025-12-03 00:56:41,673 [DEBUG] landmarker.update(): velocity=0.5419272586091068
2025-12-03 00:56:41,674 [DEBUG] pointer_mapper.update(): std=0.01919234428356659, velocity=0.041652921843405626
2025-12-03 00:56:41,674 [DEBUG] controller._on_landmark_update(): Pointer mapped to screen position: (1511, 588)
2025-12-03 00:56:41,674 [DEBUG] mouse_event_mapper.detect(): thumb-index distances: current=0.3056461386008967, past=0.29548448343890393
2025-12-03 00:56:41,674 [DEBUG] mouse_event_mapper.detect(): thumb-middle distances: current=0.4131639372112545, past=0.4083105906676629
2025-12-03 00:56:41,674 [DEBUG] mouse_event_mapper.update(): detected mouse event: MouseEvent.MOVE
2025-12-03 00:56:41,674 [DEBUG] controller._on_landmark_update(): Mouse event deteced: MOVE
2025-12-03 00:56:41,698 [DEBUG] camera.run(): Captured frame at timestamp: 28022
2025-12-03 00:56:41,709 [DEBUG] landmarker.update(): velocity=0.7248693853788206
2025-12-03 00:56:41,710 [DEBUG] pointer_mapper.update(): std=0.026406604832866335, velocity=0.05564405413962993
2025-12-03 00:56:41,710 [DEBUG] controller._on_landmark_update(): Pointer mapped to screen position: (1511, 623)
2025-12-03 00:56:41,710 [DEBUG] mouse_event_mapper.detect(): thumb-index distances: current=0.3110608530299514, past=0.2975871102970515
2025-12-03 00:56:41,710 [DEBUG] mouse_event_mapper.detect(): thumb-middle distances: current=0.4167875457593155, past=0.40906499292186543
2025-12-03 00:56:41,710 [DEBUG] mouse_event_mapper.update(): detected mouse event: MouseEvent.MOVE
2025-12-03 00:56:41,710 [DEBUG] controller._on_landmark_update(): Mouse event deteced: MOVE
2025-12-03 00:56:41,731 [DEBUG] camera.run(): Captured frame at timestamp: 28055
2025-12-03 00:56:41,742 [DEBUG] landmarker.update(): velocity=0.9033890033480086
2025-12-03 00:56:41,743 [DEBUG] pointer_mapper.update(): std=0.0348856848946218, velocity=0.06983471054393403
2025-12-03 00:56:41,743 [DEBUG] controller._on_landmark_update(): Pointer mapped to screen position: (1511, 666)
2025-12-03 00:56:41,743 [DEBUG] mouse_event_mapper.detect(): thumb-index distances: current=0.317886041785664, past=0.30120033193530565
2025-12-03 00:56:41,743 [DEBUG] mouse_event_mapper.detect(): thumb-middle distances: current=0.4219113699717954, past=0.4107657610246829
2025-12-03 00:56:41,743 [DEBUG] mouse_event_mapper.update(): detected mouse event: MouseEvent.MOVE
2025-12-03 00:56:41,743 [DEBUG] controller._on_landmark_update(): Mouse event deteced: MOVE
2025-12-03 00:56:41,766 [DEBUG] camera.run(): Captured frame at timestamp: 28089
2025-12-03 00:56:41,777 [DEBUG] landmarker.update(): velocity=1.0489814441539296
2025-12-03 00:56:41,777 [DEBUG] pointer_mapper.update(): std=0.043627345052593476, velocity=0.08566874775176239
2025-12-03 00:56:41,777 [DEBUG] controller._on_landmark_update(): Pointer mapped to screen position: (1511, 719)
2025-12-03 00:56:41,777 [DEBUG] mouse_event_mapper.detect(): thumb-index distances: current=0.3253216651214144, past=0.3056461386008967
2025-12-03 00:56:41,777 [DEBUG] mouse_event_mapper.detect(): thumb-middle distances: current=0.4277660505740249, past=0.4131639372112545
2025-12-03 00:56:41,777 [DEBUG] mouse_event_mapper.update(): detected mouse event: MouseEvent.MOVE
2025-12-03 00:56:41,777 [DEBUG] controller._on_landmark_update(): Mouse event deteced: MOVE
2025-12-03 00:56:41,799 [DEBUG] camera.run(): Captured frame at timestamp: 28122
2025-12-03 00:56:41,832 [DEBUG] camera.run(): Captured frame at timestamp: 28155
2025-12-03 00:56:41,866 [DEBUG] camera.run(): Captured frame at timestamp: 28189
2025-12-03 00:56:41,898 [DEBUG] camera.run(): Captured frame at timestamp: 28222
2025-12-03 00:56:41,931 [DEBUG] camera.run(): Captured frame at timestamp: 28255
2025-12-03 00:56:41,964 [DEBUG] camera.run(): Captured frame at timestamp: 28288
2025-12-03 00:56:41,998 [DEBUG] camera.run(): Captured frame at timestamp: 28322
2025-12-03 00:56:42,032 [DEBUG] camera.run(): Captured frame at timestamp: 28355
2025-12-03 00:56:42,062 [DEBUG] camera.run(): Captured frame at timestamp: 28386
2025-12-03 00:56:42,100 [DEBUG] camera.run(): Captured frame at timestamp: 28423
2025-12-03 00:56:42,132 [DEBUG] camera.run(): Captured frame at timestamp: 28456
2025-12-03 00:56:42,164 [DEBUG] camera.run(): Captured frame at timestamp: 28488
2025-12-03 00:56:42,198 [DEBUG] camera.run(): Captured frame at timestamp: 28521
2025-12-03 00:56:42,229 [DEBUG] camera.run(): Captured frame at timestamp: 28553
2025-12-03 00:56:42,263 [DEBUG] camera.run(): Captured frame at timestamp: 28586
2025-12-03 00:56:42,297 [DEBUG] camera.run(): Captured frame at timestamp: 28620
2025-12-03 00:56:42,330 [DEBUG] camera.run(): Captured frame at timestamp: 28653
2025-12-03 00:56:42,364 [DEBUG] camera.run(): Captured frame at timestamp: 28688
2025-12-03 00:56:42,397 [DEBUG] camera.run(): Captured frame at timestamp: 28721
2025-12-03 00:56:42,430 [DEBUG] camera.run(): Captured frame at timestamp: 28753
2025-12-03 00:56:42,464 [DEBUG] camera.run(): Captured frame at timestamp: 28787
2025-12-03 00:56:42,496 [DEBUG] camera.run(): Captured frame at timestamp: 28820
2025-12-03 00:56:42,530 [DEBUG] camera.run(): Captured frame at timestamp: 28854
2025-12-03 00:56:42,564 [DEBUG] camera.run(): Captured frame at timestamp: 28887
2025-12-03 00:56:42,597 [DEBUG] camera.run(): Captured frame at timestamp: 28920
2025-12-03 00:56:42,630 [DEBUG] camera.run(): Captured frame at timestamp: 28954
2025-12-03 00:56:42,663 [DEBUG] camera.run(): Captured frame at timestamp: 28987
2025-12-03 00:56:42,697 [DEBUG] camera.run(): Captured frame at timestamp: 29021
2025-12-03 00:56:42,730 [DEBUG] camera.run(): Captured frame at timestamp: 29053
2025-12-03 00:56:42,764 [DEBUG] camera.run(): Captured frame at timestamp: 29088
2025-12-03 00:56:42,797 [DEBUG] camera.run(): Captured frame at timestamp: 29121
2025-12-03 00:56:42,831 [DEBUG] camera.run(): Captured frame at timestamp: 29155
2025-12-03 00:56:42,851 [DEBUG] camera.run(): Captured frame at timestamp: 29174
2025-12-03 00:56:42,881 [DEBUG] camera.run(): Captured frame at timestamp: 29205
2025-12-03 00:56:42,913 [DEBUG] camera.run(): Captured frame at timestamp: 29236
2025-12-03 00:56:42,947 [DEBUG] camera.run(): Captured frame at timestamp: 29271
2025-12-03 00:56:42,981 [DEBUG] camera.run(): Captured frame at timestamp: 29304
2025-12-03 00:56:43,014 [DEBUG] camera.run(): Captured frame at timestamp: 29338
2025-12-03 00:56:43,048 [DEBUG] camera.run(): Captured frame at timestamp: 29372
2025-12-03 00:56:43,082 [DEBUG] camera.run(): Captured frame at timestamp: 29405
2025-12-03 00:56:43,114 [DEBUG] camera.run(): Captured frame at timestamp: 29437
2025-12-03 00:56:43,148 [DEBUG] camera.run(): Captured frame at timestamp: 29471
2025-12-03 00:56:43,181 [DEBUG] camera.run(): Captured frame at timestamp: 29505
2025-12-03 00:56:43,214 [DEBUG] camera.run(): Captured frame at timestamp: 29537
2025-12-03 00:56:43,247 [DEBUG] camera.run(): Captured frame at timestamp: 29570
2025-12-03 00:56:43,280 [DEBUG] camera.run(): Captured frame at timestamp: 29604
2025-12-03 00:56:43,314 [DEBUG] camera.run(): Captured frame at timestamp: 29638
2025-12-03 00:56:43,346 [DEBUG] camera.run(): Captured frame at timestamp: 29669
2025-12-03 00:56:43,381 [DEBUG] camera.run(): Captured frame at timestamp: 29704
2025-12-03 00:56:43,414 [DEBUG] camera.run(): Captured frame at timestamp: 29737
2025-12-03 00:56:43,447 [DEBUG] camera.run(): Captured frame at timestamp: 29771
2025-12-03 00:56:43,481 [DEBUG] camera.run(): Captured frame at timestamp: 29804
2025-12-03 00:56:43,515 [DEBUG] camera.run(): Captured frame at timestamp: 29838
2025-12-03 00:56:43,547 [DEBUG] camera.run(): Captured frame at timestamp: 29870
2025-12-03 00:56:43,577 [DEBUG] camera.run(): Captured frame at timestamp: 29901
2025-12-03 00:56:43,616 [DEBUG] camera.run(): Captured frame at timestamp: 29939
2025-12-03 00:56:43,649 [DEBUG] camera.run(): Captured frame at timestamp: 29973
2025-12-03 00:56:43,682 [DEBUG] camera.run(): Captured frame at timestamp: 30005
2025-12-03 00:56:43,714 [DEBUG] camera.run(): Captured frame at timestamp: 30038
2025-12-03 00:56:43,748 [DEBUG] camera.run(): Captured frame at timestamp: 30072
2025-12-03 00:56:43,782 [DEBUG] camera.run(): Captured frame at timestamp: 30105
2025-12-03 00:56:43,815 [DEBUG] camera.run(): Captured frame at timestamp: 30139
2025-12-03 00:56:43,848 [DEBUG] camera.run(): Captured frame at timestamp: 30172
2025-12-03 00:56:43,882 [DEBUG] camera.run(): Captured frame at timestamp: 30205
2025-12-03 00:56:43,917 [DEBUG] camera.run(): Captured frame at timestamp: 30240
2025-12-03 00:56:43,949 [DEBUG] camera.run(): Captured frame at timestamp: 30272
2025-12-03 00:56:43,980 [DEBUG] camera.run(): Captured frame at timestamp: 30304
2025-12-03 00:56:44,013 [DEBUG] camera.run(): Captured frame at timestamp: 30337
2025-12-03 00:56:44,047 [DEBUG] camera.run(): Captured frame at timestamp: 30370
2025-12-03 00:56:44,081 [DEBUG] camera.run(): Captured frame at timestamp: 30405
2025-12-03 00:56:44,115 [DEBUG] camera.run(): Captured frame at timestamp: 30438
2025-12-03 00:56:44,149 [DEBUG] camera.run(): Captured frame at timestamp: 30472
2025-12-03 00:56:44,180 [DEBUG] camera.run(): Captured frame at timestamp: 30504
2025-12-03 00:56:44,212 [DEBUG] camera.close_camera_singleton(): CameraSingleton stopped.
2025-12-03 00:56:44,214 [INFO] client.disconnect(): Disconnected from mouse server
